"data","ITUB4","BBDC4","BBAS3","SANB11","BPAC11","BRSR6","ABCB4","BPAN4"
2019-01-03,22.6527698990246,9.81435190367682,-7.68323016925145,5.88032551706829,8.38266975739248,-19.4554787025403,-13.8282365398296,-5.76317166554081
2019-01-04,22.6647025236531,9.83425269730409,-7.67940452165811,5.89960881277242,8.39011321347056,-19.4424265410763,-13.8567358945054,-5.81011028996036
2019-01-07,22.5198670494819,9.81303725095773,-7.90666994532639,6.15985296567303,8.33814504467284,-19.6625246021532,-13.6596736119227,-5.60203415138326
2019-01-08,22.8313506873786,10.8312352707972,-6.36829578023944,6.87996598779493,9.12410902618533,-19.9078330861711,-14.8558349921179,-8.53469711362765
2019-01-09,22.6033870803542,11.7015293618805,-5.87966789001456,5.4809448739276,7.86072300180385,-19.4444536745502,-14.327129182526,-7.9953335708754
2019-01-10,22.3611630001978,10.9595172288266,-6.9449690544668,5.65323421537281,8.46673275583852,-19.5003890177773,-13.5682383346521,-7.42705079333957
2019-01-11,22.6240553948799,10.4977342252896,-7.13859114353447,5.84881060553009,8.15832962679691,-19.2882637537524,-13.5301253715489,-7.17194958366081
2019-01-14,22.8548029054747,11.4503979695985,-6.9151766019639,4.12303639512935,10.3947601638537,-20.0913815994686,-13.8932678874931,-7.92317134513059
2019-01-15,22.5280129691025,11.4217227092901,-6.61520577067397,4.71115752120563,9.39546084885692,-20.0068336666802,-13.748228025653,-7.68608658544796
2019-01-16,22.9782154401731,9.36905011264052,-7.74838306659305,5.4622391036025,9.43559330312321,-19.5896750967872,-12.802013938989,-7.10502585717004
2019-01-17,22.9268037289168,9.26551900994028,-7.72739245850268,5.43654566300533,9.48439649968408,-19.5722113878925,-12.9279344460928,-6.88572660905848
2019-01-18,23.9174724793963,9.77380434119375,-7.27296995753596,6.56709176029605,6.45807876969739,-20.0032030855905,-13.6928224823578,-5.74745182509924
2019-01-21,24.2533089277838,10.1677205053165,-6.90780722384321,6.85182826790419,4.51993048587615,-20.264218740749,-13.4402077000354,-5.180554522253
2019-01-22,24.3083732904348,10.1407474280695,-6.8837332707803,6.87091542775923,4.38604122548055,-20.0803469719806,-13.5719188270804,-5.17007830190267
2019-01-23,24.4261706087422,9.39857242133169,-6.33744124646925,4.88445211365716,4.66328419859266,-19.3262593241521,-13.1751605268077,-4.53361824489475
2019-01-24,25.0804756299261,7.01024369726133,-5.50347914269261,4.58497483636349,3.92724370237514,-18.6698674139231,-13.4530306517909,-2.97656065751949
2019-01-28,25.0765920201164,6.22809165274308,-4.25112218021667,5.33115847304884,4.69914679749591,-18.625761129454,-15.3363456250593,-3.12176000867428
2019-01-29,25.7698762980273,7.05189887880407,-4.96774115751818,4.40437313989665,4.28755566216332,-18.6725682936431,-15.1796693228161,-2.693725204914
2019-01-30,26.3026707466143,7.6527675550119,-6.03272774877265,5.62636195727407,3.41589564168797,-18.2346211635999,-16.1361651009487,-2.59418188726703
2019-01-31,26.748434444928,4.62940139180543,-5.63671523720395,5.44229028894227,4.01405900293087,-17.779600619793,-15.3882776968838,-2.02959157472571
2019-02-01,26.0263593814943,3.89032244701993,-5.60752754266866,6.63399654998832,2.57185166060306,-19.599446500568,-12.0107672160449,-1.90478877982402
2019-02-04,26.1875993447952,4.59608451826537,-5.20322431520158,6.43200093321238,2.75500563172491,-19.554321011722,-12.1829046527918,-3.03024044828252
2019-02-05,24.6827365503611,5.69057737545379,-6.43299493633546,7.4795870785025,2.4040292362494,-19.0885932886557,-12.04971243911,-2.68562957646564
2019-02-06,24.4150669067587,4.44395501556356,-6.50166656093752,6.96084846420993,3.16666459568228,-17.9873280943921,-12.5740714732332,-1.92346885365156
2019-02-07,24.7713906983473,4.88082805539489,-3.9370688567142,6.43276269607833,2.52977629851854,-18.681640282888,-13.7133443928232,-2.2827042159136
2019-02-08,23.3381153954113,5.26615347390793,-3.16464669976889,4.2762374153945,3.63603307154835,-17.8438884697583,-14.399950537267,-1.10805364946792
2019-02-11,24.322552250884,5.04048851661491,-2.38774653323053,5.33566170422441,5.42795625645484,-18.9891927606748,-15.3100955064519,-3.43962392782091
2019-02-12,24.4172123864124,5.316856370735,-2.21490322422396,5.34371387676269,4.54587163837876,-18.5236367332528,-15.3980361701904,-3.48707814462172
2019-02-13,22.902756802084,4.92090227809065,-1.90068182017387,5.68365307998991,4.97539583071104,-18.0155328855647,-15.4201965219464,-3.1462967631906
2019-02-14,23.4444227526327,5.88784008238939,-0.784574424086358,5.49292710860381,3.11428595522904,-18.7761658394552,-15.5679075829276,-2.81082805238573
2019-02-15,24.6292455322311,6.71555610482169,-2.23963904164724,3.229845675588,6.75650508136163,-18.2483787365126,-14.7296209803587,-6.1135136354838
2019-02-18,20.3916927098206,7.27285563568275,-1.76392590516465,3.02556382421021,7.60336373469584,-17.7331802478467,-14.4393843402115,-4.35698541118653
2019-02-19,20.6120870850787,7.17325759386849,-1.36838805116231,3.306008459248,6.34024388865714,-17.6487090906457,-14.6504664803645,-3.7640334046798
2019-02-20,20.3627004023862,7.91187299589871,-2.41396949166075,4.1344832048612,7.28522741450308,-17.1505557603076,-14.2103946048663,-5.91936416081448
2019-02-21,20.5974078269204,7.27271446740541,-2.26603410223671,4.25498920317687,6.93619047883745,-16.990570910592,-14.6351739184128,-5.1695230450986
2019-02-22,20.5558632315049,7.09912303724943,-2.18398123858287,4.03520868355039,7.07359742956179,-16.8497494314607,-14.5415821174858,-5.18847959433713
2019-02-25,20.7304030549165,7.62598336055768,-1.80949966896126,3.19683318812839,6.48180191667615,-16.8599945968146,-14.3052803269246,-5.06024692757819
2019-02-26,23.2728523673922,8.99886503301258,-2.1418864624146,3.96534311726306,5.16390198283396,-18.5697579498231,-14.380240614454,-6.30907747381007
2019-02-27,18.8840810972478,7.23216068938738,-4.02475710160824,5.46849308752857,8.07001068502281,-17.6378997691405,-13.9472609028068,-4.04482778563103
2019-02-28,20.5872264073835,8.26426109164557,-3.73552244462589,5.68258802399296,6.25381986600672,-18.3348271764791,-13.5656936811059,-5.1518520868178
2019-03-01,20.3875321788885,8.41633028994063,-3.97771517243194,5.83894182478522,6.16671377374449,-18.0770488514088,-13.6430551302741,-5.11169891324402
2019-03-06,18.9528527444583,6.59818071765815,-2.88988135782277,5.77482712391188,7.53550904825786,-17.8585936212849,-12.7557908813939,-5.35710377378457
2019-03-07,18.5431762639774,7.91684216388154,-2.24348258121356,3.77108856716613,8.8928725341392,-18.1023902368255,-12.5618006631925,-6.21630604793266
2019-03-08,18.6107732689491,7.87234197590826,-1.26692414341023,3.65932296239571,6.63173799783523,-17.9920812899272,-11.6890376317249,-5.82613314002597
2019-03-11,19.1348649390381,8.89308288860713,-1.65190401736142,4.17365188049627,4.74275862674569,-17.8958354094339,-11.7613432337658,-5.63527567432609
2019-03-12,19.9470134037542,9.73744201214838,-2.68613913621759,4.95163635057196,4.74813225016308,-18.5904761386156,-12.523621027096,-5.58398771470851
2019-03-13,19.7694664900383,9.67941869787481,-2.41918786728856,5.42530252660836,4.03960845188102,-18.0098245159845,-12.6020100776226,-5.88277370550682
2019-03-14,17.5306414209462,9.5707299749744,-4.59009391519736,6.34974414178673,6.76047712648656,-17.7115874810715,-11.2910598496116,-6.61885141831341
2019-03-15,18.0784952392511,8.05303435224871,-3.95456922518532,6.03897374876922,6.66113601628505,-17.3822230930069,-11.1565633112791,-6.33828372708284
2019-03-18,17.2808492133461,8.71889506953444,-3.78667722955866,5.7681551275354,6.72027139016357,-17.3811954661556,-11.0319075857392,-6.28839051912611
2019-03-19,20.2481574631827,12.6223563257816,-5.56124061341457,6.62201178909845,4.55733442092598,-17.1432196815479,-13.5514190070813,-7.79398069694484
2019-03-20,20.6290386098,13.1905624651507,-5.95240378930522,7.62592819894416,2.19771148100403,-17.3554897642127,-12.7982591319973,-7.53708806938367
2019-03-21,20.528893770361,13.0499800048372,-4.49570178668426,10.2677783193267,4.02359216339586,-17.9364031540379,-16.6719902665956,-8.7661490506029
2019-03-22,20.8160162339108,13.2847816352317,-4.16114107546982,9.45282037216602,3.00957375923883,-17.7662338558857,-16.1212126760125,-8.51460439317939
2019-03-25,21.2636539840043,13.8612100629649,-4.59181263179782,9.60230484269772,1.04294146334446,-17.5135018786575,-15.8302867875712,-7.83450905498484
2019-03-26,21.513944350741,13.8692201494744,-4.75698582123097,9.80171268492322,0.386283451703292,-17.4010410252992,-15.695338072828,-7.71779571748371
2019-03-27,21.6668687531057,14.010361768406,-4.8431855338909,9.65586602516861,0.131483248298423,-17.3526848256441,-15.6177241590657,-7.65098527637794
2019-03-28,22.0969198948523,13.6626577996296,-3.9624132289532,10.4258930605216,-0.63655712501015,-17.3960711896863,-15.7837712580282,-8.4066579533257
2019-03-29,22.2083135643307,13.611440907729,-3.88571350373729,10.4374119936476,-0.519558030891105,-17.5299212526703,-15.9604494738845,-8.36152420452415
2019-04-01,22.3145236025819,10.6368790782124,-4.43264419422372,8.50751342867625,4.47807288249933,-18.5056501463502,-15.2775988709511,-7.72109578044487
2019-04-02,22.9325740683965,7.32648998109271,-4.14445393603255,8.07314380428948,6.30596066055777,-18.5600190137128,-14.7164890102829,-7.21720655430814
2019-04-03,22.6217072188848,8.24603432328106,-2.93846874469532,9.23940636423887,5.75308367667274,-18.5694681879973,-15.5243313187317,-8.8279633316532
2019-04-04,22.2735630937708,8.92891375683385,-2.57773380099714,9.78520529558243,6.08255951735318,-18.3562359780837,-15.7237767690152,-10.4124951154443
2019-04-05,22.521923672137,8.99467652125567,-2.10231486685635,8.2247067783522,6.78400798924316,-18.0778429252276,-16.5136564061243,-9.83150076277975
2019-04-08,23.0998611567724,8.64671820679172,-1.89329886470734,8.35919914213451,6.2890865306199,-17.4805477435847,-17.3632252543078,-9.65779317371869
2019-04-09,22.5759127005846,8.66430368026629,-1.98169281485647,7.6730636316093,6.13880253124858,-17.119920455867,-17.0850304383348,-8.86543883465055
2019-04-10,22.4132992168569,7.70989566556801,-2.63513258531904,8.09517008313198,6.65157020179542,-16.6725427814098,-17.1442201017246,-8.41803969889885
2019-04-11,22.0776569211544,7.84822745019948,-2.66711852870198,8.15432389289192,6.07400582950423,-16.6003217307039,-16.9646922798673,-7.9220815544769
2019-04-12,25.1506812226558,8.54254046947383,1.8387017138085,7.28802999997845,2.37286471664825,-17.0102848210545,-17.2696628792707,-10.9128704222396
2019-04-15,25.0608410901377,8.56901090875814,-0.00975358214660105,7.18773602348845,3.68745773705631,-16.5679282060401,-16.6181029431717,-11.3092610280822
2019-04-16,24.5021369698242,8.63641819314158,-0.252604949152314,6.52991890614569,4.47660386537935,-16.5921915141468,-16.7781995887616,-10.5220818824302
2019-04-17,25.1460166740311,9.21221812034408,0.458522717978248,7.4375664251988,3.11700801685603,-16.6947709583761,-18.3383757382331,-10.3381852577991
2019-04-18,24.0597730366702,8.57116095301767,0.542032596500718,6.79887412959293,4.27404846847017,-16.7700367320832,-17.6525773011842,-9.82327515098434
2019-04-22,23.9497452200592,8.3273223541211,0.723931813907697,6.01722929789487,5.27440979066054,-16.7904420774745,-17.6408662439855,-9.86133015518346
2019-04-23,23.5236819493512,8.08802634697651,-0.0671829674060334,5.32459034152745,7.45902337957663,-16.8278272655026,-17.6907474145079,-9.80956437001534
2019-04-24,23.4918674905459,7.72246234195723,-0.0775972034143209,5.49571065932889,7.07772003808203,-16.6584229770408,-17.5652178708599,-9.48652247859901
2019-04-25,24.277098624426,9.54675267529301,-1.52919539509785,6.46757999038827,6.1377102354669,-16.3538643308905,-18.3274046839261,-10.2186771156597
2019-04-26,24.4951189245371,9.39722189469886,-1.20359661202524,6.35350955200738,6.4349737429533,-17.5312207403665,-17.7809263517958,-10.1650804100091
2019-04-29,24.8593535797228,9.68551976395764,-2.57931405339189,6.56271599546879,6.4372215703432,-17.2536591398002,-17.5790726977051,-10.1327650185952
2019-04-30,24.9243113347968,9.89856825096297,-2.80144946517063,6.15588777322163,6.55722042658195,-17.0776131915025,-17.6116601641621,-10.0452649647281
2019-05-02,17.9637029507239,2.23015384506225,-7.17617190067794,-0.861061296816303,10.8618679544123,-23.9420729936548,-25.6967834483384,26.6203648892891
2019-05-03,17.0453694101884,2.78339973827517,-8.04843312097726,-4.90958973858536,11.9278211176171,-22.7535489330845,-24.3561353926202,28.3111169191866
2019-05-06,21.4954573716069,-1.21616252927124,-6.57982518780636,-5.0409963181761,12.7560763403099,-20.7918955101318,-21.4252727160597,20.8026185495284
2019-05-07,22.3729839562666,-0.00149230929698518,-5.65914215101011,-5.2805252460878,10.5975127233663,-20.6250914914898,-20.9100030225114,19.5057575407632
2019-05-08,22.4216752295679,-0.0495514051579207,-5.91889422636658,-5.21676420171254,10.2704522849023,-20.5761171712577,-20.8581792351033,19.9273787251277
2019-05-09,22.4862711921919,0.0123067531809511,-5.93584306371692,-5.12168057042272,9.95413432507485,-20.5325903437123,-20.7843104460814,19.9217121534857
2019-05-10,22.5508293602769,0.0587241528119762,-5.96742581642209,-5.201333325308,9.86406556294388,-20.5922577489857,-20.7299149475447,20.0173127622278
2019-05-13,22.7044922744131,0.424911356512737,-6.06388311036305,-5.12347300786364,8.64758436533663,-20.4672087974523,-20.4800481304786,20.3576250498951
2019-05-14,22.4367273234985,0.709564654151663,-5.67423978357863,-4.90134300736089,7.35346966102861,-20.2183327547401,-20.1494722930972,20.443626200098
2019-05-15,22.5647268628771,0.849676696968935,-5.82607999527838,-4.98217225523652,7.19523115955331,-20.030572346227,-20.2730062219556,20.5021960992981
2019-05-16,22.5180088865765,0.927640666124141,-6.06959519958617,-4.64854833212002,7.45750834878218,-19.9223607058157,-20.3878947910621,20.1252411271011
2019-05-17,22.5520248453966,-0.680968737577203,-5.26726331936979,-4.02912208990589,7.54335419266224,-19.1706872626265,-20.870476562165,19.9231389335856
2019-05-20,22.54969501792,-0.550913450358507,-5.22955267145742,-4.37204487329095,7.59895433831588,-19.3971349590168,-20.3486290788235,19.7496256767112
2019-05-21,24.777720155536,-4.88453214197652,-4.9929942069887,-4.65452202262027,5.70362909995185,-21.1301663161878,-12.7789853501363,17.9598507824217
2019-05-22,25.7995186274203,-8.85459173317542,-4.59989184171851,-3.65609201790188,6.10341042408046,-20.480835565853,-13.3428132495077,19.0312953566558
2019-05-23,25.3593521305795,-8.49473418959382,-4.53153114998046,-4.30887533551721,6.34831603566766,-20.4237664000015,-13.5746559927726,19.6258949016184
2019-05-24,25.8797540088374,-8.4588290799075,-4.30022858732297,-3.84246492426406,6.75474844486198,-20.0817532648247,-13.0441811122497,17.0929545148695
2019-05-27,25.7584338894855,-8.44380011684865,-4.37139842967081,-3.90146980337956,6.64643792714486,-20.2209669007346,-13.0801080423648,17.6128714763681
2019-05-28,24.6875117569641,-8.78502194570691,-4.1329204334244,-3.66973842054565,6.6981610032033,-20.3120327125302,-13.1800175629592,18.6940583149989
2019-05-29,24.1093466673456,-9.14389332934056,-4.32433832951561,-3.69820568114316,7.44729847874011,-20.353341993205,-12.9629495954906,18.9260837826092
2019-05-30,25.2134603826766,-7.69840453840396,-1.94812069886262,-3.6560353678724,5.34508693770924,-20.5010480183494,-13.4934352128918,16.7384965159944
2019-05-31,24.5800870515368,-9.31527840962551,-1.56365225720669,-2.30233059485858,4.90900290803426,-20.8820475775601,-13.3891496109441,17.9633684906239
2019-06-03,24.6998556998577,-9.34406746332209,-1.44983399267631,-2.29670942698127,4.89962368769712,-20.832832449085,-13.3827236057042,17.706687550214
2019-06-04,25.2403489078052,-8.35190587193267,-0.861439923992783,-2.180742332304,4.64508583656037,-20.8802314110273,-13.1836802270722,15.5725650219633
2019-06-05,25.5966418129223,-8.40374044248418,-0.375159467828261,-2.29518847403691,4.61354272741127,-20.8201433712321,-12.9952718395162,14.6793190547642
2019-06-06,24.7685882606195,-8.13458273653765,-0.0940281875645752,-2.61437411886104,4.54758088063103,-20.6323828329307,-13.470422472913,15.6296212075564
2019-06-07,25.8539176395554,-8.31102366098389,1.44696591843952,-1.03983164471867,4.90032775742399,-21.9853152122355,-13.4931398433728,12.6280990458919
2019-06-10,25.9576004216669,-7.97208916987427,1.86329184292849,-1.06799474922968,3.34307904457261,-21.6888684488538,-13.095001204683,12.6599822634727
2019-06-11,25.9039327537448,-7.59450524930255,1.89483800539644,-1.42847075925285,3.09910239603525,-21.6567361160619,-13.1082208441625,12.8900598136033
2019-06-12,25.625943174225,-7.38863271462639,1.78399474096143,-1.72258100056471,3.32969607814846,-21.4530906331346,-13.1559929233173,12.9806632783082
2019-06-13,25.9011831211114,-7.27645258120338,1.97737269925829,-2.95201527558694,3.49582867240012,-21.1798108759588,-13.1068636399582,13.1407578799375
2019-06-14,26.1103544892311,-7.32658878012587,1.84411737593753,-2.87684798190245,3.35176712885615,-21.2338824020566,-12.8846417017345,13.0157218717947
2019-06-17,25.8409181756488,-7.73595856297018,1.84584146915664,-2.71128739453633,3.50833918066651,-21.1558078293,-12.6847651486008,13.0927201099353
2019-06-18,25.805687758955,-8.35605474348148,1.76897652708652,-2.58026687298175,3.66459956844107,-20.8863904606801,-12.6344538916742,13.217902114335
2019-06-19,25.5457551980608,-9.06913193641433,1.98411587571505,-2.43665834048382,3.95677974321664,-21.0460089294008,-11.7186811257109,12.7838295150174
2019-06-21,25.8273631473113,-8.54505922781247,2.01209702409979,-2.45503962567341,3.79959885832331,-20.6541494349692,-12.5300109915723,12.545200250293
2019-06-24,25.912546442901,-9.61284404560845,2.19942530800414,-2.19773259864565,3.73819901947498,-20.1429758434121,-12.489198167885,12.5925798851711
2019-06-25,26.0645227268515,-9.34189397275605,2.39628126574093,-2.96322954295373,3.36128004383766,-20.0337068043399,-12.195471322328,12.7122176059476
2019-06-26,26.0143824234966,-9.25802590677504,2.38049660579205,-2.80715895354756,3.47233709843339,-20.2399981920927,-12.3218882712677,12.7598551959609
2019-06-27,25.9302996047282,-9.11868673768945,2.28212546525832,-2.43983591679449,3.12365705239729,-20.3064122408751,-12.4271861651167,12.956038938092
2019-06-28,26.2866778765782,-8.54915327249133,1.80620463433978,-2.3955457556993,3.10930575339826,-20.3462237463372,-12.3149754561297,12.4037099663413
2019-07-01,26.0973640818161,-8.91024853636428,1.35220468318326,-2.25942556713381,3.12309326567853,-20.1469278334198,-11.9865753276586,12.7305152338986
2019-07-02,26.3287102643401,-8.6075165508298,1.31485308515173,-2.23012127810276,2.87956254634059,-19.97974230359,-12.1330671578847,12.4273213945749
2019-07-03,25.4139594225533,-8.96106328718466,1.62756474160628,-1.93919418738503,3.09833898167729,-19.7647655184708,-12.1716877885868,12.6968476357905
2019-07-04,24.3585763759673,-8.87219688676162,2.71991674035889,-3.39051403987308,3.23789451517757,-19.7458775661064,-10.5090827103526,12.20128357159
2019-07-05,23.4396968522006,-9.08807281794213,2.62725291459373,-3.18350281905934,3.54257674033121,-19.3232830037962,-10.4336552762062,12.4189874098784
2019-07-08,23.9638583236044,-8.08202689473875,4.32904181318635,-2.73509008721533,0.598628879420723,-19.5026383306998,-9.90963877772456,11.337865074167
2019-07-10,23.3166966084889,-8.10218201942217,4.45489104193142,-2.43850054810144,0.879166462374911,-19.1040419290121,-10.3988875340999,11.3928579178404
2019-07-11,23.1648904856642,-7.86984464917283,4.20214055268174,-3.14529750572952,1.32429790048538,-18.8739199891563,-10.4971484372958,11.6948816425232
2019-07-12,24.1553940091296,-7.42451893039078,4.06042368999145,-2.58137768403724,1.37770552706577,-20.0752038621628,-10.1897474924733,10.6773247428773
2019-07-15,24.7273178168107,-7.2078340226532,3.54160372653744,-2.35982409494951,1.66211073588207,-20.290000349187,-10.3550193199831,10.2816455075426
2019-07-16,24.9379412586175,-6.73169093865037,3.32090995551835,-2.29560751393028,1.81534788139576,-20.5043619733984,-10.4848741295297,9.94233545997709
2019-07-17,25.233472748978,-6.80684278352783,3.31906514027096,-2.42973051645189,1.82808028513885,-20.1737089861711,-10.485863299213,9.51552741097595
2019-07-18,21.2798288553909,-4.59056497296414,2.92072530738184,-1.50890689559895,2.11163940497046,-19.7404901244251,-9.86551922517674,9.39328765042165
2019-07-19,20.5825786170975,-5.5000983961248,3.32441536453421,-0.643561377780536,1.80239690018447,-19.4744707129258,-9.87422423136568,9.78296383638062
2019-07-22,19.7786325883017,-6.24148880669234,2.54587668379479,0.389085829993725,2.36893983668793,-19.1029033884531,-9.73825906491839,10.0001163212856
2019-07-23,19.3049545945658,-6.01002723749332,1.93701687026354,0.44680404687508,2.55190985406318,-18.8636335299429,-9.4654402369284,10.098415638597
2019-07-24,19.0910347214213,-5.32749903587488,2.44204935985752,-1.1052649689652,3.12657154243081,-19.2971585178367,-8.7352904782111,9.80555737717826
2019-07-25,20.6820272106456,-5.02175968830689,0.67150856001583,-0.137354056728782,1.83342194346153,-18.5875699394096,-9.28567956026264,9.84540553058502
2019-07-26,20.1628713966021,-5.04798959025912,0.817406740628982,-0.104992684593455,1.77750554021298,-18.3319708674204,-9.17509561326074,9.90226507808968
2019-07-29,18.8529670624302,-4.74153804344878,1.31070234281167,0.59285097426131,1.86580589551365,-18.5363684858187,-8.98338915010895,9.63896940435968
2019-07-30,18.8701507907964,-4.38740747698788,0.795224645720822,0.00945476847214621,2.15897750843204,-18.3946802302152,-8.73801316610442,9.68629315988607
2019-07-31,19.2407947406083,-4.55784648774303,0.477110985691198,0.156541881851645,1.4078679697931,-18.3439760247184,-8.35273299296563,9.97223992748278
2019-08-01,20.745366297688,-4.2378641943076,-0.911282477225782,0.5538599241304,7.00343697773034,-19.0081420919896,-11.5973890526518,7.45201461662604
2019-08-02,21.6625294993229,-4.34574287189765,-1.51469068178917,0.80381431587719,4.38338784068416,-19.2922546285662,-9.9751010650883,8.27805759145711
2019-08-05,21.2245321113634,-4.40965158129872,-2.17564349482768,1.04301062829803,3.70876522721219,-18.8792566422127,-9.38576539484512,8.87400914631061
2019-08-06,21.246429416867,-4.67279227844802,-1.95475218537039,0.991556983857095,3.62342280155043,-18.9894184127498,-9.31333323247819,9.06888690677193
2019-08-07,20.9649882779566,-4.56919349982874,-2.04846250917925,0.518689681053274,3.45757513461667,-18.8365182029345,-9.13701605250025,9.64993717081616
2019-08-08,21.1067248004238,-4.35965960818108,-2.88992460235228,0.584960992370483,3.50574196419653,-18.5832145270812,-8.95753363096293,9.5929046115867
2019-08-09,21.5082133496345,-4.31666290184566,-2.27823608793939,1.13650270204385,1.83055579797278,-18.3786601976207,-8.32291128171147,8.82119861946604
2019-08-12,20.7625519316369,-4.48565739533448,-2.89849733827979,1.87210515932532,1.77664235591008,-18.1387215088305,-7.53214715197087,8.64372394754337
2019-08-13,19.1535959402024,-4.07252985089938,-2.74990197149318,2.23007863229797,2.65740187773417,-17.9806383918781,-7.75046764402105,8.51246140805718
2019-08-14,19.7223527441496,-4.0259047232433,-2.36638022988584,1.36867988996926,2.50722140446177,-18.1886838583107,-7.44357499390267,8.42628976676188
2019-08-15,19.3835427321904,-3.97352376872031,-2.191642852231,0.932064635072408,2.80413641976948,-18.0545477676864,-7.35371234160494,8.45368294321036
2019-08-16,19.3391660176093,-4.37818699237391,-2.3278397171245,0.384567669894622,3.27487495704825,-17.9576049518575,-7.25180917011056,8.91683218691431
2019-08-19,19.3140781894296,-4.89758811138371,-2.2553809988761,0.125658061164145,3.53202853615981,-17.9497032943718,-7.11496698742675,9.24587460530475
2019-08-20,19.1609800356526,-5.00724702985475,-2.26566638084805,-0.0936443710169286,3.5903263324937,-17.8608656220349,-7.2280758062692,9.70419284187749
2019-08-21,19.1319062685489,-4.8373154194627,-2.41907056157566,-0.247531226306116,3.76237077337478,-18.0058188180539,-7.18832494313091,9.80378392660556
2019-08-22,19.7795966843774,-1.96186225190263,-4.02175838863948,2.21165446039218,1.57456856409613,-18.0874935890724,-7.75676564146906,8.26206016221782
2019-08-23,20.4067211943396,-3.65173363658505,-4.26559030932196,2.49513195576638,10.3281263865083,-21.6631742147358,-11.0154590609989,7.36597768502741
2019-08-26,19.9972097263527,-5.37082008776569,-2.99980271268955,-0.979038582757582,14.6442846493055,-21.3554188390196,-12.0098047416506,8.07339058822472
2019-08-27,20.3757384879127,-4.82352293739353,-3.46379375072586,-0.509361053418068,12.8702092789077,-21.4272903210951,-11.2262518011241,8.20427209693623
2019-08-28,21.4692370061425,-3.89062831660536,-1.3208243868668,0.525294263502786,8.34161375092523,-22.1001439367895,-9.9102089862342,6.88566060592535
2019-08-29,21.3879992825997,-3.57714746552612,-1.56644339237685,0.317052320545884,8.09333937410709,-21.8892864744479,-9.90750438548485,7.14199074058311
2019-08-30,21.4004891623132,-3.62341107011547,-1.56129059338438,0.425668285635297,8.06327821769295,-21.9129997572477,-9.86659353700094,7.07485929210703
2019-09-02,21.6052681530487,-3.12370402327485,-1.74323176581736,1.04108192998766,7.48326846413197,-21.9770868073086,-9.63347116001514,6.34787520924756
2019-09-03,21.3821779771058,-3.79755779035276,-2.9900490143844,1.04257808156482,8.29064503001401,-21.7017032288047,-8.59116063201542,6.36506957687267
2019-09-04,21.3933371969364,-3.69278922825159,-2.59464065150828,1.05233712750577,8.27448984653765,-22.1778395652098,-8.88380021759751,6.62890549158739
2019-09-05,21.9493557008262,-2.66848236783676,-3.22818387702799,1.0107118725974,8.30358922279372,-22.1061906371652,-9.59084632614859,6.33004641196127
2019-09-06,23.1292730822268,-1.15671510831209,-1.02276837200247,-1.63059023652602,6.5103612046463,-23.1784690452115,-8.69436386406896,6.04327233924789
2019-09-09,22.4519202322676,-1.68627691967308,-1.85912300106948,-1.51445649079057,7.87528516987938,-23.013524780303,-8.3129713206202,6.05914711030944
2019-09-10,22.3528853059684,-1.80796265802694,-1.99675265548895,-1.84256942584093,8.30448007079194,-22.8576418972664,-8.39147474655394,6.23903600641681
2019-09-11,22.8305367605944,-1.14712375435411,-3.29254540992536,-1.38330057232861,7.81241175297364,-22.2267151248386,-8.54379523252657,5.95053158040523
2019-09-12,22.780948223001,-1.6356630362412,-3.13521869486102,-1.29759328303703,7.8226288236291,-22.0326319309533,-8.57298266281604,6.07051256127847
2019-09-13,22.4586192706395,-1.99248772777566,-2.71269297209632,-1.27352338606285,8.05021007471324,-21.9572817368922,-8.73668781822766,6.16384429570191
2019-09-16,22.021807548937,-1.71696467274615,-2.90176345512266,-1.1841056135622,8.10610083705419,-21.8428856676155,-8.50126509832934,6.01907612138465
2019-09-17,21.8880940971378,-0.1968108721397,-3.81699532587786,-0.557671021983346,8.64111230463696,-22.4102322012973,-9.04398278294624,5.49648580246974
2019-09-18,20.5114406134127,0.336676712459976,-3.82769855862244,-0.565411243942044,9.33713008426899,-22.914167940888,-8.52964705100706,5.65167738431789
2019-09-19,23.0296691798676,-2.08569031673173,-3.69580631324595,1.4056710784275,7.81123917120981,-21.2701028531055,-10.0723988140739,4.8774188676521
2019-09-20,22.7950588478305,-1.3764511252935,-4.00409013692398,1.05911168864424,8.26421888276572,-21.547173619177,-9.84090062010725,4.65022608226126
2019-09-23,22.835661298721,-1.66688732912852,-3.81130045350474,0.948028966267337,8.56423530438894,-21.5408623691608,-9.58824624409015,4.25937082650692
2019-09-24,22.74038566522,-1.77440585124238,-3.78553295354896,1.0940265370467,8.39931144665238,-21.3207759710499,-9.7612490095398,4.40824013646193
2019-09-25,22.5601023926184,-2.71530915547526,-3.10120016637215,1.12301096577814,8.98985149858498,-20.6933143955661,-11.3058715257748,5.14273038620684
2019-09-26,21.5327709506947,-2.1773687714439,-3.18164830731717,0.832210526282111,9.49367339694566,-20.4134529178294,-10.8365411891625,4.7503563118306
2019-09-27,21.655320882044,-2.31290538985377,-3.1385669453137,0.943798103465113,9.42221015332495,-20.3404703873851,-11.0837697351937,4.85438331891226
2019-09-30,19.0755181807384,-0.430919084141159,-2.71893374070716,2.19869191631487,9.79513268137841,-20.5399461680772,-11.1672657364939,3.78772195098776
2019-10-01,18.989520025717,-0.25453896569605,-3.35787260359748,1.96872386645567,9.99463893017936,-20.5358809441873,-10.7820053594027,3.97741505053137
2019-10-02,19.6026730853739,0.0883443478339814,-4.65177168573884,1.30557633106469,10.2932744950949,-20.4123108763048,-10.149849802666,3.92406410534216
2019-10-03,18.374845022434,-1.90755262885363,-7.68170218643814,2.44503916249317,14.2065309396874,-19.1658684052862,-8.79233562505001,2.52104372101336
2019-10-04,18.2645443159673,-1.82268439603149,-7.76448499615601,2.64981487006861,13.5419728278931,-18.8399552747769,-8.58816845896074,2.55896111199616
2019-10-07,17.1820910476238,-2.78634565423648,-7.32141653932882,3.78519693153297,13.1106890249824,-18.2931740954532,-7.891064413695,2.21402369857439
2019-10-08,17.2313429137915,-2.78420384626538,-7.2518589137451,3.78962175055012,12.8782741358145,-18.2614478537053,-7.93157359156472,2.32984540512443
2019-10-09,17.6014227719145,-2.32829442830371,-6.68757565296647,3.60522656637639,13.1743807721515,-18.2266788044258,-9.2983554976929,2.1598742729466
2019-10-10,17.8364772102914,-1.98324089101008,-6.10577072332116,3.13206402454458,12.4037882066563,-18.7306675144342,-8.60221350881456,2.04956319608776
2019-10-11,17.4467448490826,-1.6543075431757,-5.67871835282602,3.16584437097129,12.4272547640412,-18.8538332829311,-9.01796351856005,2.16497871339784
2019-10-14,17.4388441131202,-1.5254992606276,-5.62050099512147,3.02743272300394,12.393702612224,-18.9450044247194,-8.99009391769563,2.22111914981592
2019-10-15,17.4756987327187,-1.37949884163726,-5.17476379729009,2.96258651794055,11.6842169701476,-18.970533064977,-8.9906428869069,2.39293637000442
2019-10-16,17.374970287955,-0.851577977337286,-4.28407418040401,-0.266712016095141,11.7512409269726,-17.7300785643771,-8.50537819902589,2.51160972231174
2019-10-17,17.2244790038374,-0.797023890563565,-4.50307979226616,0.084462167537275,11.630833643081,-17.5193326964715,-8.4791284832348,2.3587900480803
2019-10-18,15.953344257856,0.538204982646818,-7.8383030757,0.846952876592248,12.8483285364034,-17.0211299887385,-7.52235530105611,2.19495771199616
2019-10-21,15.6826135977246,0.808878358842158,-8.10934099156056,0.725594827036588,13.2765441657171,-17.0808448982115,-7.17210866341642,1.86866360386802
2019-10-22,15.9150291641925,0.954367995014181,-8.33726389328833,0.753617345052234,13.2800276644122,-17.1190083581981,-7.29147089763008,1.84470098044545
2019-10-23,17.1827824359456,1.71669256820766,-6.28809380568956,-0.830288810984499,12.8206463952649,-16.3810000296543,-10.0502913119408,1.82955255885093
2019-10-24,17.0247889892294,2.08385411554114,-7.74233629229162,-0.470034004621581,13.3899848611047,-15.9340420259294,-9.51224897089287,1.16003332786018
2019-10-25,17.1286512908875,1.83871197695524,-7.54417664695372,-0.513059273246057,13.0900396076865,-15.8496188716102,-9.40472669774141,1.25417861402215
2019-10-28,16.8559021640873,2.4502301054091,-7.69714289743834,-0.567900354286984,13.228108188296,-15.7350186650476,-9.62952477616268,1.09534623514316
2019-10-29,16.8154329993099,2.89671030692775,-7.40271186513728,-0.807653247245796,13.3227013033168,-16.1790007998084,-9.94327259665153,1.29779389928857
2019-10-30,17.8691125178555,2.42875135657098,-5.86884232499028,1.66723770460958,11.2677547952463,-16.6634605088222,-10.3594367128559,-0.341116827614023
2019-10-31,17.5522961241385,1.44360261397185,-5.45291755054964,1.90393668577219,11.5661826938035,-16.3077530713548,-10.6506211729371,-0.0547263228445374
2019-11-01,15.0592000588562,0.55284387908911,-6.62262823669464,1.27661830808211,10.541721015344,-18.116077410666,-3.5892461734473,0.897568559436479
2019-11-04,14.1440814338093,0.079756200081043,-6.67227058722941,1.08520355933321,10.7561841910802,-18.0467892163732,-2.47743931958464,1.13127373888344
2019-11-05,15.7377325161566,2.81612463433778,-6.12627941513733,-6.85212472973434,12.1516829977349,-16.8508452348518,-2.81048365415981,1.93419288565398
2019-11-06,15.7173179064227,2.94711570223282,-6.09264308416175,-7.12823886358712,12.288151638392,-16.8262111655659,-2.86747753353293,1.96198539980015
2019-11-07,16.658486673173,4.32943437830306,-7.77441244832344,-8.96961079769585,13.0816952680019,-16.420619738561,-2.79750971430057,1.89253637940294
2019-11-08,16.7426301750021,3.78213797510258,-6.56463639814018,-8.20543706968005,13.7712171728632,-18.3883782831086,-2.67878694667892,1.54125337463997
2019-11-11,16.5682941907945,3.8304038186604,-6.54680670417682,-8.13528031510721,13.7437298180165,-18.3376404952868,-2.69952027948667,1.57681996658603
2019-11-12,16.7769924179662,3.60834400447241,-6.27401006770639,-7.83585119232315,13.3783382737398,-18.3646180035907,-2.6557821245292,1.36658669197092
2019-11-13,16.4934895788858,3.69238155459563,-6.63544270408811,-7.86960448032288,13.5691883926595,-18.0399003290561,-2.85746374017986,1.64735172750601
2019-11-14,15.7534774490539,3.75825269177456,-7.34703355830903,-6.06684037873753,12.0301323084712,-17.3878008050914,-2.90188934940713,2.16170164224545
2019-11-18,15.6106454417941,3.97077190464899,-7.36133272063348,-6.18953987736086,12.1768686114902,-17.0223709551128,-3.24838017683588,2.06333777200971
2019-11-19,15.6523061628964,3.95600566216442,-7.56641401467739,-6.25679725694606,12.1391860482873,-16.8536013294425,-3.178383306703,2.10769803442076
2019-11-21,16.2013459066496,3.4600657164618,-6.19903220001986,-6.62579107177596,11.9856644577083,-17.7701324067932,-2.87772903860087,1.82560863637027
2019-11-22,16.6869460176545,3.83556966014837,-6.16628931774234,-7.19960278638451,11.8627541266614,-17.7773971363576,-2.84139377062483,1.59941320664493
2019-11-25,16.5527621887978,3.39866438501843,-6.30268637822321,-6.69768204329279,11.9198202661655,-17.4790857188579,-2.86743840279322,1.47564570318537
2019-11-26,16.7473594660065,3.89504388321792,-5.6006597728874,-6.51323635896215,13.0214121043526,-20.4051643904267,-2.61359182217859,1.46883689087781
2019-11-27,14.9214060792721,4.14360254458485,-3.85246237877869,-4.58273876075413,12.30618565448,-20.0012081058297,-3.48340669894665,0.548621665972171
2019-11-28,14.3866063261497,3.60023115714647,-4.45803981261749,-4.52533496451328,12.8213338096448,-19.6039319615436,-2.45934393734358,0.23847938307696
2019-11-29,13.2217082328938,3.32035276696573,-3.69156727895391,-3.41698195960858,12.9406168845645,-19.3819230043324,-2.6171512232984,-0.375054418230782
2019-12-02,13.2945582785542,3.15186735787309,-3.67091242173098,-3.56677425857778,12.9959456812489,-19.2170375661754,-2.82172393355176,-0.165923137640259
2019-12-03,12.3532113234845,3.60521833236405,-3.62874889184155,-3.17644551582665,12.7763711328848,-19.1220068831212,-2.65916374857486,-0.148435749369067
2019-12-04,11.0898393011658,4.04686109472278,-3.12291117357498,-2.22282032089596,12.104176877823,-19.7590593580301,-1.46029749771682,-0.675788923493773
2019-12-05,9.6436751344129,4.0805997858824,-2.92880185383687,-2.12763535261749,12.5426520566176,-19.4465090167423,-1.00239272649845,-0.761588027217751
2019-12-06,9.72401822902025,4.53331190530251,-3.07702397066871,-1.83051016060656,12.7715681399441,-19.1387689365023,-1.58504706603385,-1.39754814045549
2019-12-09,9.30376975505823,4.70781027003133,-3.34403595964225,-1.87177820501373,13.0074445528996,-19.0420946692747,-1.94841296733632,-0.812702776722091
2019-12-10,9.39160793328877,4.38534198643278,-3.2430131058148,-2.09179984107791,13.5338463065839,-19.0896810382934,-2.334902111926,-0.551400129193262
2019-12-11,10.2881270873704,4.73524027847589,-3.86345241588467,-2.56044056012619,13.9854186091996,-19.0851401988632,-2.59207804990641,-0.907674750265521
2019-12-12,6.72463896485309,4.81868983311171,-3.16924565625692,-1.42187196791492,12.5544285724261,-19.4431672040425,1.6260261425554,-1.68949868473193
2019-12-13,8.36382212204062,5.42376360126136,-2.662355126589,-3.78410459266346,11.9076723067193,-19.5399581922844,1.76099855818349,-1.46983867666792
2019-12-16,8.86823217008897,5.84682521747492,-1.68447526084034,-3.85768797536976,10.9616546075291,-19.7621222201055,0.797276911628256,-1.16970345040565
2019-12-17,8.87846464885138,5.94187631139642,-2.29252348242547,-3.78142224734647,11.1054552507649,-19.6397824812491,0.708153786352025,-0.920221786343689
2019-12-18,8.93567532333593,6.08174230956722,-2.34982574400879,-3.8710819074041,11.1133231143444,-19.5825676410857,0.683902966685309,-1.01116842143426
2019-12-19,9.4905109359916,6.49376719203497,-2.14438178238751,-3.89002981577568,9.62550894860928,-18.7401321688636,-0.0149826924839047,-0.820260617125204
2019-12-20,10.1052582408408,8.56754619736222,-3.31486823502323,-4.50401663689389,8.97522086407537,-18.8356348823126,-0.425940624771176,-0.567564923277448
2019-12-23,8.9919327781997,7.30222966426666,-3.05264463040836,-4.3510930845636,10.0299909618134,-18.2741445463512,-0.33858158255164,-0.307689560404935
2019-12-26,10.1002530026239,8.33289313723683,-3.23713352725971,-4.78986489922412,9.08360273956652,-18.6725082164698,-0.343950578077493,-0.473291658396121
2019-12-27,10.2144548695137,7.4062112284579,-2.87199352772583,-6.7341800634855,10.5698657421086,-18.0338767326936,-0.631409161387726,0.0809276452124408
2019-12-30,10.5344290134227,8.01394186334188,-3.78099726879755,-6.95817324423756,10.4539062676779,-17.8628837936882,-0.323408714485822,-0.0768141232332873
2020-01-02,11.0015979882981,8.29557395312466,-4.35759658019087,-6.05615964143791,8.98721221667278,-17.8731486186795,-0.260847506589812,0.263368188802577
2020-01-03,11.9184568872217,8.88363172141288,-4.18608520277644,-5.74022846962475,5.41966893126723,-17.7170826554031,0.348764349400646,1.07287443850183
2020-01-06,11.7302037719303,8.55057377850457,-4.03940146166826,-6.08499540444708,7.30221478404504,-17.973111384277,0.0996940717850379,0.41482184412736
2020-01-07,12.0038369751605,8.27952154499215,-3.27361045064366,-6.07360646788068,7.54771818088503,-18.1610127654699,-0.0566245331588284,-0.266222483884619
2020-01-08,8.20355739990278,6.00384854062003,-6.16304711813361,-9.63661987669186,5.85436906247452,-2.04935678490146,-0.672476203189845,-1.54027502008056
2020-01-09,7.77108254821322,5.69066367211546,-6.07877655260143,-9.11664917143669,6.39255502179144,-2.98061894032928,-0.192702630398085,-1.48555394735465
2020-01-10,9.24618967744436,4.27126165782028,-5.90200026190133,-8.47235874099032,6.08840890895744,-4.0513159646782,-0.485516717000827,-0.694668559651419
2020-01-13,8.32264784254716,4.53950599594487,-5.47556910354406,-9.21687751604083,6.71075159919203,-3.99683647819355,-0.121167822070092,-0.762454517835533
2020-01-14,8.267439838279,4.88736936593187,-5.23688954721986,-11.6365314246692,9.3012050918447,-4.31831256078673,-0.328466079301514,-0.935814684078288
2020-01-15,8.32907572292016,4.9321798996147,-5.36721789805327,-11.965527415389,9.74883418451191,-4.3247937045107,-0.571668658723429,-0.780882130370379
2020-01-16,8.51449389626156,5.11460161385828,-5.31533230218776,-11.6873977602378,9.50571363181819,-4.31196225368919,-0.273013566836809,-1.54710325898644
2020-01-17,8.48794971882837,5.12859811614516,-5.22761852518684,-11.6395832536051,9.38135319751904,-4.37260306221988,-0.310253885012497,-1.44784230646825
2020-01-20,8.5292297945713,5.36180722190533,-5.28189801337829,-11.6092187711412,9.18007270387703,-4.37262639339097,-0.495795745674233,-1.31157079676903
2020-01-21,10.0273915462767,3.58150159591488,-5.09653445174727,-10.3242339057079,7.37414009267583,-4.41368930041168,0.410883204311538,-1.55945878131202
2020-01-22,9.86915214770229,2.79630205399446,-5.69068019940605,-10.4850341664439,7.54375856021884,-4.59277388320158,1.493170147474,-0.933894660338098
2020-01-23,9.43577203249223,2.39477853610214,-5.39522938875938,-10.2939740755846,7.91214940056129,-4.58070528903357,1.29974761806196,-0.772538833840116
2020-01-24,7.74509406228768,0.460645998753506,-0.810108458396506,-7.93888513768356,6.64759498401321,-4.86529074051103,-0.0684848821078248,-1.17056582635546
2020-01-27,9.85975724543639,-1.34460681291537,-0.847901594826915,-7.06616025713127,6.17405922487471,-5.28431117816469,0.06004127689231,-1.55087790416517
2020-01-28,9.94185578697422,-1.35667222016979,-0.806606022972879,-7.25638003943034,6.26101842584794,-5.32594699259015,0.114696763580376,-1.57196570123937
2020-01-29,9.58989153731231,-1.43786814692724,-0.485418903888352,-7.71830905650759,6.27572721816692,-5.19367328222784,0.434323768172241,-1.46467313410044
2020-01-30,8.33319791890545,-1.90464123742081,0.0716308251774365,-6.95999456583454,5.9695681315807,-5.20540091414852,0.938381728079076,-1.24274188633879
2020-01-31,7.61843850611866,-2.14716880991072,0.278987782205149,-6.47948170831364,5.98821677907837,-5.28751003507381,1.12611491702779,-1.09759743113181
2020-02-03,7.90247705318101,-1.79758408902159,0.276415825757496,-6.7779193067751,6.0544501674261,-5.24525738869112,0.958218669934425,-1.37080093181122
2020-02-04,7.85884912877678,-1.91053861001306,0.285321378779528,-6.93024741681336,6.16745868451628,-5.22400942938606,0.986467755294928,-1.23330149115504
2020-02-05,7.84723885813551,-1.44529906389799,1.41276621003938,-6.25780699743142,4.04186159666082,-5.42884532159059,0.758800020093187,-0.928715302008907
2020-02-06,7.77944442844523,-1.45430205959357,1.47128275091764,-6.525064061112,3.97683922054933,-5.22260514458002,0.763976017637656,-0.789571152264259
2020-02-07,6.8282672426572,-1.71243254930025,1.17115717872588,-6.25088383509279,4.44224280341834,-4.3902160895135,0.861569387666822,-0.949704138561696
2020-02-10,6.76820982117331,-1.99516529012691,1.30326730149702,-6.1517363871378,4.53411092080042,-4.30379925275229,0.972238180455577,-1.12712529390934
2020-02-11,7.22192854459143,-1.82458899775469,1.65660026915219,-6.41431396480993,3.87723565196495,-4.41981393424659,0.733896787960823,-0.830944356858186
2020-02-12,7.05950215358222,-1.71798503487692,-0.228942344612101,-5.98676776426438,4.94016094947643,-4.28419690077893,1.02390606785846,-0.805677126384786
2020-02-13,6.29341313906816,-2.35226950226806,-0.280779738700922,-5.75952347155631,5.12055596108783,-4.24201037528053,1.97762620994168,-0.757012222291866
2020-02-14,6.94866637973418,-1.66242451705048,-0.0918820558965621,-5.78781661350853,4.03930672606337,-4.33863076063538,1.64603304754408,-0.753252206250679
2020-02-17,8.68053112496315,2.60580859521357,1.91382122213569,-5.35677990143996,-0.235418866006732,-4.7775767356939,-1.23857107392701,-1.5918143652448
2020-02-18,8.74979339412026,2.20563130181804,1.95196297971129,-5.11582327790546,0.484969401476885,-4.51996183767485,-2.33856852585522,-1.41800343569096
2020-02-19,8.99597475512375,2.5595062208161,1.78672171983032,-4.77533935837378,1.76001243313432,-4.53950480401008,-3.65735995456363,-2.130011011957
2020-02-20,8.95776050339747,2.75976680722351,1.15066336557228,-4.39400836529522,1.19455340628369,-4.55599952004216,-3.12351627559823,-1.98921992154133
2020-02-21,8.73932143833142,2.74145137724,1.21157566667249,-4.35280732458182,1.35200529974723,-4.55309310833074,-3.12280649744003,-2.01564685163853
2020-02-26,9.92412625071562,2.17869950508542,5.64985703038949,-3.23863874082063,3.17641327812296,-7.83475450438585,-5.31006179751906,-4.54564102158794
2020-02-27,10.2680115677823,2.34277177431048,6.3087276354645,-3.77936927657432,3.43089014946326,-8.36140109290996,-5.86449583064153,-4.34513492689468
2020-02-28,11.1603669358675,2.84849948603495,5.94567323968024,-4.20807188750354,2.89371106333007,-8.45918581417839,-5.66797107202167,-4.51302195120914
2020-03-02,11.1421620709654,3.47661591789701,6.5484748194847,-4.48608501651192,2.2741409963755,-8.40984860958987,-6.27706408637261,-4.2683960922482
2020-03-03,10.7537394192929,3.04274227770927,6.70406987355481,-4.29947972381493,2.89430108383442,-8.56544743229328,-6.0676250661612,-4.46230043212203
2020-03-04,10.6473641614688,2.91114532502119,6.71028146409141,-4.28909260875355,3.32138599247292,-8.78096851785527,-5.93504700324399,-4.58506881320149
2020-03-05,10.9695042090898,2.69745690825408,6.87815512056866,-4.28198294694013,3.15945340496491,-9.04515841867784,-5.8351390667061,-4.54228921055342
2020-03-06,12.1462801413493,3.00138922823018,7.7024147133543,-2.71465272494596,3.62734772516529,-10.149481693789,-7.63741278158896,-5.97588460777516
2020-03-09,12.061542431615,3.63809144454365,12.7488052406308,3.4036441883582,4.56391120592742,-14.1719136485597,-13.2929669487907,-8.95111391372463
2020-03-10,11.2351281330601,3.45214532327213,13.6342538087848,2.99774754637165,5.20939760727676,-14.7036222664181,-14.1647321204862,-7.66031803186124
2020-03-11,12.7924695162626,4.25015850250306,14.9382563550273,2.65162577129473,5.32785774840497,-16.2716813708408,-15.4040557320727,-8.28463079057913
2020-03-12,16.8999436943759,6.82147511768649,20.3802897674483,5.29658981531497,2.79523999932084,-20.2569619454434,-19.7884511976217,-12.1481252510815
2020-03-13,18.8960571954444,9.46015961211049,20.9186613016244,8.88201764419357,2.63358906050043,-23.2231332931353,-22.448331181923,-15.1190203388149
2020-03-16,19.3504235858835,9.82326033394372,21.4192574309126,9.41599382598046,2.7766301570133,-24.0296772725195,-22.7179439401764,-16.0379441210377
2020-03-17,15.7902596244784,8.63729692699496,21.7971423954945,6.65398115550754,4.44008771555114,-22.1436154837463,-21.7153531600834,-13.4597991741969
2020-03-18,17.5876307030014,9.40337473163379,23.0902397232663,5.80215984332695,4.68358127074603,-23.9401023098229,-21.7956948114243,-14.8311891507273
2020-03-19,17.9321503296092,9.76704019782873,23.4356315931476,6.02277202932692,4.94148630815529,-24.6981217689202,-22.0918598859061,-15.3090988032414
2020-03-20,18.0783531172632,9.95577941759113,23.3875596162308,6.24696733795049,4.83254061643554,-24.9768135721275,-21.9853226768244,-15.5390638565193
2020-03-23,17.1906454481361,9.47564029367656,23.656159638377,4.10829139889317,5.31683835819395,-24.4318091588992,-21.3127156278588,-14.0030503505188
2020-03-24,17.7274330876775,9.62473761141837,24.3879226428842,5.50270763334834,4.80214353444804,-25.5010170480016,-21.1635609016389,-15.3803665601359
2020-03-25,17.9258993517255,10.549409017732,24.5280837928059,6.98390189804084,5.08618508529334,-26.2373333698458,-22.0433812351115,-16.7927645406403
2020-03-26,18.2271350641894,10.6005049464663,24.8075747280574,7.32682192472502,3.80778683171876,-26.256332548187,-21.9051552054961,-16.6083357414737
2020-03-27,18.2697740435701,10.8158582269055,24.7876123154541,7.59554810031673,4.02195977635952,-26.5690442076424,-22.1024357541145,-16.8192725008491
2020-03-30,18.4926262597794,11.1323354938603,25.046876803269,7.70938897517287,3.36443519953143,-26.6763867361069,-22.7745487381515,-16.2947272573546
2020-03-31,18.4549526177392,11.2276388178924,25.0015578792584,7.36563971457656,3.34166106218153,-26.7094212499156,-22.7155739520243,-15.9664548897082
2020-04-01,18.6827747619761,11.2191565162656,25.0748565596715,7.82647769389561,2.98959559550694,-27.0187380677691,-22.2225451127968,-16.5515779467499
2020-04-02,18.997708573663,11.4082973754488,25.056591823922,7.91882930130791,3.38369213198443,-27.0878042012757,-22.7424738077939,-16.9348411972566
2020-04-03,19.618756424737,11.766512143042,25.0851111760833,7.76459145024403,3.68942827432228,-27.1075001268743,-22.4913039443494,-18.3255953972049
2020-04-06,20.951743877382,13.2238337642596,25.2401098782081,7.76818828999495,2.89849072725941,-28.062209201716,-22.1293329829498,-19.8908243524382
2020-04-07,21.3485011855196,14.0239805229812,24.7518795284241,8.50018522801815,3.31018900551996,-28.553123289357,-22.4880148899084,-20.8935972911977
2020-04-08,22.1881209248705,14.6808729310757,23.6154842203975,9.41550552512962,3.94809082079128,-29.5244032133627,-22.4124762331271,-21.9111949757749
2020-04-09,22.7723497162172,14.8216231069752,23.5935531313068,9.69676287369472,4.36742873194089,-29.3376099499317,-23.5355638277507,-22.3785437824524
2020-04-13,23.0181886913964,15.098484061228,23.4880361378455,9.45484611684381,3.81854537840123,-29.2815262464312,-23.4358766573686,-22.1606974819152
2020-04-14,23.0521837769334,15.3358671470968,23.8424366656546,8.90734767533411,3.61204972686681,-29.2737898435546,-23.3863560354796,-22.0897391128515
2020-04-15,23.9139598296502,15.6008300066318,24.9008604264021,5.90364373317279,3.71627203828874,-29.2283229642843,-22.9622882443705,-21.8449548254908
2020-04-16,23.8494714311361,15.8252117842064,24.8753910320925,6.23717798643972,3.8749715028798,-29.1426514576828,-22.9553500526745,-22.5642222263973
2020-04-17,24.5258928972834,16.0385151876794,24.4672593533768,5.46488135405551,2.65904052114136,-29.4731131437975,-22.1896377185801,-21.4928384511589
2020-04-20,24.6412011945729,16.1451054436187,24.5440924052896,5.39129985817237,2.34113103751082,-29.5354844903642,-22.1182904791593,-21.4090549696409
2020-04-22,23.3161679125546,16.0405130742163,23.4630472324199,6.13005229088601,2.35236657812875,-29.1243286342592,-21.510616046067,-20.6672024078794
2020-04-23,22.5050426463956,16.7261380832721,23.6240324733761,5.08771892141685,3.21681231157348,-29.1875701721543,-21.2967170491813,-20.6754572146985
2020-04-24,21.3331400474174,18.7354550274091,21.2430957143201,5.43229430510304,6.49693523660031,-30.2581790052053,-20.5115125520486,-22.471228773596
2020-04-27,21.379262758869,18.6709380102459,21.2043890882935,5.52788446376462,6.53792973506147,-30.3609927351901,-20.6582726140476,-22.3011387069968
2020-04-28,19.4878609845017,18.0690358451421,21.2360633287151,6.06104777631907,6.08904277473042,-30.1781815880687,-19.7387697251337,-21.026099396206
2020-04-29,19.2673380343547,17.9226464612583,20.9658776220248,6.08893455572752,6.40335008723893,-30.2461465303849,-19.4854527019551,-20.9165475282641
2020-04-30,20.4664709554811,18.6250964012147,21.4551306372912,6.14629618729022,5.23824484856128,-30.5164555410684,-19.8147802772597,-21.6000032115105
2020-05-04,20.4060051056877,18.6307867918397,21.0081893771524,5.17736454303368,5.34261516654362,-30.0623603761806,-19.3755841885682,-21.1270164195083
2020-05-05,19.7002927421982,18.7596156917766,20.9249359473648,5.34506412958032,5.58197122519896,-29.9523260164817,-19.5282135434433,-20.8313401761939
2020-05-06,18.9656245863539,18.3364971425357,20.635322436086,3.40233582778616,7.05845777637936,-29.3175722791446,-19.6200524615804,-19.4606130284162
2020-05-07,19.4059111177523,18.9495960636931,21.3390179069889,2.91474203506853,5.76482992469766,-29.1320882379666,-19.4328608280492,-19.8091479821847
2020-05-08,21.2049199801651,18.9574432847988,22.464064917092,4.3827763333508,3.31501110279704,-29.9175226794158,-19.0524010976265,-21.3542918411614
2020-05-11,21.3725980640912,19.3175180944895,22.7137110258367,4.88820316229759,3.00751681654071,-29.8491483992903,-18.5594880823386,-22.8909106816267
2020-05-12,22.2154967831367,19.8479712075901,23.2216855307361,5.36540636025045,0.421882693021416,-30.2133448509221,-19.5503047433476,-21.308792980465
2020-05-13,21.1974737574134,19.8961361248972,23.2430286569897,5.64614045308062,0.606051787160624,-29.891384594863,-18.8386882555155,-21.858757929163
2020-05-14,21.4116297885774,20.5028875138961,22.5118048111999,6.96549355976616,-0.622769198968129,-29.774672708956,-18.1395129307585,-22.8548608347569
2020-05-15,21.6201011821962,20.559542239376,22.4747162349036,7.04835838765122,-0.887137853273046,-30.0903857456164,-18.0044133626664,-22.7207810825712
2020-05-18,22.0409498980778,21.1956549915429,22.6957449548101,7.8202630094754,-2.13353832649406,-30.3828136650621,-18.2079484726452,-23.0283123897049
2020-05-19,23.1065948900463,20.608304601987,22.3814551685933,8.57913971310697,-2.11646977374646,-31.1604276201961,-19.499214727664,-21.899382252127
2020-05-20,23.1970029070393,20.6044411358484,22.2916255107332,8.36096872154225,-2.10519649843341,-30.9158755872566,-19.6557968585839,-21.7771693308891
2020-05-21,21.5322820556525,20.6852775082889,22.7183677484419,9.6166454394953,-3.96783428545075,-30.9886400212297,-19.2868898738154,-20.3092085713828
2020-05-22,20.8287572743543,20.813217372249,23.3379398850475,9.8111724846331,-4.28926467444091,-30.9433153736346,-19.0026311154784,-20.5558758527299
2020-05-25,20.4648473651824,22.3374505286902,25.210681012165,7.97282497230617,-2.07842021793061,-31.1138493127858,-19.4839638706669,-23.3095704769606
2020-05-26,20.5574653654839,22.6797151647579,24.0680040374271,8.32673235746047,-2.03830904896721,-30.9964328047591,-19.1152201331458,-23.4819549382574
2020-05-27,19.8655581158054,22.7702202417995,23.5393897585828,7.76560725282312,-1.38633264747098,-30.6704345520287,-18.9382341255543,-22.9457740439568
2020-05-28,19.2824578778995,22.8200485814785,23.1276728570012,7.72592942628731,-0.875716736622024,-30.4902479017572,-18.9483572937718,-22.6417868105155
2020-05-29,18.9495664192273,23.0923943104748,23.6137373130791,7.96173165407474,-1.1824077425937,-30.6427654804871,-19.1047772258315,-22.6874792479437
2020-06-01,19.1960555968586,23.2388513267907,23.8237661514085,8.36214382426645,-1.77442350075211,-30.7405899551736,-19.1844068681051,-22.9213965752934
2020-06-02,19.3829187624516,23.8847806621699,23.974076182966,8.57706580852012,-2.12925705836076,-30.3047239961318,-19.5070395236836,-23.8778208379314
2020-06-03,21.6875958714586,23.9304709521619,26.0045176301194,9.94039289433701,-3.40101409942748,-31.7511492435816,-24.8211768697679,-21.5896371352999
2020-06-04,21.3337547445142,24.093110617178,26.3255869256625,10.0945652543164,-3.93909049461924,-31.782583438802,-24.7669961731131,-21.3583474351366
2020-06-05,21.8028925692987,24.6575341720327,27.0985450873709,11.4143435908937,-5.06880324753745,-32.0836611795222,-26.1793162838258,-21.6415347087106
2020-06-08,22.3702054581696,24.963542506557,26.4515907032482,11.1701300321298,-5.55323187689044,-33.3250074107994,-24.6239229436185,-21.4533064687963
2020-06-09,22.2399642396503,24.5902363284362,27.1327564801883,10.579716728934,-5.25807258858093,-33.3899655574661,-24.3508880776474,-21.5437475535144
2020-06-10,22.951442632018,25.1693976829207,26.5937938418699,10.9422803348976,-4.6061752384535,-33.1936565559705,-25.8097597277802,-22.0473229695021
2020-06-12,22.9426881455592,24.1649142194971,26.7719392994704,11.0411803386537,-5.53217328121232,-32.9956328297009,-24.8143403950004,-21.5785754972667
2020-06-15,23.2068369539396,22.9290835576456,27.0247676664675,11.4576385867723,-6.96020810282493,-33.1099394843541,-23.6301306664114,-20.9180485112345
2020-06-16,23.3319344057295,22.8419136450861,27.2270901657161,11.6770475296443,-7.42829048211719,-33.2400859774863,-23.4578310934697,-20.9517781931029
2020-06-17,23.0996623070732,22.7847572237443,27.6781542574159,10.080329491663,-8.04504464289267,-32.9625668641889,-23.9749649687816,-18.6603268040332
2020-06-18,22.8138005224798,22.7940103032187,27.6918980479936,10.018435847463,-8.13563885756768,-33.027051291607,-23.9497408767963,-18.205713695184
2020-06-19,23.0704034837609,23.2494889826504,26.4019180492477,10.6215947139007,-7.71805419609577,-32.9418612722728,-24.1236652244114,-18.5598245367798
2020-06-22,23.3582294753992,23.0676678403993,26.6047188591261,10.7906038828266,-8.46122717715092,-32.7498657667482,-24.0428516970335,-18.5672754168185
2020-06-23,23.61570846313,23.0145883004357,26.2683734241858,10.7951955313033,-7.91960509472551,-32.8452283339347,-24.3042619264117,-18.6247703639829
2020-06-24,23.643213740654,22.5653882429087,26.0353706191624,10.826387478879,-7.22533707758031,-32.9643402803445,-24.3247622449899,-18.5559204786894
2020-06-25,23.457901943869,22.6595956204958,26.158983027386,11.0019516953675,-7.46165244448923,-32.7630107618732,-23.8114851654589,-19.2422839152969
2020-06-26,23.4557712067359,22.8596312690018,25.8924286463005,11.1401256478762,-7.40051941863621,-32.6403236302107,-24.2732137061556,-19.033900014912
2020-06-29,23.1906261981066,22.6305626674404,26.1642286857126,11.1121837446462,-7.0701887192778,-32.5566170819477,-24.5159381261383,-18.9548573685421
2020-06-30,23.2453605400119,22.9008997536918,26.1823704086929,10.8352117888523,-7.37776274270085,-32.1578801675524,-24.4392169156748,-19.1889826653208
2020-07-01,23.195582568849,23.1792711841387,26.4151175181948,10.449176997736,-7.65097189367003,-32.0340063970091,-24.3219346240004,-19.2322353542389
2020-07-02,23.0598441838648,23.2038736058175,26.6065663411483,11.550043104522,-7.76136759805922,-31.6918050184787,-23.3280418201359,-21.6391127986788
2020-07-03,23.8416892342178,24.2390836624027,26.1045853503774,10.4999094824211,-6.57199281749526,-32.7315909461435,-23.9132595469193,-21.4684244188609
2020-07-06,24.4054724081424,24.5122686791354,26.8492496775162,9.57226827429962,-6.77512232875132,-32.6251030424831,-23.9140523880768,-22.0249812797825
2020-07-07,23.4464191960573,25.0541214331355,26.5745973868777,9.65790220930279,-6.40101698438723,-32.3421528767363,-24.033102788422,-21.9567675758277
2020-07-08,19.99045721995,20.1181213552631,25.5068125233735,7.91680377468934,-2.37867942862935,-31.8811560284253,-19.2912376628522,-19.9811217533691
2020-07-09,21.4168907793214,21.324029763418,23.1649174380147,8.69999576975999,-2.82198275489493,-32.034569668254,-19.6144001817692,-20.134881145596
2020-07-10,21.8429222254301,21.8818422677033,23.0425950360584,8.69558728068327,-3.38970630524545,-32.3309167083033,-19.2397626521524,-20.502561144174
2020-07-13,21.5483693007985,21.4513941153814,23.3784759226426,8.72466372652958,-3.51616297891702,-32.0981014494765,-18.707494314134,-20.7811443228245
2020-07-14,21.5141317155541,21.5483324743609,23.4300984050369,7.96161272390752,-3.39309801663887,-31.9996561309573,-18.2325633960972,-20.828857775166
2020-07-15,21.6590945096556,21.5286642005495,23.6713101248596,7.36590242748902,-3.77939285136085,-31.8053048587326,-18.0498463034969,-20.5904272489634
2020-07-16,21.9062591568683,21.6848016947921,24.1581985923169,8.01412300367062,-6.40929824419097,-31.6712782559478,-17.5325156773112,-20.150290270198
2020-07-17,23.216919843203,22.6720760256141,22.5046645015949,6.71593814701446,-5.95095480090191,-31.339400892961,-18.6083798275896,-19.2108629959741
2020-07-20,23.3122679022787,22.6762811784791,21.9766419940049,7.43336420964364,-5.08036248666475,-31.3935101944922,-18.7976803911792,-20.1270022120701
2020-07-21,22.9588412554831,22.7832885203281,21.5402517030878,7.95099852054412,-4.54422690568944,-31.219216583615,-17.9754089982093,-21.4945275119293
2020-07-22,22.805615287154,22.7637695945372,21.7113139603484,7.64311087106229,-4.71614095183139,-31.2446093059976,-17.9036078443412,-21.0594516109317
2020-07-23,22.3604203508267,21.5751837715215,22.8160822536287,8.75678062308859,-6.32392815000731,-30.3134702820773,-17.2982384502276,-21.5728301167534
2020-07-24,22.081283129077,21.2403025803862,22.8133000237063,8.00907593827749,-4.30409832493563,-30.1805185945818,-17.5092522306295,-22.1500925213
2020-07-27,22.0966660486018,21.7607475879508,22.8811664272102,8.03638164979175,-5.06766218961871,-30.1489952771123,-17.5115350474529,-22.0467691993707
2020-07-28,22.3728119808813,21.5031587470105,22.9471481757733,7.76898163255427,-5.119815822699,-29.969106972156,-17.5293743976718,-21.9738033436926
2020-07-29,23.5744959522663,21.4570930157497,22.5083931780958,7.41048577417196,-4.66737444605344,-30.0287002393804,-18.0873839572162,-22.1670092776337
2020-07-30,23.7075895982084,21.5721587825499,22.541487936324,7.73446704299771,-4.55932012591207,-30.0084862477744,-18.6115511334994,-22.3763458528942
2020-07-31,24.1728707492265,19.4128572527265,23.3827009575269,7.57424749134947,-6.74895251489873,-29.2396118349092,-18.6507375378754,-19.903374563146
2020-08-03,25.1574348711203,19.1993332327007,23.5989548690683,8.39753233517349,-5.71627716609957,-30.2977874723919,-19.9885226450417,-20.3506680245296
2020-08-04,25.7902986549531,20.143513182608,24.02582559128,9.31044998107521,-6.06443028580653,-31.0222709056263,-20.2825131194428,-21.9008730990406
2020-08-05,23.1767362017055,19.1593994725036,23.1240737468237,8.58339005791693,-4.65498323172314,-30.5280257652223,-18.6196166647589,-20.2409738172454
2020-08-06,22.4606575306032,18.9956440599167,21.9664314776821,8.57350885512506,-3.64971829717696,-30.4132239125773,-17.7621052428723,-20.1711944707005
2020-08-07,23.7002141440058,20.0217438060475,22.9706359940363,9.34255463255097,-4.89155249407717,-30.8419735864159,-17.7227623848031,-22.5788601113444
2020-08-10,23.0933196891198,19.5121025848479,22.7475045072991,9.59704694680227,-5.91208718191643,-29.9756373159902,-18.6246316900598,-20.4376175401026
2020-08-11,23.426447136549,19.7420748280603,22.8037598081524,9.48771408814126,-5.81072898244102,-29.9666487934005,-18.5853224268875,-21.097295658174
2020-08-12,23.3658776405786,18.9629912686471,22.1237300849009,10.6579994648936,-4.82068238029058,-30.8085664554394,-18.4674150114504,-21.0139346118398
2020-08-13,23.8298735939063,18.6986647465961,20.4564267265574,9.67811846870701,-4.66704082486702,-30.3900927786277,-17.0408479969846,-20.5651019352876
2020-08-14,23.4960989099059,18.3228983682792,20.743857411489,9.86587473665709,-4.33389363361305,-30.0677583541481,-17.7364694638376,-20.2906079747324
2020-08-17,23.2750039625134,16.9603477296228,21.0465880971217,11.5161163745433,-4.22269950618623,-31.0815311318079,-16.9304688530045,-20.5633566728026
2020-08-18,23.4413325076508,16.8784934789408,21.0713251179886,11.3478743441843,-4.12500413868065,-31.2256977486517,-16.773489941237,-20.6148336201952
2020-08-19,23.7027707803269,16.7178099514546,22.8811010167781,9.08928291783448,-3.38967699983044,-32.6713742827735,-16.0728187235729,-20.2570946602172
2020-08-20,24.02535189168,16.7271019473496,22.1968255436825,9.6586561669765,-3.11952485727561,-32.422962437187,-15.7968463746064,-21.2686018806195
2020-08-21,23.6398204827845,16.9650255094174,22.3787495164979,9.56099180589962,-3.15672887734685,-32.7451985462929,-15.3159459471038,-21.326713943856
2020-08-24,24.0173196478158,17.2220633985753,22.4035523188959,9.9691632847444,-3.64197708974648,-32.4684271439286,-16.50989602543,-20.9917983909263
2020-08-25,23.9714078440534,17.1082869356336,22.678559737324,9.9724680472314,-3.68780334638708,-32.5222632627773,-16.6073402368362,-20.9133157182418
2020-08-26,23.5465232849556,16.5964606040409,23.2409399509431,10.2390027469356,-3.39535231095914,-32.4483575064399,-16.3472768595391,-21.4319399099369
2020-08-27,23.704863044524,16.7404449634505,22.3910949624401,9.93629122319018,-3.44688861845189,-32.5072399746387,-16.0889499660234,-20.7296156344908
2020-08-28,23.9563220597326,15.3603937413628,22.7767400014067,11.4326132930145,-1.99271712966687,-32.6510303549895,-18.7208301567039,-20.1614914541562
2020-08-31,15.7180275003325,13.0260907824096,12.0062101876077,30.1256787056047,1.97442899284353,-35.7850105151564,-13.3820974817893,-23.6833281718523
2020-09-01,21.6546810185233,21.2760458422994,5.21834726020587,30.6637182722289,-14.3584697565132,-30.9016277183761,-9.61628162535361,-23.9364132930146
2020-09-02,29.5264564944189,23.975545820698,-7.57211637811758,27.4686038864123,-10.913369944733,-28.03408689797,-10.7577499657859,-23.6932830149226
2020-09-03,34.0419787818912,26.1267890844963,-8.93482017758835,29.545498349322,-15.6112088209634,-27.8452990177303,-11.3797108381992,-25.9432273612283
2020-09-04,34.3553658887442,26.1113572401971,-8.93462420555586,29.6931235567886,-15.6958600666494,-27.9230376018522,-11.4694742615828,-26.1368505500898
2020-09-08,32.3446248099267,26.2836066302728,-9.01754160385221,29.1238042803061,-15.3942053933637,-27.5495935086068,-9.94216834429547,-25.8485268703875
2020-09-09,32.4603480702304,26.3367052608078,-8.9103503989745,29.2448206975134,-15.3738870398067,-27.4882456904318,-10.5425569588283,-25.7268339405103
2020-09-10,32.0836878144794,26.4178115814096,-8.78903600226735,28.9275504165334,-14.9524830477532,-27.7800215080389,-10.4865478084937,-25.4209614458693
2020-09-11,31.816424420996,26.4338032937615,-8.78432323227456,28.8377887112275,-14.3245944605186,-28.0590306381811,-10.8890786051417,-25.0309894898691
2020-09-14,32.1633094683917,26.8868485120522,-8.5639117400246,29.3381036051396,-15.0338184829215,-28.1914389798127,-11.5736338387087,-25.025458544116
2020-09-15,31.6979650322004,26.819121391967,-8.52406350185333,29.3969477972203,-14.5444124839767,-28.7767127899552,-11.4721354592265,-24.5967099863761
2020-09-16,31.8514215473317,27.2493952058724,-8.27485862880651,28.6327176124511,-14.371720685897,-28.6047898680612,-11.905022364749,-24.5771428181414
2020-09-17,31.9175613138075,27.3106836690415,-8.20594940930231,28.4845794113798,-14.3607869276821,-28.5167883876993,-12.0147557088507,-24.6145439606945
2020-09-18,32.0996846570813,26.055021671984,-8.04303933514967,28.8759609466289,-14.1010485419034,-28.3431548452545,-11.962571514685,-24.5808530387016
2020-09-21,32.1574084530596,25.0085663738302,-8.91046789755206,29.5555286655548,-13.9908124578507,-28.0350411224656,-12.2623049663192,-23.5228770482572
2020-09-22,32.2498381715774,24.9492254794234,-8.79875736774886,29.5056467310807,-14.1792506330311,-27.9389196568581,-12.3242119878871,-23.4635707365563
2020-09-23,30.8597223073713,25.1956800584572,-9.43390410459276,29.45268755185,-14.951092942735,-26.4632101604981,-12.4497679499076,-22.2101147599451
2020-09-24,31.2720413187523,23.9563827743957,-9.2075205873584,29.4839440420857,-15.4493946431483,-26.3854181616729,-11.6938059209685,-21.9762288220857
2020-09-25,30.5109933760528,24.1529642212434,-9.2987430658719,28.8747199242788,-15.1077167406332,-25.7419164068679,-12.0268776054317,-21.3634237027703
2020-09-28,32.5717253388418,24.3596713916383,-11.2319835386228,30.8222162028165,-16.207724102234,-25.6016731756093,-12.9323136849254,-21.7799184319051
2020-09-29,31.5949162076836,25.3319273527469,-12.0372096220289,28.381040672008,-15.6092039915423,-26.7588674606604,-9.14817928683136,-21.7544238713755
2020-09-30,31.8853836074484,26.3578664423757,-12.1388385656875,25.7844429598393,-14.5164559120678,-26.7970161002884,-8.74176655936796,-21.8336158722518
2020-10-01,32.0836397714259,25.5705881685319,-11.7739204765938,26.0000088285709,-14.7014665545219,-26.7516632091574,-8.38741462328572,-22.0397719049698
2020-10-02,33.5593084961533,26.2999937364622,-11.7032338898771,28.2733718571424,-15.8579385157864,-28.712244597151,-6.77006008921279,-25.0891969977305
2020-10-05,33.3230472905845,25.8908722275043,-11.8175305260801,28.0718342920417,-15.417028496508,-28.5000361181954,-7.15589747026928,-24.3952611990777
2020-10-06,32.807551873688,25.4913264864953,-11.9737386784017,27.9244159280706,-14.6917557058792,-28.3523684219228,-7.66647805982754,-23.5389534222227
2020-10-07,32.4394646602841,25.3990420473004,-12.5125286428336,27.9197544455902,-14.3940367128247,-27.7808445489663,-7.87417558343633,-23.1966756651136
2020-10-08,32.93928142786,25.5829905174311,-12.0528350299751,28.1806500200342,-15.1593937321443,-28.6124941591714,-7.99432195475491,-22.8838770892796
2020-10-09,34.0746325892189,25.9697984989458,-12.4071415530652,29.2587535378758,-16.9928705517473,-29.4960371483285,-6.38477918678822,-24.0223561861113
2020-10-13,32.7800016120436,25.9549876926071,-12.7769505944076,24.8708798270701,-13.5135901437444,-27.0115370787077,-7.49701901381798,-22.8067723010433
2020-10-14,33.1483696409717,26.2007946994744,-12.6852286165181,23.0954110865837,-13.2603744673479,-25.7854216162346,-8.65849226807936,-22.0550584588498
2020-10-15,32.7716716660843,25.9146983386706,-12.2437081482884,24.2875396141693,-13.5811595692735,-26.2561882494498,-8.75632302293371,-22.1365306289787
2020-10-16,34.7098967847212,27.3322644516866,-13.1197256088658,24.3008533514644,-12.6114808908736,-26.2115324499188,-12.4077812893087,-21.9924943489052
2020-10-19,34.3417637616622,26.2664251770198,-13.5439506816998,25.3476719513755,-10.3453914965647,-28.5517775991197,-9.05267825301121,-24.4620628596621
2020-10-20,34.6587336641838,25.8861596157964,-13.1581439096761,24.1887095560899,-10.3644451314663,-28.1403641851963,-9.18537551123583,-23.8852740984955
2020-10-21,34.1309289241441,25.8224444600056,-11.7222143408883,23.5239090322935,-9.49302962025293,-27.2954672095242,-12.8272101083196,-22.1393611374583
2020-10-22,34.0155276648513,25.5189380421136,-11.1509979015569,22.7080738486527,-8.98764878162851,-26.8309759526149,-12.2952624660098,-22.9776544538075
2020-10-23,35.1334820707141,26.8186993143328,-12.0710365642054,24.0468545774451,-10.0605867848464,-27.446863752389,-13.7383708747876,-22.6821779862637
2020-10-26,35.9037812929686,26.844265809486,-11.6950020050826,22.7139215730591,-10.3686736463665,-27.4016372922657,-13.5282921690717,-22.4683635627271
2020-10-27,36.6225662623671,27.6583540077665,-11.3514855659549,21.9761766900279,-11.7471407744144,-27.0380988647356,-13.4024679805278,-22.7179037745288
2020-10-28,37.1752709582377,27.6586533688037,-11.1670901763447,22.3743772578807,-11.7605999611823,-26.9821201060449,-14.6640763692454,-22.6344149721048
2020-10-29,37.6304750724466,28.1573758098369,-13.0798566066688,24.1964753175609,-12.5184005807201,-26.8333684487806,-14.720997825339,-22.8317027383358
2020-10-30,37.486423661618,27.7233033918209,-12.6366021075851,23.3811753735569,-12.1892541795981,-26.9893018863228,-14.1967081331372,-22.5790361203526
2020-11-03,37.5849843921921,27.6164066952796,-12.4709913937849,23.3875286751248,-11.9871548161741,-27.1436819628751,-14.0778950130965,-22.9091965766658
2020-11-04,36.0792018607306,28.8527972016363,-12.4927647835982,23.6368796550878,-12.2314876815454,-27.5450293165328,-14.0179654603069,-22.2816314754715
2020-11-05,36.656330670209,29.1804022653732,-12.6686360489387,23.5787340103222,-12.4687123133896,-27.50578960719,-14.3344897296468,-22.4378392467391
2020-11-06,35.4721553669221,28.8182727707271,-11.7115968567547,22.6475263223434,-11.846914849228,-26.6436596308943,-14.7151542990414,-22.0206288240741
2020-11-09,36.7551281004043,30.2778891770732,-13.0523867508439,22.53496825959,-11.878954235731,-27.0778480738465,-14.9300447548805,-22.6287517217655
2020-11-10,36.1255598718713,29.6786007218995,-13.2305465630405,22.2062352834843,-11.2020069329932,-26.3471823603548,-15.6498963847175,-21.5807636361491
2020-11-11,36.4384744665339,28.593052534087,-13.6302191613611,22.6811902492612,-9.94317391186441,-26.8804628921812,-15.5844140764404,-21.6744472080351
2020-11-12,34.8251594891883,28.4177451887339,-13.8194509544366,22.9568258154688,-8.85237721308084,-26.649827952121,-15.5494278845385,-21.3286464892141
2020-11-13,34.9355384395632,28.5269095082343,-13.6391734712224,22.9455628997991,-9.28490942811371,-26.6178215366893,-15.4609880524137,-21.4051183591576
2020-11-16,35.405370439014,28.7881395224326,-13.3230072822026,21.0692033066357,-8.8983779142012,-26.3644155266719,-15.5300576824785,-21.1468548625282
2020-11-17,35.4568629749816,28.5323517929122,-13.2186119112,20.5393705270425,-9.02957088310645,-26.3565111578317,-15.4614988449633,-20.4623924978347
2020-11-18,35.5859313525771,28.1146121480463,-13.0831198116628,20.5421481870426,-9.12180279194714,-26.3010911990304,-15.3006243101955,-20.4360535748301
2020-11-19,34.8772618192337,28.1928084192499,-13.1729930534669,20.2303356175927,-8.4528792473854,-26.3411845654924,-15.2145052334449,-20.1188437562867
2020-11-20,35.5470916928634,28.5568002703578,-12.8318070061194,19.9069414680304,-8.68013201839889,-26.1430288203546,-16.3075623182308,-20.0483032681479
2020-11-23,35.6142335658117,28.6276766000225,-12.7288738330126,19.9480820622223,-8.66936161236073,-26.1304638937864,-16.6546678175138,-20.006625071383
2020-11-24,35.974267274263,29.0195715979993,-12.3354935903928,20.1544974536197,-10.8538161071591,-25.7258159060745,-16.3695898478661,-19.8636208743895
2020-11-25,35.5849489220572,28.8876007862625,-12.470878685496,19.6864149688721,-10.1445935233017,-25.6026187439403,-16.3212237241607,-19.6196500002931
2020-11-26,35.5196774559366,28.7234208008637,-12.5427078985087,19.565722831299,-9.84623424287646,-25.5185540640758,-16.3357252290348,-19.5655996536036
2020-11-27,35.1614946240538,29.0317744890772,-12.3132026047274,20.1152632116566,-10.4599002686737,-25.2599882403392,-16.9970461124483,-19.278395098599
2020-11-30,35.2312811846889,28.9600621793783,-12.1511421922252,20.1168090684122,-10.550558528871,-25.2405275493796,-17.0638216099975,-19.3021025520062
2020-12-01,36.9350555659564,30.4843428148757,-14.8303027669096,21.9419020991815,-11.1175014744468,-25.8253113237808,-17.7848617727302,-19.8033231421462
2020-12-02,36.0705037511617,29.7020008647494,-14.2567013347948,21.7132551453369,-12.2408963376961,-25.0954269630561,-17.017928551756,-18.874806573945
2020-12-03,36.99729490435,30.306864955566,-13.6458538023362,22.2027375003392,-12.3242040019918,-24.5302070044477,-20.5949982084518,-18.4116343430277
2020-12-04,36.6060534090619,29.4101117093849,-13.197453785014,20.8734824697243,-12.7061868952292,-23.8996283893321,-19.2924589732681,-17.7939195453277
2020-12-07,36.731538360115,29.6455137455853,-13.2210404063269,21.0658107585016,-13.0185334460421,-23.8203160318393,-19.4316531112788,-17.9513198687147
2020-12-08,36.9598901159713,29.7715994975435,-13.1065966536514,20.9106678963662,-13.1768004203637,-23.8760717379185,-19.4267592914493,-18.0559294064981
2020-12-09,36.8765765862456,30.2209806506709,-13.9128356165437,18.8387831189022,-13.182653822911,-23.6987325016686,-17.817903410651,-17.3242150040444
2020-12-10,37.0032983847654,30.1216633701288,-13.6627574489574,18.4289585441747,-13.0443285477962,-23.5469282823829,-18.0082182447984,-17.291687775134
2020-12-11,36.9843024812611,30.1471699223546,-13.2820709496268,18.7708192450646,-12.8777554675712,-23.5824672428133,-17.6285217928018,-18.5314761958672
2020-12-14,37.4102573993578,30.0577952174905,-14.5975991226934,19.1262957195114,-12.0469330053124,-23.8994798099632,-18.3173749272519,-17.7329614711389
2020-12-15,37.4240014538943,30.4255230356145,-14.4060267853494,18.544599733761,-11.9590573789911,-23.733803894193,-18.3417824794767,-17.9534536852596
2020-12-16,36.3550246494826,30.6637624123993,-13.6289971494801,19.8483081724729,-12.9098296384503,-23.6146880053391,-17.7621261731512,-18.9514542679341
2020-12-17,36.8621104586741,29.6100281747794,-13.9473588799989,18.1251629314358,-12.1764089498489,-23.2862056948169,-16.6845507743687,-18.502777265856
2020-12-18,37.2829256850014,30.2098302085176,-13.5891774431008,18.581473713158,-11.880202959238,-22.8976361827263,-19.60820444504,-18.0990085765719
2020-12-21,35.0701714111883,30.0550316676731,-15.1936783878803,18.6227781167837,-12.0810215997043,-23.0897864903864,-16.9163868533277,-16.4671078643463
2020-12-22,34.4263975565909,30.573866676359,-16.5122407593504,19.9916193545284,-9.90057143124275,-25.2542114848293,-17.3704931553395,-15.9543667567164
2020-12-23,34.847915127025,29.5286861027235,-17.8138384002358,21.1388101798015,-9.35130579868492,-25.8731401643658,-16.8187576937722,-15.6583693524912
2020-12-28,35.2527784854747,29.2461613655007,-17.8287572321386,21.2095110144151,-9.68971728675521,-25.7931259923046,-16.5281520536389,-15.8686983005533
2020-12-29,35.6366991790609,29.3837321033791,-17.7509026575235,21.0882468594908,-9.10944388760262,-25.8837048226228,-16.5392618383493,-16.8253649358327
2020-12-30,35.7930762973621,29.2301114586308,-17.5992504708689,21.0156681407488,-9.10709129598916,-26.1033934964697,-16.5445731373395,-16.6845474960744
2021-01-04,34.5235558264536,29.4034406643994,-17.8611310686778,21.4662162664654,-9.26654274803974,-25.2933823147202,-15.354855282943,-17.6173013429376
2021-01-05,34.3078282333871,29.5646957536079,-18.3047718167143,21.0402133373807,-9.21786175550566,-24.7598177281531,-14.65833301996,-17.9719530040427
2021-01-06,34.3782111081029,29.7842480210865,-18.1988807620492,21.2091023206423,-9.85802624570375,-24.5456612786463,-14.6701272230929,-18.0988659403394
2021-01-07,32.8969639110213,29.2209538205628,-18.3532139622267,20.7153509133642,-8.6666352221841,-24.3658614830294,-14.0283864861176,-17.4191714913905
2021-01-08,32.8063125606895,28.8311068414932,-18.2313016141708,20.6588453657601,-8.35283283404101,-24.4586545555998,-13.7975445550789,-17.4559312090522
2021-01-11,33.8705645414239,29.9860445688692,-18.5423330643861,22.2015656027422,-9.5429007811612,-25.0039744904502,-15.1316569448999,-17.837309432138
2021-01-12,33.8941805986463,30.0799653032657,-18.8579279737474,21.9744551087708,-9.57619326338506,-25.7752179390866,-14.8849607921791,-16.8543010422847
2021-01-13,33.9680899126422,30.3916442521789,-18.2591824639897,22.3580180017384,-9.89230202401524,-25.8479557417347,-14.4581235104486,-18.2601884263713
2021-01-14,33.2179094486958,30.6169870957123,-18.4152470581908,22.0597205790599,-9.11770977629904,-25.5864384399543,-14.3022083610768,-18.473013487947
2021-01-15,33.5815425559003,30.8549751788472,-18.3029327181604,22.3436125312542,-9.35253732174665,-25.5430831028386,-14.6087415170463,-18.9728356062099
2021-01-18,34.0811542026218,31.3006303013266,-18.2616355373371,22.7449178443652,-10.1139893151942,-25.84468004963,-14.3846708803576,-19.5217265657948
2021-01-19,34.0529431894976,31.3113384425094,-18.2107752738086,22.7220081562262,-10.2299772018353,-25.8055863097788,-14.4879897747788,-19.3519612280317
2021-01-20,33.9298089874951,31.3549403752894,-17.7515727600138,22.6508959828841,-10.3827768198373,-25.3501795290275,-15.8327943770825,-18.6183218597076
2021-01-21,33.8901284684744,31.4732844983105,-17.7560614034559,22.5107085931378,-10.3587786956415,-25.3740169007554,-15.8385471730885,-18.5467173869814
2021-01-22,34.2846070535918,31.5905758768893,-17.7212944121518,22.7222107522488,-10.481934755415,-25.238384880301,-15.8155084510925,-19.3402711837694
2021-01-26,35.7488634876731,32.6877079548219,-19.009360734447,23.7837990064091,-12.5413893419805,-24.1873534695332,-16.0526596974085,-20.429607205535
2021-01-27,34.2341903196133,32.0810325162401,-18.7740961192014,23.4821521099893,-11.6488607150002,-23.7031996636721,-15.480200919181,-20.1910175287881
2021-01-28,33.9089503501466,31.9331964098355,-18.7090128513358,23.4311839085393,-11.3518816218429,-23.4448769399468,-15.406254654645,-20.3613046007509
2021-01-29,34.28227176849,32.5679209931444,-18.7605924774274,23.3640859794037,-11.4779935465708,-23.5798761833947,-15.0236768553692,-21.3721396782759
2021-02-01,34.445904562074,32.3836598218465,-19.0878692646038,23.3588688869837,-11.1231697371081,-23.6459408514924,-14.7468225095925,-21.5846309081075
2021-02-02,34.5128790633271,32.4514447191503,-18.9539843575222,22.644529701662,-11.22983224092,-23.4459497502914,-14.7531625739244,-21.2259245614814
2021-02-03,36.0727937175288,34.290413529254,-17.338836262313,17.3348571673121,-9.37420526176567,-21.4834111129618,-13.1419394773191,-26.3596722997353
2021-02-04,37.224227391198,28.7505379915928,-16.0443015490225,17.9286615468393,-8.41094299889387,-20.359997634068,-11.7137845340661,-27.3744002135797
2021-02-05,37.3785530104984,28.1540663449479,-16.4295480949714,19.3693851730374,-9.87215263404887,-20.621012529298,-12.0889003504137,-25.8903909197517
2021-02-08,37.8479057633867,27.2668621033616,-16.0941097098226,19.8101368261895,-9.51465106965649,-20.7097612903309,-12.3539276312475,-26.2524549918802
2021-02-09,37.7639724858342,25.0270920011508,-18.7476204934716,20.2654654740766,-5.55704055620741,-24.4251890174831,-9.58943224959052,-24.7372476443089
2021-02-10,37.3420173707898,25.4187412066424,-17.8937108074725,20.3426058754102,-6.27006685930179,-23.8454852001805,-10.5953995193095,-24.4987020665781
2021-02-11,37.4401064284904,25.8857067798567,-17.0293934112535,20.8325981899957,-6.23620515394616,-25.4443568017034,-11.4691031799862,-23.9793528514536
2021-02-12,36.9795795348192,26.0895134124444,-16.9160976919395,20.5566014717736,-5.97256561531072,-25.3288604603907,-11.9439388868043,-23.4642317645919
2021-02-17,37.3895303399685,25.8390530297446,-16.942767759553,20.9389284614628,-6.76589703025684,-25.1064007238179,-11.4375514532056,-23.9148948643424
2021-02-18,38.0875072816591,26.2111552885813,-17.4420824762166,21.7173377025036,-8.22924703971908,-26.0198124312224,-11.1336828398257,-23.1911754857601
2021-02-19,38.1541559038553,26.3651766596269,-17.5713041841429,21.9390209893491,-8.63171521168979,-26.4245158849006,-11.0974478686112,-22.7333704034869
2021-02-22,40.1234942615085,27.6633413644255,-15.7732426265027,20.1734935302914,-12.2610407985944,-26.3989575081692,-11.3641166680707,-22.1629715548885
2021-02-23,40.4401102323515,28.04810155527,-15.436320937368,20.4527777144876,-13.327965388788,-26.4116503040887,-11.5161143766844,-22.2489384951801
2021-02-24,40.060225131885,27.3645789044425,-17.163223099008,20.7459971402494,-11.357283183371,-25.5883389579023,-10.226287711637,-23.8356682246585
2021-02-25,39.7686607777356,27.4375409387063,-16.0847816889429,20.6239489345984,-11.9307403794129,-26.6520084011282,-9.81881906772646,-23.3438011138299
2021-02-26,38.9280608341441,27.5360579956781,-15.3882708382309,20.1161067343817,-11.4223779559561,-27.1447198866511,-9.79560583248127,-22.8292510508845
2021-03-01,37.7439462436654,27.5151773122446,-14.6798560667649,20.2635840598338,-11.5101925189061,-27.3183525056605,-10.0676260282436,-21.9466804961686
2021-03-02,36.6709883122262,27.3864448705148,-14.5332655022818,20.1951711219549,-12.6364912439871,-27.4561633688965,-6.74356857520303,-22.8831156143274
2021-03-03,37.0966914896197,27.257107935436,-14.7556552721079,20.6048659039201,-13.137618947726,-27.7668851829737,-6.19801734655355,-23.1004885796146
2021-03-04,36.3551528879618,27.2498150395175,-14.1714930123852,20.2506041098686,-13.0194305196574,-27.6894754160667,-5.83375478623904,-23.1414183029995
2021-03-05,35.4688216779359,27.0696192351826,-13.7439039940853,20.0981316304012,-14.4522730541739,-26.9958469414513,-5.57602859012979,-21.8685199636793
2021-03-08,36.582613221874,28.1467033826518,-14.3950937204792,19.2026574640914,-14.9005975299941,-26.905026359845,-5.86132298294039,-21.8699334753583
2021-03-09,36.458563000608,28.2044331219104,-14.1858635578221,19.3284773623623,-14.6656093010592,-26.1818400514227,-7.13348969573415,-21.8246708788427
2021-03-10,36.4496120060031,28.2575434220175,-14.1593332884663,19.4721179452634,-14.9327427061174,-26.0648942488006,-7.03728198083375,-21.985021149066
2021-03-11,36.8647489519222,28.0240428608157,-13.9419164905462,19.8706380861455,-14.7900713739122,-25.6001472044312,-7.96071976847702,-22.4665750615169
2021-03-12,34.7817897653351,26.8161287971068,-13.6290767666235,18.9473662771183,-14.7861319757417,-22.5107902047117,-5.15161439565952,-24.4676714968238
2021-03-15,34.8853373222243,26.5827365256726,-13.4167129319002,18.2301374361073,-14.5997874059763,-22.5221431372667,-4.75609597299272,-24.4034718358682
2021-03-16,35.6058711520197,26.8844199861843,-12.5925881964873,15.3276415652951,-15.108537341474,-21.7496092348751,-4.54612822474973,-23.821069705913
2021-03-17,35.9632720827177,25.4230064192095,-11.9321569963795,15.1926380149465,-15.6954096579468,-21.4334078528986,-4.29203101691518,-23.2259109927338
2021-03-18,36.2848703298824,25.7137512930065,-11.3455903558216,14.9435685721516,-16.5931082571422,-21.4982483927752,-4.53526373386767,-22.9699794554339
2021-03-19,36.606512210261,25.9426398936053,-11.0197310167196,14.1221930896479,-16.8491980205025,-21.6001110521116,-4.31973545860517,-22.8825696455753
2021-03-22,36.6410448115304,26.2107333037453,-10.872983008293,13.5026376091331,-16.8128236021391,-21.794658415437,-4.16131286934446,-22.7126378291952
2021-03-23,37.7150657814854,27.2596995031738,-14.8576968433932,14.4115242873167,-17.0240043977392,-21.4297174700241,-3.55118128931856,-22.5236895715008
2021-03-24,36.355513106466,27.7924958283211,-13.7527780661805,10.7659786904741,-14.25699208254,-20.0372954595957,-3.49929228251046,-23.3676297344344
2021-03-25,36.0429421604876,27.3336339850604,-13.9425190521434,11.3196209073093,-14.2236463647184,-19.8227121104918,-3.13412494468477,-23.573194580819
2021-03-26,32.2939469482735,27.4253416574034,-13.089319023733,12.2440089198987,-14.4333413134432,-18.889089987164,-2.19415483728373,-23.3573923639517
2021-03-29,32.4738577176733,27.866084899736,-12.8631344301185,11.8423264146082,-14.9887977162084,-18.8579762147663,-2.14058409856523,-23.3317765723591
2021-03-30,32.6948912811647,28.1242591264451,-12.7054992837876,11.7534016809667,-15.7970944539468,-18.6961081591677,-2.18271276601767,-23.1911374256568
2021-03-31,32.1639926403587,27.8612872299444,-12.3040929540731,11.5311229939692,-15.6253506716348,-18.4827063365179,-2.13903399274778,-23.0052189092988
2021-04-01,28.6625806618136,28.2862511711359,-11.7677051377874,12.6099453769035,-14.4066968025654,-18.5139997904555,-1.37375586768665,-23.4966196113581
2021-04-05,28.1557053561814,28.2944965175301,-11.7636830127032,13.041315829869,-14.303778142091,-18.9769664017249,-1.3617317949562,-23.0853583521052
2021-04-06,25.6203415953674,27.305996462172,-12.5366392038542,12.8661015219396,-12.3873413274979,-23.1067266405346,-1.25296998150857,-16.5087624260837
2021-04-07,25.6499116272107,27.397615948094,-12.2429932041916,13.1079152765823,-12.4738496521899,-22.8311838366893,-1.42696489787352,-17.1804512609426
2021-04-08,26.9522615496234,27.290581740389,-11.7471955622836,12.9354020322438,-11.7679364667109,-22.2428446384937,-1.41955415464811,-20.0007145001197
2021-04-09,27.3964580827365,26.6689627294756,-11.4670071917763,13.2754164218894,-12.296100016604,-22.4658401214521,-1.14892166342878,-19.9629682408403
2021-04-12,28.6507168471577,26.8516981581963,-11.7185152749689,11.0287716778516,-10.4110400336267,-21.8551143142983,-1.89943089063484,-20.647086169677
2021-04-13,28.6016492187263,27.0264113501929,-11.5071393749998,10.93860544691,-10.4751542884152,-22.5280469212929,-1.61246422215221,-20.443861208969
2021-04-14,29.5146202032216,28.4883633832584,-11.7444582938447,13.9862704607584,-11.3214888911341,-26.167484465242,-0.926381735282803,-21.8294406617348
2021-04-15,29.5735301386065,28.5063155962841,-11.7187657628313,13.839835112782,-11.4299451893942,-26.0377598153553,-0.894100871753352,-21.8391092083384
2021-04-16,30.0391734232668,29.0767158365198,-11.1297499782071,14.0890130447969,-12.6485979208541,-25.7788138055246,-0.530522151572995,-23.1172184484249
2021-04-19,29.6928395505253,28.792759859288,-11.1408568279432,14.0658792258661,-12.388653981314,-25.8230215916019,-0.319075805711634,-22.8798704291087
2021-04-20,30.0267152616541,29.5629123073496,-11.3555674454711,15.0907469981143,-13.285029806213,-25.4731283186622,-0.00433312363244909,-24.5623158731393
2021-04-22,29.8217938935054,29.12859269477,-11.0420092645125,14.6490536491143,-13.3082066353634,-25.8490509642159,-0.0993471297396127,-23.3008262435583
2021-04-23,29.8567268082461,29.0262308601407,-11.1338755068162,14.34799187445,-13.3464796000529,-25.993443883412,-0.17065835472242,-22.5864921978333
2021-04-26,29.8500371376011,28.6306142613455,-11.1437519662533,14.5781775663208,-13.7284898378656,-26.1430993320802,0.198417366315795,-22.2419051953842
2021-04-27,29.6591029829456,28.9586977236593,-12.7067156149729,14.4304029908001,-13.4973443720725,-26.2398344616651,0.260454590035295,-20.8647638387298
2021-04-28,30.6732577873936,30.1234159112285,-12.5195310152892,11.6582929774476,-14.022559059441,-25.667585077875,-0.158896827958841,-20.0863946955057
2021-04-29,30.7527870548307,30.0910451708387,-13.5015908790088,12.9734023089451,-15.3422367019577,-25.9381920991771,-0.658043902851404,-18.3771709516196
2021-04-30,29.1263650822286,28.2139421621046,-10.7688494711525,11.241379604677,-14.5092368965233,-23.9586234241178,2.0259375493348,-21.3709146065513
2021-05-03,29.4106404678019,28.389880639792,-11.1243982387399,10.8892220884186,-14.4264510286457,-24.3930487439816,1.95318358249401,-20.6990287671393
2021-05-04,26.3979026537913,27.6365437038802,-10.216764824431,11.8597662206997,-14.3395880859247,-23.3637656777134,3.04478592658788,-21.0188799168899
2021-05-05,27.9611369736978,27.9563151139215,-9.872165536682,10.8382406518869,-14.4033325087729,-24.026197837942,2.22349852357063,-20.6774953796798
2021-05-06,29.4203974340131,26.2844122934488,-9.29600678366079,10.0156339211763,-14.1533498796696,-23.8559973678981,2.00518070629618,-20.420270323706
2021-05-07,29.3188664902941,27.2551500768231,-12.0823987287807,9.44284922033721,-14.8491443877522,-22.3119079140408,4.30956177379342,-21.082976530674
2021-05-10,29.4107530163509,27.4665171847229,-11.8063976620972,7.53245490473373,-14.4723764933952,-22.0583847632798,4.46051815207945,-20.5330843391147
2021-05-11,29.7098020929487,28.1665348756851,-12.5698120504247,6.46476730027126,-12.6152778584372,-23.4915517554541,4.20239726596391,-19.8668598705531
2021-05-12,28.6912528889725,28.8600904397923,-12.9002380059008,5.39338796987683,-11.0546629562678,-24.9591400064559,4.76426477608528,-18.7949551061025
2021-05-13,29.1886100726379,28.544501332271,-12.5426964426987,5.79077646840075,-10.9907460893491,-25.6796198691114,4.94744926817673,-19.2582747403271
2021-05-14,29.3374612900507,27.8210382695428,-12.5703452853555,4.83191395828474,-10.2356294128722,-25.9773792934912,5.7461575481341,-18.9532170742936
2021-05-17,29.7002602975319,26.7883107963873,-12.7011282113305,4.48186258810901,-9.92971152319917,-26.0946103351343,6.2879742852376,-18.5329578976018
2021-05-18,29.0840673766986,28.6134023620725,-11.332087265131,5.06803669493262,-8.06223631995054,-25.4789758851828,1.52744434274465,-19.4196513061841
2021-05-19,29.1027299935603,28.4971484607426,-11.2907218726516,5.27149840680352,-8.46406629000072,-25.5021328049864,1.05403922583869,-18.6684951193063
2021-05-20,24.9365270706799,33.1626059796306,-9.26474551715922,8.40092878345507,-8.81047909625538,-23.7635491752233,-11.7691059005928,-12.8921821445349
2021-05-21,25.1417743448457,33.013176270178,-9.06851916909738,8.38976684656713,-8.48370436020391,-24.4560797416572,-11.5431887507728,-12.9932254398596
2021-05-24,24.6844343012059,32.6460341330791,-8.85051932747339,8.45162671076318,-7.89870392871146,-24.8901526792202,-11.1079802363624,-13.0347389732807
2021-05-25,24.5766210650262,31.8414021024377,-8.88162194552075,8.19207690500551,-7.54934789571313,-25.325157733933,-10.6548226607945,-12.199149836508
2021-05-26,25.0484103518347,32.0097957425845,-8.88095085695122,8.07434467955547,-8.26886557288662,-25.0773448350146,-10.8477937948835,-12.0575957142387
2021-05-27,25.4646852776998,31.5969491486256,-8.77040293043009,7.78679933348801,-8.76319495880415,-24.8433027630482,-10.5065036532161,-11.9650294543148
2021-05-28,25.9237934447618,31.9219146621198,-8.77253126504473,8.06431215412748,-8.73087994467912,-24.7242362705028,-11.7730858737322,-11.9092869070502
2021-05-31,25.9713436172291,31.5704992643045,-8.66645560760166,8.16567323162467,-8.87771271150687,-24.6186318541238,-11.814870914634,-11.7298450252919
2021-06-01,25.5589407278653,31.0738621989333,-8.90133024229386,7.93312412263562,-8.24980638922849,-24.767947920347,-10.8774743741031,-11.7693681234617
2021-06-02,25.6707771623629,32.1174608361378,-8.79057218003818,8.42654502622263,-8.90750135072937,-25.4345634694379,-11.5167724050923,-11.5653736194256
2021-06-04,25.807248132584,32.2931743364081,-8.75516430976063,8.64225613043452,-9.39652237754211,-25.5900289795112,-11.5327016373475,-11.4682612952652
2021-06-07,27.6890225130812,33.0276468506555,-9.26607981002915,7.17029714015541,-11.0545235136743,-26.6579961626591,-10.0878657294333,-10.8205012880964
2021-06-08,27.2550401705156,32.9285492644537,-9.28474965376383,7.20929292508524,-10.7410690030084,-26.3941829789669,-10.0616342593946,-10.9112464649208
2021-06-09,26.9069882929955,33.5985689422672,-8.80444398800766,6.45863635225328,-11.8302936808024,-26.2879057770528,-9.42555790707976,-10.6159922345734
2021-06-10,21.205092402489,32.6849875152185,-9.33884957932885,8.17853184992158,-7.38754795104899,-25.7044279839054,-8.74338567192947,-10.8944005814163
2021-06-11,20.2544798441839,32.3588781044177,-9.24712781243004,8.43412469654967,-6.90506878030953,-25.3135488108919,-8.57312385148838,-11.0086133900315
2021-06-14,17.7041746891428,31.3230132467588,-9.78221017643708,8.63708475589253,-4.44010204584668,-24.8822734884017,-7.43002614911443,-11.1296608319943
2021-06-15,18.8714019643222,27.2638691865037,-9.02119682947512,9.5361740754848,-4.3975676246024,-24.9962640002249,-7.1388543659547,-10.1175624060536
2021-06-16,20.1406291047426,26.752601769823,-8.8641684061244,10.4244118260263,-6.01567406617698,-25.2942021572582,-7.33215435459731,-9.81144371643495
2021-06-17,22.8761305724253,24.7354357009784,-9.64530860718205,13.7459864842876,-11.1381572572956,-25.0008311462276,-6.76617131661813,-8.80708443036795
2021-06-18,17.68876972091,23.5891968550474,-10.441028624299,14.3114154227029,-2.77040316527241,-26.2811910122161,-5.9725733257236,-10.1241858711491
2021-06-21,17.1749245042923,23.4447335979976,-10.3661281231576,14.5678103768421,-1.94346354008474,-26.2693384481267,-6.461352376203,-10.14718599156
2021-06-22,17.7380818835274,22.8649884155102,-9.98626340213425,13.0554335546616,-4.19867394169301,-24.4783180081648,-5.51135143149006,-9.48389707021704
2021-06-23,16.1952047959801,23.8657222303212,-9.5250098430383,11.5645002654224,-3.10257894689524,-24.3765295739985,-5.33391270096767,-9.28739622682403
2021-06-24,15.8365165116537,23.9342926991673,-9.47428253394004,11.5833231046687,-2.89261731215025,-24.4345953869136,-5.27465887514749,-9.27797820733838
2021-06-25,19.2414680330215,23.7242484826049,-11.5914868392356,13.4172978778017,-6.97733040242493,-24.9083974188319,-4.21614404730093,-8.68965568563481
2021-06-28,19.04580192483,23.7750438437275,-11.5632176009875,13.3305183184304,-6.83986742224042,-24.8881736650002,-4.17191018420347,-8.68819521455635
2021-06-29,18.6261199597919,24.1720113982201,-10.842106865613,13.4149009490535,-6.4041132489236,-24.5131463405821,-5.72238038697127,-8.73128546497546
2021-06-30,17.9402108993656,23.2470005609326,-9.66257090459664,13.339112045941,-5.93485357544865,-23.8042110303846,-6.20742512184645,-8.91726287396294
2021-07-01,18.1775336100689,23.7522771573391,-11.1693123606181,13.1708269477421,-5.43950471978962,-24.1843084556133,-5.06316949088623,-9.244342688243
2021-07-02,18.0655134868856,24.1043903013327,-11.5089151012156,13.4041701635519,-5.00750783290144,-24.5675734005303,-5.33611887520185,-9.15395874192091
2021-07-05,16.4030417320659,26.0857117295807,-8.88348659465835,14.8959119927879,-9.13489778781329,-21.0094271769041,-9.20617540596817,-9.15067848909051
2021-07-06,16.6016063683758,25.8583872507825,-8.92565847963903,14.4455391520527,-8.74711540761775,-21.3505900761894,-8.95741575282393,-8.92475305494092
2021-07-07,18.8042753909136,25.5837142664504,-9.29646430091325,8.36770379322923,-6.05235203063076,-22.3013615165193,-5.4048574125554,-9.70065818997455
2021-07-08,20.3271450004149,26.4468951290743,-9.18004413291306,5.95166376204996,-4.29845091682738,-23.7259347724927,-5.83977189758119,-9.68150217172481
2021-07-12,18.4612017318437,26.4504311763477,-8.14408743260768,4.59327615169303,-4.71195830154429,-22.6777090680375,-4.29447344629506,-9.67668081139987
2021-07-13,18.7290160106647,26.4375376786076,-8.42896682061282,4.76766147784342,-4.5563080172953,-22.7586485313628,-4.60150602321733,-9.5887857746274
2021-07-14,20.2554949670999,26.8381474157522,-8.8667373009819,5.92393688376612,-5.95348514799728,-23.3880521753358,-4.86040385317457,-9.94890078912858
2021-07-15,19.7413470845046,26.7896156901579,-8.65403338129976,6.0520506023099,-5.29006606308472,-23.5656507439276,-4.61269880474894,-10.4605643839115
2021-07-16,19.2207925975864,26.3149120387989,-10.1066695765938,5.15232716872636,-0.917986668074946,-22.2170039587055,-5.72842288741283,-11.7179487143246
2021-07-19,19.1848398851274,25.335826968008,-9.77008722720332,4.98233665560763,-1.85359896763376,-22.2119663658216,-5.53295172001768,-10.1343992280666
2021-07-20,18.8885157714959,25.4989689628998,-9.70431388349203,4.97320595812805,-1.67952026929674,-22.0483016309168,-5.67383596132601,-10.2547189474921
2021-07-21,18.7202028239927,26.0797625960508,-9.63450590468029,5.51771443032591,-1.12704019311565,-22.2308620325608,-6.04245994083376,-11.2828117791789
2021-07-22,18.2567206982534,25.5726596776871,-10.1498968917478,6.25464872700141,0.365652164979586,-22.6706089518527,-5.46969357019427,-12.1594818541267
2021-07-23,18.3436383393059,25.4339409803224,-10.0512412335498,6.46771027568238,-0.974577866974592,-22.1806165818894,-5.83865267997936,-11.2002012329175
2021-07-26,19.0375447548523,23.7652852188869,-10.8929872745892,6.5099015166268,-0.982672747468222,-21.7315748538219,-5.68983151694371,-10.015665097543
2021-07-27,19.0667915057139,23.5602435195108,-10.9867171877148,6.57908559804493,-0.927347422093455,-21.9058231805271,-5.69495095735843,-9.69128187557594
2021-07-28,19.9971734833517,23.9635119044004,-12.1252713035295,6.80387536770673,-0.132260444419039,-22.1577448375229,-7.39860575186349,-8.95067841812391
2021-07-29,20.0697620447136,24.0323441334299,-11.8837649119592,6.61129182652171,-0.369752462519941,-22.0843262627735,-7.49752183810681,-8.87803252930572
2021-07-30,22.4451311522656,23.9489413262841,-13.6248119964867,7.55424541517181,1.25104705938885,-22.4931429146295,-10.1869465780966,-8.89446346389758
2021-08-02,24.1572649673169,24.50702420411,-14.3908511930028,7.10095930527953,2.43352915973981,-23.4329316583005,-11.2732514135934,-9.10174337154954
2021-08-03,23.8267416321354,25.0066671985049,-14.3280265260983,7.1451478403721,2.37342461389233,-23.1878897986506,-12.0164962516235,-8.81956870853231
2021-08-04,19.568544155946,18.6211553389039,-12.5472922648187,7.61424125834004,1.58108118719588,-18.8819600599864,-5.2435266128066,-10.7122430027742
2021-08-05,20.352769450177,19.4914365403628,-12.8633197546699,7.77584686103887,1.65979742967859,-19.6365629574363,-6.20140266317124,-10.5785649059799
2021-08-06,20.563665264257,19.9053635781119,-12.5549267940662,7.75728274130196,1.66740851925898,-19.5997183932282,-7.27417109431509,-10.4649038213203
2021-08-09,20.3045343454609,19.5665800343428,-13.5624293440473,8.97757796198624,-0.150899185042604,-18.0007812157052,-6.73911423782526,-10.3954683591696
2021-08-10,16.9504785165046,18.8688439079092,-13.1861633182582,10.1270481033389,0.197509703763679,-17.1935636443338,-6.18456836300861,-9.57958490591576
2021-08-11,15.4379704386049,18.984827651928,-13.5934723695,10.1566394694033,0.895199285572453,-17.1553115173099,-5.46088507397578,-9.26496788472294
2021-08-12,15.4932086115448,18.9771880591037,-13.5512120773269,9.93488718969344,0.975516545092063,-17.2002773504855,-5.46906580003101,-9.16024517759065
2021-08-13,15.7050805163832,18.0184888156951,-13.9374914821143,9.58635359113237,1.66127297145391,-17.4595044034254,-4.7421260866064,-8.83207392251847
2021-08-16,15.9269268244971,16.9140036753089,-13.7010703744437,9.33490345293659,1.76040268993981,-17.3958054213831,-4.42737626553293,-8.41198458132259
2021-08-17,15.6728731840019,12.5311219507325,-15.1596237203129,7.71096937821074,4.53696956606985,-17.0497268193775,-1.95723185796337,-6.28535168136129
2021-08-18,15.7681808345735,12.3126891391226,-15.1716352666352,6.16569464023526,5.08464475400856,-16.8559710527765,-1.40814942330869,-5.89545362521957
2021-08-19,15.0732383648068,12.4461661749561,-15.022745270466,5.85085040932985,5.19911373441715,-16.5821670309163,-1.11480958473385,-5.8496467973938
2021-08-20,11.8716589840645,13.2811014257157,-13.3638992198419,8.69322995290702,3.99662353333482,-14.977860115716,-1.71577241825403,-7.78508214221019
2021-08-23,10.7734393609807,14.3375024156147,-11.0534392203377,12.2094024744739,1.66380724606316,-13.3234208272038,-5.15979202876589,-9.44749942082514
2021-08-24,7.38260620304054,14.6124193043814,-10.4431373909989,11.0329486529404,2.91164144383849,-12.872969646524,-4.4663999064209,-8.15710866025699
2021-08-25,7.06162620969052,14.515810345726,-10.358672873723,10.7543171573901,3.28100785322433,-13.207195410382,-4.17556579368681,-7.87132748823922
2021-08-26,6.08178235111535,12.5579052104297,-10.1781142975145,11.0076037794391,4.27428751096493,-12.9087242470688,-3.80145639873723,-7.03328390862853
2021-08-27,5.90202546667075,12.5235751109618,-10.0722217597027,11.0488027526296,4.11923534309825,-12.9985664247915,-3.88130146689605,-6.64154902197011
2021-08-30,7.21074187325523,14.8878529679878,-9.58222955772396,10.5557033526099,4.1372602102553,-12.0098791452042,-6.41993695813971,-8.77951274304036
2021-08-31,6.52282271440359,11.8525243551417,-10.1631428550459,11.2391117186535,3.88756704716628,-12.6073602824746,-3.335847059716,-7.39567563812865
2021-09-01,6.47643017042022,12.1001122254293,-9.99940217761791,11.3118792324128,3.90930366331465,-12.3686572208886,-4.31415310990283,-7.11551278316764
2021-09-02,6.4856374969135,11.6941147698851,-10.0826496202287,11.3038636601913,3.82906393909806,-12.7586759924716,-3.46709487620188,-7.00425937718582
2021-09-03,7.11570746925773,10.760627513187,-10.5232890426384,11.7558813953024,3.3708884967232,-14.3950703466806,-1.34452420325596,-6.74022128189532
2021-09-06,7.83648924391436,12.2541063138674,-9.37522976311637,11.784924080709,3.74389473654157,-14.5054157334437,-4.51359541151175,-7.22517346696045
2021-09-08,-0.30948338405247,-1.91664203291862,-12.1918582353981,26.9104040182587,0.983751132806162,-13.1103659622262,11.6362390666199,-12.0020446030894
2021-09-09,10.4325243439483,10.5606840608657,-7.94453701237811,9.47977437172218,1.92963282613017,-12.6577399991415,-2.38939727594968,-9.41094131519716
2021-09-10,12.976655569944,14.6552532028922,-6.64524983109861,6.01836938882941,0.855037701277467,-12.3308671099345,-6.84781224217544,-8.68138667973449
2021-09-13,13.2336735266418,14.938230542148,-6.50347775002647,5.83670529853372,0.867474846526072,-12.3423462844014,-6.94923531762996,-9.08102486179181
2021-09-14,13.636454358477,14.9078738888339,-6.60579534925351,7.16401232263898,1.4283677298754,-13.6968465155682,-6.10203262931044,-10.7320338056931
2021-09-15,11.9481600835338,15.8610086727411,-5.92071843565454,8.65359993044067,0.817051094554316,-13.3208575712021,-7.29481853765358,-10.7434252367596
2021-09-16,12.3089148303065,15.5297638528416,-5.26059448928772,9.0641452585084,0.513347865570672,-14.5253806705613,-7.07557650801854,-10.5546201393596
2021-09-17,17.996596486824,13.7873359754423,-6.22830415819931,9.66265197260887,0.0169263141917853,-15.5860459729018,-7.15393595249296,-12.4952246654729
2021-09-20,14.8903313209077,8.47848149360019,-3.1987281216645,10.5377536006033,3.22888759752758,-18.277380927776,-5.59976066636184,-10.0595842968364
2021-09-21,13.8668370580451,7.42476335086674,-2.56250597503954,10.3956708985181,3.34700552629177,-18.0857052795296,-5.17997288993229,-9.2060926892204
2021-09-22,13.5144570310951,7.71758162906859,-2.25729089961037,10.1375320256141,3.11706642064375,-18.2521466089298,-5.19858926559244,-8.7786103322889
2021-09-23,13.4641901775228,7.66743055841596,-2.43503004296707,10.3372690637785,3.34554908690546,-17.8576639567491,-5.29687915867676,-9.22486572822981
2021-09-24,13.767415757754,7.69304056257671,-1.54615085153559,9.13673563764284,2.68478706103196,-17.1189200468357,-5.34551128752481,-9.27139683310945
2021-09-27,13.8809276126716,7.34672777385586,-1.55492892190689,9.75538333590348,2.55312707501532,-17.5028572372791,-4.98560645774983,-9.49277318051045
2021-09-28,15.1972176558736,10.0017722047593,-2.20567518332261,11.4725204067895,1.16550194434866,-19.8745762462456,-4.85835055627734,-10.8984102259255
2021-09-29,13.971047501938,7.44330104852175,-1.07091172205536,11.416207664131,2.8435927122963,-19.0580954336198,-5.38883797213308,-10.1563037990788
2021-09-30,13.7249085474172,6.34080322561405,0.267802304075431,11.2191227995578,2.37114920983358,-18.061628817553,-6.49614667514201,-9.36601059380303
2021-10-01,14.1214312169273,6.23973124721104,-0.699777515879674,10.4682045678908,2.72442799232655,-17.7720280668881,-5.66333222360421,-9.41865721798366
2021-10-04,16.3982436791819,4.56464898588264,-5.41646662604906,6.25210910337248,7.10227568406361,-17.2364734343772,-3.79014296140396,-7.87419443067041
2021-10-05,15.08544033688,4.96483680234314,-4.75439347671861,6.98958473745152,6.36526835529909,-16.9513722337887,-3.6495991837605,-8.04976533770601
2021-10-06,16.1047429109656,3.67701509885229,-5.65538874061122,5.55264577002926,7.03015994589649,-16.6848145079064,-3.68017938265709,-6.34418109456887
2021-10-07,15.3930279834513,2.68149598936772,-6.56881454140346,8.84075532354379,7.51282467614239,-17.9217943013437,-0.647534254200103,-9.28996087555788
2021-10-08,16.4573572440039,3.44666001339597,-8.62241431654277,8.05361025998644,8.21140963422277,-17.3842971506711,-2.85835658325863,-7.30396910113661
2021-10-11,15.8985817856198,3.36282965431347,-7.62573597362642,9.08264629474101,6.99447518888491,-18.0821639257338,-2.04348123711462,-7.58715178708437
2021-10-13,16.1986281650015,3.34864459824749,-8.43878119646563,9.35384867866026,7.54480362801282,-18.873697445014,-1.79619255467379,-7.3372538737686
2021-10-14,16.2373722611492,3.0757224627,-8.56803059666428,9.18316122515054,7.83672280877272,-18.8139425980936,-1.69447786523979,-7.25652769777477
2021-10-15,16.3392465501472,4.01775792003113,-8.30370497352776,7.06538796403164,8.19256207025585,-18.2441959320799,-1.77762633221061,-7.28942726664752
2021-10-18,16.4787117910447,3.90772805916697,-8.17742944067087,8.24749730920884,8.35941516900096,-20.9269094070296,-0.829419380027048,-7.0595941006939
2021-10-19,16.5856719761236,1.78631865231334,-8.3996511873181,9.24985731701428,8.76994824098854,-21.191455269266,-0.0956254337750764,-6.70506429608064
2021-10-20,16.6218512280605,1.63390270308867,-8.63692587156882,9.4993625615427,8.15698732728591,-20.9521936670232,-0.0477381575632023,-6.27524612382251
2021-10-21,16.1948899295958,0.850555710410987,-8.65185557112234,9.80705171452482,8.87214386839879,-21.4123425351847,-0.119174095776017,-5.54126902084742
2021-10-22,15.0995383975452,2.77005865162205,-9.58619680391919,10.4673193474583,10.1753205260996,-22.6838209311799,-1.65207144363576,-4.59014774399034
2021-10-25,15.673931139828,3.02311113012433,-7.17538877867174,11.0545008635309,9.24897557373141,-20.2429607780232,-3.68236790881052,-7.89980124170913
2021-10-26,14.8319096937666,3.39401794055907,-6.36807849461498,10.415949111752,7.65199330268364,-18.4814325721367,-3.22650745602988,-8.21785152597968
2021-10-27,14.9602831574107,2.69767826821146,-6.77387677779343,10.5998189361244,8.18327073870318,-18.6463626140852,-2.91756278233668,-8.10324892623446
2021-10-28,15.0302279463122,2.23927821425592,-7.47804068034943,10.9733189213253,8.55024448095394,-18.6280269247933,-2.70025062128902,-7.98675133641556
2021-10-29,15.427094683016,1.94171417592322,-6.46077020837321,11.2410238761856,8.57464940443706,-18.2867269779732,-4.24751327511474,-8.18947167810074
2021-11-01,15.3390311510635,1.24564789895886,-6.76543134500898,11.3583227156263,9.02389298506642,-18.032527421848,-3.8255078096198,-8.34342817423836
2021-11-03,15.3786337873444,0.257001337589088,-7.1759640882331,11.6076109931405,9.39656175939012,-17.8879805728579,-3.37334081273838,-8.20252240363475
2021-11-04,14.8201588541365,0.351780328080764,-6.97655696182548,11.7550460140039,9.7737967127019,-17.7465449547922,-3.98208124446066,-7.99559874784473
2021-11-05,15.3973930474442,-1.21269406034355,-7.1313812903477,11.9722788036584,9.91561788969605,-17.6026401607089,-3.52697916798817,-7.81159506141035
2021-11-08,15.0641900526513,-1.35529333224763,-7.06952220163196,12.2993419094974,10.0402547028975,-17.3774159419246,-3.81525306259073,-7.78630212665129
2021-11-09,15.1633277213655,0.734558821608147,-7.3284378737178,12.5878403269167,9.26726849198545,-17.8920850220558,-4.17453060905825,-8.35794185704395
2021-11-10,15.3100537710404,1.26868029237249,-7.64260106116136,13.0207304831579,9.39643890563737,-17.9876693125983,-4.43032976104775,-8.93530331740077
2021-11-11,15.457866542878,1.31422872807751,-8.05785203443459,13.2329608175974,9.33114105458462,-17.4017279005402,-4.38807634730811,-9.48854086085461
2021-11-12,15.6873741794303,1.51979611224844,-7.95671909655789,13.4061917329512,8.29100317256707,-17.4902958653854,-4.38634493231859,-9.07100530293515
2021-11-16,15.3620143792963,1.43131361138725,-7.62958582936957,13.3336809558056,8.02539486875689,-17.0020050550953,-4.42720048424047,-9.09361244654067
2021-11-17,15.1285889722754,1.08906474400861,-7.95621768164502,13.6056933629984,8.60248756903462,-17.2956877871281,-4.21256846941559,-8.96136071012829
2021-11-18,15.3613363746123,0.827474196973213,-8.91942531286098,13.7152991261577,8.9542572342268,-17.1622317476471,-3.92621180663713,-8.8504980648247
2021-11-19,15.4533850144073,1.23720150871388,-8.52977564088587,13.9010422958911,8.07137424517369,-17.1474096655571,-3.62802505621551,-9.35779270152745
2021-11-22,15.8487477382366,1.36346925817836,-7.95425876348087,13.9010514042937,7.12773547734371,-16.9535823392068,-3.60035391716029,-9.73280885820438
2021-11-23,14.9998669410973,1.71479838110554,-8.31037283952237,12.8765364417553,7.70614748686953,-17.3317778292699,-3.40783108403203,-8.24736749800346
2021-11-24,14.7984130178514,1.54823554326576,-8.26143672194927,13.0568156847988,7.78985578655091,-16.7615144653558,-3.85920227241816,-8.31116657274359
2021-11-25,14.5948029095087,1.63246328909668,-8.91094299281613,13.3638073388498,8.03121130163036,-16.6693492146627,-3.91685260570246,-8.12514002590428
2021-11-26,12.4250273934974,1.38393194767193,-9.70044366570942,12.7240702239598,9.3435529295583,-17.8154517882428,-1.65059928982842,-6.71008775090678
2021-11-29,13.3299138009967,1.91942498732232,-9.54142633953341,12.0526932703507,8.7757951566916,-17.2125712475517,-2.35496031620781,-6.96886931206836
2021-11-30,12.5642591919924,0.876155611799859,-9.21385628688154,12.4450751496156,9.03935389425189,-17.3880558880737,-1.99563312089586,-6.32729855180859
2021-12-01,11.4523900727248,0.139349702354508,-9.06823446037392,10.3624855929975,11.4550228550563,-17.3916692333871,-1.06031905625549,-5.88902547311658
2021-12-02,12.1404423030151,0.177849620131397,-8.77121387615254,10.0937345159555,10.4528005120466,-17.1308555251004,-1.02221973001375,-5.94053781988193
2021-12-03,11.6674086597639,0.143354859631827,-10.4228489467486,9.32049040462606,12.1197986133824,-17.0799211170217,-0.579195376975385,-5.16908709665856
2021-12-06,11.7862276916903,-0.158269961946829,-10.3544009832919,9.46426940287105,12.0790595034322,-17.3750341122844,-0.261061092555458,-5.18079044791503
2021-12-07,11.7692660559557,-0.488378692129004,-9.99707725244478,9.54823981163581,12.2442847242523,-17.3996581425098,-0.122417553132294,-5.55425895162782
2021-12-08,11.7329141135851,-1.25424663204002,-9.62026409396185,9.79814749519963,12.6808831300899,-17.5930545625785,0.057844227610147,-5.80222367790441
2021-12-09,12.000191194796,-1.50928397277673,-9.47165558621266,9.89524624002797,12.8395884749007,-17.3984498916999,0.176360622502088,-6.53199708153748
2021-12-10,12.1194384551392,-1.48121971295836,-9.51827974020325,9.78581548363728,12.8947271032713,-17.6134121055568,0.230623927453152,-6.41769341078255
2021-12-13,11.5437162074308,-2.22461183455626,-9.88456567631022,10.2938507846685,13.6278243723448,-17.8837576352139,0.561440398171698,-6.0338966165353
2021-12-14,11.5747199506158,-2.06566187241775,-9.6946103970436,9.61043587468718,13.8448279166092,-18.1323525376349,0.74839534568963,-5.8857542805056
2021-12-15,10.9078527339812,-3.25742025270947,-8.83147954763334,10.2956870973949,14.8312373878093,-18.2499004548477,0.577926945142487,-6.27390390913739
2021-12-16,11.3424133137353,-2.95758466526318,-8.86501064136204,10.2996238153773,14.6656943692631,-18.5353626131313,0.287978636223407,-6.23775221484266
2021-12-17,11.262502221898,-2.98297079695166,-8.71993644048692,10.2298253333081,14.8378075880225,-18.508888936702,0.100366646964019,-6.21870561605208
2021-12-20,11.1176921199491,-2.89033634313968,-8.69858321130715,10.0606482007079,15.1495580166714,-18.5831921663332,0.234934708957155,-6.3907213255056
2021-12-21,12.0962486841772,-3.20676240276906,-9.0663119114859,11.0206225162863,15.3101509221156,-17.1860773513941,-2.35778831252137,-6.61008214440855
2021-12-22,13.8267514740771,-4.23580290563946,-8.29399900099529,11.4546088915366,16.1673108284472,-16.0281617484004,-6.25388474105468,-6.63682279797104
2021-12-23,14.1003035485974,-4.83035962533947,-8.20927418329193,11.9631884665184,16.0014218373135,-15.7045506227739,-6.34544149580091,-6.97528792522316
2021-12-27,14.3042621745486,-4.35815212223797,-9.28381516563304,10.9637186842041,14.90961356688,-15.4720321284605,-5.41739849183458,-5.64619651746655
2021-12-28,14.1915177635281,-4.35682290031997,-8.00402435807933,11.8955962405078,13.4376718040646,-15.2552394643982,-5.38563173311987,-6.52306735218313
2021-12-29,14.8979143422318,-3.63301001019323,-6.64139135461139,12.0815815240567,12.375253008041,-15.5054323534976,-5.79474884919016,-7.78016630683715
2021-12-30,14.158343721963,-3.24463396835755,-5.58582668766071,12.1177162524788,11.9901413399756,-15.1949147110444,-5.92029431213971,-8.32053163521506
2022-01-03,10.1958392374313,-2.58905929124982,-5.97686049400158,3.20113414980533,13.0355862822218,-12.0042674781146,-1.14448462088849,-4.71788778520393
2022-01-04,10.547708420697,-3.27054913321142,-5.80596476881004,3.12251389848072,13.2717915878635,-11.8045625436414,-1.5155395691063,-4.54539789227205
2022-01-05,10.5890815151868,-4.47179171956888,-6.20839660220342,2.35308568649522,14.0269769116863,-11.3175522479986,-0.435085626974654,-4.53631791662271
2022-01-06,10.9462619941424,-4.63709556653546,-5.63452014648004,2.30487395946601,13.5765780801095,-11.0506683984876,-1.01736648836452,-4.48806343385033
2022-01-07,11.3459423341974,-5.91242727408527,-4.95056600159094,2.90408649921222,13.3186940019309,-10.8216463061063,-1.03568537457647,-4.84839787898154
2022-01-10,11.4706525193178,-5.87634488984274,-4.98777056864167,2.66389346006719,13.3030349808693,-10.7232880755881,-0.867217654133285,-4.98295977204853
2022-01-11,12.1076091928575,-6.38093892193322,-2.82380023802604,3.76793739012129,11.137056274982,-9.83613936382977,-1.47092733622434,-6.50079699794739
2022-01-12,12.0673861172884,-7.26691151380873,-4.65060825372091,4.37207564593558,12.6535639284932,-11.7660582307935,-0.418219980794092,-4.99122771259993
2022-01-13,12.3492349248395,-7.82085558064948,-4.68044927459636,3.48459341734953,13.2567363090355,-11.6213491719053,-0.00145903329340769,-4.96645159077998
2022-01-14,13.0103698022077,-6.40945219863815,-4.16861222624807,2.35087220227318,13.5294709348772,-10.7354658069565,-2.52722341589916,-5.04995929161625
2022-01-17,13.1741908012344,-6.21960820582832,-4.06395616102535,2.21533522928364,13.6941988286541,-10.8200551683821,-2.90995942536236,-5.07014589857394
2022-01-18,12.2509938818712,-5.35141858096346,-3.73247091370764,2.56966545717591,12.7538762996281,-10.2713145970446,-3.56368917954555,-4.65564236741397
2022-01-19,12.4741804709913,-5.82353349282386,-3.77085650204086,2.71588846045623,12.9004327862436,-10.3995608396478,-3.22147406550138,-4.87507681767726
2022-01-20,12.1192228992896,-7.1558267178504,-3.79806223520444,3.00325643683631,13.6440769011556,-10.1082382028107,-2.89288855827365,-4.81154052314231
2022-01-21,12.12683347536,-8.00235387086369,-4.5757708217512,3.26747448527541,14.745956367757,-10.0709356894395,-3.25529095911657,-4.23591298722148
2022-01-24,11.8597346230092,-10.1981629371264,-5.63765385342695,3.92253589095282,16.4491179168401,-10.1626394795338,-3.26348494812245,-2.96944721259258
2022-01-25,11.3754908637491,-10.323448015678,-5.75729683045957,4.33729209866346,16.7173740718801,-10.6466733132697,-3.24658408244673,-2.45615479243862
2022-01-26,11.320998241074,-10.6121352281184,-5.8386160874039,4.44555966258161,16.9298255591709,-10.6751202689063,-3.42061059102842,-2.14990128736942
2022-01-27,11.469720701207,-11.0153285612592,-6.14299959176238,4.33900878869905,17.4886201249456,-10.6530276271128,-3.54937442204821,-1.93661941266899
2022-01-28,11.6228802576721,-8.73344977467069,-4.24831777486035,4.1582099150237,13.9334302841837,-11.1376191735628,-2.01474414572006,-3.58038958806561
2022-01-31,11.205981292532,-8.51850232922935,-3.93208392985282,3.68384006357916,13.9272723266846,-11.0736893051761,-1.67311745607062,-3.61970066246695
2022-02-01,11.2667502222607,-8.46822661083183,-3.36037502094636,2.68469827174293,13.9998821461144,-10.9044464872055,-1.66211099347243,-3.55617152766199
2022-02-02,9.81831016783849,-9.97162009243468,-3.74439800353046,6.07949257582415,15.4443604160719,-14.8181283606826,0.183503004300881,-2.99151970738762
2022-02-03,9.42600678250584,-10.3967036528022,-5.58669093443565,7.47990766577912,16.2654772658673,-15.0275394027353,0.731871711266315,-2.89232943544545
2022-02-04,9.89056930407723,-9.28185763704523,-4.10742860832567,6.91682037707329,13.8140412213443,-14.3544302815052,0.853724306591019,-3.73143868220977
2022-02-07,10.5859720403617,-7.03648468502937,-2.12614306009801,7.18376626088055,10.6702746216455,-13.4710607569638,-0.802649337468942,-5.00367508332762
2022-02-08,10.4179242331729,-7.12216510712465,-2.26476757220356,5.8670910906926,12.0564166911799,-15.0784019804386,-0.415675806353057,-3.46042154892564
2022-02-09,11.4369338715622,-6.306087965835,-2.23737908602529,4.07830794181287,13.8405175995631,-17.894756042717,1.17566102844778,-4.09319734680877
2022-02-10,11.8503371143515,-5.00297992140946,-2.27443419249149,3.64687473321544,14.1909573743215,-18.365867182184,0.778238968657945,-4.82312689446145
2022-02-11,11.9594340650779,-3.99450958013355,-4.32891539172265,3.59656121173164,14.1578380329865,-18.1101104979902,2.31264118502652,-5.59293902497623
2022-02-14,11.0723066438502,-3.49928358649633,-2.44544880781869,4.41506850763245,14.3619498278769,-18.6844088899714,-0.553030292801878,-4.6671534022712
2022-02-15,12.4680177911792,-4.3817076451838,-6.83362589611821,5.17598199117723,15.488964875606,-17.8726122242832,-0.453841322649154,-3.59117756972802
2022-02-16,11.8543913789403,-4.13479767012066,-6.47575926558449,5.36761405678679,13.7444760351477,-17.436511815045,0.621592073685079,-3.54100479380973
2022-02-17,13.5927827742815,-1.04229436975122,-7.40366848699735,4.96470788751008,11.0373149117793,-17.3410776158694,-0.341904638338306,-3.46586046261466
2022-02-18,13.4797921875381,-1.43425260714094,-7.35346428447964,5.08309325918629,11.6463303930984,-17.5014135632461,-0.4279135951233,-3.4921717898329
2022-02-21,10.5840389928305,1.63377782593034,-7.83642479689208,6.77780396707361,5.27867489498909,-14.9955660364013,1.03594572832048,-2.47825057585072
2022-02-22,11.2107070237958,1.68810234753863,-7.29940858826644,6.1987371561937,4.31466273391616,-14.9806990195717,0.958234679521219,-2.09033633312735
2022-02-23,14.4905661569367,-4.44131100224572,-10.971198749868,6.91587691617889,11.0136678901937,-14.2761342736231,-1.39467843873812,-1.3367884988343
2022-02-24,14.2653627235264,-8.29128201181249,-13.5316297377761,5.82279252718667,14.4636138866495,-12.2887387492242,-0.308771926438943,-0.131346712110791
2022-02-25,17.909431536147,-6.50559337844665,-8.01528047530822,7.31784448457033,6.40883396580175,-18.1120726313115,-3.55092712093177,4.54776361947908
2022-03-02,18.1072137823143,-6.30770580075215,-8.08790468081992,7.38009472600764,6.33415991574177,-18.0856836816164,-3.37210607125837,4.03193181038307
2022-03-03,17.8170413817848,-5.85765582284948,-8.76866469279077,5.98790781576774,7.38175184654697,-17.9008965579241,-2.64214577551585,3.98266180498072
2022-03-04,18.5972300639604,-5.89762539905495,-9.18182812258642,5.4301119733666,7.81757585230135,-18.1018576256558,-2.39557058015924,3.73196383782813
2022-03-07,18.9456002037268,-5.86133787065516,-9.22993465954745,5.26035893250871,7.61736689083378,-17.9897219944928,-2.3426793139342,3.60034781156029
2022-03-08,18.9607437822497,-5.75668718221436,-9.64393055765765,5.26734564686779,7.57717916943722,-17.8890499392236,-2.17239270990571,3.65679179044658
2022-03-09,19.1369148188362,-5.22825037069748,-10.146668010332,3.92720000720798,8.26359241576982,-17.7350410674057,-1.56096991524469,3.34322212186591
2022-03-10,19.2041887718787,-5.21160555303575,-10.224558197954,4.09626324282463,8.29606240803199,-17.8671763002471,-1.54170397735259,3.24852960585405
2022-03-11,19.5542282655898,-5.27755439519936,-10.2118847680287,3.77043147661108,8.45144615570541,-17.6208390670765,-1.60849917168074,2.94267150407902
2022-03-14,19.4362095823085,-5.72138024518425,-9.82981734808833,3.59512047442859,9.3369656534031,-17.7481665573901,-2.12265690961161,3.05372535013417
2022-03-15,19.4360070326045,-5.51591420917823,-9.91571428786821,3.18415250621671,8.76094251155617,-17.7532209801659,-1.66874893600914,3.47249636284418
2022-03-16,19.8197562990492,-5.05940845511688,-9.89264412920524,2.6151181704993,9.24577045366241,-17.3571719423589,-1.62333038736097,2.25190999083108
2022-03-17,20.1174581058615,-4.98163971879021,-9.6222328621343,3.23782830023649,8.94608760157346,-18.3370340658542,-1.68091939986893,2.32045203897623
2022-03-18,21.0994618941449,-4.22364851696383,-8.94144364336878,0.179394588175029,7.92136314707132,-17.8186544255683,-1.22045808329706,3.00398503980678
2022-03-21,21.8479063193097,-4.62273745529694,-8.31460528242322,-1.80689181464589,7.45801659707165,-17.6671977402369,-0.592155773636186,3.69766514985781
2022-03-22,21.7694645680996,-4.11267889577187,-8.10904875261087,-1.61096481949519,6.46369365161454,-17.8462976016388,-0.254396852456772,3.70022870225935
2022-03-23,21.9080858145559,-4.52469922942533,-8.3591829321558,-1.72017777391032,7.5159937193235,-18.6284741438222,-0.17348839050652,3.98194293594086
2022-03-24,22.06951043393,-4.17737148646763,-8.12762478162302,-1.63160601342029,7.85759484298845,-20.1599411048373,0.0337437965440373,4.1356943128857
2022-03-25,22.3370545055213,-3.79454801035393,-7.95461707494275,-1.75554588086525,7.13035944345715,-19.6579709862588,0.148156892819664,3.54711111062264
2022-03-28,22.3350815236363,-4.29209522140295,-8.11066910305786,-1.51889852182893,7.02102507083428,-19.977012814683,0.498817734237669,4.04375133226455
2022-03-29,22.2134414978703,-5.60685806890619,-8.3308911289079,-1.56901132759855,7.45780171879817,-20.1926232788072,1.0976996440715,4.93044094347979
2022-03-30,22.4461779392599,-4.14012345295041,-7.84181422088879,-1.56425201002126,7.08273158604334,-19.2253971415459,0.457883339691918,2.78479396041116
2022-03-31,22.6696290315772,-4.21682208287538,-8.40408420282045,-1.72416204151297,7.30908464573411,-19.1428466336692,0.852846523874305,2.65635475969236
2022-04-01,22.8878506184228,-4.13711308789201,-8.40644846381618,-1.66384504070221,6.94022267088761,-18.9468141969393,1.00936229755345,2.3167852024859
2022-04-04,23.3891413748508,-3.71243269220884,-8.98316073155236,-1.14257407135685,8.38295048080457,-19.2430862757599,-0.563591956675481,1.87275387189808
2022-04-05,23.5035356377809,-3.84790212546619,-9.12960718845825,-0.550236686140671,7.98881693740348,-19.4329143359934,-0.549753525959311,2.01806128683344
2022-04-06,22.6553021992382,-3.91783624908228,-9.16732698338896,-2.20909722210892,8.29334358502867,-18.8185337853025,-0.112680007285562,3.27682846290131
2022-04-07,22.7287496876792,-3.68184585396036,-9.6229767226868,-2.57222483870633,7.72663515618425,-18.5447957773104,0.483304158999339,3.48315418980112
2022-04-08,23.5179891313388,-3.12955900812414,-9.43167403358457,-5.28778306051431,5.9683867849556,-19.2249672592893,2.69994444618771,4.88766299903011
2022-04-11,22.1137105012224,-2.87926943445975,-9.08896180457013,-5.0933962024916,6.45762232013862,-18.9658659340475,2.35643858403772,5.09972197017026
2022-04-12,21.9150061668964,-3.3105643642426,-9.66820973944916,-5.99767474150858,7.20526931809307,-18.748186622686,2.62465248147092,5.9797075014259
2022-04-13,21.682089974714,-3.1110142722729,-9.71489792860768,-5.69950155945271,6.99307954304422,-18.6134474639631,2.45686942185118,6.00682228468703
2022-04-14,21.0896623616739,-1.45590934488728,-9.77716644903366,-5.76240787360329,6.31480386575362,-18.4654786122406,2.23569578150474,5.82080027083252
2022-04-18,20.4311986414146,-0.624637048989221,-9.77276972431256,-5.87901636107715,6.50406491320386,-18.4845398719461,1.9089706702584,5.91672878144811
2022-04-19,19.1771621316336,-0.652763457026857,-9.33241966689685,-5.56140761187314,7.10397904866111,-18.5178561408644,-0.225507220590778,8.00881291695738
2022-04-20,21.0270040201506,-1.19775977042055,-9.34563775675607,-6.5583252877222,5.90630859004482,-16.8125327203573,-0.209874010716433,7.19081693577711
2022-04-22,20.435934962977,-1.30831520286571,-9.36309035682086,-5.24738534237717,6.71979115251055,-16.5854670761592,-0.335487004454279,5.68401886718959
2022-04-25,20.2161245543011,-1.91911740721152,-9.60180606370412,-5.19786223842888,7.48395958147945,-16.2714108951974,0.439914648554648,4.85019782020668
2022-04-26,20.1822855610448,-2.33232677168723,-9.86009732477968,-5.36597644903062,7.77579597001139,-15.772024613458,0.694033031350024,4.67831059654932
2022-04-27,20.2383709628145,-2.33867086515026,-9.94591087368558,-5.32950914650476,7.79386855291223,-15.7609504280405,0.671832402144965,4.67096939550936
2022-04-28,20.3517161064898,-2.4491803880149,-9.71897593442182,-5.97873298655344,8.04017512411757,-15.7362813824944,0.918840679209488,4.5724387816677
2022-04-29,20.5522147368487,-2.49346901657749,-9.04642106772739,-4.33456022949181,8.38153936125332,-16.4878064120053,-1.33863344311739,4.76713607081739
2022-05-02,20.9340587998631,-2.86277936413845,-8.83209123506494,-3.26663647509173,8.6609964915634,-16.5684249780225,-2.52120447308966,4.4560812339808
2022-05-03,19.6511391416854,-1.66869710679071,-9.72898904351609,-2.98204647367963,7.83033606243115,-14.2231882936992,-2.10578676569787,3.2272324792669
2022-05-04,19.5181705651826,-2.60284855356115,-8.12524135113574,-7.83848639265157,9.51754702933491,-13.5718354959811,-0.674400337596275,3.77709453640833
2022-05-05,19.536540752501,-3.59989179363973,-6.3891725113972,-10.5083618506693,12.776166520898,-15.1809787957187,-1.62117075689817,4.98686843492421
2022-05-06,19.1438578802949,-4.89395872574704,-5.95155017018742,-11.3724893817908,13.7541061303084,-15.1362493721261,-1.42854354092479,5.88482718017293
2022-05-09,19.6365383752774,-4.80403547394922,-5.49235212516187,-11.9563643618296,13.8236086255318,-15.4564660183869,-1.68106198689289,5.93013296541119
2022-05-10,19.418759510085,-4.37123820701976,-5.45637596824317,-9.98396125525704,11.2904467932965,-14.6238162557976,-1.8584606274007,5.58464601033671
2022-05-11,19.3586183198171,-3.81145180681498,-5.82019270075396,-9.58790627446457,11.0754718806249,-14.4812123969581,-1.81908679499945,5.08575977354906
2022-05-12,19.4434265171659,-4.21251242617824,-5.80918965075141,-9.51906511150152,11.2443941134306,-14.4975815067643,-1.87246534836748,5.2229934129665
2022-05-13,20.3251368931501,-2.99447377467851,-5.67965150457723,-9.01638160408717,9.82071939123056,-15.7512338717332,-1.28564352599506,4.58152799669048
2022-05-16,20.2169962355424,-2.51699143084086,-5.69120492332741,-8.86123186453813,9.4572000168206,-16.1658199333997,-0.983240556968106,4.54429245671124
2022-05-17,20.5389455571366,-3.89526236430191,-6.22789753423804,-9.53738397496679,10.8368569675111,-15.4821662470778,-1.14325948487697,4.91016708081377
2022-05-18,20.7361939742675,-3.2187984369528,-6.61321098657108,-8.73334300931853,10.5107105295511,-16.2260781188059,-1.81381788964479,5.35834393747449
2022-05-19,20.7484514037103,-2.84062190829138,-6.68454279476503,-8.64972118000196,10.5717503754703,-16.308763855608,-2.1838626779289,5.34731063741474
2022-05-20,22.0298117197182,-1.16541245626462,-6.97777439328949,-7.35543164069018,9.31119602351239,-14.6657825052873,-2.06791157052465,0.891304822825695
2022-05-23,22.7245132770537,-2.36491155146588,-7.55950322853245,-6.57204417839799,10.1908654923138,-14.1713252053746,-4.22059791361663,1.97300330802006
2022-05-24,23.2733389310162,-3.802846371824,-7.06875246036805,-8.2219259568592,11.7978590520273,-13.9097341006182,-6.58038696151996,4.51244786814591
2022-05-25,23.1182970832134,-2.78529625885796,-7.70443688360326,-8.40871456321272,12.0820513647749,-13.8525808659839,-6.83965401955101,4.39033414322053
2022-05-26,24.884938006057,-1.76882677580166,-9.43053194338682,-7.19696905136019,10.0376334922119,-13.4334697498807,-7.19809314199277,4.1053191641532
2022-05-27,24.8080272683518,-1.36244337511543,-9.7167840015115,-7.30515877884775,9.22397921547172,-13.2096164789907,-6.4893308513814,4.05132700202333
2022-05-30,23.9706197402118,-1.7904174186687,-8.69962853173384,-7.24749805916742,11.2738859824452,-13.8563436145158,-8.00616709726518,4.35554899869393
2022-05-31,22.8490480781448,-0.724901214242436,-11.7584240544012,-8.44282844460324,8.5622360729698,-12.9865830233032,-2.85582311535142,5.35727570078677
2022-06-01,23.3904027065798,0.03557071390712,-13.0879898632635,-7.3966076948212,9.09711434463354,-17.9071113179767,-1.28010515995675,7.14872627089774
2022-06-02,23.3915480851748,0.712427847838605,-12.7018475554075,-6.37143149592138,9.28898515080594,-19.5734448745296,-2.09012853911725,7.34389138115647
2022-06-03,24.1748773682721,0.707806029193975,-14.1587312494684,-6.78647456638776,9.94963779087661,-17.7733427969336,-3.09458089740358,6.98080832185078
2022-06-06,23.9644826042498,0.615081241619855,-14.1096862659761,-7.05419357558991,10.2690866811577,-17.8097797433823,-3.02405148098762,7.14906053890857
2022-06-07,24.8713044550963,1.08768475908596,-14.1210308395448,-7.41745897088481,9.27516343214413,-17.3623732711387,-3.05290831701434,6.71961875225626
2022-06-08,23.6903665149835,0.462145415420721,-14.4813129197725,-7.34195849980716,9.74501248866923,-16.6194241529542,-2.45836790335631,7.00353905681676
2022-06-09,22.9152352795287,0.175131634075285,-14.5275907533028,-7.90302170194938,10.3235618766706,-16.7758190372546,-1.87950717282822,7.67200987506046
2022-06-10,22.6299931082876,0.408958964134506,-15.0311170375876,-7.81342342861228,10.7115687913471,-16.5983450378227,-2.07023343461323,7.76259807486661
2022-06-13,22.8969969840341,-0.734067881519422,-13.2527680477941,-7.9436888127572,11.7085337141107,-18.5191764876473,-1.74345344273178,7.58762397430497
2022-06-14,22.662847160415,-0.0196562678601069,-13.7751266366369,-8.56069917203597,11.3720451442331,-17.4145816719045,-1.87708168250879,7.61225312629826
2022-06-15,22.6056835713078,-0.356922974478238,-13.5670471851503,-8.32237390659359,11.7135960850511,-17.8604217208428,-1.71414199904918,7.50162812975525
2022-06-17,22.4723295838612,-0.20813094743653,-13.0625895134479,-7.84526567839386,9.82377280011724,-17.934586110732,-1.31604231205839,8.07051217809021
2022-06-20,20.653524461102,0.467406222480356,-13.0058451819653,-7.08849977541614,9.33404940417722,-17.7709377364015,-0.960014175989414,8.37031678201279
2022-06-21,21.0636482083798,0.660460157503699,-13.6449806840603,-7.24618163552917,9.20249013027809,-17.3828994120955,-1.23200789125326,8.57947112677666
2022-06-22,21.0810675128921,-0.782429450333289,-13.1548128155143,-7.27088126277708,9.58889713626549,-17.0802979391358,-0.884412439278357,8.50286925788122
2022-06-23,21.4441338756705,0.202405783254889,-13.7496762794082,-6.54260907459784,9.26428413513624,-16.765358727802,-2.33466405495968,8.48148434270612
2022-06-24,21.5214557940439,0.983433449475086,-14.7144953876584,-5.06119390916083,9.30391145017254,-17.3583157765097,-4.51036333450455,9.83556771414197
2022-06-27,21.6778973694609,2.64867875955826,-14.9906646072118,-4.28040917318087,6.78665314096337,-17.4725224350265,-4.93314722814509,10.5635141735817
2022-06-28,21.7299338970936,1.65652236426385,-13.8639259194086,-4.43838277685749,6.36784896799602,-16.7875949751132,-4.62886327355604,9.96446171558186
2022-06-29,21.9818997073384,1.14942879883547,-13.7159814574288,-4.99644116890412,8.47972188109345,-18.2625715974933,-4.01801985065894,9.38196368721785
2022-06-30,22.5002463033423,1.11538758034933,-13.3636497590993,-6.33567530693846,8.54875303368707,-18.3798756517051,-3.66906420719214,9.58387800755635
2022-07-01,22.5931944732262,1.20280334817806,-13.2855254331587,-6.66454321645059,9.16605839613278,-18.6633009731221,-3.06154218506256,8.71285559025691
2022-07-04,22.5918797413964,3.00637835779078,-12.6069708076308,-2.63905430900775,7.69244224769201,-17.681815027431,-6.87179204864358,6.50893184583396
2022-07-05,23.4197841656396,2.6767918590598,-12.694105840864,-2.54831734354652,8.6084868709607,-20.3862397631987,-5.53350891086231,6.45710896281143
2022-07-06,23.6441344133659,2.32736150785642,-12.4674305204964,-2.18972229996317,7.73332979838067,-20.7297281400183,-4.98471843219947,6.66677367307431
2022-07-07,24.2447482970558,2.75891351460977,-12.2873274034595,-2.29791878727281,9.11260821456911,-20.0940390095716,-7.53302634902761,6.09604152309673
2022-07-08,23.9846822280107,3.16450561933218,-12.1530140049721,-2.16577611780073,10.285716935682,-19.8901549812222,-9.01045144870873,5.78449176967892
2022-07-11,24.1175818941076,3.16955884220125,-12.6862397713321,-3.16591601814267,9.0652453205733,-20.2395337068084,-5.70340550895802,5.44270894835908
2022-07-12,24.1557143614955,3.2170468160753,-12.6317740118122,-3.5066402828724,9.20022793419269,-20.1637450501898,-5.77355217351301,5.50272240662395
2022-07-13,23.5875689961571,3.58202607185449,-12.422274811094,-2.09004681426256,7.82614135552604,-19.6331026999598,-6.97469671636456,6.12438461814325
2022-07-14,22.1496656749073,3.57188035961855,-12.6104864506069,-2.02765275038728,7.5070878902703,-19.4888217711367,-5.96665660685676,6.86498365419157
2022-07-15,23.7390418262554,3.7808003649314,-12.0905936187912,-2.39347704610142,8.48324067447872,-19.6923871934193,-6.05932070474842,4.23269569739487
2022-07-18,21.3639106391454,2.67467734290665,-12.6945852916999,-1.45941557129516,7.25786568966274,-19.1306129838261,-5.06893342910768,7.05709360421401
2022-07-19,21.6438715045871,3.60202273686659,-13.8567175438487,-1.42281201215643,7.5141752539571,-19.1705234251137,-3.86910141070167,5.55908489640969
2022-07-20,21.885388303479,3.17599133108372,-13.5380045074522,-0.950065628244033,5.27202616011976,-19.0851991961214,-3.34513861116441,6.58500214829952
2022-07-21,22.3297835933652,3.13133896745283,-13.2060752870584,-1.11447620103704,4.45782100171154,-19.0577208529958,-3.60462549313472,7.06395427169642
2022-07-22,22.6626143393488,3.16261474755592,-13.2523021210156,-1.11042932234034,4.05855572001355,-19.0605039937254,-3.86999331068497,7.40944394084809
2022-07-25,16.0329691854324,5.45361288633076,-11.8073622655088,0.550286218215994,8.25067071568754,-18.7216273845979,-5.62011072692092,5.86156137136091
2022-07-26,18.0269737384999,6.48182311717992,-10.7941602880146,1.86749685834198,7.58336398284622,-17.6932544344056,-5.17316813984676,-0.299074834601186
2022-07-27,17.9882310756486,5.91904896921238,-11.3158964687695,1.20185706330854,8.50949506996674,-17.8775490322768,-3.64035898172762,-0.784827695362424
2022-07-28,18.2439947379562,6.45137172301005,-11.8532788329091,1.32032623062963,9.35766369453943,-18.199940410149,-2.63654232354629,-2.68359481953092
2022-07-29,18.5772379522946,6.2769844721293,-11.4620572816786,0.903999483626606,9.42656856956066,-17.9962025726016,-2.63493681882083,-3.09159380451013
2022-08-01,17.9535458658962,6.11076208452233,-10.9717016177421,0.62355730920077,9.51005122784609,-17.6099812278289,-2.47501857527428,-3.14121506662016
2022-08-02,18.3894900957276,5.98343300951539,-11.1089994141015,0.304243440189978,8.95284160111043,-17.8894277795676,-2.9139489203146,-1.71763203255967
2022-08-03,17.5124549470249,5.99893864745368,-10.8588681044409,0.588576297088096,9.0328282927118,-17.6303006608982,-2.68586361982126,-1.9577657991181
2022-08-04,17.8269687447152,5.81101962561166,-10.8740685312876,0.676961019256815,8.99244478788208,-17.5275418461022,-2.71947340405404,-2.18631039602187
2022-08-05,17.1632243775282,6.16425684044582,-12.5281950739105,0.910852982544093,8.98392495150034,-17.9847111613306,-2.07696892433744,-0.632383992439884
2022-08-08,16.9697566872,5.13322711738199,-12.8098703603557,0.403846209741658,9.00749083713169,-17.6262265710862,-1.86284565641428,0.784621736400727
2022-08-09,18.0383431095686,4.1146793040331,-14.2012205955767,-2.60333226536085,10.9337378372672,-18.1992906943482,-1.44107340717763,3.35815671159447
2022-08-10,17.5904116924739,3.46491545732094,-14.0405902237381,-2.02187966365448,9.95301688891657,-16.9384431870304,-1.25097043649312,3.24353947220468
2022-08-11,18.7043726123155,6.98996014432399,-19.4643653110406,0.225810379263542,11.430880443237,-16.7124149359213,-3.6469116198328,2.47266828765474
2022-08-12,20.1329869786344,12.5098426359375,-22.3581321114137,-0.039071789202012,13.408409249379,-16.7964771609788,-7.69158027661812,0.834022474261765
2022-08-15,20.7963733089818,10.8100484666043,-21.4965882216434,-2.73645514999182,12.2662848941576,-16.3867003427997,-5.85831772351237,2.60535476820358
2022-08-16,19.9018303452149,11.4542587305193,-21.6946651860015,-2.12573283195859,12.5538047102554,-16.3024702542956,-6.16122143658823,2.37419592285433
2022-08-17,19.6053248618059,12.1449570265238,-22.8531299796345,-0.388301508944195,13.5105647919365,-16.4907390753579,-6.86807808000524,1.33940196367551
2022-08-18,19.3926650366145,12.3578439688511,-23.2840278013842,-0.111878581384566,13.7632832235495,-16.5636257768478,-6.83407570744656,1.27981563804816
2022-08-19,18.7009412277494,11.4914349594525,-20.627455541742,-2.34093502709143,12.5384445048121,-16.2274164672833,-5.84031893250151,2.30530527660427
2022-08-22,18.481253843761,11.2253449440691,-19.1235278293485,-3.50718715436305,10.7014502809241,-16.0670205549619,-4.95981314976144,3.24949961968069
2022-08-23,21.6329641854694,14.8084985979224,-24.8645845006628,-0.9473074320262,16.078717725326,-17.3471150004856,-9.70007161368142,0.338898038138211
2022-08-24,20.8937559648542,14.9095666672586,-24.7471584503854,-1.54833320804741,16.2139409432803,-17.6417060831539,-8.98448717813493,0.904421344328483
2022-08-25,19.5257341555108,14.7934413988024,-24.017202798897,-1.6230076057275,16.7894668033124,-17.8629378853954,-8.77870654146636,1.17321247386064
2022-08-26,19.3448949198041,15.1859086081679,-23.54214197148,-1.56300576334073,15.8555031546263,-17.8131664311513,-8.70443486221151,1.23644234558517
2022-08-29,16.450037550413,15.8167648325373,-21.4050123508325,-3.61871733323645,15.23465300684,-18.1739903220994,-7.96929657861325,3.66556119499123
2022-08-30,17.1631940385731,15.8229216930876,-21.6352650356773,-2.86908794575646,15.7933204237764,-18.0032446257159,-7.61848407115128,1.34664552286381
2022-08-31,14.3712310597152,16.4301017656001,-21.251528285039,-2.42631955793107,16.0520256868487,-17.1877801928773,-7.53561137244647,1.54788089612992
2022-09-01,11.4495079472674,16.2501317547527,-20.7407279459456,-1.45747515558755,15.910749154402,-16.9440066122161,-5.40289510464629,0.934715961973396
2022-09-02,11.3127964912765,16.3501860028884,-20.6474106928098,-1.3167569195861,15.9098219968039,-17.081873984427,-5.30483621960258,0.778073325456667
2022-09-05,11.0784550857326,15.9452332594164,-20.3310603865661,1.16826999770719,17.9237668756633,-18.7070472589888,-5.93387807367019,-1.14373949929432
2022-09-06,11.0621901257034,15.0437544033002,-17.8340030812392,-1.87265852529426,16.7167181334346,-17.7695294585818,-5.37021206775045,0.0237404704274589
2022-09-08,11.1051424408833,15.8453511001751,-18.7315844495458,-1.21450057073882,16.8416325173982,-17.7688353074182,-5.81925568279649,-0.257950047957365
2022-09-09,10.9919065450041,16.2211627634229,-19.6636198214167,-1.02655044912566,17.5271842707311,-17.7792976034777,-5.51623260392388,-0.754553101214299
2022-09-12,11.1011039966444,16.3236208226725,-18.3649621763142,-0.354409171718544,14.9406176480798,-17.700809954732,-5.59672756225021,-0.348433602381768
2022-09-13,11.0863082236482,16.4998374433103,-17.9733782657901,-0.304583714581057,14.4751411260762,-17.7083237712577,-5.7520014067065,-0.322999634699382
2022-09-14,11.0240499101985,16.3475686922323,-17.8917898678564,-0.404479152423427,14.5247905010611,-17.9172212872281,-5.25569074667562,-0.427228049308397
2022-09-15,10.6080525839637,17.2031315168895,-18.4246083982563,-0.0286477641535043,15.7866588053517,-17.9628675249166,-6.84468359363098,-0.337035625247371
2022-09-16,10.9273723843301,17.4228901218708,-17.5710480009789,-2.18578794491103,15.8606222910556,-17.4212015466636,-6.36835757823636,-0.664489726466655
2022-09-19,10.1749613892364,17.1645199678549,-15.8863231724843,-2.97936308207436,16.8442289366389,-17.4258255585083,-6.21612019525492,-1.67607828540838
2022-09-20,11.4336652950053,17.4894428335594,-16.2404629479553,-2.99149599392478,15.7695857825285,-17.6164692466448,-6.68939754634248,-1.15486817622597
2022-09-21,10.6147709184766,16.9727846063576,-16.2399919942434,-2.86864684224842,16.1375296639973,-17.6238423008895,-6.161876483713,-0.830727567737171
2022-09-22,8.28017990787591,16.1353086226603,-16.4002032452346,-0.85691646855544,18.9574308120843,-18.8532846126486,-6.15769135723906,-1.10482365894288
2022-09-23,7.67067682696851,16.0609273951684,-16.4357834096875,-0.722355495925711,19.9046285203929,-19.3042678835106,-6.11205022009442,-1.0617757333116
2022-09-26,8.34623581779225,16.2185138892723,-16.9199403108441,-0.455625265965224,18.7333213940514,-19.5286004226218,-5.41971673901623,-0.974188362668542
2022-09-27,9.33006784987298,16.4216840526959,-16.1454734690193,0.149904225970978,15.9758875455862,-19.6442499060251,-5.63411258195592,-0.453707717125756
2022-09-28,9.28763454858716,16.2564994099293,-15.8900793198477,0.415482563669997,15.5347301492697,-19.6767427408748,-5.83329590592774,-0.0942287048058752
2022-09-29,8.83206789040289,16.8394309894165,-15.8564278119772,0.56864732752576,16.000927684443,-19.9344818250736,-5.00409974455152,-1.44606451018571
2022-09-30,8.56251319871544,16.3801736027947,-15.7507427580178,0.422131171834408,15.6931073931672,-19.3331421334037,-4.54913499428142,-1.42490548080885
2022-10-03,7.50255980885214,16.5834859674457,-10.9847416613421,0.715384499872101,15.050241052807,-21.6651254249228,-3.66810589307033,-3.53369834964177
2022-10-04,7.21531433111685,16.3535608290784,-11.0573508368648,0.461366595200758,15.1509189023643,-21.444938387509,-3.70477978787112,-2.97409164551541
2022-10-05,7.74454396474719,15.6703186021155,-12.6070543305975,0.955173015234543,15.2426441097398,-21.0825013488214,-3.56992290382948,-2.35320110858858
2022-10-06,8.94134218894088,12.3859158814831,-13.9169963754766,1.83777605336711,14.4532827209804,-17.9407589821171,-4.21095975823021,-1.54960172894754
2022-10-07,9.17640528235449,10.7214520884737,-14.1216546183801,2.11594860101436,14.7799286677471,-17.5342337807558,-4.8413026982583,-0.296543542195433
2022-10-10,9.25108166352492,11.5452554952754,-12.8952438880859,1.75111397072256,13.8782790188878,-18.3188177767816,-4.21710645476399,-0.994562028779264
2022-10-11,9.47064177744407,11.6767669103904,-14.0587498334581,1.57617480669219,14.6705634470641,-18.3594257967029,-3.42767759889502,-1.54829371253478
2022-10-13,10.9451080448399,10.2622141860496,-11.5843204614945,0.316938464878604,14.8961569863017,-17.2886897691403,-4.32823467583655,-3.21917277559837
2022-10-14,10.548350394897,9.96540138325916,-11.6901895218229,0.102015816111049,14.9922892145458,-17.1193660121373,-3.87734837016725,-2.92115290468553
2022-10-17,10.4000292223869,10.0778882941546,-11.7634270763402,0.245424303158302,15.1256585366708,-17.1538235457857,-3.76364998393147,-3.16809975031327
2022-10-18,10.6735843884037,9.93593043856225,-11.5078523968897,0.448650397874488,14.0661175829244,-16.9634665373764,-3.90202469836956,-2.75093917512912
2022-10-19,9.85214203412918,11.2195391486676,-12.423612654882,0.373278312049031,16.4988881232519,-16.997460863098,-3.85604621677874,-4.66672788333905
2022-10-20,10.2377242820896,10.0867854051919,-12.0243521155726,0.50380862982027,15.1722532039154,-16.8640034670955,-3.24734732602505,-3.86486861232406
2022-10-21,10.1408938724685,9.89123467201009,-11.4357005614679,0.315865225971152,15.0103575954863,-16.7353159886474,-3.1103473718745,-4.07698744394623
2022-10-24,11.5166430892102,9.25841575053762,-10.8865989753808,0.331045604580879,14.142994801328,-17.2523861469287,-3.22166300376268,-3.88845111958439
2022-10-25,13.1892494822128,10.2561088360696,-13.4455768602851,0.259586594800496,10.4069939535419,-17.705816248293,4.32223392156423,-7.28277967961093
2022-10-26,10.1357225090959,14.0053424475069,-10.9875164639844,8.85625105160012,19.1643175434333,-18.8676566396443,-10.2768553367953,-12.0296051112123
2022-10-27,9.802492015734,11.6969453547123,-10.0460778861186,10.2647701815032,22.4255483463016,-18.3845612449074,-12.5654005039354,-13.1937162632896
2022-10-28,12.6213391523689,13.76874244577,-9.83206889224402,5.15932384170101,20.3876967081448,-18.5135057814823,-13.0030677899428,-10.5884596843156
2022-10-31,12.2811361698256,12.8320705269636,-7.79783262222047,7.95102283459287,18.9329566786026,-18.7114909044649,-13.4781380601084,-12.0097246231908
2022-11-01,12.3908543690705,13.0512281068358,-6.67678029428191,7.74942821076429,18.6506841454495,-19.0906367668274,-13.6325444627496,-12.4422333082611
2022-11-03,13.9851927575662,13.5762600575138,-4.98976056297523,7.22695159121982,17.9872037134576,-19.541807999673,-14.3777760892192,-13.8662634678899
2022-11-04,13.3493753003169,13.502267873648,-5.16231216689194,7.75897844160173,18.2257126823321,-19.3008229615016,-14.4572620099584,-13.9159371595468
2022-11-07,12.6100675540759,14.0374456142059,-5.37044754960993,7.84970368729192,18.4762704599135,-19.2226830919546,-15.0523351738236,-13.328021500099
2022-11-08,12.3689075401914,14.3440240077597,-5.15160111924521,7.16532009673183,18.7412837472097,-19.1197821654401,-15.1178760986014,-13.230276008606
2022-11-09,13.8748180251123,13.6065557824047,-4.23776169766825,6.6556087579674,16.4445276601993,-19.5244770572612,-14.2549140135483,-12.5643574572059
2022-11-10,16.5512868265773,15.4959221738304,-2.80719615245068,6.78143942228886,14.875729232324,-19.9778526107737,-15.0174022350009,-15.9019266567952
2022-11-11,16.9839474163857,15.6935706400984,-2.57800713437106,6.62252983009232,14.7095514748281,-20.5184308713225,-14.843159370842,-16.070001984869
2022-11-14,16.9049277760176,14.925661004815,-2.49313815665604,6.69126856636123,15.0326106607318,-20.2343639652784,-14.6464724392011,-16.1804934467901
2022-11-16,16.5901985202625,15.6183059140994,-2.40328669768071,6.95106760903077,15.0319189565575,-21.194467249853,-14.5531953675645,-16.0405416848519
2022-11-17,14.9227257558427,14.9709184235664,-0.603877139465148,6.43290602536584,16.488047061697,-19.4316861296116,-15.9555107866695,-16.8235232107258
2022-11-18,14.5110949337851,14.5750494342365,-0.230049209234267,5.76207890390127,17.7502177400651,-18.5669998284703,-16.4248841619199,-17.3765078123635
2022-11-21,14.4203067084386,14.4178687027288,-0.174930388336506,5.680185791056,17.2979314403072,-18.7296417073487,-16.366670157254,-16.5450503895914
2022-11-22,14.5537153796174,14.4951963518153,-0.134869267183575,6.04402513804977,16.280901852256,-18.6486817787291,-16.3843816226451,-16.2059060531807
2022-11-23,15.0515425410993,14.9422377595079,-0.378408983107889,7.88847456957678,14.5263968167594,-19.4890092912224,-17.4180750280419,-15.1231583845712
2022-11-24,14.8660733099694,14.1562798595036,0.922249244893294,7.0186015278711,14.0567635164556,-19.2879264367784,-16.9705277950158,-14.7615132268988
2022-11-25,15.0681862378521,15.4003658039239,-0.419290888307309,7.91885900046952,12.4182537406624,-19.15186805918,-17.7104414921266,-13.524064343294
2022-11-28,15.3426003152661,16.1389141011383,-1.44425424759876,8.13615267511798,12.2864505419246,-19.1144559472039,-17.4115206361564,-13.9338868024878
2022-11-29,17.5885722396754,13.5257434765146,-0.65812875392659,7.64114890554382,13.7729123250088,-20.9270221805183,-18.0375898551602,-12.9056361571374
2022-11-30,17.9894181143077,12.8478246711828,-0.167886095753232,7.12192066313528,14.3776233293713,-21.460354329606,-18.3919096765227,-12.3166366761153
2022-12-01,17.3992214497388,13.0834195682364,0.044386543728308,7.22932111022187,14.4497751371014,-21.4319598431989,-18.5425935053864,-12.2315704604415
2022-12-02,18.2622501568263,13.0194168528268,0.616109727936809,6.91906671341163,13.6609568653453,-21.3082142390458,-18.2131997566701,-12.9563863206309
2022-12-05,17.8601191553511,13.7612485771637,1.12686552630993,6.56760321348914,11.7532817482536,-20.6009393617295,-19.6097596472281,-10.8584192116099
2022-12-06,17.9792742174559,13.6753494991959,1.19125002058416,6.60918446450776,11.3500284890684,-20.5096399516396,-19.4853913109611,-10.8100554282114
2022-12-07,17.1095234195632,13.8466594027816,1.14977843658677,6.8398126811602,11.4280461464371,-20.335945956664,-19.2059381881773,-10.8319359416877
2022-12-08,17.2938986947724,13.538077478658,0.738623568808109,7.10377585680833,11.0398863149277,-20.0591800786748,-19.1524096047688,-10.502672230531
2022-12-09,16.9437953739854,14.6191757716792,0.357295459418943,8.57438038271119,9.41071308046486,-20.207872243825,-19.9157039603016,-9.78178386413317
2022-12-12,18.1500738663024,13.4024101466454,3.17741330073048,3.83753236540057,12.0352136400959,-19.9313168807536,-19.2598141768289,-11.4115122615923
2022-12-13,18.3504239336423,13.4526528225744,3.36594856920682,3.00331788297267,12.4338329646692,-19.8585559838524,-19.0416897791444,-11.7059304100686
2022-12-14,18.9982428011532,14.0603007294487,4.23090767816841,-0.515767038819753,13.9763112268295,-19.8663798448346,-19.1135440340987,-11.7700715178468
2022-12-15,19.4060580033867,14.2784579782705,4.61315671801871,-2.21923874690279,15.1752233710022,-20.3883992492619,-19.3225616603154,-11.5426964141981
2022-12-16,17.4650906503168,14.0540926868436,2.32286938496013,3.39515239594094,17.7304025215884,-21.2671030459732,-21.5170337764062,-12.1834708172706
2022-12-19,18.0338276971208,13.946843255709,2.94740237717057,2.57504975757115,16.7568469171322,-21.1602272513955,-21.4132227208668,-11.6865200324415
2022-12-20,19.3112902789182,14.4907697200764,4.00648205329181,-1.12405156172654,14.2637931908868,-20.4099478359385,-21.6815751183873,-8.85676072712079
2022-12-21,19.2572454211672,13.5155534980939,4.00062462389947,-0.369418441138563,14.2385140608285,-19.6653954796734,-21.089395663422,-9.88772801975511
2022-12-22,19.173605362078,13.4869661171148,3.77427706818219,0.0704824262554311,14.2044380884505,-19.4758002983139,-20.4852344155378,-10.7487343482292
2022-12-23,18.5705240283235,13.6095364513911,3.66870841124462,0.562519541741743,14.4572820774841,-19.5187278222887,-20.3227437304734,-11.027098957423
2022-12-26,18.6601598858939,13.2847869191105,3.87752384624154,0.44652708294285,14.2594776702793,-19.3508089762973,-20.3028196336915,-10.8748467944792
2022-12-27,18.6442233896979,13.273753905767,3.83496531461194,0.413737280159658,14.020174776997,-19.226765586898,-20.2052324452787,-10.7548566350568
2022-12-28,18.837088340293,13.5168060725414,3.9869166265059,0.4225516268096,13.4961571281671,-19.5331088711194,-20.0080583637198,-10.7183525594778
2022-12-29,19.0211269939139,13.6878791124015,3.64963478366662,-0.237956007171427,13.4551748187973,-19.1107009318926,-19.9231836122401,-10.5419751574752
2023-01-02,19.2878943072479,14.311170029273,4.44606975797925,-0.400927513960774,13.7742673007355,-21.1829889452096,-19.6162842121621,-10.619200723903
2023-01-03,19.3506274268221,14.3855412536018,4.4168036555431,-0.486137591238098,14.1240391428485,-20.8324611743031,-19.5023504866196,-11.4560622266548
2023-01-04,19.617061597326,13.3281219704742,4.33697490668146,-0.283273528693712,14.170189073327,-20.7401328082319,-19.2048847335508,-11.2240564773322
2023-01-05,19.5798637822198,13.2916409537086,4.02072355041417,-0.319292465725219,13.9418522900196,-20.405174621609,-19.1132520218636,-10.9963614671643
2023-01-06,20.3586966730325,11.5242366142034,4.12203012720543,0.13801869421922,13.27544391902,-20.1065890334384,-18.9008170530102,-10.4110199412319
2023-01-09,20.4803078291436,12.3121230333143,3.27664989687838,-0.529175491302524,13.216904362105,-19.8478164421729,-18.213055080416,-10.6959381075498
2023-01-10,20.6551696725418,13.6660187981829,2.12567074417409,-1.01662252959681,13.3159426233651,-20.4642368357705,-17.4355040768434,-10.8464383960531
2023-01-11,21.0286581512675,13.7462092631837,2.50084914487268,-1.48987760617226,13.3642715782435,-20.2888147789742,-17.2475443224716,-11.6137514299493
2023-01-12,21.3886602907737,11.8783477615352,1.06555653454588,-0.302710754409489,15.2691396683342,-20.8668768176692,-16.9989073171653,-11.433209365945
2023-01-13,18.3154961952635,12.0883794336031,1.60157482032808,-0.578916128118472,14.4802065085706,-18.5888486689673,-18.4910692300148,-8.8268229306648
2023-01-16,17.7765370734814,11.2081343787385,2.04689029003884,-0.366357339402519,13.4974430363606,-17.6349668062588,-18.756949508063,-7.77073112489497
2023-01-17,17.7700036465911,11.2749706456306,1.89694635674736,-0.297034044987214,12.5515446616039,-17.2990077762631,-18.8043471509586,-7.09307633836409
2023-01-18,16.1886213544856,10.9976462905609,2.5445843738354,-0.392332864163635,15.793148233537,-18.0962716233469,-18.1950256642251,-8.8403701006833
2023-01-19,15.9946639067896,11.556683390868,1.07076104288485,-0.124666148655223,15.7675332588423,-17.7156844355688,-18.7772326247024,-7.77205839045831
2023-01-20,17.2378257988178,12.4403296773958,0.144082619980296,-2.63538793296865,16.6746027778389,-17.5511639147525,-19.8735257376614,-6.43676328865033
2023-01-23,17.9750980769355,9.7853621444538,1.8909408261451,-0.660570591423671,16.5837043955666,-17.2711814952037,-19.2682144390416,-9.03513891743208
2023-01-24,15.0563824881462,11.8615041406013,1.30671922052949,-2.69052402492278,16.4896718212755,-15.8535067130261,-18.9310685977128,-7.23917833489081
2023-01-25,17.4775830849437,10.4532192031281,4.10397091393039,-6.37828907483058,18.7737891112254,-17.0190667802413,-18.929584358684,-8.48162209947173
2023-01-26,16.5121158913403,11.2774128634973,3.19161264305622,-4.00767970748266,17.3161563423876,-16.5530480191103,-19.8298089854296,-7.90676102825886
2023-01-27,16.7760174983563,11.1751663044672,2.23141372678811,-3.67482880855852,17.0199285553859,-16.3108462512244,-19.1799247159883,-8.03692630922634
2023-01-30,16.5382610275814,11.4070190379026,2.08586372565023,-3.59442012406443,16.7387715332252,-16.140463313273,-19.0309988546644,-8.00403303235758
2023-01-31,16.7834954870948,11.3071329641019,2.00335189263438,-3.56844870903574,16.9245745254517,-16.3364478954767,-18.9335459548757,-8.18011230989467
2023-02-01,17.6526849863852,9.62588770967019,1.80741405312887,-3.43146416383382,17.7585581691994,-16.1684852537993,-17.816368361589,-9.42822713916156
2023-02-02,19.4991737673685,5.64839107282823,1.72019484917814,-0.617058468376655,18.4886511257757,-16.4165907511149,-16.049103867286,-12.2736577283731
2023-02-03,17.6608053414302,3.05509112001901,2.48305375714668,-1.77415749634677,17.6582816331492,-16.7093527862085,-18.7781520402758,-3.59556952891397
2023-02-06,16.9061733291964,3.47752255354744,2.80846435574935,-2.5340216832525,17.7056486753339,-16.7942909366546,-18.6767438943081,-2.89275239961192
2023-02-07,16.2584670996278,3.57824552813643,3.13990698009072,-2.35334045848611,17.3800531536997,-16.5575361963147,-18.5226206690398,-2.92317543771404
2023-02-08,18.6567055643431,4.21423806628701,2.61912947274589,-2.8653682714943,14.0362471399037,-16.8588495490857,-17.3810847832138,-2.42101763948592
2023-02-09,19.9707401939573,4.56811653691145,2.10055982869189,-3.31318970312575,12.7793968266923,-17.2351020666309,-16.7197143550277,-2.15080726146867
2023-02-10,19.1140976996874,1.04690812120039,3.14026937876642,-2.23502412302985,13.7315404858161,-17.6455157499643,-15.7204161041546,-1.43185970832156
2023-02-13,20.5043342858699,0.233354960765467,2.95684535737586,-1.49080742258644,9.76725422100605,-16.3475483232875,-14.7599436370199,-0.863489442123509
2023-02-14,20.6956597284649,1.22151434095777,-0.93532228944926,-1.45420777449606,10.7011624193788,-16.1598483391134,-13.9465103359547,-0.122447749788044
2023-02-15,20.7220899433874,1.78820398919031,-1.92020921614029,-1.02616994229068,12.240282561901,-16.7244693590413,-14.5862694272367,-0.493458549769805
2023-02-16,20.7250229086741,1.73302843496039,-1.8937366222337,-1.03782734250336,12.2025930566277,-16.6792271471913,-14.4904022593678,-0.559451028966045
2023-02-17,20.9611588985111,1.74354127928148,-1.79754358840692,-1.5179203823987,11.8744235388307,-16.2634217019278,-14.1391865397317,-0.861051504158134
2023-02-22,19.9720358421127,1.95801171890169,-1.66692475148864,-2.91800392657109,11.697116350069,-15.5367888818923,-13.2121738287322,-0.293272522399221
2023-02-23,20.4532710376173,1.22693602421782,-1.96899809530109,-1.94875954589357,12.603504874177,-16.1797292095262,-14.0180437709531,-0.168181314338121
2023-02-24,19.4615153339501,0.418722506953166,-2.2958479580803,-2.11717662281616,12.6786156500729,-16.0623076910354,-12.3116392030727,0.228117984028358
2023-02-27,18.9046260897718,0.678190630483194,-2.09517654559971,-2.81043072422402,13.004811533442,-15.9449554679398,-12.2217939080551,0.484728392121717
2023-02-28,18.8213890769961,1.17389802288324,-1.9025890025561,-2.50001146996269,11.7880270494618,-15.858125326324,-11.6538015607381,0.13121321023965
2023-03-01,19.3136368651471,2.49010817070628,-0.0185090677012312,-2.57836277157737,11.2958692598668,-15.6472822425203,-12.4301422727523,-2.42531794116898
2023-03-02,18.1901369813961,2.66100706914699,0.0235252350134019,-2.41084087241497,11.6257875837774,-15.7325439587511,-12.4063832934072,-1.9506887447608
2023-03-03,15.660725944921,3.6231137171465,-2.24619183527785,-0.962136225241679,11.5883600550613,-16.0938333592669,-10.7374023411597,-0.832635956182685
2023-03-06,16.6300703755324,3.71543951514932,-2.76434214399004,-1.26133678816029,12.0875372745923,-16.4213260465904,-11.0436598139091,-0.942382372624181
2023-03-07,16.4966912797778,3.65470268464662,-2.95855689582386,-1.27106936072543,12.1764858981692,-16.1587339540469,-11.0881073090689,-0.851412342928576
2023-03-08,15.573319172771,3.76619823296173,-2.84003354942627,-1.58101752374144,12.066693583793,-15.3580022687495,-11.1951761754773,-0.431981472131241
2023-03-09,14.5995857473518,3.83957644694199,-3.02766259105103,-1.70096784669032,12.4173154621469,-15.1683189569009,-10.6901874936827,-0.269340768115818
2023-03-10,14.463248254311,3.42352306140501,-2.76499640758357,-1.24609163476958,12.830885417674,-14.8671482989701,-12.1546529890965,0.315232597029677
2023-03-13,14.4784745643201,3.89384984337692,-2.67682915080604,-1.58088408930303,12.7197266868224,-14.6467302805356,-11.3950245010603,-0.792583072814466
2023-03-14,14.8683989217789,4.34646387786603,-2.54860826448785,-1.6368833407274,12.1163825629055,-14.6273152346085,-10.8554730993742,-1.66296542335252
2023-03-15,15.8764454309451,5.53663848847417,-2.80670205979074,-2.95332672698648,11.8826265495788,-14.6568514494539,-10.8871028092867,-1.99172742348031
2023-03-16,15.9999469413353,5.38937411149237,-2.49797971979711,-4.05124561189697,12.1198804249473,-14.0628843266756,-11.2049089703158,-1.69218284908949
2023-03-17,17.1886435923263,5.20244009548416,-3.98724998955687,-4.55365797133503,12.0504070271729,-12.8499868412922,-12.0209843385365,-1.02961157426269
2023-03-20,17.1545815316284,5.86467355623266,-2.97285903870266,-4.62122408853974,12.020600663921,-13.5421560579781,-12.7230975762187,-1.180518990343
2023-03-21,17.2204591341194,5.98555531387186,-3.29361074627228,-5.29581275324514,12.140002188602,-12.785649651647,-12.9154030377701,-1.05554044765879
2023-03-22,17.5055388093345,5.28805698452368,-3.34821683342484,-4.90794554725141,12.181111349756,-12.7884289217894,-12.8789681492269,-1.05114769192168
2023-03-23,18.9075908118149,4.7350122177992,-3.95747657501744,-4.47495897925743,12.9090124666328,-13.2708011626514,-12.9623348316114,-1.88604394770921
2023-03-24,17.9304690476386,3.35703207870631,-3.51862311054372,-4.16343283657009,12.721951139157,-12.9623255309416,-12.3595452503951,-1.00552553705133
2023-03-27,17.5662268228403,3.23231996298279,-3.12810047211024,-4.25551708101998,12.4640595062984,-12.7579466468121,-12.2195421122912,-0.901499979887909
2023-03-28,17.5293882454779,3.17049260743568,-2.72829672489846,-4.08480694640824,11.4172801336565,-12.2656527812945,-11.9766191444858,-1.06178538948306
2023-03-29,16.4193080061895,3.71858941330147,-3.45020287902383,-4.19046643645845,12.6654243260347,-12.3772577742117,-12.1748267450751,-0.610567910756643
2023-03-30,16.0460824673323,4.30119869648091,-3.99435637838926,-4.20167565887708,13.7200422024636,-12.7696585853933,-12.4641008968323,-0.637531846784853
2023-03-31,16.0612539436114,3.91489241618761,-3.89474888418598,-4.00902044252616,13.5377854792226,-12.2320874962004,-12.978154604937,-0.399920411172005
2023-04-03,14.3305983802762,3.76402917287962,-4.39914426258213,-3.02445996321922,13.717214455909,-10.8819953230269,-12.0046321398978,-1.50161032033877
2023-04-04,14.2713041577955,3.8100572549052,-4.42638355875479,-3.19897450662114,13.7556508351676,-10.538215971276,-12.0199467204737,-1.65349149074268
2023-04-05,14.2809481708647,3.93921741823169,-4.40794164431365,-3.45512236196271,13.7458458840901,-10.4173574025952,-12.0204553180945,-1.66513474622032
2023-04-06,14.0444615469536,3.36761233675179,-3.99116581288185,-2.03274720553382,12.9262043308765,-10.4460187743524,-12.0413773163815,-1.82696910543238
2023-04-10,13.7040771282294,3.72406614976255,-4.59848887866924,-1.09339195927711,12.2948812444068,-10.3951780591948,-11.818139124383,-1.81782650087456
2023-04-11,14.9044278943143,4.77246356021802,-5.59696362050481,-3.20663423229141,13.6153337247892,-11.061312627195,-11.8901283181754,-1.53718638115496
2023-04-12,15.0840305629657,5.76931739936787,-4.37358720300895,-5.54328919726312,15.6961558510155,-11.6774755649846,-14.0475606231372,-0.907591224955233
2023-04-13,15.2453127730539,5.65255562107558,-4.68563193711184,-5.65731231867984,15.4232681753719,-11.2846798735654,-12.9060136071691,-1.7874988329752
2023-04-14,15.3862730692433,5.52798585640856,-4.93488730171283,-6.11645580055525,15.5554360089885,-11.4345250553466,-12.3726376466955,-1.61118913033019
2023-04-17,15.2975058064246,5.60655054687246,-4.80326289445533,-7.1157332720279,16.0521741978648,-11.0812910768054,-12.8667323762725,-1.08921093160077
2023-04-18,15.4187458889449,5.68224119772525,-4.73695736229648,-6.82825264024336,15.6483385862611,-11.1312216106783,-12.8924838294304,-1.1604102302827
2023-04-19,15.484382258524,5.37556016899929,-4.60713357285217,-7.7650380588252,15.7894674438421,-10.6657263895193,-12.8716348474347,-0.739877002733976
2023-04-20,15.7049575821441,4.04793275754535,-4.43117560695562,-7.83297018348098,16.1377943327837,-10.3952569417015,-12.6918156077719,-0.539466332563251
2023-04-24,15.8153092013083,4.37804144774001,-4.30561578934163,-7.90523375372266,15.5351192266531,-10.3372504070343,-12.5915514379245,-0.588818487678218
2023-04-25,15.7930122789707,4.19342779105166,-3.84589827646793,-7.65125380819369,15.5958254473329,-10.787147762171,-13.0233989147565,-0.274566755766152
2023-04-26,15.9226612558363,4.0923490217763,-3.73674961955125,-7.8181416133337,14.90174474805,-10.3775825034851,-12.8183133279228,-0.165967961369809
2023-04-27,15.3276559447769,3.655506644314,-3.10022662419048,-7.69948512141072,13.9074687048405,-9.09363409615052,-12.8558361703563,-0.14144928182337
2023-04-28,14.8596117561143,4.90088198474785,-2.87503898014842,-7.26205727511707,13.6801866169646,-9.09656656451072,-14.6777990363385,0.470781498288005
2023-05-02,14.932876142772,4.40561683451406,-3.07501148791489,-6.97765118219723,13.8722228250718,-8.33046424185317,-14.9363866963837,0.108797805991074
2023-05-03,15.0891627606498,5.19238274003736,-3.86442927669148,-6.7456487481525,12.4290960030894,-8.0137768086407,-14.0575474158377,-0.0292392544542253
2023-05-04,15.8752221232839,5.6630088864232,-5.17774753087521,-6.57622153864881,10.3270310131518,-8.24665520992003,-11.6172196593392,-0.247418084075633
2023-05-05,16.1970958555584,4.24711790980075,-6.22848751921424,-6.45223108334937,10.8544564818403,-7.65315899572962,-11.0721780962773,0.107385447371158
2023-05-08,12.7536765697359,4.03016353460134,-4.38714131261298,-6.21580203515521,10.3889007764802,-7.13729886315451,-10.5311589171137,1.09866024721897
2023-05-09,13.0806868929223,3.57740162934465,-4.52063606124959,-6.0596956410205,10.4473993931937,-7.09677177190238,-10.6540149610184,1.22563051973017
2023-05-10,11.5595845848253,3.38680758918731,-3.68805292611783,-6.10063945147032,10.0357214830135,-7.27450568676918,-9.71649699071264,1.79758139804393
2023-05-11,11.7503587033813,3.35776025223893,-3.49071106135109,-6.31767192074391,10.2561771250736,-6.95706351460391,-10.3378204459185,1.73897086192352
2023-05-12,11.8908462627609,3.00347111294743,-3.55213950519862,-6.22811721993199,10.5949876892479,-7.57281290021499,-10.1596680495392,2.02343260992866
2023-05-15,12.0428682745261,3.29737993226899,-3.61566792196505,-6.14358855948849,10.705853423855,-8.08203627444657,-9.94243827859697,1.73762940384702
2023-05-16,12.2882145844843,3.29686308026663,-4.25399053663151,-6.34633478246595,10.8118249400635,-7.82169117391901,-9.77319121142511,1.79830509962714
2023-05-17,11.760574555778,3.23927534120935,-5.48403446968911,-6.26436841985323,9.66939645819144,-7.44030302008466,-7.90511046610157,2.42457002054978
2023-05-18,10.459053680895,3.73227829662719,-5.72776717426171,-6.774399951981,7.30896629921784,-6.84447510826311,-5.7945316749425,3.64087563270827
2023-05-19,11.352136789708,4.33394636739,-5.30200251276646,-8.49299962781085,9.34756119412084,-7.48415562652528,-6.84989549537332,3.09540891125708
2023-05-22,11.3604048808679,4.38599537200112,-5.05324168677119,-8.37198320883055,9.47656468305083,-7.6780061501916,-7.42077439032256,3.30104050019609
2023-05-23,11.9538781340712,4.7881533424922,-5.27837436047587,-8.9608566954466,9.3939295997249,-7.44461959850794,-7.87395832431425,3.42184790245636
2023-05-24,11.9597541831556,4.68234191959158,-5.04308036482706,-8.61340753475046,9.04973472268242,-7.3814486987203,-7.77348629412278,3.11959206699101
2023-05-25,12.3200513017686,5.80719338616434,-5.97737752149755,-9.0429054137911,7.93189609601665,-7.82555283570792,-6.56974363263007,3.35643861967711
2023-05-26,12.6051646419466,6.28778887854659,-6.46647090273934,-8.99170481042016,7.37918483164833,-8.18087852318186,-5.79283157781071,3.15974746201059
2023-05-29,12.339974179943,7.08646795132631,-4.1187179815208,-10.7039411586259,6.35764047674045,-7.99593072970558,-7.76138499528461,4.79589225712716
2023-05-30,12.0610155127658,7.27709675393616,-4.07494734600131,-10.6170037883616,6.34110721579307,-7.90969717899453,-7.67602006560895,4.59844889647131
2023-05-31,11.7782591312398,7.53420120604945,-4.01519690074468,-10.5568655003558,5.72822544568289,-8.22132302828722,-7.46832371928382,5.22102336569939
2023-06-01,11.6517540467295,7.49082788895844,-3.81502731236035,-10.376613051557,5.95178035491204,-8.92544798344578,-7.31220705663051,5.33493311339365
2023-06-02,11.3307918331969,7.73158919476907,-3.5419925847907,-10.6969648960775,6.59536460596682,-9.19645073213185,-7.14452970334614,4.92219228241342
2023-06-05,11.055312913597,7.7427817968012,-3.35235736561307,-10.7327982237657,6.54974212279279,-9.19930797415933,-7.02015627639975,4.95678300674679
2023-06-06,11.9130181506129,8.67714044046714,-5.61359767321963,-8.33356656606838,7.33887206047238,-10.4951415294534,-8.31750309848353,4.8307782156725
2023-06-07,11.4584859628851,7.69078450593458,-5.16136745926413,-7.43060811674332,7.6510385698038,-10.5566956641767,-10.0783691290176,6.42673133057832
2023-06-09,12.4324741057216,6.63600140258967,-10.3286122539573,-5.62985505863575,8.25152993708905,-10.7473347928368,-6.90315424419624,6.28895090422574
2023-06-12,12.6008953321302,6.86078436310215,-10.5902838045343,-5.53948315976937,7.10765125250474,-10.3660590040303,-6.91376206484667,6.84025708544351
2023-06-13,12.1903252811083,7.0361341950295,-10.1864931722649,-5.39735155024604,7.28809031380498,-10.1076560849643,-7.53287331752234,6.7098243350548
2023-06-14,10.8928984661268,6.75701167044134,-9.50479535879878,-5.03184052814822,6.47065817352388,-9.22202558394812,-7.25342571278508,6.89151887358821
2023-06-15,9.75436259358685,6.77066543826461,-9.30375069253515,-4.62655861388255,6.87070778866764,-8.9755041573621,-7.41577907644348,6.92585671970418
2023-06-16,10.5918913976456,7.78702894809231,-9.34546457192544,-5.54499426998174,7.69252987151176,-9.93013507271251,-9.29880600630292,8.04794970367292
2023-06-19,12.1628268107111,9.51854516642349,-9.16662727068847,-5.77943350653115,8.48425047979303,-11.7944970696255,-11.5314258289355,8.106361218853
2023-06-20,12.4322006144984,8.70292928587011,-10.0189680098402,-5.80070585207368,8.61889772890684,-12.123519257942,-10.2970712153792,8.48623670595966
2023-06-21,12.5500447991801,8.52031774065865,-9.21556807858929,-5.70814323082979,8.65293360780606,-11.9731485137571,-11.0078260195892,8.18138969512063
2023-06-22,11.5945045759776,8.9717401163802,-9.49817136626235,-8.83991891593812,9.32497739023724,-11.4367608042249,-9.33455198757787,9.21818099140825
2023-06-23,13.3011009858953,7.7549365086351,-8.76406871285925,-7.36153695983313,8.58984572089419,-11.2821873708475,-9.87371740005164,7.63562722816689
2023-06-26,13.0867433791026,8.0099332213343,-8.84738575412457,-7.62999559494158,8.64742784756543,-10.9490252146501,-9.54224209097496,7.2245442066889
2023-06-27,12.2350392505142,10.6260250493712,-9.2308182771494,-9.28887736674357,9.51609359874644,-11.0839896309257,-8.37913834893743,5.6056657251243
2023-06-28,14.2501803641662,9.29107950141029,-8.74136388124118,-6.83929542300302,7.54925826559595,-10.7548580683557,-9.75832441839582,5.00332365982332
2023-06-29,14.8617106896063,8.98671768182555,-8.64475168728167,-5.90186578744129,7.24061253254606,-10.8194613264121,-10.3973414229438,4.67437932010095
2023-06-30,13.8860271172567,9.09254898539574,-7.67836563902993,-6.6546839507957,7.91753027910876,-10.4068246424281,-10.3607024030522,4.20447025354476
2023-07-03,14.5275558263494,9.26592572873125,-8.72620959564762,-6.48647856734045,6.94788801804096,-10.1664993839306,-9.91103071472216,4.54884868851926
2023-07-04,15.4326422413991,10.7546586699873,-7.13573934490466,-7.80345689341947,8.13473709896109,-11.0323824391963,-11.0880735049628,2.73761417213574
2023-07-05,15.610438295186,10.9015795902666,-6.98084964749343,-8.62342923456098,7.87691833417378,-11.7140040770834,-10.4979900954929,3.42733683500433
2023-07-06,14.4367071135882,10.8199479727304,-6.90657846292379,-8.94555697063426,8.3640292830145,-12.0869315661568,-9.75211653516972,4.07049916555155
2023-07-07,14.0115730141086,11.0802291153789,-6.6312840421208,-8.83937283548695,8.23287128515685,-12.0182803216526,-9.91722947282541,4.08149325744137
2023-07-10,13.9852338592059,11.9144537533234,-7.36592300527947,-8.86224109447654,8.18581988915891,-11.7747205397672,-9.95088798914325,3.86826512697819
2023-07-11,14.7239058918968,12.279332107898,-8.37370719095163,-9.0230659246239,8.81283650451508,-11.2194095753023,-10.0413421216159,2.84145030818384
2023-07-12,15.3497208876946,12.9318121048351,-9.60774936857108,-10.0939442545748,7.93757188597215,-9.68508821582225,-9.98090307075531,3.1485800312216
2023-07-13,14.9331215167211,10.068506900765,-9.92396635366303,-10.8802957493992,8.0910607304436,-7.58137893615572,-9.46378344089009,4.75673533217844
2023-07-14,14.9882916573447,10.6883712245966,-7.85503807613659,-10.8347464595927,7.31903034216518,-7.63781730961249,-11.0173892884657,4.34929790970111
2023-07-17,14.5224409680953,10.1863732735761,-8.8896625699063,-10.9326876395454,8.92872810399024,-7.9595215163042,-10.5398488499218,4.68417823001604
2023-07-18,14.4236122329267,10.4596262910134,-9.06948792924582,-10.7153672866449,8.91415900552134,-8.43247335754508,-10.5679401004818,4.98787114445604
2023-07-19,14.8869887623512,9.76786624721639,-8.66830327507994,-10.8132835120505,9.52007717895032,-9.07614760555091,-11.3573048145774,5.74010701874089
2023-07-20,14.3516859115387,10.2063374765976,-9.13104131682623,-10.5460870623429,9.73946672780849,-8.99103240413768,-11.245360653806,5.61603132116797
2023-07-21,14.4194756583496,9.43428537610185,-9.40669903396562,-9.95554407742349,8.83554727632029,-8.80903719391329,-11.2088803739684,6.69085236849909
2023-07-24,15.1908417418751,8.99088069853215,-8.55591974448893,-9.86001417568331,8.75915653859813,-8.57044287161688,-12.0368335238897,6.08233133667338
2023-07-25,15.6034799901363,8.65630063277208,-8.39803880455297,-9.39870875455834,8.78610322860552,-8.3532977038256,-12.4812835677074,5.58544497913043
2023-07-26,14.7992540832775,8.54379331832753,-7.9415239635691,-10.6233886031369,8.91534500817524,-7.67521769519022,-11.8443116848028,5.82604953691882
2023-07-27,13.1754477024129,8.88049551366675,-7.23577179714475,-11.2614627136536,8.83220276459856,-7.27043280901033,-11.4907625224431,6.37028386157355
2023-07-28,13.9928852076469,8.93468663972965,-6.81595235623563,-12.2255896655336,8.49249996654116,-7.06248461674989,-11.7781325855603,6.46208741016168
2023-07-31,14.4826625140966,9.20863391658462,-7.13420410157024,-13.0776548556634,8.5601242350651,-6.84226090152354,-11.7411512688733,6.5438504618842
2023-08-01,14.2388846737752,8.81413729430298,-6.38927664823043,-13.3758531098664,8.64788958232257,-6.11209028991851,-11.1791058721825,5.35541436979707
2023-08-02,14.4764008469644,8.50789843817476,-6.84635571335965,-13.0333643309496,8.46409229332944,-6.3859191402654,-11.3398334043322,6.15708101043828
2023-08-03,14.8652827963717,9.66148464703261,-8.20926348591097,-14.2563648270416,9.02616136245196,-6.50066942607999,-10.1429402500314,5.55630918320771
2023-08-04,15.6250253319637,5.04214113518051,-7.31780561497165,-13.8156462417183,9.77943298332902,-6.06008400239261,-9.62483097446475,6.37176738307405
2023-08-07,15.3450003128123,3.86698562560129,-6.37141225170214,-12.2142179555106,10.0991291816963,-5.71986323625411,-9.45359294733049,4.44797127068758
2023-08-08,16.0889315574748,4.45571612034836,-6.25247257165677,-13.1916093831212,9.24334952324867,-5.40994505414996,-9.1872018751766,4.25323168303264
2023-08-09,14.6278857590972,4.39505824411929,-5.94250682667698,-12.3789451285,8.93714876558504,-5.09838839041772,-8.88100970446001,4.34075728125316
2023-08-10,14.1601148084885,4.54475758508685,-5.16355023186888,-12.0302393504046,8.17260319313052,-5.05866330495695,-8.72729675923003,4.10227405975464
2023-08-11,13.8527714631234,4.5968879626367,-3.39015577986068,-12.7238949262839,8.17327999322809,-3.96822553339885,-9.70256689116224,3.16190371171744
2023-08-14,14.1285123533279,4.79303439777939,-3.08979299813714,-13.2294239689358,7.7599936129733,-3.59860020939594,-9.68813649403229,2.92441330642053
2023-08-15,14.9324281986349,5.15510096636867,-2.70557322429686,-13.3240610318584,7.44320907297229,-4.52460970455947,-10.2253031043366,3.24880882707553
2023-08-16,14.843303154562,5.12835426029741,-2.53529957881175,-14.8713118731743,7.56802516957151,-3.22641970346459,-9.29631794505967,2.38966651607943
2023-08-17,15.3704270099001,4.53315245998398,-3.03071116149495,-13.4223074401717,7.73101820943781,-3.82383797937953,-9.41273039931476,2.05498930103901
2023-08-18,15.2376803178745,3.81145497725835,-3.10011594451965,-12.8758337651351,7.79107162691202,-3.77072819876201,-9.24418426556305,2.15065525193492
2023-08-21,15.3007013133335,4.00403670284739,-3.01924424501107,-12.4042980750367,7.43598222981883,-4.06672216978993,-9.22549191068817,1.97503615452618
2023-08-22,15.5666530009096,6.22808058084831,-4.01186758614202,-10.5237313763518,6.99835009251232,-6.02048477666764,-11.1996447897777,2.96264485466894
2023-08-23,15.7635381707813,6.66572868035106,-3.96345711270756,-10.0310340536108,6.76018567055838,-6.22989038899409,-11.9913974049,3.02632643852171
2023-08-24,15.7014489760116,6.75984377942954,-4.72960826324629,-9.77602242674313,6.31735225858807,-6.43946094740573,-11.6812357863342,3.84768240970013
2023-08-25,15.2248264011167,5.87979289242297,-3.69286135592935,-10.26914910393,7.333538174479,-5.77488838591235,-12.1519370141142,3.45067839186714
2023-08-28,14.7874829998304,5.84920597094454,-3.32707192531818,-10.2808142288352,7.35091917561475,-5.60823230716252,-12.1328812052904,3.3613915202166
2023-08-29,15.1850412970951,5.98129201280422,-3.13779304792512,-10.2454328088321,7.4704558362621,-6.0925300659182,-12.4068290913359,3.24579586784986
2023-08-30,13.5591661723071,6.08188558294545,-2.66198463629786,-10.2741868206905,8.52654145743918,-6.72465425451808,-12.3475556019431,3.84078810075789
2023-08-31,13.0534511126257,6.34366796523312,-2.43651563050589,-10.5836469304702,8.75586956540212,-6.83341808525621,-12.3011651398571,4.00175714282849
2023-09-01,12.9490092118155,6.584980376688,-2.25109987176768,-10.5227983760517,8.68516872640735,-6.9135135028814,-12.0938641993761,3.5621176351661
2023-09-04,12.6883947458424,6.89769774383441,-1.33494749409562,-10.9989145400992,7.84772210345704,-6.75810231923266,-13.0384632780152,4.69661303830888
2023-09-05,12.9920483601296,4.04607882957166,-0.556239072669008,-10.7836643957692,7.71532552806744,-6.39371747852879,-12.5786307482183,5.55879897741657
2023-09-06,13.1920735443347,5.10878535962109,-0.942123943521985,-10.8940719353406,6.95843382319553,-6.69291890733466,-12.4675954876884,5.73741754673438
2023-09-08,13.3373232279101,5.2258298182239,-0.435667942878929,-10.5314125187659,6.81019264523636,-7.46100366858776,-13.0948957173301,6.14963415619233
2023-09-11,13.5183271558627,5.45233322755008,-0.295447952712721,-11.2795996006582,6.7121450881037,-7.04164569211968,-12.670900830018,5.60478860399216
2023-09-12,13.2466932348057,4.87540913161009,-0.416102321961112,-10.6032656135533,7.40013748195225,-7.76855810796421,-12.7487922858375,6.01447848094808
2023-09-13,13.3368909701398,4.72849929035759,-0.210169041539373,-11.0841125090512,7.65215421718916,-7.60921082357754,-12.8668290570446,6.05277695352625
2023-09-14,13.4270605241652,4.92744219914826,-0.0751213003335209,-11.2583873026375,7.26954862052812,-7.58194623263353,-12.4391461287255,5.73054962048842
2023-09-15,10.4221607726535,6.64624567936547,-0.352539620792726,-7.61391796293955,6.98301309100333,-9.10299950392422,-13.5491053694175,6.56714291405176
2023-09-18,10.7514323130081,6.8504557413086,-0.109608059624627,-7.35264825126293,6.93358295616448,-8.92388094866482,-13.1217256839514,4.97239193302254
2023-09-19,10.4062652300987,6.63569625339115,0.0177955745925971,-7.3931988508781,7.05881692133129,-8.90100730616852,-12.9394474331363,5.11507961076921
2023-09-20,10.3467596618443,6.30649128658172,0.438676051896771,-6.71397974156081,6.09134387966049,-8.6430331081413,-13.2380499092671,5.41179187898589
2023-09-21,10.2967767245412,6.46413357172862,0.0228571524585632,-7.09696722395845,6.38060459234104,-8.519135252778,-13.2590036801052,5.71073411577217
2023-09-22,10.6778492922317,6.83771482691487,0.536125692499887,-7.08069183192116,6.36064052796115,-9.11198757745099,-13.344368441859,5.12471751162352
2023-09-25,11.3825329445241,6.89644849901977,1.21905169632974,-7.01724391118498,5.81569490978428,-9.5807668605288,-13.6566599523893,4.94094267444516
2023-09-26,12.6316557277858,7.62737012666567,0.0721089339157217,-7.37353215527931,6.38051237508539,-9.95829208485182,-13.2940901889937,3.91426726567224
2023-09-27,9.65856515281661,7.68732154173824,0.906172608419702,-9.82167765091472,6.2818740736293,-9.88807286779242,-11.3865446561986,6.56236179830187
2023-09-28,9.70460110383565,8.02163461391689,0.653611803302852,-9.26801088619996,6.13619688243146,-9.64378202243595,-11.5411760367145,5.93692454186355
2023-09-29,8.9082408746382,7.68501246858769,1.46870474370429,-7.8605801956726,5.44894024571256,-9.54235020065379,-12.1408068317234,6.03283889540704
2023-10-02,8.58846670155411,7.46074304201214,1.5127113323897,-7.50564478450534,5.17706636663429,-9.57942456673017,-11.7791803198823,6.12526222852753
2023-10-03,8.25796085563952,7.12294342850638,2.09614704475791,-7.56361836550138,4.89675011986902,-9.4712640514735,-11.2734715405278,5.93455250872989
2023-10-04,8.14217530476657,7.35338820570117,1.32821612250383,-7.99780005686332,4.7328335018834,-9.00939852885857,-10.2808280032584,5.73141345412538
2023-10-05,7.6676423741984,8.5494592728643,2.18441110358503,-8.17202136326613,2.51915922541118,-8.60390500618033,-9.42839222627092,5.28364661965848
2023-10-06,8.0082363945636,10.3029921835908,3.33488022647673,-9.67662080865183,1.39040467337928,-8.52781218395277,-8.6499484636817,3.81786797827586
2023-10-09,8.18332225565715,9.95667604442104,3.11612128209344,-8.19931163614326,1.71791711563409,-8.96697514673889,-9.00288053817273,3.19513062324916
2023-10-10,7.78282906240023,10.4219581924845,3.57437096597385,-7.42656635183562,1.97132658106529,-9.26677505480345,-9.14076669649785,2.08362330121307
2023-10-11,7.57379433580142,10.9116217111392,2.88177994401364,-7.02730740737368,2.59113825149482,-9.10400911302893,-9.07978919069442,1.25277146864795
2023-10-13,7.72227437285628,11.329111162633,4.3562398599594,-6.99146349661326,2.64108686119648,-9.60628701614167,-8.88630758532623,-0.564654158563989
2023-10-16,8.43992126358835,11.5390320352705,3.5732021443979,-6.07933879471784,2.94661251047183,-9.70021253937441,-8.79262169909264,-1.92659492054371
2023-10-17,7.23748475425283,11.6517932432121,4.46606789161547,-6.2011035355351,3.24916671279287,-9.15730788330757,-9.60790931767353,-1.63819186535711
2023-10-18,6.93928250779672,11.771170826687,4.62279233539879,-6.24222947051086,3.28615784356965,-9.01004979503177,-9.6382013929467,-1.72892285496282
2023-10-19,7.44264019432654,11.4754285757319,5.00773592910194,-7.0325894791555,4.2014325005696,-8.80276026413763,-9.98005739707117,-2.31183005936569
2023-10-20,7.33474035974318,11.6110206193927,4.60365868959821,-6.87133075896998,4.27417662123808,-8.79937186817356,-10.0850142078009,-2.06787945502779
2023-10-23,7.78899146355844,9.85659607437918,4.8265616614292,-6.57204410524363,4.60610303690503,-8.72613759419744,-9.76173625031081,-2.01833428651999
2023-10-24,7.80875237190463,9.67665669425757,4.86990223097905,-6.48706520928744,4.60194033961771,-8.69588174312085,-9.73240920365029,-2.04189548070039
2023-10-25,8.66037063973442,9.79202779290381,3.20345792374457,-5.44664034463835,4.24712831095238,-9.01545035817736,-9.50697621473751,-1.93391774978196
2023-10-26,8.67889308382266,9.73439475301218,3.67612279172265,-6.7300986433459,4.2846577239531,-9.21555410291275,-9.51787229608349,-0.910543310168443
2023-10-27,8.62758997974152,9.47259482616266,4.20490760887591,-7.56264773408529,4.12998658776494,-9.11751064380658,-9.32678512580206,-0.428135498851098
2023-10-30,8.99362789185073,9.28138415997655,4.51787191152064,-7.36737973619069,3.09166634892424,-9.26352427711559,-9.40277799556623,0.149131696600342
2023-10-31,9.46587215963692,9.27531651639291,3.7391641579126,-6.36277475030585,2.80902096728276,-9.3509307707027,-9.55988295659881,-0.015785323617834
2023-11-01,9.70592488819385,9.97041026870202,3.28940923439661,-6.02391539510615,2.70947245795964,-9.78062663416892,-9.75620102511638,-0.11447379486065
2023-11-03,10.5670148606585,8.71019939562815,2.79737557072602,-6.07839569852294,2.64654800404655,-9.5231616759989,-10.7529450789889,1.63336462245154
2023-11-06,11.5038983007081,7.95165630394663,4.56320435561433,-5.70685417907411,1.99726772138101,-10.5218778148941,-9.58948350815077,-0.197811179531051
2023-11-07,10.3926246715225,7.96323097361306,5.12523606913656,-5.54638569010903,2.23937910492933,-10.3852710163015,-9.42880342203474,-0.360010690756177
2023-11-08,10.2783815648928,7.33161756161722,6.31651786281451,-4.04518489736679,0.985861446291644,-10.4450089709443,-9.3353157072988,-1.08686886000627
2023-11-09,11.7097446239133,9.62037006342481,5.8505675308916,-6.13065506750614,-2.74379224315408,-9.90068068951888,-8.56355029414311,0.157996076092488
2023-11-10,11.8640878780071,7.70274232797309,6.04729240780642,-6.01486056065983,-2.11856559055504,-9.0173371612517,-8.38978684913645,-0.0735724521835976
2023-11-13,12.508107409805,2.8510632307045,7.43649891668241,-7.00818868291023,2.22595237864123,-8.98397746466415,-8.97680005789229,-0.0526557303665314
2023-11-14,12.391914299253,3.89167686673687,6.36087045101768,-5.848295202421,2.08881302853258,-8.4875440615142,-8.91702730686459,-1.4804080747403
2023-11-16,12.5250558969811,2.57953593918553,4.81935717427544,-4.02204760567099,1.99338922476396,-8.25864384685957,-8.47311375333902,-1.16353302933641
2023-11-17,12.3608033172294,4.22468464330238,6.07682875914039,-5.81888705515544,1.57716423327676,-8.50869997303818,-8.8624015341099,-1.04949239064544
2023-11-20,11.9578653636367,5.65190385819508,6.20649980257436,-6.5580163324821,1.60011602941221,-8.08047367662106,-9.40288394924427,-1.37501109547089
2023-11-21,11.9449637991251,5.88048600430161,5.51014539414622,-6.76215695411796,1.52777762391817,-8.08141869627319,-9.76896039204707,-0.250836779052896
2023-11-22,11.5471158192124,6.04081950589353,4.64501931925864,-6.26589141300507,1.91331907196071,-7.79602713781731,-8.48043546809564,-1.60391969740727
2023-11-23,12.9197538228043,0.978333278842847,6.29421871300616,-5.49326777591026,2.26478144644894,-7.75053031520665,-8.26625986476864,-0.947029305216741
2023-11-24,11.2503624357839,-2.27149115646474,7.83315328149973,-4.29846351080397,3.35056186283888,-8.20288330277166,-9.11462716492566,1.45338755484356
2023-11-27,11.0650074370624,-2.32507566197389,7.84227653785669,-4.15985169474848,3.34652540807691,-8.26508033112105,-8.82566575430606,1.32186405915349
2023-11-28,10.8841496491164,-2.35161591963811,8.19470381781149,-4.17701296823638,3.41710045080124,-8.31469466769663,-9.18339994059175,1.53076957843375
2023-11-29,10.6460181339533,-2.27193210711929,8.46830644369879,-4.22736205318023,3.05195630791539,-8.05002852937436,-9.19993296719688,1.58297477130324
2023-11-30,10.4928630185473,-2.96041219619615,8.92750973057583,-4.24993128577491,3.46251477825748,-8.28188867461096,-9.1381826387398,1.74752726794123
2023-12-01,10.367987953304,-2.74025808594317,9.22075872756223,-4.22165331363734,3.59668896238203,-8.30584205296724,-9.217283001585,1.29960081088444
2023-12-04,10.4119502899073,-2.61779312613072,9.19354947580849,-4.13953027623632,2.93708187607476,-8.23711376544163,-8.80293291069676,1.25478843671486
2023-12-05,10.6588070802432,-2.7754151322327,9.090434226583,-4.26760077076195,3.37875633965118,-8.34320152468608,-9.53293457476627,1.79115435596967
2023-12-06,10.4980245725419,-2.53111414752767,9.78838605611882,-5.01777127410197,4.28027656696653,-8.73007723835757,-9.98369696672632,1.69597243108625
2023-12-07,9.42235645468171,-2.19002169824991,13.0364448210927,-4.01278614371697,0.818151525644893,-8.81501840133255,-9.55951669940574,1.30039014128592
2023-12-08,9.63056057366309,-1.56109956974943,12.3443031538638,-3.77028262167636,0.950675883656807,-8.4706581686562,-9.53638061439104,0.412881363289305
2023-12-11,9.10739562766385,-2.47563870562116,14.6760964430094,-3.78641926575139,0.412829615815753,-8.44621701197372,-10.2317212567226,0.743674553579851
2023-12-12,9.07861076285791,-3.49064295287486,15.1176787895719,-3.01469836772717,0.888439261768639,-8.83846243799569,-10.729046328593,0.988121272992224
2023-12-13,9.4628282625748,-2.77742147582779,16.6319078886653,-4.15664890086057,1.07524540810687,-8.5099595606997,-12.8166382071195,1.09068658516057
2023-12-14,9.18300145879318,-3.25507946653542,17.2498184738137,-4.08219778352451,0.531159872498279,-8.1119814664686,-13.6112470797746,2.09652599119794
2023-12-15,8.82047626076493,-2.29742660264158,16.643941627238,-3.34559401443998,0.301579052902838,-7.79788550478742,-12.837711293732,0.512620474695201
2023-12-18,9.19509932879804,-1.90398744083508,16.3250082807867,-2.62041843473643,0.00475812993236246,-7.38003258272555,-12.7602628528764,-0.860164428343676
2023-12-19,9.37896486179751,-1.67212483250967,14.9721774603364,-3.30062025341682,0.354737141179108,-6.205755374386,-12.3954872995784,-1.1318917034221
2023-12-20,7.92697841394866,4.11209080794038,12.6825155299289,-5.18168644232212,-4.63794871866983,-12.5504598958292,5.49447236271605,-7.84596205771287
2023-12-21,6.14030182802464,2.59184724778001,13.8025535864377,-5.01333433372641,-1.98817137852172,-7.83857254983153,-1.05103439312325,-6.64359000703943
2023-12-22,6.71679133158716,3.05496147621542,13.0072116188466,-4.82826448555659,-1.13175009187376,-7.9937415048792,-2.43372971621008,-6.39147862812958
2023-12-26,6.39517964370354,3.41982744094001,15.3010426863194,-5.23394678559426,-1.92432261852706,-8.65407185118259,-2.32720340681046,-6.97650510884861
2023-12-27,4.58459028917644,3.68810607121705,15.8004125059607,-5.14936789223903,-1.67376717969051,-9.00969253708336,-2.4121664021915,-5.82811485514974
2023-12-28,5.54352965857549,4.16407568823767,17.7059769717144,-5.92933427302554,-1.82545104594066,-9.40009872524795,-3.02517113667481,-7.23352713763861
2024-01-02,4.60959652408556,4.03622188420751,16.3032581342156,-5.74109185694322,-1.85074673928199,-9.06788693534919,-2.7351133887383,-5.55423762219599
2024-01-03,5.17969326883096,4.22343236761168,17.0038900539067,-5.9072256416643,-2.13417205105259,-9.02522271361745,-2.95001928732997,-6.39037599668508
2024-01-04,5.03117212506257,3.87518090683533,15.2045323428883,-5.26638986111483,-1.54945101020467,-8.72599829303221,-2.52662878370335,-6.04241742673111
2024-01-05,2.49016837368897,4.16067765175035,16.8110334993128,-5.30059329156987,-1.67309580712577,-8.44324902886714,-2.44065651919176,-5.60428487799761
2024-01-08,4.83073579426969,4.56663791486544,18.0375650675871,-6.461959478141,-0.508134109551918,-8.39758118825938,-3.05618294350741,-9.01108105726255
2024-01-09,4.53407924859201,5.35731208143544,17.7468177318464,-6.51932133431086,-2.45397926873484,-8.2905380277738,-2.79899543162403,-7.57537499943027
2024-01-10,4.1013905374446,5.16325186355722,17.6022400289915,-5.79427859181204,-4.20814850425552,-8.17811121738331,-2.52024480618515,-6.16609931035729
2024-01-11,3.77362869767233,4.47732972031616,20.0624413868056,-7.58571730103587,-2.69037621534893,-8.05327549971773,-3.14570706321366,-6.83832372547792
2024-01-12,2.33675442747916,3.83304985092396,18.0812163433468,-5.69604692706743,-0.977817226198432,-7.91564890678695,-2.8047858394783,-6.85672172221885
2024-01-15,3.54065347913649,3.5997719935589,20.904228956929,-8.17880387087364,-1.34635939282776,-8.08366497171085,-4.11001348089371,-6.32581271331843
2024-01-16,3.18237704490903,3.48700116281847,20.5880798838695,-7.67003671053083,-1.0447336261365,-8.01020634940613,-4.08217650047738,-6.45030490504619
2024-01-17,3.26726608357065,3.6444981142691,21.709786028322,-8.65373911170034,-1.86109324087018,-7.54107891859591,-4.07219875221633,-6.49344020277902
2024-01-18,3.62778091981757,3.02578166633478,21.9012615469534,-9.0529036642281,-2.06678378191268,-7.24523979991918,-3.9053490156574,-6.28454787138839
2024-01-19,1.72033035397743,3.57820770365741,22.1140014948771,-7.70706271716479,-1.45582514907288,-7.25966920959432,-4.09426141059153,-6.89572106608841
2024-01-22,0.850978979886769,4.71796219956512,20.6948174611905,-7.80984570648259,-0.831955350704668,-7.07658162336371,-3.7862010952551,-6.75917486483637
2024-01-23,0.597030114823617,4.71362998848834,20.7292940277152,-7.91265415855614,-0.756634280564569,-6.64301898885253,-3.79798113872888,-6.92966556432508
2024-01-24,-1.33270646406564,5.05363330936047,21.5871422617772,-7.89762905132818,0.00214854549314936,-6.73193209659904,-3.48076706415927,-7.19988944047869
2024-01-25,-2.53104779645095,5.84167553244764,22.2012991664499,-8.4264420121162,0.423439831539447,-6.80450523394749,-3.21722027067119,-7.48719921725112
2024-01-26,-3.33872699052591,6.63094007821297,24.0582216057695,-9.73898852792194,0.7116463939863,-7.91088983501308,-1.80464206583323,-8.6075606586746
2024-01-29,-3.59794147514232,7.7316733664543,24.544153463773,-10.3376610935131,1.74610557933244,-7.89856989938247,-1.74017507956481,-10.4475848619571
2024-01-30,-4.00089483016235,7.45836803650655,23.8949098586059,-10.2166340544523,1.84711124935819,-8.33522646195573,-1.71737844794631,-8.9302553499539
2024-01-31,-1.99061538857283,7.44354841925505,21.9938268329743,-8.01906294570408,-0.0554318104186393,-8.06927295993511,-1.87970080395718,-9.42329134364157
2024-02-01,-1.0486490949223,7.84098694091975,19.1930997782949,-6.1424968295306,-0.917488630548782,-8.40705633710731,-1.98271317885765,-8.53568264824799
2024-02-02,-1.15969831787187,7.93660636626262,19.036445097284,-6.00278819183572,-0.977910990810734,-8.48695665095617,-1.92242249550733,-8.42327481656478
2024-02-05,-1.18856083706347,7.30962606776081,19.5879522381616,-6.22546907555245,-1.17932183120065,-8.50327115543386,-1.67695970172641,-8.12399570494555
2024-02-06,-3.30645363707686,6.08851320741641,21.6603943024078,-5.23352399045221,-0.514499101218206,-8.11111175189711,-1.744889280279,-8.8384297489008
2024-02-07,-2.56278612031909,7.89553395610562,20.6923173362844,-6.172238407492,-2.63627062552106,-8.51145327134642,-0.973511169461176,-7.73159169825022
2024-02-08,-3.12867250319729,6.09328576407478,21.3757818669881,-5.37220908657172,-1.99861806513879,-8.2335006563293,-1.31820488516611,-7.41786243465965
2024-02-09,-4.39703865525863,11.3264190332324,22.9117516416706,-7.84248077815569,-7.00579693501408,-9.01916471435622,0.0593061290950079,-6.03299572121341
2024-02-14,0.351415041977155,6.22225139112451,18.0124093845161,-4.66388113744343,-2.55937308657777,-9.35818598433484,-1.27925417018274,-6.72538143907896
2024-02-15,2.52443786967561,3.34034127731285,16.6000701230813,-3.49095463755064,-1.22430356650289,-9.6213786995705,-1.52122168845639,-6.60699067798932
2024-02-16,1.83120945310772,4.04370986862045,16.8207734059627,-3.38599963469032,-1.63307425386767,-9.47620796864652,-1.41139888788707,-6.78901198259925
2024-02-19,1.46275930784675,3.62869600446899,16.7198469515273,-3.44705333434937,-0.949537854019241,-9.4125444544692,-1.73471833575612,-6.26744828524911
2024-02-20,1.8063808126349,3.73453459428583,16.6905509151344,-3.27608470402667,-0.778915547949381,-9.41418932927897,-2.02909212259104,-6.73318461820912
2024-02-21,2.69919404681605,3.16857290885446,16.3183642979104,-3.98342162387476,-0.455764587871094,-9.33750703429937,-2.21858135721226,-6.19085665032341
2024-02-22,2.15708821040521,2.23977150122122,18.466101559304,-4.70445362082527,1.62962201893809,-9.4789763619865,-2.93369691470014,-7.37545639235666
2024-02-23,1.96639567284994,2.24197907028924,17.7787513746179,-4.65328533265205,1.61656477206612,-9.63435556057368,-2.70399067298111,-6.61205932361641
2024-02-26,2.70970084445892,1.5248852744654,16.9832601096352,-4.01288310581791,3.8419056956735,-10.3614416410372,-3.54701320658145,-7.13841397079641
2024-02-27,3.16300990464892,1.26976110549111,16.901867185335,-3.61509548035156,3.89971248490988,-10.8289015658195,-3.79700955980844,-6.9933440744054
2024-02-28,2.73511105649194,1.22615940412788,16.7712679861344,-3.46753066013019,3.5766098102628,-10.7019217752232,-3.79388583185733,-6.34580998980632
2024-02-29,2.47963203502674,0.861838603005467,17.1026991599073,-3.4712562506012,3.85527201357745,-10.3519650757602,-3.85175254844466,-6.62446793671089
2024-03-01,1.69729964653468,0.411523824334068,17.0942858600689,-3.80202019358394,5.65182243451923,-9.73933697241482,-4.19720632725497,-7.11636827220314
2024-03-04,1.22232427860156,-0.0366405221034753,17.2162176742,-3.91108544009119,6.00194662547457,-9.62535517727611,-4.08649374952568,-6.78091368927963
2024-03-05,1.13849371371592,-0.0919110386116131,17.1337950791056,-3.37231052122228,6.0255202148957,-9.39546882145057,-4.05130274122294,-7.38681588520978
2024-03-06,1.59038093287642,-0.129328233115821,17.4847187721435,-3.58938759393933,5.78745565672244,-9.383710822068,-4.22256106571582,-7.53756764690335
2024-03-07,0.8656203997893,0.0448653118154496,18.0119484485176,-4.97630477496897,6.44659245059064,-9.44373746174872,-4.39759803480881,-6.55138633918654
2024-03-08,0.757056292301812,-0.303323672877518,19.4092542922554,-5.74218883896489,7.68144188503729,-9.31266808866248,-4.55474985183802,-7.93482201725158
2024-03-11,6.23586245843342,2.30894452627455,10.7153920426461,0.887606618977017,7.44594004721842,-11.0654878339298,-4.70425027827165,-11.824007581348
2024-03-12,8.7242187224954,2.6710737173827,8.31716142845236,2.86334408561166,7.89167504354045,-12.3052748901786,-4.79515137219921,-13.3670467351047
2024-03-13,8.5842310451031,3.13454654084995,8.89375955473658,1.3518200950382,8.0742479135351,-11.7456540647043,-4.6058780253194,-13.6870730592392
2024-03-14,8.70234916503674,2.91035344297001,7.73836079127152,2.88062685898942,6.97923335083241,-12.2004881783457,-4.7930354604346,-12.2173999703198
2024-03-15,8.77398335196822,2.57878064296335,7.69641092864875,3.38173808183256,7.13244297867168,-12.5098278951248,-4.53525883910361,-12.5182692498562
2024-03-18,9.0932254115896,2.31803926981878,8.42257235037297,2.18864526959801,8.0913711353981,-13.0190045579091,-4.4365725982435,-12.6582762806248
2024-03-19,11.0808698437229,3.16787207942622,4.23047164206026,3.9001163874188,8.78521612829198,-12.453400947537,-4.73295106193804,-13.9781940714451
2024-03-20,11.5635553163516,2.83783823422144,1.91693208604285,4.75007427387737,8.41025791662477,-9.56289379974942,-4.90378969665572,-15.0119743307129
2024-03-21,10.6792035805238,0.0976393394218888,4.84905996640794,2.72396452611394,7.16367475139489,-8.46656254429812,-4.43468836435474,-12.6122912552096
2024-03-22,9.05895978839754,-0.51439731551568,0.443270846835631,7.92845152990929,9.85867174883109,-7.70831788708356,-5.6204429439159,-13.4461957674584
2024-03-25,8.14293526128931,-0.457668199298567,-0.0672421279475302,8.5697102311155,10.1714124631206,-7.52617747620891,-5.62826793850457,-13.2047022135658
2024-03-26,6.87195920406414,-0.79653952230894,1.41512650380608,7.67023946184749,9.80513713216239,-7.84357866248573,-5.02504757424685,-12.0972965428386
2024-03-27,8.35771389669822,-1.62110843585313,0.872393710984831,7.99820901103279,9.54630843301976,-8.09083554586519,-5.01984829303669,-12.0428327769806
2024-03-28,9.66327830411527,-2.88501418176144,-1.00870450580904,9.15847556217997,10.5350880017948,-8.58828584846277,-4.82223940140128,-12.0525979306555
2024-04-01,10.4766770075281,-1.68446697269634,-0.00615960189652043,8.88839545661786,6.23096864361948,-7.94931543139786,-4.88069908532477,-11.0754000164499
2024-04-02,10.4557900943249,-2.13543325942886,-0.541332742532127,8.49945835785363,8.14424252672848,-8.27599560584313,-4.52660894744204,-11.6201204236608
2024-04-03,10.6404802361068,-1.84115164458246,-0.681702831599523,8.05488836663868,7.56797584912352,-8.06129916223397,-3.76939696452331,-11.9097938489297
2024-04-04,10.2931108281902,-0.569170637756443,-2.08895473815262,7.67548904148134,9.77818697351547,-8.07656306359641,-3.65163397916871,-13.3604644245128
2024-04-05,9.62996493895005,-2.38004877212912,-2.74008185802672,13.5924868998347,8.00275497979066,-9.31090308996717,-4.92121049028482,-11.8729626081675
2024-04-08,9.61007122186368,-2.31616870062795,-2.94198501456539,14.0035210940861,8.1085256631802,-9.27427578008376,-4.86230630331901,-12.3273821805339
2024-04-09,8.8460577220478,-2.18188311944074,-4.52663693915493,16.4378862322247,8.1958236080857,-10.1245248349168,-4.76310603410179,-11.883616634744
2024-04-10,8.71067269996083,-1.46172792832034,-4.36783912827998,15.4034779340715,8.34367899443119,-10.9263574319986,-4.40088366533343,-11.3010214745312
2024-04-11,8.66806028578722,-1.70130248676437,-4.67450252459546,14.5717288073249,8.35487409430907,-9.77548945957239,-4.50749486581726,-10.9358738506718
2024-04-12,8.49557462159532,-1.50750758291241,-4.72044753944137,15.8483325284763,7.78723279085204,-9.86459546401631,-4.42389920193883,-11.6146901526147
2024-04-15,9.17743826194889,-1.33424418700002,-4.2470683113178,16.1457906577673,8.03889212437144,-10.5706873185996,-4.65988845393632,-12.5502327732339
2024-04-16,9.07065318896524,-2.61547577569133,-2.99729442649497,14.0074812398213,8.24617592245176,-10.134361382838,-4.09342637774378,-11.4837523884703
2024-04-17,9.27769151387162,-2.93792765348645,-3.23420964457124,13.6240625285809,8.20806813141254,-9.55103304132751,-3.98658492893931,-11.4000669055406
2024-04-18,9.17017388732588,-2.99589681140731,-3.25069099448961,13.6050919317923,8.21135940503994,-9.29025019746782,-3.98605481071139,-11.463732410082
2024-04-19,9.31036617209386,-2.31246488740744,-2.57986134963747,14.0952734719566,8.54500578790524,-9.38950264264989,-4.11771436542827,-13.5511021868327
2024-04-22,9.22064844098524,-2.84694506266378,-1.43252028350803,15.1934869766802,8.77244895847803,-9.63809885692991,-3.65178811831035,-15.6172320547314
2024-04-23,9.57255360222094,-2.22129563361408,-1.40110346794176,15.1225078198627,8.61038048503516,-9.68977367623249,-3.7098210583929,-16.2834480709376
2024-04-24,9.01118052895661,-2.05597675267198,-2.15977008561605,14.9457370787855,9.98580363349524,-10.2254783777113,-4.75456657675474,-14.7469294484833
2024-04-25,8.46763440716263,-1.71993838455289,-2.01207969561265,14.5566929412235,10.1912384724484,-10.7512603942461,-4.81365647104776,-13.9186308753752
2024-04-26,9.06048888831956,-1.64740202735913,-3.66016419280521,14.1119957660089,10.800363010377,-10.4631314849827,-4.77520534052441,-13.426944619034
2024-04-29,6.41839552669811,0.432238580876692,-0.81840148821292,13.1577005996011,10.8286260607437,-11.290885591678,-4.37571172307724,-14.3519619649515
2024-04-30,7.3646041078532,1.04991708358583,-2.30694220614709,14.7608999004214,7.76979648838818,-10.4702136245394,-4.02714815299903,-14.1409135965631
2024-05-02,7.44059988369928,0.770320839077996,-2.06335014608185,15.1228009474866,6.85017203578208,-10.2350072936489,-3.81460328910909,-14.0709329772061
2024-05-03,8.57141205736236,1.97708167419601,-2.19606238924812,16.2398528954184,5.48679610345768,-10.7539494033343,-3.45079544861328,-15.8743354892387
2024-05-06,8.32350863633105,1.37224947791443,-1.70565621711874,13.8368421818693,6.74775702571368,-9.99343683517307,-3.61501978906487,-14.9662444804718
2024-05-07,6.98796745560335,1.64260000641479,-0.869832247276271,12.6071045076166,7.39707933880648,-9.75363217935791,-3.60248415204942,-14.4088027297576
2024-05-08,7.40033293161558,0.831862236054405,-1.14233098865301,13.5394683407775,6.83585952852813,-9.34741092741129,-3.46449293484926,-14.6532881860621
2024-05-09,7.94984712283215,0.428470799341092,-1.28077095569263,13.4896898806073,6.86492737587098,-9.41420635054889,-3.2035496923639,-14.8344081800461
2024-05-10,7.2874360776241,0.540057454544986,-1.10006578332889,13.7532460274846,7.14861943099031,-9.34970933936742,-3.30493673334505,-14.9746471346026
2024-05-13,7.67247972040132,1.29043042534857,-0.277897663288961,14.0669245667763,6.25321966532697,-9.27370179093787,-3.62802413373135,-16.103430789895
2024-05-14,6.82715549363863,1.72657096416053,1.31895238766469,15.0763769264602,4.31567490639009,-9.07566828951127,-3.8667155702298,-16.322346818573
2024-05-15,6.64980822660854,1.20008341718363,1.7162956665156,15.405317994404,4.37623224984934,-8.48802875507099,-4.00965462503599,-16.8500541744542
2024-05-16,6.48184000438318,0.847431328059443,1.48194155038131,15.0697900290315,4.50883860462865,-7.39594068159255,-3.90858121079086,-17.0853196241007
2024-05-17,8.67407051770992,0.932704114838444,1.00978735332192,12.7771840851669,3.88111373120555,-6.53339645668207,-4.68197434833626,-16.0594889972244
2024-05-20,9.6150764936819,0.644774132755252,1.27327378851736,11.2328195903028,4.08312948273193,-5.98070583186557,-5.17437436119955,-15.6939932949242
2024-05-21,10.8178323026974,1.07704052389437,1.48248644679663,8.86503074488957,4.02113334014811,-5.86364918081699,-5.60204476838713,-14.7978294092219
2024-05-22,10.9626711738336,0.519719362946752,1.70849908317456,8.40845042438109,3.69088791079856,-5.79727577452289,-5.91861515007462,-13.574337030537
2024-05-23,11.1341346006886,0.827019877162364,1.14888816193896,7.84291633159958,3.8380827795724,-5.81199906217474,-5.98775703088532,-12.9912856579018
2024-05-24,12.2288191329669,1.43326500228189,0.526562415026113,6.68606616657313,3.9321455434284,-5.92348402863145,-6.02603489880617,-12.8573393328388
2024-05-27,16.1275973309715,2.05897094406344,-0.208684700165584,6.43358382439141,2.04819350442409,-7.77672444014648,-6.59233953971144,-12.0905969238269
2024-05-28,14.7396711122274,2.48190584638789,-1.17240911551886,3.69896614676917,3.30239157461861,-5.67921184351707,-5.87943906587302,-11.4918746550941
2024-05-29,14.9318240803333,3.2525017635275,-0.0370365950833502,4.77116779768591,1.64954701232264,-5.42114479019551,-6.07975472494928,-13.0671045436412
2024-05-31,12.8760476567247,3.58354125349419,0.966697249059976,3.96464752048571,2.02110390854786,-5.57146300685689,-6.14577745323873,-11.6947971282168
2024-06-03,12.8356855309624,3.63119967719529,0.634032849655362,4.72720060415672,1.73302273405304,-5.52977410830036,-6.37134206750949,-11.6600252202129
2024-06-04,13.978819867807,3.03384224158032,1.46340194035173,2.96326500618499,2.47881290024471,-5.78127308679266,-6.17738032617988,-11.9594885431962
2024-06-05,14.2614098642476,2.54864819131836,3.90073402185973,1.14963192895395,2.76564282078598,-6.50920476713745,-6.27677965310344,-11.8400824069248
2024-06-06,14.687324512526,1.74170726349244,3.8071000606108,1.15285774147886,3.75453373529651,-6.8514010623737,-6.42752621771852,-11.8645960333124
2024-06-07,15.4862477382605,-0.160066012147396,4.81000604071473,0.92749946750034,1.53791491374698,-6.72504633167823,-6.21725428174625,-9.65930153465065
2024-06-10,13.2365872068862,1.13218187589209,5.2251338638489,2.21022519314293,1.63323650620571,-7.43206139527961,-6.02975543017988,-9.97554782051637
2024-06-11,9.84926726705056,3.20356242140448,5.2573593950634,2.99269520673622,0.65575617232679,-7.63535092549911,-6.08364330771177,-8.23964622937056
2024-06-12,13.444711518093,0.849183897270713,4.97596593243992,1.98023106697517,2.89962832494446,-7.39633679054394,-6.72169947054704,-10.0316844786323
2024-06-13,12.9528741578183,0.860945282091308,5.05156730990422,2.3637492625892,2.34414696823811,-7.45964564886933,-6.97726256603935,-9.13637476573249
2024-06-14,13.0213098264687,0.814743791496554,5.74089813767102,2.53650350052396,2.13848438142195,-7.82864307643325,-7.19131258151044,-9.23198397963848
2024-06-17,11.0128570219707,1.11688995060021,6.31535341818374,3.34103381414888,2.61000372271793,-7.96075168617744,-7.39153988511019,-9.04384635633386
2024-06-18,11.6589596762611,1.39423544810484,5.51492956423342,3.41553377544081,2.20115983408818,-8.06119150104235,-7.32297133224611,-8.80065546483986
2024-06-19,12.254456831317,1.6944731450989,4.4925755798924,3.61053880052631,2.23608698148377,-7.94752094068087,-7.24585565440076,-9.09475474323676
2024-06-20,12.0906967923905,2.93459377673393,2.42593954162993,3.97247867987101,2.38350627952736,-7.83698058298939,-7.52521841163842,-8.44501607552493
2024-06-21,10.6857024877084,2.30164714245104,4.27004254630715,3.80575362100738,2.78618520949225,-7.75748636747884,-7.4827820654709,-8.60906257401647
2024-06-24,11.9961704092152,1.22252573402247,3.67907439708829,4.44593579991415,1.18831809616522,-7.77159348051926,-7.69682500274744,-7.0636059531386
2024-06-25,8.53859585542446,4.29917341448866,4.51973317791578,2.15342154949819,3.93224373050929,-8.22997701652577,-7.59200834020966,-7.62118237110095
2024-06-26,9.85962916475988,3.17427923903298,4.08184739281592,3.72270939370367,2.45231807355266,-8.14521339065082,-7.80581851543793,-7.33975135777636
2024-06-27,10.0137068238296,4.36218916054498,3.27318778318782,1.84224542091744,3.47298439139026,-8.26564217938676,-7.8491012956844,-6.84957010479896
2024-06-28,10.8163454768063,5.35731557929993,4.54632657657565,2.29819042829449,-1.29240873625838,-8.35902709766797,-7.39803409754056,-5.96870812950942
2024-07-01,10.9831663766539,5.46698283470024,4.76926241978806,2.81120593315018,-3.14864724585029,-8.67639831946973,-7.5699697971966,-4.63560220177581
2024-07-02,12.1245084041279,6.78734522814775,8.88057520406258,4.2968786304932,-11.6035810025842,-10.257982172233,-8.97680487531796,-1.2509394166963
2024-07-03,11.9942513182669,6.06932427272664,6.79297434744456,3.76760684516658,-9.14611097810741,-9.69608245666741,-8.8223213395216,-0.959642009308254
2024-07-04,9.40595683407706,4.64823493988799,6.28845900932955,3.60872106012833,-5.6140681628372,-9.49452387643701,-9.37374838381615,0.53096857966743
2024-07-05,9.52454443803438,5.28222560727394,7.30425126659058,4.38643781381948,-6.66139430167807,-9.94728073336914,-9.26613595447139,-0.622648136199786
2024-07-08,9.98101649804013,5.0385563924511,7.8302212264611,3.75370076197713,-8.17418702662069,-8.5612590186423,-9.48016067444341,-0.387888159223067
2024-07-09,9.81525549498648,4.8823701795454,7.41535163928049,3.32648156417039,-8.04352680403541,-7.25974534123921,-9.55669833729251,-0.579488395415659
2024-07-10,9.84387011315619,4.38099222002318,8.41222692832216,2.776124964306,-7.96081781939507,-7.35673451261044,-9.67202043669132,-0.423641457110705
2024-07-11,12.6717525764481,4.08387375123004,6.37809109568695,3.01546610826296,-8.0273197454046,-7.88100942037053,-10.0578266729175,-0.183027692935362
2024-07-12,16.4616421803905,3.80776896548596,3.61024021267358,3.78447223265627,-9.38722182762806,-8.13946576934239,-11.0083971226562,0.870961128420412
2024-07-15,17.8794657564107,4.0101894705307,2.15612518445672,4.63240782432305,-10.1754826821716,-8.95383761389342,-11.4108907421509,1.86202280249466
2024-07-16,19.3501852448267,4.43966380866085,0.673135870735557,3.32848485771129,-9.6440105306003,-8.87418369956643,-11.9948604716939,2.72158491992619
2024-07-17,19.026254005924,1.65548122982427,2.05298472478204,4.62306282729116,-10.3666926700723,-8.83173979125567,-11.3008951082647,3.14154478177112
2024-07-18,19.2773870270231,1.46179684049264,2.88450053050654,4.73256885272161,-9.85852504612729,-9.25411439735056,-11.7462541403517,2.50264033308569
2024-07-19,19.3245281522031,0.13679198370108,3.68084829922388,4.26805781924745,-9.90822744720847,-8.03781546251219,-11.738766183741,2.2745828390862
2024-07-22,19.8696784305894,2.0455777449032,2.97727982880726,4.70915449254246,-11.5408801688052,-9.06858187761481,-11.7688698979256,2.77664144750329
2024-07-23,21.3035106385116,4.02804031166093,3.85598136351644,2.82860508399516,-11.2500500933625,-11.1039125767473,-11.8600367977122,2.19786207013791
2024-07-24,23.1935449212686,0.483846653829367,3.54391983143838,-4.43993620321674,-9.09848414771663,-13.2985230850364,-1.87330743483723,1.48893946427065
2024-07-25,22.7743357857865,0.440647581198228,3.40993658108021,-4.60981494997986,-9.13775007206398,-11.9568885452639,-2.44713593433881,1.52666955358166
2024-07-26,19.291603146767,-1.10289881845539,5.80868685294085,0.410593737081243,-9.4506134659843,-9.99106624168005,-8.47521714717616,3.50891193650677
2024-07-29,22.7106404259526,-1.05436901833018,5.10476644954076,-1.81568978868378,-8.29605800070075,-11.5218993866537,-8.71081212562042,3.58342144449543
2024-07-30,23.8770096136167,-1.14888153228095,4.56189074787009,-3.05341546381981,-7.48512749854041,-11.3762327030235,-8.8473306605654,3.4720874967433
2024-07-31,24.2144935619633,-2.27070677976982,4.94209248233275,-3.63438853451915,-7.40888305640978,-10.6283268869153,-8.6217873924914,3.40750660580939
2024-08-01,23.6359890912208,-5.40984453445385,4.61337193301157,-1.97149004089716,-9.94669579418897,-10.397356421353,-8.4170459951314,7.89307176179197
2024-08-02,22.9074624851702,-6.58103738963285,4.3039992668614,-1.51462474083674,-9.88460354589294,-10.466113646981,-8.33422855502596,9.56914612633791
2024-08-05,18.9564435565893,-3.51279809802625,2.25620911847252,-0.185555291357922,-6.81192611173185,-11.0736598102552,-8.97678019125783,9.34806682756722
2024-08-06,19.8683131268033,-7.31220387744685,4.18248361562249,0.734029654024958,-8.24293725045813,-11.061683500998,-8.97502821202042,10.8070264444726
2024-08-07,19.3582661305819,-6.95468365781714,4.44572139476002,0.92282983727619,-9.15610234365234,-10.9274265371319,-8.81969168555882,11.1310868615421
2024-08-08,19.9520739799309,-6.45956764441735,-0.440857368315342,1.99010958689017,-7.91082369506305,-10.9433844455743,-8.53835692282299,12.3508065093719
2024-08-09,20.1186161491025,-12.4144192200763,-1.82991835650683,0.980395749325311,-4.95446088068417,-11.5607760426368,-9.53494168597354,19.1955042874499
2024-08-12,21.0591633057855,-12.8641026836154,-2.57945776118153,0.885513673884844,-5.36707951392992,-12.2215408238952,-9.71330536292798,20.8008091658797
2024-08-13,21.2338644994506,-12.4152211304367,-2.85771051823561,1.47780874439898,-5.80607461666339,-12.5567612326377,-9.71863280724595,20.6427270613699
2024-08-14,22.0304425813227,-13.3158441566485,-2.23164666385643,2.99528756397169,-4.91626567450351,-11.8003626685473,-9.55803012495118,16.7964191432125
2024-08-15,21.7841919376937,-13.1157138249482,-4.37719454356456,1.52423900387784,-3.39214356050589,-11.6323525996334,-9.72987266916898,18.9388462562495
2024-08-16,22.1774717800522,-12.2063474543287,-6.3780001619898,3.0387166046296,-4.72287401513669,-11.6662390867955,-9.6834411154594,19.4407134490283
2024-08-19,22.334320551979,-13.5350981144751,-6.15004854778643,3.39631335492059,-4.82610159810039,-11.5650401638772,-9.579388272897,19.9250427902366
2024-08-20,21.994224917816,-21.5192761246619,0.0153880627357665,1.10590482973318,-2.78830201830068,-11.6664041891342,-10.5921035047697,23.4505680265816
2024-08-21,21.979350118451,-24.0619697165418,2.3657310822192,-0.198139916357633,-2.00795823546011,-12.8425489722278,-11.2893090797673,26.0548447196845
2024-08-22,24.2879846571519,-24.3445384576818,2.80686638002505,-0.240330872439792,-3.98076013765797,-12.6741418109382,-11.1559965313592,25.3009167729001
2024-08-23,25.5133765240075,-24.2579241153603,2.77988801257179,0.0704824114465978,-5.35709278902797,-12.5523260867955,-11.0720175417769,24.8756135849348
2024-08-26,23.7320637955089,-23.5670174283754,3.06760002360577,-0.152902455667473,-3.24503917782187,-13.0469861354725,-11.0896498005093,24.3019311787319
2024-08-27,21.2616356081082,-19.1191981250124,8.43025653678751,-4.20129631085852,1.88065423671729,-12.9424851660555,-12.4553744689741,17.1458076892875
2024-08-28,22.920603257205,-18.1863626399045,4.34260295870255,-4.47674220806461,-0.0967098325243043,-12.3452491942919,-11.8270836483459,19.6689413072237
2024-08-29,23.250546886791,-18.7303849167635,4.12664364698517,-3.73793296480421,0.282477070976633,-12.3793203319453,-11.8714557132418,19.059426322002
2024-08-30,22.9210018596275,-18.8280938738985,4.16827897558243,-3.75486539725816,0.215189716609494,-11.985306213794,-11.7851214571884,19.0489163903196
2024-09-02,20.2987025882258,-18.5358743357529,5.38424272828727,-3.8637018148808,0.0396406496812673,-11.6808482652615,-11.3592970569381,19.7171355066389
2024-09-03,20.2172281717717,-19.3415136760584,5.31041537598991,-3.91646025261037,2.36473828701389,-10.2441524378251,-11.8969749825911,17.5067195143094
2024-09-04,19.7141871860395,-18.4045366769748,5.29736571508355,-5.89715772539217,2.14631327256604,-10.2196590024108,-11.5100196271893,18.8735068582781
2024-09-05,19.775160894756,-19.8643819274546,5.76750685852177,-5.62182403422874,2.49299733038628,-10.3301352764318,-11.7323888115891,19.5130649660403
2024-09-06,19.7500736475107,-20.098050624915,5.78475700648475,-5.34673290001496,2.15000079452521,-10.216090202053,-11.6462477886286,19.622290067091
2024-09-09,20.9457902518161,-20.9686119837756,6.25639850160571,-5.41899369916809,1.79385114897281,-10.8159622402905,-11.6372183612573,19.8447463820969
2024-09-10,21.0749060095494,-21.1184603529858,6.08705521420971,-5.36894494168148,1.76780142313599,-10.7330105575746,-11.6050349771427,19.8956881824894
2024-09-11,21.4020831337705,-21.3220943902655,6.02133624534364,-5.15046587211709,1.78908814317248,-11.3432435519249,-11.9297520492605,20.5330483412814
2024-09-12,22.0167643715783,-20.4960383398399,6.75565341404939,-4.6201024089993,-1.36036319126055,-11.4580379298511,-12.0765040065692,21.2386280908923
2024-09-13,19.5893055694557,-20.9143493490667,7.26730333987044,-4.49714503664492,-0.332014603934994,-10.8255629370567,-12.178668294635,21.891131312012
2024-09-16,19.0685988807884,-23.800464921421,7.26270005147484,-3.51719226101751,4.22431479041802,-12.1082754193385,-12.5414041929364,21.4117230720322
2024-09-17,18.6297149791155,-24.6002917635954,7.04480551288992,-3.91442741572953,4.71703882523132,-10.5526372546202,-12.7059056159823,21.3817027326908
2024-09-18,17.8259747793138,-22.9265026524667,7.94102162226413,-7.40209357555192,5.94632171451384,-10.8828908049255,-12.5867239477906,22.084892864643
2024-09-19,16.5440015522382,-22.8151890512222,7.86750743337151,-5.57779077221586,6.07993561018241,-9.98961003259214,-12.7355837461824,20.6267290064205
2024-09-20,16.5876886314863,-22.8002734152805,7.76972067661004,-5.63298909065586,6.43621174449756,-10.439392564163,-12.6775301943895,20.7565642118949
2024-09-23,15.8989660010718,-24.1544356490412,4.09028210024314,-3.70928829893717,7.30946780964221,-10.6999463021985,-12.5944603627966,23.8594147020163
2024-09-24,15.288125413491,-23.761264878347,3.02347354754167,-3.20596661425687,7.32071354155755,-10.548246890916,-12.6769196312628,24.5600855121925
2024-09-25,20.391611678638,-19.9269853199155,6.04546135085429,-5.54275265602406,8.70620822613706,-12.3509702545758,-13.4255809719499,16.1030079468358
2024-09-26,20.2873397962426,-19.7449186983027,6.15980853688647,-5.56676876859482,8.80259898103247,-12.6685829949225,-13.4719695052198,16.2024926528783
2024-09-27,17.7107342696851,-19.3966626247019,6.58852317490213,-4.88228855547449,8.58041472861066,-12.615771940425,-13.2406084732913,17.2556594206949
2024-09-30,17.3810044409909,-19.3325579621404,6.80059637969747,-5.25742304367476,8.41441067914428,-12.4507380354982,-13.1427633648691,17.5874709063498
2024-10-01,15.8643001722129,-18.4554244425064,5.62578123384282,-5.62844003417287,9.5511168004766,-12.4897690119208,-13.1286699765611,18.661105258629
2024-10-02,16.1910002909704,-17.6251830190355,4.76810811372275,-6.56769132878755,10.13145868494,-12.3191123064018,-13.1205708948469,18.5419904594387
2024-10-03,16.2755706673414,-17.6636626689664,3.98683702564033,-6.4364408149458,10.422536349193,-12.3009449495243,-13.0420127915935,18.7581171828553
2024-10-04,15.2992114741292,-22.6529251426813,9.6715152501085,-4.03724365527861,8.59462521620691,-13.2590263337062,-12.52147733767,18.9053205288915
2024-10-07,15.1062233838555,-23.1637261860047,10.2222347095482,-3.84320525938674,8.49973276005716,-13.2575843253597,-12.4463292478897,18.8826541651801
2024-10-08,15.1983058955553,-23.2277621098781,9.93079716219697,-3.63456972412462,8.41524766705579,-13.288698447415,-12.3013627412572,18.9080422978669
2024-10-09,-1.4066983371568,-42.6581412890284,-18.7968389284692,-5.2337635303661,-12.9561537326314,-15.9293166150705,-19.1284886103004,116.109401043023
2024-10-10,9.32897501557044,-24.6542811927097,-5.63984901017496,-12.5891692904975,-0.984375577292226,-16.3309820632172,-17.1966098074781,68.0662919257993
2024-10-11,14.9242483992142,-13.570685821538,-5.04457226601533,-9.19200780140391,9.55854897071758,-19.0209479776785,-12.2969111272599,34.6423276239639
2024-10-14,14.7592214046831,-13.8236147283603,-5.06063411980994,-9.13628756966222,9.9862039115709,-19.2609298642035,-11.9882938460032,34.5243348117852
2024-10-15,14.9251782903693,-13.7518032687981,-4.96343969308673,-9.16839296808505,9.75993234278454,-19.2690009413568,-12.1686809325083,34.6362071706811
2024-10-16,14.7549287675268,-13.5998182722928,-5.02500559826785,-8.87620124254739,9.56124137538004,-19.4429893204522,-12.1759712180789,34.8038155087323
2024-10-17,14.7145205675968,-12.8172758217798,-5.93308794885346,-8.55058958794709,9.61074645210161,-19.548939461553,-12.0435983320113,34.5682241324463
2024-10-18,14.6530349402772,-12.5205925004189,-5.59915619042443,-9.30997360360027,9.11110447026074,-19.4658024239148,-11.9337053422971,35.0650906501175
2024-10-21,15.9334629149902,-12.3407975461828,-6.24606551542482,-9.98168007644759,8.71621393516332,-19.766014009286,-12.1312108943844,35.816091191572
2024-10-22,18.2284670080136,-14.0328209404387,-5.90630215969837,-10.5954324661708,8.3902611878413,-20.5211504033426,-12.151519378476,36.5884971522717
2024-10-23,19.9104317494273,-15.4888700254302,-5.25786876374369,-9.74194785851439,7.85315434713918,-21.2073830374556,-12.4027272312903,36.3352108198677
2024-10-24,20.1185119692449,-15.3798777086085,-5.30336215572488,-9.66258786846701,7.92378602439938,-21.5621034781474,-12.3922341108934,36.257867328197
2024-10-25,21.5159734990579,-16.5493370428013,-4.5225979780057,-9.25334879071875,7.47468880417024,-21.8715717384109,-12.3689641991554,35.5751574458639
2024-10-28,21.6943394630191,-15.6254402108014,-4.73344740441946,-9.62219452413635,7.40348174313284,-22.253448629178,-12.601444866556,35.7381544289392
2024-10-29,21.5663078499218,-15.4466473644229,-4.62481890400497,-9.85713734303632,7.39114011065639,-22.194257949893,-12.5786466149656,35.7440602157445
2024-10-30,21.7333470968079,-16.1787843481406,-3.47868611145693,-11.2233226120975,8.29125941972577,-21.4758374210666,-12.6161374884839,34.9481614647119
2024-10-31,21.6149785802496,-16.3954671039464,-5.00828451545132,-9.54381404053947,7.52093105923885,-21.0623908963118,-12.3748439054597,35.2488908222202
2024-11-01,21.7509812957968,-16.0710943211793,-5.0454944289752,-8.98703161847428,6.02800718107263,-21.0831604932154,-12.0423056452335,35.4500980302082
2024-11-04,22.2149907564329,-14.4776052506576,-5.91338534261827,-9.10812110477612,5.2231645683086,-21.2981037162564,-12.1270112534486,35.4860713430155
2024-11-05,20.9792146645656,-14.6450594105037,-5.57659344144988,-9.66334181553723,6.3902191885837,-20.8770667509569,-12.0833035728197,35.4759311381182
2024-11-06,22.9156453027619,-14.1011483346813,-7.0460473436348,-11.2140110458757,7.03691440777431,-21.1459040815804,-12.0904197853696,35.6449708806056
2024-11-07,23.1056147737994,-14.0552446303916,-7.23871775397301,-11.3316543961167,7.12650877237439,-21.1228831726952,-12.1047118642008,35.6210882712035
2024-11-08,22.0359588056364,-13.8471621362503,-6.97268483497484,-10.2443838157177,6.07094043665583,-20.9513548781491,-12.2040705345766,36.1127569573763
2024-11-11,18.1885118693563,-13.6105100792898,-1.7727967137856,-6.73916382872461,2.72547338317916,-21.6123533085571,-13.5549633645469,36.3758020423685
2024-11-12,17.6766171783557,-13.4495714077545,-0.0419510015143558,-5.87446465159383,0.823000057526258,-22.200104926232,-13.6602713655597,36.7267461167724
2024-11-13,16.0677784116782,-13.405471211473,1.07372413759997,-4.34968690799131,-1.26409051635369,-20.6173861311782,-13.842233554221,36.337365771939
2024-11-14,16.2115003339058,-12.2604033322955,0.0269426179127876,-7.10172065410919,0.389598739022887,-20.1244670790756,-13.5562410851249,36.4147904597637
2024-11-18,16.6423287984327,-12.9146793453185,0.124662748610028,-7.43418114631299,0.356409380441491,-20.2759443707986,-13.4683595735921,36.969763508538
2024-11-19,17.0673334017354,-13.9807990671015,-1.11872299578516,-7.76197736680442,0.797938994053368,-20.4320280192319,-13.6964109509388,39.124666004073
2024-11-21,17.2118898943455,-12.5792420595464,-1.44442031685723,-6.48182086354759,0.89911730566623,-19.951940330636,-14.1457603614675,36.492176732043
2024-11-22,18.1999539024134,-12.6219958406717,-1.08099029875638,-4.12548508042131,-0.415931406607335,-20.1343990102429,-14.1775540116819,34.356401745968
2024-11-25,18.7283141400614,-12.6264716267499,-0.0463879804581211,-7.33107704776634,0.89502735359887,-19.780153086275,-14.0743469321547,34.2350951797438
2024-11-26,17.2458556255602,-12.2912988968216,-0.13041627205908,-5.87614487779052,0.644091401703832,-19.4649697191847,-13.8658493984481,33.73873213704
2024-11-27,17.009684971684,-12.644423686408,0.223731479856156,-5.36428393035621,-0.453438271959435,-19.1601473073118,-13.5649811351966,33.9538578796918
2024-11-28,16.5899513323849,-13.1340272456508,0.628810686585695,-5.44367920259472,0.362235265964081,-19.3041178062759,-13.5249973244527,33.8258242940394
2024-11-29,16.788995488607,-10.9631204029545,-0.352102825978477,-5.22752632584543,-1.80646960275858,-19.1055204716462,-13.3357404904964,34.0014846310726
2024-12-02,16.5584603329025,-11.0385103890882,0.428111294639677,-5.64770166351738,-2.31781999802261,-17.7822268591873,-13.4934565927959,33.2931438750692
2024-12-03,20.3984907813446,-12.0841765601342,4.16970199691119,-7.05037767075555,-4.6635788935895,-17.5049355455909,-14.3208954857748,31.0557713775892
2024-12-04,19.3084785811483,-12.2444774603202,4.05715544440682,-6.73541772164552,-4.50736866622319,-16.5795260656905,-14.3574553834264,31.0586112717506
2024-12-05,18.2422821281474,-11.4576529711601,3.66806137557543,-6.86123782198819,-3.8025801698841,-16.4125229825406,-14.2403615367906,30.8640119786408
2024-12-06,18.0940922057983,-11.4528170238019,3.22791120387679,-6.4832313963291,-4.43401826707095,-15.9927880525143,-14.0778999151192,31.1187512451604
2024-12-09,17.773800715929,-11.4839489430833,3.3330311240367,-6.45854142453705,-4.34092738322973,-16.0182388949454,-14.030126548605,31.2249513544347
2024-12-10,16.0332797566265,-11.0707614625468,3.27790237196437,-5.74442791380989,-3.75574929619581,-15.4444263595138,-13.6589104016434,30.3630933051189
2024-12-11,12.4143079634471,-8.94119496767821,3.15240914329178,-3.1952770253549,-2.13164334833771,-15.5120584716275,-13.5303478583557,27.7438045646152
2024-12-12,12.7938824033478,-9.18971080345696,3.62699517643463,-3.09318894754916,-3.02455302707821,-15.8084603307543,-13.5827030178216,28.2777385468778
2024-12-13,13.5820583490106,-10.1959436927078,3.13281797983106,-3.24224573951131,-0.794373156358191,-17.0489281520191,-14.1196279176309,28.6862423293856
2024-12-16,13.8931116420202,-10.9834638915046,2.91887889497875,-3.24824637417057,0.0551419006469587,-17.0059938100976,-14.2927193596974,28.6632909978241
2024-12-17,12.2846179039587,-8.92588299979897,3.75083979862676,-2.32625273220866,-1.86304825460355,-16.4350447292907,-14.4399140646283,27.9546850779448
2024-12-18,11.2230104061516,-13.1116612144579,8.60820431012194,-5.28081352032265,-5.85303308073319,-17.3009245691182,-12.7502261191374,34.4654437874957
2024-12-19,12.4878144192901,-9.01815713997512,4.91088208008085,-2.38213564283113,-2.66500586415238,-15.7822338657958,-14.2995030572677,26.7483390706512
2024-12-20,10.2545167064724,-10.3976324726864,7.92023278060745,-2.63564606673113,-4.44069636884056,-15.728529271276,-13.3437324556433,28.3714871480975
2024-12-23,10.0006142931177,-9.61709610110197,5.55142794559904,-2.02598678912913,-3.70435441086332,-15.7058010077022,-13.1756959016279,28.6768919717078
2024-12-26,9.94161814587008,-10.1280269472118,5.88411022465908,-2.07991963310082,-4.16871454591786,-15.3374243812413,-12.7732603821214,28.6616175190641
2024-12-27,11.3960344075173,-9.86520616773736,8.01017936246708,-3.37289444041945,-5.2516000740454,-15.4511114517897,-13.4089168199069,27.9435151839144
2024-12-30,12.6248375384099,-10.3872244208596,8.13331865115894,-3.67224980589803,-5.10904111539507,-15.7146225017638,-13.5321293201223,27.6571109744699
2025-01-02,11.5712115387957,-8.46430053311026,5.59726312837729,-1.00668080096131,-3.90536739459377,-14.8081281466465,-13.6545206808017,24.6705228889405
2025-01-03,9.04173198888011,-8.84348743450997,2.5956287840439,-2.35019816269324,-4.11662377724245,-2.48506582574157,-14.4972211891871,20.6552356164503
2025-01-06,8.77092445350162,-8.73429427115599,2.68623522704614,-2.42763216519239,-4.01416647127674,-3.69299706824674,-13.5805425038229,20.9924727991469
2025-01-07,9.3715760657607,-7.58038587791407,3.105933685431,-1.492293448353,-6.24682128265079,-5.87905139136599,-13.1671641714763,21.8882064205684
2025-01-08,8.54602899436668,-8.28946273672983,3.86029342506559,-1.49822077791339,-6.12623993460497,-5.90980578695057,-13.3796875087417,22.7970943255082
2025-01-09,8.92205332985495,-8.047952731891,4.45925473794141,-1.76047915733097,-5.90270322738053,-6.31381676882662,-13.6503682150465,22.2940120326793
2025-01-10,8.81220977946829,-7.97648200816195,4.46104882603557,-1.88605602972887,-5.91643826956129,-6.33032334349361,-13.5052368010864,22.3412778465282
2025-01-13,8.14566434804185,-7.75887131754683,3.93746742650487,-1.48239217098328,-5.54587415336946,-6.20639075950328,-13.6228450239986,22.5332416508548
2025-01-14,8.38976399871503,-7.69958862552937,3.61960720692771,-1.38962051036467,-5.72570786842094,-6.20617324805694,-13.5852128761391,22.5969319228683
2025-01-15,8.69664859483011,-7.44696717149331,3.09683011405578,-2.3678414318012,-4.9170955205479,-6.07430535318183,-13.9900072111742,23.0027379793126
2025-01-16,8.3964602352832,-8.00274470112281,4.12761429026411,-2.50495512966712,-3.72130934671485,-6.28583609854606,-14.0503989330006,22.0411696835041
2025-01-17,8.43059683479812,-8.39393656104519,4.41593525621881,-2.14743765973407,-3.60561392096821,-6.29801164542249,-14.1711472587875,21.7696149549405
2025-01-20,8.52450863364709,-8.67067164642328,4.08684914935377,-2.01913336167775,-3.44182398530796,-6.31552302338824,-14.313407723204,22.1492019570003
2025-01-21,8.94819247128351,-7.85198483977467,6.85325142510524,-2.35244521602279,-3.37936900624717,-6.58611181415538,-14.6966201861483,19.0650871659596
2025-01-22,8.23754910833059,-7.85523309684587,6.79604824649103,-2.41602657313724,-3.02997036369118,-6.55006871024435,-14.6585116129929,19.4762130020899
2025-01-23,6.88809469353075,-7.15783961890433,8.16737545474912,-2.03059094724241,-4.30213308165855,-6.62036267826868,-14.5925956965146,19.6480518743087
2025-01-24,9.86292081266857,-7.44200903556019,7.37425636481763,-2.1636303170086,-2.94317997636659,-6.88260276650805,-15.0319047537983,17.2261496717555
2025-01-27,10.110621620495,-7.23536729538161,7.2775399373868,-2.52447827370978,-1.05387808634112,-6.79052594437401,-15.1288127238818,15.3449007658065
2025-01-28,10.1671279941825,-8.5928113643558,6.73302748758859,-1.58915358762319,1.86922598445523,-6.94698040319972,-15.4083114340017,13.7678753229542
2025-01-29,9.94449675102646,-8.75619405684078,6.90767082088862,-1.78560263951685,2.9278155191529,-7.09153238419658,-15.7525598033998,13.605905792886
2025-01-30,9.25847106857867,-6.58123132451903,9.21630803568937,-2.84257748056631,-0.148573201156573,-6.98763415774757,-15.7715237157975,13.856760775519
2025-01-31,10.549426832122,-8.92361232902655,8.84154399220883,-2.1235292949338,-0.0587618988468535,-7.00080360976406,-15.3400571630792,14.0557934713196
2025-02-03,11.3944910481142,-9.99874347237321,8.40709843782138,-1.31702642283584,-0.0129533346904722,-6.94959311380904,-15.3378713567347,13.8145982145077
2025-02-04,11.1131282968694,-9.27658414344327,8.92682402199118,-3.08722862994576,0.0677631090627031,-6.94099267560613,-14.8831880696589,14.0802780907308
2025-02-05,10.9884231643945,-6.93042368459911,8.28022219752299,-2.52555238098719,-1.53058047184469,-7.02932793203451,-14.9980733488078,13.7453124563557
2025-02-06,10.059038279399,-6.04548630671163,8.11923167788733,-2.11354421713806,-1.75875103877501,-6.76506085723731,-14.9023127436501,13.4068852062258
2025-02-07,10.0788294272866,-7.2254467600184,9.03640750773846,-2.47672293059305,-1.25505864434972,-6.71447284621587,-14.6909400955382,13.2474043416902
2025-02-10,10.2679924237002,-9.88705771857119,10.6283561767034,-3.0538055160654,0.357566511400613,-6.6872012106811,-14.4796300823959,12.8537794159095
2025-02-11,10.5321085120363,-10.3194506058381,11.0718212265729,-3.37979057192694,0.313999040880674,-6.72660380598158,-14.1540473946451,12.6619635989018
2025-02-12,9.18656923586143,-7.79201823303055,9.76561915442441,-2.58725728802094,0.763635443679149,-6.82409082852445,-14.132552383589,11.6200948991999
2025-02-13,11.4825240859611,-10.1623515047826,11.856978974358,-3.70537428942087,0.375187277036083,-6.43296131500249,-15.0244799113314,11.6104766831822
2025-02-14,11.5789162898073,-9.96012417926411,11.3776365227542,-4.36833796504127,0.679465571640364,-6.31565603172842,-14.7842265238427,11.7923263156746
2025-02-17,11.6426573297918,-10.4610772079575,11.677584147053,-4.65924106243585,0.575582121433612,-6.23693491186324,-14.5343941568444,11.9958237408227
2025-02-18,11.5666352388111,-10.2390041351612,11.065715869742,-4.38158452518229,0.943382127459536,-6.19883653530116,-14.6686220974348,11.9123140570667
2025-02-19,12.4712991044291,-9.97378966290445,9.18554335042613,-4.78250946436135,1.63225398067663,-6.41840527155469,-14.5126254633124,12.398233426601
2025-02-20,10.348476888202,-10.2387335049142,11.2745763686256,-4.2574795445753,2.25128025526487,-6.28064718338037,-14.4149891571455,11.3175158779229
2025-02-21,12.4409733306471,-10.7971004246119,8.43508389275401,-4.06480772445884,2.20593638909948,-6.16541624673394,-14.27153581366,12.2168665969641
2025-02-24,12.0890674867404,-11.3772583269666,9.06136379529649,-3.55179194892773,1.98368837951303,-6.15376161557,-14.8819504443581,12.8306426742725
2025-02-25,11.9287024177889,-10.927587147212,8.8300948070786,-3.17519944030207,3.0663811730443,-6.30005566198496,-14.6494864850185,11.2271503366058
2025-02-26,11.8947052621296,-11.0478999764468,8.76715673229972,-3.08981555596208,3.15545230522024,-6.32469954946907,-14.4697898342283,11.1148906164567
2025-02-27,12.0712354711028,-11.1004604076419,8.97630941941279,-3.46269216726423,3.21512492865536,-6.33373698590312,-14.4866678439994,11.1208875856378
2025-02-28,11.9332378545918,-11.4132298878629,9.20749418024689,-3.54740038055284,2.8590061175866,-6.35818620695845,-14.2016153526854,11.5206936756343
2025-03-05,12.1694994958502,-11.6980504695928,9.29071442155385,-4.38181263660058,2.68101409246329,-6.25420581176007,-14.2077869670351,12.4006278751212
2025-03-06,12.3816907163534,-11.6773070804949,9.48433616259658,-4.38829005054389,2.90411492278652,-6.29123267761783,-14.301450233756,11.8881382406761
2025-03-07,12.3983070347643,-11.1785760524981,9.54532101138524,-4.29495321082949,2.2124530966203,-6.29304258278092,-14.2395872591093,11.8500779624479
2025-03-10,13.0864858893147,-11.7341264519541,9.42332832301291,-4.54739408712253,2.54873878731792,-6.2769845004281,-14.2523854493092,11.7523374891684
2025-03-11,13.8492450974759,-12.6460608320578,9.62129954969875,-4.25439243251922,1.75569814111042,-6.32507293363265,-13.5998806428687,11.5991640527933
2025-03-12,13.4947520012721,-13.9968331816507,11.1612262940823,-4.22655247950197,2.05051235863749,-6.46838657628692,-12.1076880322496,10.0929696156974
2025-03-13,11.5768785135321,-12.6070682436821,11.8387007521904,-4.06586750859813,3.04909257656195,-6.26752432352254,-12.8857102100041,9.36149844352239
2025-03-14,11.5048399230019,-11.709762668912,11.7728077035911,-3.71301421498775,3.30571135600517,-6.19623094526249,-12.8779377136832,7.91358656024725
2025-03-17,11.6127081442805,-12.2108197873934,11.6013745049029,-3.5212383870015,2.70445019696989,-6.28670778053013,-13.3531088589741,9.45334196774587
2025-03-18,11.4830828942238,-11.9717096419308,12.1109502945465,-4.39441409351593,2.70204309603719,-6.29596782021081,-13.5051165617996,9.87113183264961
2025-03-19,10.8480332894586,-11.705050635449,11.6850333169921,-3.72548469080351,2.08383317744345,-6.22422026506198,-13.1988738295199,10.2367296369403
2025-03-20,10.8255131012126,-11.7186619597678,11.5288156930105,-4.00884443443511,2.11719673827211,-6.20257433093215,-12.9568775062223,10.4154326988622
2025-03-21,12.9122495505285,-11.1410405381382,11.7477630857354,-3.73062339112625,3.14960335020696,-6.68477046631101,-13.3677739214938,7.1145923305984
2025-03-24,12.6373164354254,-11.1656731199478,11.81514139638,-3.5705748274276,2.9778730208954,-6.67465950132126,-12.9213674860564,6.90194408205228
2025-03-25,12.6807545695844,-10.3477086293299,12.4010733376222,-3.56798597368787,0.385055123915478,-6.58629382161921,-12.5582502492048,7.59335564271974
2025-03-26,12.91225486837,-10.747509850247,12.5696489327136,-3.83261544150761,0.980952901804727,-6.67231759796822,-12.6953877941442,7.48497398097871
2025-03-27,13.9050877099827,-11.7681209059592,12.9398494589564,-4.66819869610084,2.02939131296502,-6.73502855453175,-12.7591937762112,7.05621345089883
2025-03-28,13.1495993561355,-12.6231423677269,12.633640632329,-3.57355046718099,2.93008682102895,-6.75775677112659,-12.4217707414458,6.66289353798678
2025-03-31,12.9177218001659,-13.0333608288994,12.7624935041874,-3.19120793963369,3.38241984179279,-6.77010369639252,-12.439965169342,6.37200248812147
2025-04-01,13.1283837877824,-13.1023049969779,12.853248177141,-3.79427542198024,3.42513293297444,-6.68731260156596,-12.3816577611761,6.55878588380227
2025-04-02,13.7430289208837,-13.2596036819163,12.7549118733873,-4.94466327821058,3.55184464881913,-6.65721062488288,-12.5737812144356,7.38547335635523
2025-04-03,13.5549580140865,-12.4078220790569,11.6884854555418,-3.58854812743133,3.37756073581981,-6.63231324039553,-12.3186373847949,6.32631662623047
2025-04-04,14.1588280844709,-10.9776795585984,10.4398024394348,-1.71086195985054,2.61629610782725,-6.70258641311469,-11.9468562642697,4.12305756410044
2025-04-07,15.6604867856809,-8.67121722910226,8.73372257842588,0.233444587117837,2.77235220022033,-7.18852828199619,-12.7693836636883,1.2291230233418
2025-04-08,15.7299572564336,-8.95392132092586,8.59466994339616,-0.0684960922855851,2.96580666818609,-7.17397699047223,-12.7264166085873,1.63237714425509
2025-04-09,16.3505021278323,-7.35749124528876,8.24356420663874,0.618334740967619,3.42917238446998,-7.45108939556229,-13.6858160240379,-0.147176795019693
2025-04-10,15.5317831686987,-7.96234177009821,8.35711905445911,-0.0652107160180009,3.70626095188466,-7.3483245361411,-13.0824118010079,0.863125648222745
2025-04-11,12.9975707044084,-11.003965041083,8.22224457331576,0.908606585562026,5.9555229573234,-7.4994394377367,-11.6237195581785,2.04317921638857
2025-04-14,12.8768919519834,-10.8258895271181,8.30207397210307,0.13978456240158,6.14940600027023,-7.39460752610224,-11.52307417149,2.275414737952
2025-04-15,12.7394620360654,-11.2414389549878,8.85900698360194,-2.1101660892306,7.78154520463036,-7.21732336959942,-11.3301572488789,2.51907143839906
2025-04-16,12.9112816052671,-11.645658159825,8.66049675291992,-2.2543734305388,8.27603161638864,-7.21247954730667,-11.3933727424946,2.65807390558941
2025-04-17,12.8543859450729,-11.5538374796289,8.62229644834387,-2.07742944468869,8.24025527203145,-7.22906285761842,-11.5242919597449,2.66768407623272
2025-04-22,12.8218875468078,-11.5785452939487,8.60224901135237,-2.02073879833577,8.25980410188349,-7.19573750978179,-11.4276973936263,2.53877833564889
2025-04-23,12.432841259208,-11.9074618418868,8.66106323338379,-2.24955492105434,8.2245690592843,-7.23963285146006,-11.3437291527425,3.42190521526767
2025-04-24,11.0737785245374,-11.5748652484148,9.33463335055663,-1.71919900308442,8.71310821055305,-7.00445895336348,-11.2406079610093,2.41761108022489
2025-04-25,11.8987552094134,-11.4749924637252,7.95327483960227,-1.72084762526137,9.06142310630754,-7.03722551752611,-11.4564672978161,2.77607974900557
2025-04-28,14.8256596648852,-12.1580414765052,5.38925072164584,-0.304136769431175,9.53721697984066,-7.45765212211093,-12.1000460089995,2.26774901067509
2025-04-29,14.5911507680997,-11.4484893042742,6.2536954225851,-0.161412230166299,6.70573018396673,-7.36237159458342,-11.5294746179045,2.95117137227696
2025-04-30,13.7801616481179,-10.8288084346327,4.14852987808133,1.00049497022747,6.466425365702,-7.43667519714458,-10.9445267379505,3.81439850759914
2025-05-02,12.9228951733294,-10.7201309790503,4.08862868177719,1.30823796118312,6.68585378525263,-7.263966018039,-10.8074653359923,3.78594673153924
2025-05-05,13.1596477870471,-10.6318273653785,3.6448883160169,1.85143298706343,5.99147396656029,-7.2086770592219,-10.6930255196674,3.8860868875801
2025-05-06,11.4467046513266,-10.7586593447363,5.3385014067673,-0.903680039446101,10.3742714356416,-7.10197478090309,-11.7917791525792,3.3966158239292
2025-05-07,11.4571294095924,-11.46422821964,5.30863224397831,-1.3733290354543,11.8901118009576,-7.19181810623537,-11.9791644448405,3.35266635164184
2025-05-08,13.2675428921788,-2.36218339823725,5.96577429004865,-2.26442158501622,6.54091357291378,-7.77855040678845,-12.9702875465285,-0.398787818570771
2025-05-09,13.1623905450342,0.144619193424901,6.59078345684194,-3.03067806255309,3.71222812203208,-7.69880449507621,-12.8097186684507,-0.0708200912531609
2025-05-12,13.0724831067991,-0.356107133843572,6.65399235491487,-1.81149903697926,3.64655441391346,-7.60238658948829,-13.2108976790886,-0.392139436227701
2025-05-13,10.8861974371181,1.41954831005443,8.91881021567391,0.767359773309444,2.76861409496986,-7.44540932996307,-15.4335818658766,-1.88153863528607
2025-05-14,10.9314009661356,1.81083173248979,9.81670318406806,1.19258945704161,1.8971752162857,-7.67972214996911,-16.06080821221,-1.90817019384165
2025-05-15,10.8088750412628,2.07292956126344,9.68380446766334,1.18759162173106,1.69354892851003,-7.39162412508432,-16.2630002935556,-1.79212520179071
2025-05-16,10.6998723605564,1.75536113792518,9.87165184596881,2.34373819226906,0.499174498032602,-6.20263740128113,-16.0982761454871,-2.86888448798378
2025-05-19,9.19677656081782,2.32694316477297,3.88202018910363,5.69020469382807,2.10509574890489,-6.87810793073886,-15.3145002476472,-1.00843217904129
2025-05-20,9.17728471936233,2.48970077522861,2.5926088093619,6.21895348072388,2.21145254497894,-6.71555011065733,-15.1351761629546,-0.839274056043738
2025-05-21,10.206394657172,2.50589798558523,1.97802205691696,5.81372727445306,1.97994951998152,-6.63445872690273,-15.2978440746378,-0.551688692568323
2025-05-22,9.79436606781068,2.36135694549976,2.70536397064781,5.62380489148225,2.17398128421674,-6.40776732993048,-15.2440642246598,-1.00704160506692
2025-05-23,10.5849938595061,4.78771540275661,-5.08887268208721,6.71930432266362,3.88739537447281,-6.19135647476302,-15.4886435614051,0.789463758856137
2025-05-26,9.89813103683146,2.92697146180461,0.623120230664021,6.05861831216605,3.86779387146388,-6.51749297931004,-15.6009866173503,-1.25615531626967
2025-05-27,11.8515346953386,3.97247722046225,-2.99299027787531,6.95592756351133,4.18260259776236,-6.61434678878853,-16.5860731270581,-0.769131883352518
2025-05-28,12.8336945743178,2.85361644319276,-1.66314449690315,7.55174257383867,6.22465453032103,-6.68191808334693,-17.2990614545766,-3.81958408684361
2025-05-29,9.49748722633666,0.593349170159811,-2.76905776174496,7.85424284618259,1.30384491326161,-7.98783745259563,-3.48340155018754,-5.00862739141255
2025-05-30,9.18249064667531,0.931073822198819,-2.84394203502356,7.78011409599719,1.32983598831219,-8.65994708476707,-3.00588897978081,-4.71373645361207
2025-06-02,10.8867453381496,1.08489273953732,-2.76938719541832,7.20225046485976,3.82838843442166,-7.8018024032076,-7.81683605406283,-4.61425132427963
2025-06-03,10.8830056693609,0.967013871785468,-2.63438192839715,7.08927109902823,4.00786429909625,-7.7450210987861,-7.78865802274284,-4.77909388934473
2025-06-04,11.1037494080432,1.12241663580473,-2.49572987504345,7.14307072505701,3.30928082343785,-7.72612134345603,-7.86706367260935,-4.58960270123399
2025-06-05,11.5205228197157,0.934676449468967,-2.21990722222998,6.92804894225527,3.87202186704283,-7.79076176287733,-7.99775168306319,-5.24684941031225
2025-06-06,12.7648811581292,0.826931907635029,-1.53686542245209,6.29331345607761,4.60939756656917,-7.84326942610023,-8.1157102270106,-6.99867901284812
2025-06-09,12.7872062027538,1.2512925659826,-1.45700476264029,6.1710818727877,3.2304306267313,-7.78614382880838,-7.91819457171972,-6.27866810508702
2025-06-10,12.9196638721189,0.728083284554579,-1.29873720087507,6.35949571258359,3.01282486882234,-7.69206551223475,-7.89687042457724,-6.13239460039238
2025-06-11,12.9103125539264,1.01832171295386,-0.674017391596713,6.56335608729312,2.3672793031723,-7.65188460524137,-7.97840709067708,-6.55496056983047
2025-06-12,12.9938706448948,0.941518984192832,-2.01762100828202,6.41637710733438,2.98413676863419,-7.72092517931893,-7.7346697381706,-5.86268757928462
2025-06-13,11.6157163193273,-0.479400877657241,-2.88287143024684,4.2446610463058,5.65663467265182,-7.46638996076335,-7.50398811230232,-3.18436165731518
2025-06-16,12.7128250733765,-0.164039102510287,-1.7747188390438,4.75339213834363,3.87114473488714,-7.53440614825082,-7.59634466042782,-4.2678531963745
2025-06-17,12.049154449484,0.176908056742839,-3.79241449193508,2.44530166662457,7.11826098098658,-7.68033747910958,-7.74750601322488,-2.56936716956844
2025-06-18,11.8728398968325,0.574958111315119,-4.39124980246461,2.09174846440881,7.61156198921391,-7.72098126605318,-7.78070832688412,-2.25816906636847
2025-06-20,12.1313957411507,0.983815180716377,-5.1165439776947,1.2910794934543,8.22417127173571,-7.73921677616453,-7.76901326666428,-2.0056876665336
2025-06-23,12.1952134486273,1.34632396200092,-6.06155253149117,1.75106534322055,8.38373388953633,-7.64421746272343,-7.64195458052167,-2.32861206864886
2025-06-24,13.3532100688185,1.5297287174984,-7.87353837047737,4.00493228720324,7.67084036001505,-7.53569639331575,-7.76290047197602,-3.38657619776604
2025-06-25,13.0707302988871,1.67830552210012,-7.721951981492,3.13981320572606,7.92859652324544,-7.52031053853673,-7.72602758291588,-2.84915544701408
2025-06-26,13.0846891822162,-0.326190605869847,-7.52039996382102,2.87636401756829,9.77174768425645,-7.63267540430683,-8.34995843042239,-1.90357647962083
2025-06-27,12.9516468097734,-0.164243865020808,-7.51055431113684,3.07082177066916,9.61395331631167,-7.52881465288288,-8.31270396830216,-2.12010509941155
2025-06-30,13.3578923482158,-1.41123094883188,-6.88880467424637,3.51024768936424,9.73028854580077,-7.40661843654593,-8.1566842759783,-2.73509024777835
2025-07-01,14.0157658898077,-0.314434006084475,-9.43440425197603,3.32338704603018,10.8285327493152,-7.60196273014858,-8.34817185537828,-2.46871284156573
2025-07-02,13.7007241954204,-0.484330186194917,-8.12167695427055,3.18023315653765,9.95778160090403,-7.61759308272201,-7.98640171735014,-2.62873701232449
2025-07-03,14.3252454472235,-0.383970722752807,-9.15792901812113,3.62375954414428,10.2739015492974,-7.60740471149106,-8.31316422740956,-2.76043786089059
2025-07-04,16.7374630599347,-0.438273044037004,-10.9268223515403,3.78175447571112,9.75896330674313,-7.57629158666182,-8.70198644577945,-2.63480741437038
2025-07-07,17.558231290762,-0.441043657505567,-11.7952453519919,3.71235060653266,9.48801517430955,-7.29001178876389,-8.7158006671732,-2.51649560616966
2025-07-08,17.9195425995314,-0.869120668292787,-11.5266203151954,3.0529260739453,9.32223807053419,-7.18260283462477,-8.70801125508306,-2.00835167081483
2025-07-09,17.8305647514456,1.0402503283214,-13.708509375662,4.50638610169677,10.1040389206975,-7.38822220681859,-9.07752276245594,-3.30698575722468
2025-07-10,18.5730757588414,0.427796236682205,-11.4853838492179,1.52556871293541,11.298335578694,-7.76763492876174,-8.66326055842582,-3.90849695074757
2025-07-11,18.6239292788933,0.111409128163551,-10.8657896284971,1.24128450957767,11.3096628504551,-7.89517761508772,-8.69341380130912,-3.83190472219577
2025-07-14,15.7267116987966,0.926982375691459,-12.7891372977896,4.02929874471285,11.8948488297834,-7.84664429642972,-8.95683927346113,-2.98522078130379
2025-07-15,15.9907185294568,1.00744580927512,-12.5776956022596,3.32183063177759,11.9929953754924,-7.87814078733095,-8.9243335381328,-2.93282041827857
2025-07-16,14.968181820756,1.28529903257843,-10.9416830337386,3.43104593408621,10.893525432669,-7.48671290406197,-8.78473385677615,-3.36492242551279
2025-07-17,15.3706439454673,1.37555600493441,-11.4114171390162,3.59996386355132,10.4797545151635,-7.55535564135358,-8.69909387994133,-3.16005166880538
2025-07-18,11.5666065354541,1.46426697746791,-10.9416751197213,6.70367405946443,9.30595611126791,-5.44689625865306,-9.31928545812409,-3.33264684715592
2025-07-21,11.7091030786933,2.66080752801739,-13.4165600548223,12.6101172730949,0.972218895030515,-0.828311727360234,-9.48056782373492,-4.22680716891866
2025-07-22,12.7092341662684,2.3130126391388,-11.791050540422,9.50163428237205,3.83811060304114,-3.02583090533972,-10.2032259623653,-3.34188428269336
2025-07-23,12.7228226461426,2.34440927083676,-11.8838998406744,9.52386936839508,3.54157196852878,-3.01617436351773,-10.158980391716,-3.07361865799509
2025-07-24,13.0843012238661,2.7129180124743,-12.2836080933285,9.04301872877685,3.26699037620315,-3.21844826866363,-10.0447355581818,-2.56043642114652
2025-07-25,13.5809676692628,3.08145588011812,-14.0225144844537,9.07865617489811,3.35719567345367,-3.36864076545146,-10.0989765789316,-1.60814356889596
2025-07-28,13.8988809531674,3.29404346359829,-14.0905688508475,8.5499562021769,4.10325443649619,-3.30261728145727,-10.133842044774,-2.31910687836003
2025-07-29,13.225349336556,3.36181070012936,-14.1160836819238,9.15957368138105,3.96825884070985,-3.16369967678238,-10.1628249083354,-2.2723842917346
2025-07-30,14.3809677110945,3.41956377598616,-14.4834924736358,10.4715957489644,3.49499862196843,-3.33702807242894,-10.6414053005576,-3.30520001139115
2025-07-31,14.6848504505967,3.09161623867087,-14.4994267611517,10.505469502233,3.26733211195325,-3.25296945718067,-10.5491654008135,-3.247706684308
2025-08-01,14.6089571565826,3.37185027063673,-14.6740167422012,11.3804005998909,3.36160443910401,-3.27584088156973,-10.5757508427027,-4.19720399974057
2025-08-04,14.1303519127333,3.01139419405277,-15.0301232202714,11.6321748550201,3.55524102214318,-3.12125532879513,-10.5507492536156,-3.62703418126722
2025-08-05,13.0705695502363,2.77790297874976,-16.0855497141727,11.2188927370664,4.47607695778705,-3.06666237290402,-10.6026654870333,-1.78856464972954
2025-08-06,11.9227181656657,3.02579496645662,-15.296195405431,11.217627137453,4.81371851862478,-3.01865646226395,-10.4241828745545,-2.2408240459507
2025-08-07,11.4016395342021,2.97552396354923,-15.327626332265,11.3322273209165,4.75498294430447,-2.95116102909281,-10.2784054374197,-1.90718096419478
2025-08-08,9.5231384854341,6.17753354895716,-17.7746285416728,11.159093885883,2.22205868098795,-2.35814687240967,-10.4513483721606,1.50229918498087
2025-08-11,9.58243973470108,4.26274767029887,-17.1123616683438,11.711116287103,2.63607910750064,-2.49353791089059,-10.4657766621394,1.87929344177014
2025-08-12,8.31110488819904,0.990218722067937,-15.6232676297957,13.1445132473991,6.32108437125714,-2.75973404475755,-10.2630717265652,-0.120847827804784
2025-08-13,10.0432479116762,1.70427401959472,-16.7079846867015,12.8965641815104,4.88038279623065,-2.35293798404211,-10.5948873829945,0.131341144726079
2025-08-14,9.45351076761745,1.83170795687916,-16.4508264041839,13.2133874889752,5.65269839050928,-2.36691192757335,-10.5889125170548,-0.7446537551691
2025-08-15,10.465075964162,2.10367946381261,-19.269816695464,12.3011734199359,5.85937717748891,-1.88100217685099,-9.90404846935424,0.325561316269845
2025-08-18,10.8120639801309,2.06438680766514,-20.3397744648556,12.518549123758,5.48336730137252,-2.40365241435748,-9.53316028463692,1.39821995092345
2025-08-19,11.1713902598976,2.16991053767412,-16.02288402064,12.6305239480041,4.40565621038841,-1.82188369813195,-10.8010984977468,-1.73161473944554
2025-08-20,12.4456571591982,1.82764076852207,-19.2584793682245,9.65844830275586,6.24882878259353,-2.22724934246878,-10.8953155347948,2.20046923241841
2025-08-21,12.9275446031734,-0.234435464831094,-22.7382752036358,7.88402408472955,10.9288288889209,-2.75120312235756,-11.4799126585289,5.46342887252941
2025-08-22,12.2071688470545,0.114881970691144,-20.3377144520691,9.53769830026226,8.33567080430766,-2.52885792184885,-11.2002495305395,3.87140198214182
2025-08-25,12.7243947099916,-0.095683862298884,-22.032866136999,8.53114590642474,10.3107981646115,-2.79959153625925,-11.3958506617512,4.75765341628052
2025-08-26,11.9195093896481,0.107124094960049,-22.1162773787722,8.60990265005023,10.5705226588488,-2.78207004157831,-11.4117987350533,5.10308736189667
2025-08-27,12.5233979736477,0.09343142230707,-20.8733777403065,8.49398374970369,8.98080863937503,-2.51014653518939,-11.2964621558641,4.58836464632651
2025-08-28,14.3809391426088,0.519919135702672,-18.8106711994263,8.84593462118382,7.30658843854405,-2.87729012479947,-11.7321867328771,2.36676671906351
2025-08-29,15.1032664343902,1.43961304158623,-20.1207270721004,6.83756234162494,6.44072929042063,-2.61136969178442,-11.5692195260095,4.48014518187241
2025-09-01,15.0553683406816,1.40137736123938,-20.1065253930466,6.7066362682846,6.13445419308271,-2.55814131103513,-11.3947335227596,4.76156406355301
2025-09-02,15.6626611755144,1.10335582742621,-17.4883350581224,7.14619241054477,5.46466750162276,-2.51830982555991,-11.3912979905971,2.02106595917131
2025-09-03,14.2624762466304,1.66141091218179,-19.7877210613759,5.87344185774745,6.4465921830845,-1.87082432570106,-11.6202261035063,5.03485029093915
2025-09-04,14.0357341131358,1.63605279128917,-19.4287176357176,5.82915984634013,6.35110136178193,-1.8088524653926,-11.5606094803296,4.94613146889274
2025-09-05,15.4373315601014,2.17835955662833,-17.5726943172596,6.67680413117312,5.59578560104888,-2.06499693075836,-11.6588074523086,1.40821785137488
2025-09-08,14.2388004292014,1.28746122922681,-18.846329014324,6.45350501677107,6.41809207391989,-1.9295221698765,-11.8170255519374,4.19501798701861
2025-09-09,14.6375649264551,1.92354431746228,-22.3201839585217,3.39479585273942,8.47538216992085,-1.76643323507133,-13.2039211380016,8.85925106501703
2025-09-10,14.9457631473691,2.13019105216054,-19.1659054293376,5.24334926938098,7.4349017197416,-2.23262945052585,-12.7801400177754,4.42446970898661
2025-09-11,15.8155584112575,1.59029699848955,-18.2993053103916,6.12617536346813,7.6250626955804,-2.44012699338411,-12.7586095678761,2.3409484028562
2025-09-12,15.9143843069175,2.21777592155215,-18.7539318157057,6.16249302233383,7.42833887621615,-2.58017659184102,-12.7811699536825,2.39228623420964
2025-09-15,15.0689652872641,3.08592650638371,-19.0789667253242,5.86609585036787,7.17334331104544,-2.54065045617359,-12.3770641159783,2.80235034241504
2025-09-16,14.8589622970048,3.59071410158671,-19.2872187978861,5.5693945820769,6.87509431431093,-2.41509855072408,-12.1944596795046,3.00261173313541
2025-09-17,15.3978623946477,3.38420097897535,-18.8350809181756,6.26154755797613,6.76219152661845,-2.40088587468475,-12.8215162087549,2.25168054339764
2025-09-18,15.1019906650769,3.93672363134284,-20.9501940326721,5.69078261099013,8.71210962226974,-2.47977050432556,-12.7311116766425,2.71946968396053
2025-09-19,14.7357886673274,4.59413579118217,-21.7986894274078,5.03841693675406,9.28864064948732,-2.58224604021159,-12.6772283181942,3.40118174106271
2025-09-22,12.801364145611,5.00358196730585,-20.1231840099011,6.12149464554016,6.59252602368438,-2.68625943479391,-12.6796389250058,4.9701155875594
2025-09-23,14.5403962093077,4.82893850217586,-21.252072425209,5.84718423360238,8.07366320381917,-2.80590014339716,-13.132896990897,3.9006874105981
2025-09-24,15.4269176344183,4.33082951523168,-22.3633884552229,6.17552070035895,10.377078253238,-2.82436372327374,-13.212467537591,2.08987361284068
2025-09-25,15.983975930672,4.97772453441211,-23.541939891152,5.96739339101868,10.4980151899723,-2.43456628368315,-13.743700687085,2.29309781584497
2025-09-26,16.2257293007031,5.57732139999355,-24.7972395066243,6.13589384193243,11.7293457507935,-2.4650405364006,-13.898194859182,1.49218460878431
2025-09-29,16.5022204806058,5.94360045800875,-23.5834258841281,6.36005799729543,10.6642375002334,-2.4914686000183,-13.8001133575998,0.404891405602726
2025-09-30,16.2706949191003,6.20099981026775,-23.5644745429303,6.56617036359106,10.6945299332446,-2.42403372688951,-13.7551800970978,0.0112933407139799
2025-10-01,16.0800668792431,6.84110654863833,-23.1707519582323,6.77293747286914,10.4057858357073,-2.37965048250103,-13.825835188022,-0.723659107702456
2025-10-02,14.5899413848487,5.52266742188893,-24.4647504899822,6.78957374108775,9.84692440799761,-2.22057845990818,-11.3483135530997,1.28453554716715
2025-10-03,14.6109741203548,2.64186874296572,-26.3852211980865,6.26764101556479,10.2081013113466,-2.00646979905299,-9.99831061006647,4.66141641697402
2025-10-06,11.7768220548625,3.24763363038331,-26.4361829902779,6.8236844210087,10.5451408772623,-1.97851740097516,-9.41321409813643,5.43463350587266
2025-10-07,10.910859232353,3.4155234058662,-26.1264342138174,6.60057304898198,11.3252445627433,-1.67017419139651,-9.0187954215388,4.56320357680816
2025-10-08,11.757671368331,3.51562058404054,-26.1589757617627,6.20399091859873,10.813531107605,-1.67961115832782,-9.21568630187513,4.76345924339041
2025-10-09,11.9990747021845,3.63777837752513,-26.2187261130332,6.10466414532262,10.7933072914404,-1.74204562175743,-9.4057818183105,4.83172903662844
2025-10-10,11.9711339931944,3.7153916703905,-26.5824876022433,4.3819638902899,11.1750826976533,-1.90831319136353,-9.06443744951031,6.31166599158901
2025-10-13,12.4589600293719,4.15152834167878,-26.4570660413983,3.92432748879588,11.2572452659065,-1.78009658572299,-9.30248003928899,5.74758154065721
2025-10-14,8.91148642652128,2.00303667451852,-25.1448308078765,6.121896317969,6.46669425937142,-2.82468440046191,-10.4124212369475,14.8788227669057
2025-10-15,8.96023096067218,2.14668087674296,-25.1650427146677,5.85693501557307,6.02172351952039,-2.79290944308698,-10.2963509031579,15.268732688404
2025-10-16,10.0818872880518,2.88939690607895,-25.3846818888688,4.90940561316887,6.43785997728178,-2.67081233927438,-9.63022657166887,13.3671710152306
2025-10-17,11.2355019681942,2.41523052905426,-25.8236632099834,4.93850367961436,5.95146333106229,-2.60770352495944,-9.40521461839449,13.2958818454122
2025-10-20,11.581644449612,1.95947691275841,-26.3768803318297,4.4679783850953,6.40816799859708,-2.52967011172429,-9.22876912738041,13.7180518248717
2025-10-21,10.4585428788085,1.75983058894904,-26.1438172280317,4.19706501564987,6.70574198773416,-2.38619902173631,-8.81526850778128,14.2241042864078
2025-10-22,12.5335734687448,2.35268782024379,-26.8911533825625,2.4960055478412,6.1192374396879,-2.46578616450395,-9.35923518342721,15.2146704539759
2025-10-23,13.030139551616,2.64748762823598,-27.1832067222507,2.00933179582494,5.90224615641437,-2.56619193331671,-9.69695034770584,15.857143871182
2025-10-24,12.6541393724761,2.57190381173717,-26.6675193778514,2.07918295445039,5.89567553819906,-2.52947009827774,-9.64772305649471,15.6438108557611
2025-10-27,12.9842432139856,2.59398557969468,-26.2368690409871,2.20128381478752,5.88176134878498,-2.49753800006778,-9.65609815531856,14.7292312391207
2025-10-28,14.3935638004765,0.14002581865099,-27.7550125437396,0.917833897792221,6.84051114505063,-2.45367005814271,-10.1974803131561,18.1142282530681
2025-10-29,14.5096645401644,0.268700395149246,-26.7629144235406,1.20009461255832,4.19878123329146,-2.10384751976315,-9.42684909021879,18.116370252359
2025-10-30,12.9821827321013,3.04150525134304,-24.0332674471429,3.32805830346744,2.17295802944166,-2.71173218071473,-10.2230581644315,15.4433534759357
2025-10-31,12.8592001447716,2.29263888160807,-24.329469815763,2.8797923074344,3.17312100990743,-2.64046732704952,-9.90289563126083,15.6680804303519
2025-11-03,12.3033440962407,2.4373472931388,-24.1015461683917,2.93877406186564,3.22831170797072,-2.54494664820107,-9.88127150274656,15.6199871601235
2025-11-04,12.9635826773924,1.94944747054179,-24.5237048934689,1.95983733188211,4.09998590658879,-2.34675662538874,-9.83639079079524,15.7339989232478
2025-11-05,12.5615036855486,2.05490596856254,-24.2480162356829,-0.00166826086018546,4.63491470491088,-1.64264514695605,-9.6167079856051,16.2577132700822
2025-11-06,13.0299834330329,0.526080626516141,-24.4294462497709,0.538170034188063,4.86299998933732,-1.36013336831293,-9.09733056203336,15.9296760970427
2025-11-07,10.8749993364186,0.491293382605676,-25.2166447363718,0.941890716019913,7.8733019079683,-2.25819595127894,-10.8957665004634,18.1891218451017
2025-11-10,10.1583719272024,0.643243102616658,-25.1447785103217,0.732990187911128,7.8836625391732,-2.33669807202797,-10.4472201460487,18.510428971495
2025-11-11,8.49407890166039,0.908347658640167,-24.8477599056754,0.117106665057925,10.0435097641009,-2.39435452608559,-11.0502488259549,18.7293202682565
2025-11-12,8.33761824229733,1.19034198129872,-26.7808270586714,1.85869920150927,6.56508673217922,-3.52561875977622,-10.0984565251576,22.4531561863207
2025-11-13,8.66507642960676,1.55628722994244,-24.7261316061837,-0.00519242352565641,7.32665786503092,-3.31340678035902,-10.5703067848075,21.0670160702958
2025-11-14,8.10822079293114,1.42186045247444,-24.6743896175342,0.00312533608160237,7.14787833452959,-2.85343978949273,-10.477447781104,21.3241922721141
2025-11-17,8.73297702025503,0.939876801369209,-25.6933103049422,-0.038013533132407,7.71508010299904,-3.27850203892367,-10.1931902587593,21.8150822111343
2025-11-18,8.80317701723599,0.831072151692879,-25.6064298938926,-0.449161989732204,7.47341744315064,-3.3656988266629,-10.0818408575759,22.3954649557841
2025-11-19,9.41848960163946,0.481353669546642,-25.969511092838,-0.450944390302304,7.57054563913164,-2.92905139316002,-10.8434343069684,22.722552272951
2025-11-21,8.91963464245524,1.2997752649832,-25.4214017319025,-1.303974708072,8.24029100553535,-3.43690384201659,-10.6591617238964,22.3617410929136
2025-11-24,9.44864065628346,1.25544096563013,-25.8867203294456,-1.10930922001568,8.38204622779867,-3.05259324954207,-10.9877321613583,21.9502271106493
2025-11-25,10.0877834809595,1.70907829863643,-26.2730512870663,-1.72071473112383,8.14667203140743,-3.05218658773468,-11.4573008628704,22.5597196577919
2025-11-26,10.0923425087719,1.69912825448593,-26.2498132823579,-1.53705096243545,7.99759796749775,-3.00149794749238,-11.5469966660947,22.5462901276248
2025-11-27,9.8270401294838,2.34070631622134,-27.3538486428504,0.599394451960769,6.16155017097814,-3.63737344096583,-11.2705103289931,23.3330413441653
2025-11-28,11.1722581494642,2.43754971575157,-26.3569916825029,0.86805472887059,5.71795643985402,-3.35164592359543,-12.6852362585846,22.1980548307426
2025-12-01,9.69869402752956,3.20865867694808,-27.1521258979824,1.21681654898933,6.36182385374153,-3.58026969526488,-12.7326183441455,22.9790208301843
2025-12-02,10.0683719979517,5.41473559933062,-29.2461258095326,-2.62884213156768,6.59439583076554,-5.80185511036233,-14.6961332213652,30.29545284478
2025-12-03,10.6298246830784,6.42975980258444,-28.2496971633309,-0.303503027182146,6.60331262908597,-5.56942838742278,-13.6397230667321,24.0994545299191
2025-12-04,6.23869565833283,7.41396934662614,-27.8547299477534,1.43404577642035,8.10021732252386,-5.47688314964195,-13.2519049732268,23.396589966719
2025-12-05,2.93054122035314,10.5398133696777,-26.3079315181544,2.26925986407274,7.77884806309527,-5.66420964292849,-12.940394302469,21.3940729463531
2025-12-08,1.45014505285793,10.1673540243174,-25.935246358438,3.05444891269774,8.28834779067455,-5.53005640670031,-12.9570618523951,21.4620688369857
2025-12-09,1.37925273820588,9.70866205921963,-25.8745900824707,3.14953069345179,8.42049399613973,-5.58858584919554,-12.8107867796517,21.616023224301
2025-12-10,0.266025149372339,9.47744576292638,-26.1483663422072,3.17552497801273,10.3769465553459,-6.41883981673377,-12.8618237764718,22.1330874897554
2025-12-11,0.00964093168915525,9.39775273573854,-26.0948431116427,3.1741196183704,10.5006023139871,-6.50013428193401,-12.8606549574523,22.3735167512438
2025-12-12,-0.460247703573671,9.37810656825494,-25.9599814807006,3.27376484332894,10.55634697173,-6.4797005875473,-12.7876057294817,22.4793171179894
2025-12-15,-0.0798222211214821,9.36415630183895,-25.9106786319553,3.18594619270498,10.7345036286356,-6.4326707675715,-12.924209355013,22.0627748524817
2025-12-16,1.08798188377854,7.610988023727,-27.344951829592,0.854565557378656,8.68388204020182,-7.35907342527907,-13.0611687132191,29.5277764630042
2025-12-17,1.21082412177812,9.86574499882751,-27.4075294463406,2.24545489326947,11.9164027353929,-7.08366277129137,-15.3269129757244,24.5796784440884
2025-12-18,0.444834562273684,9.41771900694255,-27.4918968980923,2.10685208055941,11.1574045053824,-7.10072446147802,-15.0642307429889,26.5300419474012
2025-12-19,0.256675368948166,9.58440257857176,-27.725228543577,2.25807919147329,11.275416431351,-7.02547320839018,-15.0318241549933,26.4079523366163
2025-12-22,0.965316786777905,9.45736700981892,-27.589191071387,2.05531012692864,10.8974187453942,-7.07615347034551,-15.081559773965,26.3714916467778
2025-12-23,1.71364555561111,10.1820211118195,-27.0782779285405,0.192355689338314,11.1792133948407,-6.95999249116295,-15.5283817966949,26.2994164647887
2025-12-26,1.76223329723683,10.2329717167954,-26.8809286185779,0.101430891628581,11.1149095606671,-7.01077369325976,-15.7378060834514,26.4179629289611
2025-12-29,2.58599494721004,10.537785427274,-27.3726145316674,-1.50509574353487,11.9370165911229,-6.64225769296538,-16.0730450890352,26.5322160915959
2025-12-30,2.08748512991909,8.62368039231687,-27.5445088772668,-0.650700479758122,12.9516101773791,-6.7371371427083,-16.1390061974231,27.4085769975412
