"data","ITUB4","BBDC4","BBAS3","SANB11","BPAC11","BRSR6","ABCB4","BPAN4"
2019-10-16,9.16954769916996,1.49362036677034,6.14903969703008,-5.57077631889793,-1.77862858234976,-6.25843035719894,-2.0095978027771,-1.19477470174665
2019-10-17,8.87230949977067,1.32772219965968,6.46587816453191,-6.31042104342775,-0.932883583087264,-6.14846496387918,-2.07605376379643,-1.19808650977162
2019-10-18,8.59593868560916,1.42405001161544,3.40165177834622,-5.16812887148764,-0.895345349406163,-5.57126153097512,-1.11396971012425,-0.672935013577639
2019-10-21,8.51808966021039,1.53484320192884,3.02356871408409,-4.80178495536805,-0.184910197486861,-6.17049130417086,-1.06910100216637,-0.850214117031165
2019-10-22,8.63495681859882,1.77784247698369,2.50353615181902,-5.22871634404175,0.334177203454551,-5.93364136833878,-0.879984948178194,-1.20816999029737
2019-10-23,8.98290284178822,1.80228095036691,3.18969977394482,-5.39460513430095,-0.110944958852393,-5.69679854466576,-1.42945774093018,-1.34307718735066
2019-10-24,8.93939420141854,1.36848738425851,2.41237764339269,-4.74995102840053,0.272434521184369,-5.53763189767464,-1.43756297240907,-1.26754785176988
2019-10-25,8.64219742133359,1.28803220375637,2.23283604514503,-5.01970985180848,0.393213232856741,-5.05662937030362,-1.1976698654407,-1.28226981553893
2019-10-28,8.0964555901456,2.02685993880653,2.47100599241058,-4.87322046354891,0.410300996187242,-5.07707610664074,-1.90421190604571,-1.1501140413146
2019-10-29,8.01700256559634,2.23290851851789,2.56530798862986,-4.90661201197135,0.409747092322043,-4.87040462038838,-2.17139255314357,-1.27655697956283
2019-10-30,8.94817576868632,1.68252859942938,1.16403492067463,-3.98781007784541,0.319281829060451,-5.23181007801335,-1.44039808184018,-1.45400288015183
2019-10-31,7.97922004904705,1.33941726318977,1.49889083457533,-3.33522149289733,0.62315967729409,-4.57255996574426,-1.77648687510271,-1.75641949036195
2019-11-01,7.15108079177026,0.953815839739839,0.253756875955951,-1.9376476968166,-0.56339388822277,-5.13232489742711,1.39074504471504,-2.1160320697146
2019-11-04,6.90027298741406,0.226254963352432,0.288630036154437,-2.30583386042116,-0.698063639022514,-4.9773447805423,2.44761320680131,-1.88152891373627
2019-11-05,7.82592705196578,3.16914446445719,1.06704893533125,-3.96201400477889,-0.240748032169645,-4.56078099873555,-1.19481474539614,-2.10376267067399
2019-11-06,7.44517968217457,3.83291448277106,1.03086157810311,-4.90374656133443,-0.557663257383989,-4.73609457421227,-0.111766772511388,-1.99968457760665
2019-11-07,7.79639097203984,3.21705097605782,1.11175159626373,-7.13747086195008,0.474495249833939,-4.58165050373152,1.21987458673092,-2.10044201524465
2019-11-08,8.31150284481118,3.40113775298749,1.00712740020018,-7.88834089820378,0.602539505752773,-4.6682208764544,1.54704214581882,-2.31278787491227
2019-11-11,8.35474349656699,3.50236257274056,0.787610232880787,-8.65549288756906,0.926865750511563,-5.03312451955127,2.19094775572991,-2.07391240130949
2019-11-12,8.2795540598112,4.26000642283879,0.406214702593587,-9.30094414126737,0.934728737889337,-5.17177431376371,2.77513657271946,-2.18292204082129
2019-11-13,8.2181907653421,3.67807107132845,0.300824996285499,-9.0911994485886,1.1379549243599,-5.20661695544641,3.17824308486391,-2.21546843814486
2019-11-14,8.33499665359483,3.18507582423457,1.1268763643722,-8.98190168560538,0.566319534589894,-5.1473832701111,3.56846014260669,-2.65244356368171
2019-11-18,8.87764455964509,3.86934054965221,0.969087824662289,-8.90218660041766,0.341554523855837,-6.12208510544856,3.37055592119323,-2.40391167314243
2019-11-19,7.87731390977402,2.7647909418499,0.875959457343335,-9.09390237873983,1.45621777781395,-4.7554523937957,2.76530787051727,-1.89023518476294
2019-11-21,7.74459517784086,1.71894185971311,1.97483080557367,-9.17134252994236,1.67171395410999,-5.22103032694271,3.12373291087047,-1.84144185122303
2019-11-22,7.56283273335034,1.8242277795034,2.02769022424634,-10.5108868925153,1.97086452840162,-5.26313486378713,4.14512658201695,-1.75672009121619
2019-11-25,7.32842188377008,1.56982742237418,2.30648780812982,-10.8976166223168,2.41892991852957,-5.05911790907127,4.22306218635769,-1.88999468777323
2019-11-26,7.07394176695642,1.25682678526388,3.0270160114238,-10.5210889262712,2.38161529593993,-4.87305125453903,3.91567037813511,-2.26093005690896
2019-11-27,6.38681601564025,1.76452370493529,2.19378301285121,-9.09353269981136,3.10725991119629,-5.00796790811393,3.16306415543884,-2.51394619213657
2019-11-28,6.40722203909242,2.07235600050114,2.98349604721964,-9.03691781762727,2.99448925750955,-7.53913290474365,3.92486182916063,-1.80637445111246
2019-11-29,6.48824608011447,1.41223121406394,3.18092658082937,-8.42676706175116,3.83802884135298,-6.89189773391548,4.43060715547046,-4.03137507616459
2019-12-02,6.55814898806839,1.04310251141384,2.89805695805838,-8.85802118533655,4.12031082364961,-6.97208608751163,5.10246330052744,-3.89197530886946
2019-12-03,6.12430587474853,1.29883306834536,3.30847114436519,-9.15370573003813,3.9950248475818,-7.70945770224883,5.24945464386339,-3.11292614661731
2019-12-04,5.12085937941849,1.37575745495731,2.77674638206215,-9.03535581352106,5.08521190050557,-7.60080687263367,5.87068086069765,-3.59309329148645
2019-12-05,4.23564496522442,1.58316612114701,2.74986366514742,-9.5196405904699,5.54217899067583,-8.02454862000777,7.32695222521041,-3.8936167569274
2019-12-06,4.30174225797062,1.79019806353234,1.99615498845037,-8.80673271438294,6.02310697107942,-7.78415595653034,6.71305037705162,-4.2333639871711
2019-12-09,2.9773668906932,1.31947013122729,1.49153408540788,-9.159040446734,6.73007835886989,-7.52318261496661,7.76683733343407,-3.60306373793171
2019-12-10,2.92355688455591,1.62603899505111,1.52410807610062,-8.80292941835629,5.30746561494539,-7.14863580881491,8.42826856371826,-3.85787290720009
2019-12-11,2.73075222416337,1.65529254578608,0.037044314083218,-7.8773267861128,6.21730548014273,-6.85305814728389,7.90598308343169,-3.81599271421042
2019-12-12,1.45027059647806,1.40731538024271,0.306194846419835,-8.51255636505493,5.36906882908245,-7.04185107239571,10.0319855701084,-3.01042778488078
2019-12-13,1.89849318779968,2.13778109797145,0.449865087071842,-9.18765796174201,4.99247767232691,-7.61360981958905,10.2720787849751,-2.94942804881388
2019-12-16,2.25225839144556,1.85716298751941,1.42839504483831,-8.10071920255873,5.15900690240039,-7.46191495531411,7.69748110170095,-2.83167027003178
2019-12-17,1.75645002465996,2.47539334256886,0.718995003964551,-7.8249830096016,6.69009828113844,-7.46334374770417,6.40784635019428,-2.76045624522031
2019-12-18,1.69430514181563,1.43957328015666,-0.0162647764153689,-9.12025764676817,6.95482027465158,-6.22420984151229,8.15710921919409,-2.88507565112213
2019-12-19,1.10323023958403,0.858947839417752,0.194398482113165,-9.12867314550509,7.22710480085825,-5.59400100360311,8.06399675390616,-2.72500396677116
2019-12-20,0.654106696108741,2.24043110250046,2.09407018789863,-9.81747502707723,6.73010662953699,-6.81143681386713,7.95043294399389,-3.04023571909436
2019-12-23,0.876277225093098,1.13279921837348,3.40263533202391,-10.7745684389056,7.20941499495934,-7.17327162332775,8.33687837562278,-3.01016508383928
2019-12-26,2.33025852531041,2.09514218268073,3.73943804594352,-10.2178029330811,5.61969951746342,-8.73116922653677,8.18079867910322,-3.01636479088348
2019-12-27,2.79995448064185,1.44314174662563,4.20505503167608,-10.6319168250164,6.34430835400565,-7.76353681546302,7.7396785867949,-4.13668455926473
2019-12-30,1.41480715592716,0.94347324382138,3.56136635512841,-10.6156130680391,6.89905374595368,-7.17893035545662,8.78124705069173,-3.80540412802662
2020-01-02,1.00411184135772,0.328858124922412,3.25083921947009,-10.325599389535,7.28427823610085,-6.72455329072787,8.3466934632014,-3.16462820478958
2020-01-03,2.93602696984337,1.19017789449863,0.714472281107255,-10.4725728593853,7.70395515366189,-7.12511291042147,8.76295750606737,-3.70990403537176
2020-01-06,2.95059430334396,1.36608944605851,1.25029322280923,-10.2570630253603,6.63435470034272,-6.99901545421363,8.59117331388962,-3.53642650687009
2020-01-07,2.64490263340415,0.305078099516862,2.46249035902196,-9.38689577681089,7.54593048266301,-7.31858847808828,7.2976666915799,-3.5505840112867
2020-01-08,1.24815214909685,-3.09883164483222,-1.01778080444183,-15.8208588562374,4.6044520264148,22.8933216484168,2.45693795568652,-11.2653924741035
2020-01-09,2.72123466024645,-0.168093456335178,1.30975473003236,-12.4885008777384,6.98209683516197,3.39512965863454,6.62491456217253,-8.37653611217426
2020-01-10,2.37026429193814,1.15152312322168,1.56592155103838,-11.6965740619844,7.75403910479426,-5.23623959990416,6.24890265561747,-2.15783706472136
2020-01-13,1.95262739896078,1.19716380237701,1.88926685865459,-11.5340060274013,7.72217883593971,-4.766787247786,5.63536593858245,-2.09580955932721
2020-01-14,1.89872913951881,2.35511297259814,2.00071854451884,-12.0643258578923,7.27829684642965,-4.87124084751935,6.14061031840747,-2.73790111606129
2020-01-15,2.01452980236486,2.99014780702884,1.89417228344308,-12.3681354120461,7.24570246479941,-4.85484381412897,5.67323819071133,-2.59481132217245
2020-01-16,2.6241937960814,1.44825607204132,1.3734793844513,-12.3981327764583,8.54875277765714,-5.00911220770652,5.98562969485445,-2.57306674092074
2020-01-17,3.28870197752213,0.337745371162761,1.09817168798141,-12.5036422661862,8.49109601807969,-4.69341477468626,6.42651890170298,-2.44517691557649
2020-01-20,3.39934333231886,1.05631257935482,1.27253963865947,-12.2594049291532,8.37884213059837,-5.01300502161036,6.30568730096345,-3.1403150311314
2020-01-21,3.80287388453702,1.11462419164192,0.724148991443478,-12.3329160532755,7.56539063453389,-5.351115754284,7.83747516307761,-3.36048105767445
2020-01-22,3.96908278757473,0.791271580693525,0.448522944241475,-12.2984136135892,6.43536631396316,-5.80104790396537,9.37671824064888,-2.92150034956717
2020-01-23,3.6718519638151,0.758730991976613,0.680317713012606,-12.2986677217128,7.0843969044588,-5.71562211594038,9.35807561331762,-3.53908334892754
2020-01-24,2.75428000794903,-0.438036633371169,3.42544040261375,-10.917324304478,7.58052047513286,-5.86411716198091,6.71728356885147,-3.25804635471701
2020-01-27,2.0678355751892,0.938060651966531,-1.27699750444785,-10.6737909770571,10.1348230044298,-4.86825247204526,5.58244091517814,-1.90411919321343
2020-01-28,2.38117187920022,1.29123098143174,-0.760123600842427,-10.7753676458099,9.40684215466795,-5.4846188775834,5.88671592960744,-1.94585082067164
2020-01-29,2.14840466718135,1.20341441498477,-0.767309814684047,-11.0630719257916,9.61757339483844,-5.58808870784019,6.52330614422578,-2.07422817291452
2020-01-30,1.11979573369265,1.11771169057911,-1.98973671794227,-11.1452610079627,10.0581467080884,-5.46732475955216,7.87041190316683,-1.56374355006987
2020-01-31,1.06344711498013,1.98194054654255,-1.60989454836633,-10.8480706626797,8.82171977181827,-5.56746954217089,8.11559560620307,-1.95726828632705
2020-02-03,1.23022678196531,2.12709507539252,-1.48204211242894,-10.9907051231495,9.10920206169073,-5.6746728401442,7.66929092494385,-1.98839476826974
2020-02-04,1.42989941887252,2.58655655900409,-1.55521406958923,-11.0003699698276,7.81924751050467,-5.64481246126528,8.15563616753324,-1.79094315523241
2020-02-05,1.39703365399003,2.735157010268,-0.612842382607077,-10.4523932783827,6.25075923989666,-5.80128318786701,8.69489414189873,-2.21132519719663
2020-02-06,0.854072790299242,1.24455912329573,-1.30157326189258,-11.7147653548948,5.22938763239062,-6.2880145485167,13.641049170235,-1.66471555091651
2020-02-07,-0.551599311119922,1.90959806331198,-2.17237491060408,-11.2532162368296,5.62817176093032,-3.78043555029632,12.1421750547727,-1.92231887016509
2020-02-10,-0.594620894356005,1.6905353331629,-1.43773387627616,-11.0156832180177,5.26416681906992,-3.7992946407823,11.6241189938743,-1.73148851667494
2020-02-11,-0.482859436219634,1.6620352241131,-1.30920369639425,-11.173197838438,5.22883094272384,-3.94339615306719,11.5033639870382,-1.48557302975605
2020-02-12,-0.961670506810002,3.65710205518042,0.745775808926702,-7.75421143968699,2.19097582266972,-2.43361621357234,14.8799868091574,-10.3243423358649
2020-02-13,-1.74904319529211,3.65673414955511,0.926447439742347,-7.35025949228277,0.204773499697986,-2.88821856235967,14.9498282236672,-7.75026206272813
2020-02-14,-0.243744691526594,3.94968505831234,0.943659221599241,-5.93581559270927,-0.934805763239922,-2.90337063404719,12.776569318378,-7.65217691676661
2020-02-17,0.438804675074678,5.71739876114897,1.81035524419137,-4.83763671772368,-3.3448392664063,-3.10290196051943,9.69603407119704,-6.37721480696264
2020-02-18,0.113386650021397,5.31563290787733,2.01243096933414,-4.82084250666665,-2.96049390124035,-3.09509593376201,8.73252513039916,-5.29754331596302
2020-02-19,0.321449673237652,5.15961730074292,1.86251560275431,-4.22654862664847,-1.78766009105156,-3.18721143514405,8.08989072338446,-6.23205314727525
2020-02-20,0.690852473943458,5.47679822605287,1.74485981969733,-3.96760521846288,-1.98951192073008,-3.26709120507821,8.51371425647,-7.20201643189249
2020-02-21,0.615354683174424,5.65334400509532,1.91481714153068,-3.79076966630944,-2.01477188785178,-3.14940299753055,8.26119416483745,-7.4897654429461
2020-02-26,0.231814460020644,4.66829195914521,5.01105155980866,-3.55050589390612,-0.347869582386334,-4.16039908202248,7.59836310876701,-9.45074652942661
2020-02-27,0.060734109781194,4.01433355980827,4.66774373335498,-4.31445105360289,0.863614869600632,-5.55118376161009,8.43983552296532,-8.18062698029741
2020-02-28,1.61645048155038,5.23460651115286,5.1826567726218,-5.83941407743676,-0.420634163162585,-6.18261124635984,8.93780151365185,-8.52885579201771
2020-03-02,0.738734412241854,5.04755271603271,4.97946907104998,-7.54263898300561,0.407697693429729,-5.23807147105973,7.98849769039585,-6.38124112908477
2020-03-03,0.74780118325662,4.83443180664403,5.14847327456358,-7.67353426755266,0.143922824386991,-5.13886495870201,8.2440723930136,-6.30630225561016
2020-03-04,0.5879575554128,7.12061020195463,6.74980005490923,-5.43480982279286,0.337872708769595,-4.84296381605064,3.02994834472146,-7.5484152269242
2020-03-05,0.268796976979907,7.3404702657402,6.005418790632,-8.32880766829513,-0.152294485780004,-5.77907982504583,8.78466895061906,-8.1391730048502
2020-03-06,2.70526422897315,7.70545069630466,8.26621030802742,-9.66265759201976,-1.40882123892146,-7.27306711949561,14.3344092352547,-14.6667885181231
2020-03-09,6.9983714680678,9.87678557408206,16.027826531739,-5.36509494915298,-2.78616158925384,-13.0448421182575,10.7214249301392,-22.4283098473638
2020-03-10,6.13431661118928,8.41571120595757,18.2689649957921,-4.41952453871781,-1.9139720470573,-16.4192117660788,10.7350685027072,-20.8013529637923
2020-03-11,10.7634392993469,10.4517955518753,22.4730896226167,-4.88788664212164,-3.03440828935744,-21.8655778790556,10.7787619730892,-24.6792136363935
2020-03-12,25.1420786595415,17.3252093468846,31.5852855696471,-6.91503269397734,-8.05963089970069,-32.0834763001544,7.57361653064272,-34.5680502128835
2020-03-13,27.6117506879291,17.5233420199856,36.3879697927653,-0.29642450843447,-8.94877306951137,-40.5778222674632,8.18916514484216,-39.8892078001131
2020-03-16,29.3731858188933,18.4907131513547,40.5581476286899,-3.93671283161109,-7.97460666127499,-38.8685137799864,5.82430073481403,-43.4665140608795
2020-03-17,19.1085586816282,13.3781047865607,38.2674034954504,-10.2905676116294,-2.11156141203763,-28.5028649178035,5.05068901727596,-34.8997620394447
2020-03-18,22.1565179558534,13.0281553118829,38.9592201523655,-8.84691638355525,-5.44195880641217,-31.9289294318926,4.92817599614315,-32.8542647943849
2020-03-19,22.8455929472397,13.6664232246801,39.3501283334705,-8.36607015632619,-5.79278677685017,-32.943626721139,5.13864403299596,-33.8983048840709
2020-03-20,24.7177229057735,12.3217394543699,40.2037228359216,-6.4294275042058,-6.88210980552449,-32.7977575005101,6.82625500986603,-37.9601453956906
2020-03-23,18.9547854093745,14.1373347137976,37.6846530389103,-12.2537837741017,-6.91440643009853,-29.1505654429164,6.33629879565897,-28.7943163106247
2020-03-24,21.4538219547999,14.442049290271,37.4999257797041,-9.41652813052436,-5.73834115573813,-31.7790557715456,6.47949497323233,-32.9413669401993
2020-03-25,21.8418679168238,13.8591909390536,37.3193465407141,-5.53506528611128,-5.35001653112453,-33.5458102302825,7.54636098585034,-36.1358743349236
2020-03-26,23.0632640403847,14.1105427944629,37.3604423663702,-6.2209928281907,-7.83758456400805,-33.0400208567949,5.85773534035863,-33.2933862925828
2020-03-27,22.621214169129,15.0284027032848,37.1186538118687,-5.435048848793,-7.53003412466596,-33.718071400407,5.89702939576593,-33.9821457061824
2020-03-30,22.4059174593962,14.0809374110512,37.8944946326625,-5.26697954432831,-7.6608427985548,-33.9515189828362,5.13421879909724,-32.6362269764878
2020-03-31,21.8987653019071,14.349578655163,38.2815222277298,-5.39284770034745,-7.69671676550105,-33.9515896938982,4.51514168491281,-32.0038537099661
2020-04-01,22.3010296715776,14.3685088981257,37.9884503199583,-4.75538728194887,-7.8945945924097,-34.3927179081609,5.77114796630511,-33.3864370734473
2020-04-02,21.6829407622916,14.4893498493636,36.633293667832,-5.02087114597143,-7.11412981882302,-33.5774736663843,4.56181167751888,-31.6549213258274
2020-04-03,22.2998067085561,16.399374915861,36.1815531272137,-5.98598972753385,-8.32902485083674,-34.1326191646096,6.82245336293289,-33.2555543715835
2020-04-06,25.1970402483016,20.0369006043243,35.7744785769647,-7.68228783283634,-9.33205196091312,-35.412942492417,7.38368247140617,-35.9648196148304
2020-04-07,26.3866722826447,22.108384828006,34.5438121810068,-6.17702841436814,-9.72229714485817,-36.3566415339456,7.32244947134745,-38.1053516698331
2020-04-08,25.3757383136643,20.7760906911924,34.7461904462783,-5.99716907097725,-8.26236990891287,-35.9591630801392,6.20232879161571,-36.8816461827214
2020-04-09,26.5551046625942,20.5400031850484,34.5867209566174,-5.48122560097583,-7.09101731866082,-36.2052173026264,4.33480999696158,-37.2391785789585
2020-04-13,25.5513318950522,20.56318543216,34.286047693218,-5.67255825865111,-7.66041216282231,-35.8736684521574,4.98771734762435,-36.1816434944236
2020-04-14,27.148717427795,22.0413713098481,35.1513870259386,-6.61130948525629,-8.20716656576535,-36.399442551017,4.54159591761992,-37.665153079163
2020-04-15,26.9314171513318,21.9868389335829,36.5657721970544,-9.03425829364782,-8.9748315506072,-36.5412057875529,6.00637567525743,-36.9401083254187
2020-04-16,26.8666154332912,22.1458095979923,35.5757825755383,-6.97586963906015,-8.04131372168644,-36.2880815868133,4.33856887194527,-37.6215115312071
2020-04-17,25.6185316356501,20.6321547441031,35.3185776521063,-5.90998083824384,-11.5656982041286,-35.4093689857354,4.63889643287864,-33.3231124366303
2020-04-20,26.1790501995678,20.8125258333361,35.8644654944033,-6.52419277132329,-11.643064247728,-36.0289957310785,5.36387597939327,-34.0236647565707
2020-04-22,22.9129312092593,20.0075278274518,34.6400977952812,-3.76078503065648,-9.19959483014337,-35.7608656639584,3.89792534679401,-32.737236654028
2020-04-23,26.0264135884293,21.9174600531344,34.4351254018373,-4.66464707407714,-11.0916230918935,-36.8029083616489,3.98367454367524,-33.8034950594567
2020-04-24,26.3413053209249,26.8178816395911,28.4228388040908,-5.10006701104432,-8.06114384603808,-38.5446727840589,6.34036437398105,-36.2165064974466
2020-04-27,24.8736908785424,26.7439855235859,28.3421954482243,-5.30115937108363,-8.41592274037623,-37.8548967046176,6.29266541135841,-34.6805584456336
2020-04-28,23.8901786044087,26.421251023974,28.6484008292328,-5.192205285013,-8.1898300149923,-38.2703563328195,6.49205383995398,-33.7994926647446
2020-04-29,21.7712897307816,24.7398682002461,28.6954866673313,-5.56299054928235,-8.19054991337757,-37.3875434483046,7.55812499682284,-31.6236856842173
2020-04-30,22.9384063089345,24.9289574252616,29.9603461923076,-4.47008869329345,-11.3981862600925,-37.5605074230894,7.09482695442404,-31.4937545044524
2020-05-04,24.1827736518074,21.5314333369389,29.2437711087111,-5.75611277284357,-10.2123801304466,-36.6713610258305,7.01216296338896,-29.3302871317256
2020-05-05,28.4986260525727,23.5639517747853,27.8526849931059,-7.69757852690174,-9.89990068679234,-37.755762809688,5.8428563095115,-30.4048771065934
2020-05-06,26.8576727444368,22.6689276157643,27.3917861764578,-9.74128155159997,-7.70066010695788,-36.7048750725074,4.61983352789795,-27.3914033334916
2020-05-07,27.4462419238287,22.2008209315139,27.9002992819953,-8.88987614979045,-9.06559363303499,-36.7615770672612,5.26060899023507,-28.0909242774863
2020-05-08,29.8051712474906,22.5187099384622,25.6053550108576,-5.2179104120639,-14.3178550274993,-37.0266780345426,7.53717703168381,-28.9039697543883
2020-05-11,28.9020949598613,27.965929844145,27.0512284837814,-8.62162162421262,-15.8002300540996,-37.849027873599,9.22153229268916,-30.8699060285656
2020-05-12,29.0647937020935,28.3129710190292,28.246297532656,-10.1910813171051,-15.7631529946074,-38.7381019024501,5.43031987368444,-26.3620459133005
2020-05-13,29.5606913857151,28.8679076410722,26.2544443522131,-9.99829013677743,-16.6645174004368,-37.2113261888198,7.12073864967195,-27.9296483026384
2020-05-14,27.76036889773,28.5512694512751,24.3139981635806,-7.51752587222025,-17.0889726102254,-36.6249452657236,11.6378856722025,-31.0320784366189
2020-05-15,27.1531868669828,28.0878017005729,26.3204367160576,-8.87435787042388,-14.8015530008002,-37.5239830997573,9.14901378142918,-29.510545094061
2020-05-18,30.3634258910323,24.5313841670335,27.8897585870041,-4.06642605641098,-20.202033677547,-39.7361626092514,10.2681745526118,-29.0481208544723
2020-05-19,30.7333742572132,25.3360973258939,25.2790335198519,-4.75835144099946,-15.084807587776,-39.2455137316916,7.64431581875834,-29.9041481612504
2020-05-20,30.2075068463295,26.0445501377771,24.4387842059501,-5.40916958047517,-13.4367122453096,-39.2789186428644,6.49691590408392,-29.0629566254915
2020-05-21,30.4809152452069,27.7552550468853,22.7074910288311,-4.74085883230063,-14.355929576476,-39.1604353988031,4.29317604634431,-26.9796135596878
2020-05-22,25.8214541621855,28.4503187572309,24.2170848945301,-4.49507822127846,-13.4342112473483,-38.3573113692533,7.31774537560038,-29.5200023516668
2020-05-25,21.3300198780825,30.7340293548971,27.8870118543197,-5.90651147408121,-13.3351166526879,-36.9873133306058,10.0107739074148,-33.7328935373391
2020-05-26,18.6639536187242,30.0709071334661,26.6672009405943,-6.75919161396101,-11.8657762185026,-35.7258642060791,9.74904476800523,-30.8002744222472
2020-05-27,21.6598150131443,29.6764168499856,25.085471705402,-7.20560616706889,-11.7834285915583,-35.8561182089153,10.0185839268652,-31.5951345278546
2020-05-28,21.9438734494034,29.4582269056631,24.0549221982319,-7.6691181939203,-10.1604276794423,-35.828859936643,9.39182602611275,-31.1904427694056
2020-05-29,19.7879964122157,29.4695872355582,22.7516281033072,-7.10719883225445,-9.35558853551714,-35.041812892509,10.4609584043936,-30.9655698951941
2020-06-01,21.3281430767228,29.4852050009237,23.3883590561021,-6.86141341938931,-10.2822343447748,-35.6224134122361,10.0829763841032,-31.5186223414515
2020-06-02,22.3633132766641,30.3241800194749,23.8858732929758,-6.76408533022173,-10.4536229780525,-35.8714657972622,9.35561995722941,-32.8398124408078
2020-06-03,23.7533819582492,29.9753552345211,24.4391476450775,-6.83990003405702,-15.0701013634698,-36.6746205406107,8.78625250198388,-28.3695154016941
2020-06-04,23.3570479606771,29.4176732167852,24.254117030092,-6.97006662670414,-14.8660060570469,-36.8465221010429,8.47327214920062,-26.819515571961
2020-06-05,22.9844378354009,29.6896977831025,24.8201608634405,-3.57784589656491,-16.1986378993257,-37.3933237318004,5.32240827774457,-25.6468972319975
2020-06-08,20.0856173129417,28.3021725447779,23.1390338971977,-6.44734856672964,-12.6047230344443,-37.0422303888385,6.73252521369778,-22.1650469786027
2020-06-09,22.8191930861925,33.7076215432783,22.111166451418,-4.3910158323192,-17.7163161887552,-36.2703723756489,5.62910524718947,-25.8893819313549
2020-06-10,23.5237995126887,34.8951907719913,20.5059598723897,-2.20111226462377,-18.1540065101272,-35.8657333803913,4.34885701718092,-27.0529550191083
2020-06-12,22.2729555240857,33.5615045660238,19.4743458550206,-4.10556007070888,-15.5894921128679,-35.660582300412,5.84020552736015,-25.7933769885015
2020-06-15,17.6724042016052,31.1849369279206,20.0323349219672,-7.62227011611314,-7.49815276749268,-35.3218272508219,5.27860166131799,-23.7260275783833
2020-06-16,17.3870164246317,30.1585222924049,20.7997451454298,-7.13976748674868,-7.30027161651221,-35.7321959859079,5.52078758287708,-23.6938363561748
2020-06-17,15.9609465743213,30.6006856181661,21.4311407695653,-8.06253212077232,-6.61939998265306,-35.3086279649289,3.79436809736403,-21.7965809910624
2020-06-18,14.7929424168548,30.1294239033643,20.2710865361722,-9.49144590103535,-4.93645282786991,-35.3256960923505,2.65710202895652,-18.0969600640921
2020-06-19,13.3518585511758,30.0758776648505,20.2474155309768,-10.707234314867,-4.26273723874911,-34.8846713750067,2.2732688458216,-16.0937776642019
2020-06-22,13.7335788836062,29.5669382106525,20.2227695381143,-10.5410662552875,-5.31417225789141,-34.7428441152028,3.8827820779254,-16.8079860819166
2020-06-23,13.8922671470565,28.0439680646757,19.2196804347642,-12.080101258421,-4.25087073483476,-34.6747688757448,4.60212558652233,-14.7523003640182
2020-06-24,12.9782176933594,29.5566218335955,15.1428234057952,-10.1675731722379,-1.12857887820726,-34.211305159848,3.45418671295941,-15.6243924354165
2020-06-25,14.6028860289898,31.1007823429739,18.710265343838,-10.2303298921171,-4.13898950170235,-35.1071599795514,3.1176437960458,-18.0550981384765
2020-06-26,15.1999457334592,31.7965629037734,19.7161027398238,-9.80261097117982,-5.5862512117007,-35.2391978832298,3.25319424959415,-19.3377455605402
2020-06-29,13.3067065258457,31.067119441937,19.9817194777438,-11.2482875290826,-3.9510943539574,-34.465515544466,3.86145694350708,-18.5521049615277
2020-06-30,13.4572144093957,31.5687466050961,21.1719113949596,-12.0233677460186,-4.06075341747939,-34.3002490802441,3.80600892481183,-19.6195110905211
2020-07-01,13.2668710479813,30.9853507265252,22.4571075142758,-11.9643164526238,-3.96842464025816,-34.2433297984922,3.31787478204168,-19.8511331794497
2020-07-02,10.9697549025588,29.3319132898389,22.2462917817719,-9.97526318499231,-2.20433478260109,-33.6186971734387,3.3351866185638,-20.0848514517013
2020-07-03,12.5711723676057,30.9271613751959,22.4004899731689,-11.8052163165769,-1.72020167561152,-35.3437144421414,-0.0123709491269892,-17.0173203325137
2020-07-06,14.2640716841962,28.6622389431773,24.9887296559884,-11.9718749363877,-3.6190480244676,-34.478316901847,0.52850585875953,-18.3743062794191
2020-07-07,10.0333923009574,31.7542466660121,21.5315251224788,-12.2542129192682,-0.625139569362346,-35.6386670617757,2.05936642287233,-16.8605109619143
2020-07-08,6.53785648329153,26.2474528728518,22.6075098953299,-13.0573236077052,0.77014285758591,-35.3272374316612,5.446415807319,-13.2248168770117
2020-07-09,8.95948739836457,29.0429772887586,20.1948479877279,-11.0307072691872,-1.22182023668192,-35.6338552180313,3.88972398928686,-14.2006539402376
2020-07-10,9.4150376100874,30.0755824179514,19.6300209085969,-10.6395154170215,-2.6089883184503,-35.5506996716492,5.06457089579898,-15.3860084253136
2020-07-13,9.64507565274923,30.2564558850422,19.2183812724848,-11.4432187277183,-1.9697976866612,-36.1388251082244,6.88623597757086,-16.4543072652432
2020-07-14,9.35247179975001,28.7248463658592,20.5391152329572,-11.0634067702471,-1.6720815412702,-35.6993091692892,4.89498834089899,-15.0766242586589
2020-07-15,9.4804907922742,28.9830527684049,20.3238705851578,-11.8936712249237,-2.23481360997847,-35.5253053612796,6.04315879377228,-15.1767827434274
2020-07-16,11.5201912708488,27.3330760865056,22.3762788318838,-9.21662315613069,-6.10238902497264,-35.959327181428,4.83821470201717,-14.7894215287241
2020-07-17,11.9015334147026,27.9662910979135,22.7763456347195,-7.71776740744669,-6.73824887895556,-36.9740233707797,4.0148744276858,-15.2290049178395
2020-07-20,10.9424743034805,27.3186276676284,22.5633594745306,-6.08587709603411,-6.23398809554743,-36.8267689671971,4.08625447393241,-15.7640817607932
2020-07-21,11.8360210618616,26.965359964716,26.5256746606738,-3.78707907192691,-6.93749946532981,-38.5745238201235,1.81825473539691,-17.8462080652681
2020-07-22,11.6173904270987,25.6249657276345,24.5437167115703,-5.14039570271255,-3.55060698765138,-38.4612454744823,2.80530224775124,-17.4391269492086
2020-07-23,9.97075938227603,23.6211010813409,24.0130515821115,-6.69221946261767,1.28929618825271,-37.9865864439894,2.4622806399593,-16.6776829673333
2020-07-24,8.83213603533468,22.9575141258328,23.6964846602421,-8.35997144033372,4.16881363489786,-37.6191122221117,2.78440083535575,-16.4602656292177
2020-07-27,9.86760400083264,23.0940301941288,23.8256101863442,-7.0584716957068,0.795634562242142,-38.3149936214078,4.46985103310919,-16.6792646595424
2020-07-28,9.97699812661553,22.9395177653525,23.5161174588884,-6.70755105780817,2.19628853027223,-37.949558949752,3.06352205455822,-17.0353339281267
2020-07-29,9.82556348223737,22.869846404427,23.3725376640401,-7.12363827259628,2.76889530502194,-37.5799780827678,3.00025916480503,-17.1334856651673
2020-07-30,10.4307417874547,22.9932458167696,23.3399977873516,-5.9917045830632,2.90424521795312,-37.7165682684481,1.97872758803889,-17.9386853460567
2020-07-31,9.92872897397159,22.0322150800226,22.880714813098,-7.79637311159456,1.31700355470858,-36.5957615415113,3.99112744503569,-15.7576552137305
2020-08-03,11.2099928623121,23.4088786170718,21.7569585997747,-5.32302700503263,1.9150407417815,-37.6928916583056,3.26183999386494,-18.5367921514667
2020-08-04,11.3564777232125,24.5538652414616,21.9476918256707,-6.45189047874419,1.31690181380704,-37.3126557977873,2.94345436002862,-18.353844687649
2020-08-05,9.61577606857746,23.6445264512123,23.6504903694685,-8.17674191410821,0.503711604894605,-36.2758266262838,2.70437040582347,-15.6663063595843
2020-08-06,7.09159028931275,22.4742073879056,25.4076633853253,-8.70103958129305,0.346874573518335,-35.7328367267342,2.31848894272197,-13.2049482707567
2020-08-07,8.81780880893227,23.6533674498382,27.0408307885045,-7.44125532543717,-1.78602986254241,-36.4911209413887,1.87642945447591,-15.6700303723826
2020-08-10,7.13270297057397,22.5423722390489,23.3894097811083,-6.47848301946408,0.304246319831805,-37.2397383827234,3.03369677156442,-12.68420667994
2020-08-11,6.81734858966507,21.9180226973499,26.036622515013,-7.23478134118011,-0.643335067623681,-37.3760261574956,1.57760996878865,-11.0954612045172
2020-08-12,6.6093686244337,21.9743136880171,25.2306048073891,-6.73727448778671,0.626809347017598,-38.1009166885135,1.95281050485904,-11.5557157954164
2020-08-13,7.68353048698555,22.5302043401248,25.602154749916,-8.32650431593142,0.529494832878967,-38.1006743631534,2.61471161182045,-12.532917342641
2020-08-14,7.75000831131851,21.8742553091144,25.0841123977079,-8.17742844463838,0.671865545374359,-37.9253028931895,2.8548700466004,-12.1323802722878
2020-08-17,6.87586089469603,21.1021032088583,27.0828897525111,-7.46507082390923,0.948752935751628,-39.2609785299923,2.41394424383594,-11.6975016817514
2020-08-18,7.53164140144371,23.9972994197247,27.0711748806481,-6.9814750146689,-0.693823481822704,-39.5419151170865,2.36980753674121,-13.7527096249796
2020-08-19,12.3539487815639,30.1008627585692,29.6102610050857,-0.816017352780889,-3.65405806178013,-42.1562346316618,-5.51192375901006,-19.926838739986
2020-08-20,13.5209098161656,30.0897135885748,26.7224732993023,-1.50575887278495,-4.68659572801218,-41.2364183511345,-2.17402528680063,-20.7302984653105
2020-08-21,11.6197452770795,27.9076128371689,26.0373392987183,1.28803131391919,-7.93170099304389,-42.9389975957236,7.37110992541568,-23.3531400635341
2020-08-24,12.1296009571446,27.7481774069355,25.5984080237463,2.09656680769835,-8.23554466113289,-42.8526764302257,6.75421876288767,-23.2387508670538
2020-08-25,12.442389640763,30.2805490892907,27.8354958148704,-4.30549098108757,-7.85717151489572,-41.4958114917223,7.24260067075014,-24.1425612279687
2020-08-26,12.3742744989534,30.3577187737546,27.1773888569614,-4.72658721289581,-8.23119804601773,-40.8657290663679,6.52060514580778,-22.6064729501958
2020-08-27,13.0412355237071,30.225884630591,26.7399190245751,-4.65510949757368,-8.33860363559159,-41.4404934098853,6.63070459940687,-22.2035372352294
2020-08-28,13.6309240967685,29.3102734666889,24.9110840010263,-5.07145349441336,-8.00470710945894,-42.1868464604415,6.47940811889021,-19.0686826190601
2020-08-31,16.3231197284061,29.8841071258153,-13.9804383954608,11.0707897853937,0.127180223736076,-42.2494998565259,12.9552289083724,-14.1304875197369
2020-09-01,19.8223555952783,33.8965313137708,-20.1381120959864,7.39823930819237,0.574876630938022,-38.2110071355883,12.9390621017965,-16.2819457184013
2020-09-02,22.9677388338564,36.6669764661924,-27.6884927317336,6.86710167862563,-0.588686728479615,-37.8238985517578,14.2177523527719,-14.6184913194754
2020-09-03,29.4380760432796,40.9979468924848,-27.1332059402298,8.77593352056822,-7.90803238966681,-37.2999256382538,11.9005791607183,-18.7713716489004
2020-09-04,29.6676697376287,40.8876691953419,-27.1825670269947,8.82605004756974,-8.15170286894287,-36.3369961113494,10.7323321268593,-18.4424551001128
2020-09-08,24.4300812048448,40.6193496016814,-26.4170410013237,9.73332307309516,-8.32553046606947,-34.800906882014,11.8021884928431,-17.0414640230575
2020-09-09,25.053477561525,40.6608876911039,-26.6098689369086,9.70230830099084,-8.30879549596727,-35.6867821872164,11.582395828461,-16.3936227619885
2020-09-10,23.6924901408112,40.8677776517789,-27.0201191915629,8.6391162965419,-8.84651663197563,-34.4062575786155,11.8168427903836,-14.7433334773615
2020-09-11,23.2032400316908,40.6992968669941,-27.6296168003954,8.82826776433386,-8.23943959724451,-34.5002021373091,11.3593335668653,-13.7208796949349
2020-09-14,22.1667159189651,42.4697958282868,-25.6417785312911,11.3952532856301,-9.72195195774006,-34.6509032219407,8.97672956611133,-14.9938608880215
2020-09-15,20.7653205301962,41.6160730655209,-25.7041562677003,12.1141549958398,-8.98906205312501,-34.902063122562,8.58936767458137,-13.489634822751
2020-09-16,21.1045247335756,41.9471685821186,-25.8908662749931,11.7323911884151,-9.05276480734835,-35.1090457811932,9.27430341383861,-14.0057110544132
2020-09-17,21.5733017885871,41.4971868490784,-23.9820087916855,9.62641523720862,-8.81997294479263,-35.1063506365681,8.35083239442827,-13.1394038962561
2020-09-18,21.9151476138871,40.1858013035542,-23.8234068276308,9.80596397826433,-7.46272427300491,-34.8386931990305,5.65971821241456,-11.4418068084539
2020-09-21,22.5969176104037,37.2351475259246,-23.1540090892157,9.15836052920992,-7.28271568411451,-34.1872602798622,5.02185233264167,-9.38829294498755
2020-09-22,21.9077427134417,36.8793092627049,-24.2373682326095,9.40381429478441,-8.7268391309948,-35.0290643912637,7.13324198011377,-7.33083649617673
2020-09-23,22.2567247481898,37.5003312593438,-25.5323724013617,9.69987212063413,-10.4494494546186,-35.362139994632,8.60888980697842,-6.72185608453385
2020-09-24,22.5864290338784,36.9749233088705,-24.4715685888936,9.19741095015263,-9.04763940803618,-35.4027632033033,7.75472475280242,-7.59151684547089
2020-09-25,20.3629417811721,37.2429681539208,-25.0546788977052,11.2652715321565,-10.8194016360974,-35.0857362458814,8.5040333847907,-6.41539807235611
2020-09-28,26.5510342670133,34.4113849036707,-23.5635511201644,7.83817872287568,-8.38238500268544,-34.8773481078777,6.49016240483989,-8.4674760676721
2020-09-29,22.1004382683518,32.9291054536405,-23.9354357595261,7.16356939835167,-10.0451007370764,-35.2914681956742,14.875115379096,-7.79622380716321
2020-09-30,21.2422611576069,33.3008105809715,-25.1570295616219,6.72733359100972,-10.1051959568324,-35.6538925937261,19.0253973148277,-9.3796845322355
2020-10-01,20.9368728378022,32.3649795961199,-23.7692307180714,7.41085639457667,-11.5223069915756,-35.1073669046404,18.5851400657092,-8.89894427992045
2020-10-02,21.9244621550307,30.443456192103,-23.4699079030735,12.2677978917152,-13.8084604257744,-35.395792378032,19.038733162214,-11.0002886941828
2020-10-05,21.1391609314936,31.4370063308498,-23.8051034776892,12.1364780778445,-11.8692304736894,-35.6123513381857,17.7073628394534,-11.1333228900769
2020-10-06,20.754090505342,28.9402472831312,-23.8960240426004,12.0760552053438,-9.84224902985351,-35.4435229613013,17.8675872810015,-10.4561842410633
2020-10-07,19.8531852530425,28.045071575732,-25.1040000237528,12.04550876576,-7.85434251059591,-35.679811883349,17.0259718812349,-8.33158305807181
2020-10-08,18.5899014377855,26.7085360680012,-24.0184558541619,12.4563515371396,-7.35632562258844,-34.8982414674507,16.8623449620112,-8.34411106073633
2020-10-09,20.063327934603,27.4284881218264,-24.0602405615392,14.971856386108,-9.97257922860969,-36.6418161184052,18.04083836582,-9.82987489980334
2020-10-13,17.9843015981327,26.7703464297564,-23.8282372609484,12.0091467619571,-5.75745532856477,-35.1113910948945,16.3269683434191,-8.39367944885774
2020-10-14,17.9219992394734,27.7866005906336,-23.7448896723904,9.37245844040842,-3.41988352685829,-34.9009378848658,15.1490525481419,-8.1643997345428
2020-10-15,16.9648053636403,26.82221395955,-22.6964686058068,9.53677521032327,0.035958478816255,-35.2082571361218,14.9049413676527,-10.3599686380539
2020-10-16,20.1652237431255,28.4555229566907,-23.9325908992814,7.5730348257723,-1.01223744321987,-35.1877058870653,12.270923832091,-8.33217112811285
2020-10-19,14.6957218173646,25.0043231639541,-22.1210706063749,8.04095743986812,-3.75518321288391,-31.9953423571843,15.5363807150891,-5.40578695983284
2020-10-20,8.74603845532343,20.7176008463846,-25.9121105228567,3.42704949147928,-7.69926833731307,-6.80807403694955,10.8546088741674,-3.32584477023538
2020-10-21,6.99444457199985,18.2374576869012,-25.2763798294369,0.509475492036998,-6.89209372409464,-4.89042424291149,10.2154797503257,1.10204029517919
2020-10-22,6.19129767045936,13.8305286422599,-26.7073056527195,-3.21355318611421,-6.00328258056383,3.9845086451073,11.8354906030299,0.0823158585410511
2020-10-23,11.0896065815991,16.8511235649702,-27.7020740516658,0.104564355345971,-5.68811584485286,3.57331372987237,-0.603782573471833,2.37536423820281
2020-10-26,11.5686537808051,16.6077429189345,-26.9839055097707,0.967508645639285,-6.16408125309799,3.56547067919512,-2.3563502537138,2.79496099200847
2020-10-27,11.6636636698209,16.6867636112484,-26.7796862625992,-0.160852045149952,-6.23702444251859,3.41877526785827,-0.772219307329649,2.18057950866977
2020-10-28,11.2678360614508,16.8615158678237,-26.7771283536608,-0.295154931875246,-6.1565415080922,3.67068140569673,-1.36715934497961,2.79595080363671
2020-10-29,12.7466573078594,16.907955803115,-28.3983860234669,2.58066521014887,-6.75977227704161,3.28874661543296,-3.47212086848121,3.10625423243351
2020-10-30,12.5930457489485,16.8913123351438,-27.8410583403563,2.07136617501303,-6.40454012539386,2.67814576102548,-2.64423192405923,2.6559603696787
2020-11-03,12.5944583787373,16.8326252608407,-28.3107134354939,1.44834080650497,-5.56207370045553,3.95600731528938,-3.61333221105491,2.65468758563195
2020-11-04,10.5531913177559,18.3072420707666,-27.7253025201508,2.05817197970755,-4.46484201826662,4.5423146126861,-4.47015652641767,1.19938108391898
2020-11-05,10.9838541152512,18.3288255711631,-28.0944772221165,1.58209598994083,-4.26160187807646,3.9034336048208,-4.35495575860504,1.91282557762204
2020-11-06,7.69249979937671,16.994433606368,-27.4766050241233,0.364764376502208,-4.08557724362325,7.00657267726892,-1.44219439905829,0.946106207289006
2020-11-09,8.74057687357836,17.4890913175554,-27.9795597921246,2.49664457598216,-4.19019609738233,4.77247434818996,-2.77665695593875,1.44762573013981
2020-11-10,7.29762431698313,15.9975397973904,-28.3569669466379,2.18208601089439,-3.52371989292664,6.19173694400872,-2.91121596446938,3.12291573475724
2020-11-11,7.27841172099625,15.475957240868,-29.1415838286569,2.46279112449665,-2.50009050791788,5.64530847693847,-2.96589082927642,3.74509660255177
2020-11-12,7.63979658302839,15.3097861454207,-30.2374263316376,2.90414734747173,-0.961727554245599,5.42230274396165,-3.58281831944163,3.50593938544237
2020-11-13,7.10297467381726,14.5863714024786,-30.7392558256015,3.19587352367546,-0.878869109719062,4.67470287722787,-2.75773420589137,4.81593666401278
2020-11-16,6.65101349644746,14.0781111108383,-30.8590245690659,2.43681005787613,-0.901678620071749,5.23442375654463,-2.74938971948387,6.10973448691507
2020-11-17,6.53366617061295,13.3527323887094,-31.1561130257596,2.43737646118657,-0.946252834080937,5.47608685549238,-3.02612035053016,7.32862433436948
2020-11-18,6.34724815999091,13.074377133327,-31.8272497444153,1.79157189175521,1.52040918908006,4.89348087392699,-2.84449258578667,7.04465508212181
2020-11-19,7.77588570952337,12.6016572413997,-32.5307440204409,1.64867729090473,4.68243611325281,2.88326494030524,-2.24283738233784,5.1816601073929
2020-11-20,5.53376645353791,15.046462540768,-30.4403620351697,-2.22563369606438,-2.20495330099661,5.48227906855995,-2.31021031512421,11.118651284489
2020-11-23,5.49780843853266,15.8034180569244,-30.1647385201081,-2.18874874808223,-2.16418891422438,3.15276978512621,-1.97074730520657,12.0344272070381
2020-11-24,3.96462495510684,13.4635509714531,-31.0984967621968,-2.87964499352043,-3.4435167329885,8.09950638086436,0.757670744050657,11.1363054372308
2020-11-25,3.82809832977944,12.9110243423118,-31.1185843173232,-3.71194105493498,-2.63762838796896,8.629963930366,0.146890842632843,11.9521763151371
2020-11-26,4.16990386556658,12.866934565422,-32.0154581009212,-3.83002412148997,-1.05329336879475,8.61118272977234,-0.135911448046016,11.3866658784911
2020-11-27,0.69282392250166,11.4639515488979,-31.4198867296182,-4.41283031461143,2.19984889745153,6.70800208943395,2.49435180885324,12.2737387770914
2020-11-30,-1.18164338238988,9.03301107969392,-30.8847010043282,-4.62661829373887,7.61703722818199,2.73953269868807,4.41203624549304,12.8913454284
2020-12-01,-0.475258076930373,8.81214315652315,-31.3815388515409,-5.09012388845868,6.53262764473369,2.9635003231818,5.00180122591155,13.6368484665797
2020-12-02,-1.08678201600196,7.96895115792232,-31.3166533970232,-6.06766675038446,4.04153384043164,3.98230531897219,7.69555376164405,14.7827580844394
2020-12-03,1.22642146922892,8.60609167952893,-31.1775830075056,-5.4613164353318,2.53621407169273,3.56548648391367,5.71359718321867,14.9910885552545
2020-12-04,0.826262392962249,7.85560802321058,-30.8673534337572,-6.38055507039113,2.60008976428229,2.94792010518584,7.31481855392521,15.7032096645821
2020-12-07,6.80660819961709,13.551256884761,-33.8502130216805,-4.42862752115637,-5.32878128630563,6.48876121884493,4.84092006065876,11.9200754652607
2020-12-08,7.58762343673709,14.406569189836,-33.6884683009275,-3.72255022905081,-6.43480784880221,6.99139863240231,3.94584081586898,10.914394303936
2020-12-09,8.04129886931884,15.1614597848923,-34.5441957188003,-4.5032115682008,-5.32457246030594,4.73744318036989,5.26259907083917,11.1691788418869
2020-12-10,7.18190213991022,13.8823777213207,-34.3637711866928,-5.74816934187655,-3.31775332861051,4.22540604684383,6.32912877442816,11.8108791746769
2020-12-11,7.43343609252874,14.4270543149002,-34.0534467759882,-5.62492858479436,-3.83462657412332,4.77823917429654,5.81211188295936,11.062160470221
2020-12-14,8.32149326239113,14.4861300386042,-35.3133774630644,-5.2500030247636,-3.91997245695283,4.98620444584522,4.78688889389325,11.902636304047
2020-12-15,8.03092070260364,14.7025648247007,-35.3225946456311,-5.38690580245819,-3.47451095795813,4.9092129835231,4.364810409231,12.176502485989
2020-12-16,6.89368495059652,15.520538840202,-34.7176814126393,-4.3050775449076,-5.25797097744747,5.08849914834822,4.44331499998101,12.3346919958666
2020-12-17,8.90461604514297,17.6964527438221,-33.9496642661914,-7.34674764094225,-11.8182751891197,8.68389524821298,8.34514830980568,9.4845747492697
2020-12-18,8.9248096440508,17.9287876840004,-34.0825953869132,-6.05467331404535,-11.9673063550646,9.14023055187953,6.70456027757905,9.40618689851338
2020-12-21,5.8698893203736,19.0499211124983,-34.1150888088948,-2.04918672268033,-14.0822410787478,6.28014698617874,10.9006472120914,8.14591197918085
2020-12-22,6.88626670822853,20.0614959908056,-33.5817903990554,5.1176312091718,-13.1442989984415,1.5341695798502,4.72809940906657,8.39842650037423
2020-12-23,7.4283576846108,21.2033429339064,-30.9296729004531,7.08368318006032,-13.0539044502998,-2.72936703210686,5.22639226162718,5.77116832265504
2020-12-28,7.88139226353883,20.8112019356077,-29.5891566192777,7.41117265734961,-13.07538283807,-3.67702630041951,5.86311872742819,4.37468017384289
2020-12-29,10.1060372128915,21.9102551458088,-32.5554360926136,9.20503882921845,-14.1193083500305,-6.82016113873318,6.71856966765685,5.5550047258016
2020-12-30,8.58004788235124,20.3600115131694,-31.8702272699613,8.23490069350555,-13.0353968117503,-3.56731204751213,6.86624027969837,4.43173576049918
2021-01-04,5.30317873978467,18.6449762891572,-30.2032241266794,8.42800823951842,-14.6662011610176,1.25100045316465,7.9725024905433,3.26975907552875
2021-01-05,4.64384839300733,18.351182462525,-30.0740690163169,8.31056111991468,-15.1220736611505,2.00784056305859,8.58674534521717,3.29596479374462
2021-01-06,5.2570964431125,18.363948189163,-30.9281527999489,9.19548736907991,-14.7708653537705,1.6146801093127,8.22768354118581,3.04012250186547
2021-01-07,3.05213868787149,17.7541448743962,-28.8515268060745,7.7968296061439,-14.3076890889316,1.86126922712889,8.56837878225517,4.12645471721053
2021-01-08,2.95363924086756,17.1508795020128,-25.8893009115268,6.75719885240086,-15.2836674544573,1.55111361498383,8.6666396467192,4.0934975089999
2021-01-11,3.55640742427141,17.9607730446533,-26.1411031167616,7.73313612533217,-15.7103290780737,1.55394582747492,7.31612581310109,3.73104396000248
2021-01-12,4.29914989986521,17.0264486384764,-25.384833504852,7.28520373263494,-16.0772092390866,0.395908964802075,8.15095115130588,4.30438035685407
2021-01-13,3.75780981537822,16.9269217595118,-25.554117801072,6.95466757283684,-15.1670622293931,0.44406623557397,8.95813609848157,3.67957854868272
2021-01-14,3.266720865108,16.4507868258994,-26.5971946466099,5.84268226434335,-14.0090161360132,0.62969425520366,9.08005067948957,5.33627589257909
2021-01-15,4.3911617253393,17.6284835503928,-25.6264533489559,6.44057604367606,-15.2084878478848,0.528373501498976,8.32180829779598,3.52453807813758
2021-01-18,4.50545657572957,18.0950723000145,-25.5198121862623,6.51519377568228,-15.2708725002149,0.239672229171646,8.1139801269676,3.32130967891166
2021-01-19,4.38367590630909,18.531995453057,-25.4919730940469,6.6989422839153,-15.1688428259077,0.276023323758267,6.85904935253521,3.91112960037974
2021-01-20,4.60494969609148,18.2112225774662,-22.8060748386493,8.9704208202984,-16.6225882412181,-3.33863751111861,3.92684676911338,7.05386072801656
2021-01-21,4.57656154639713,16.8840601287419,-20.5979565473742,9.190963715766,-17.3615908096069,-4.8183239284044,3.35824406184311,8.76804183263729
2021-01-22,4.18139954061449,16.4604780293311,-22.0713794536614,8.38804600157476,-17.3653697969238,-3.70945002813947,4.35687719941369,9.75939850779062
2021-01-26,4.80790446371552,16.9658490000107,-22.4045292487406,8.48070944118831,-18.5989049226884,-2.25332153878891,4.54056080078795,8.46173200451538
2021-01-27,3.81327328704084,16.3734405060362,-21.935698587594,8.83649841327386,-18.3338876648786,-2.63251148399043,5.14272539054333,8.73616013956882
2021-01-28,3.69604080057223,16.6522143526586,-22.1451474077113,8.85383179537592,-17.9462055964475,-2.65497298532327,5.00706102251193,8.53717801836336
2021-01-29,3.54734290837467,16.464751358037,-22.1998789803489,10.0116114943372,-17.7339514456884,-2.80887642102852,5.27475642755065,7.44424465876632
2021-02-01,3.25517843142777,16.521080952968,-22.0676083239498,9.41400975669369,-17.4188348041494,-2.97254793940463,5.57988819776525,7.68883372864913
2021-02-02,3.34953915019422,18.0623777109638,-21.7447848691011,11.1309463222602,-17.4523440980221,-2.58188635962964,3.22806216709505,6.00808997623952
2021-02-03,4.03848745868608,18.9663716038697,-21.117334017744,9.97641526690634,-16.487982019817,-1.73620631238163,2.3195433744655,4.04070464601494
2021-02-04,5.15214382483829,17.74479985864,-21.4354695596072,7.57755656439771,-14.6098825280852,-2.04466827071531,3.46830157952202,4.14721853100973
2021-02-05,5.916911903727,16.9555299641288,-20.5794643571414,9.91345233761523,-17.3467075662763,-2.49666846491126,3.81031255905122,3.82663362380671
2021-02-08,9.40263130639812,13.8770368936881,-18.2259585968343,13.1660476877088,-22.838742109448,-0.647647987873697,3.73144729261179,1.53518551374916
2021-02-09,9.44359806008951,12.422003778165,-18.5518652426029,13.0514424778279,-20.7067409846758,-4.2050960869702,4.61115846078248,3.93549953738398
2021-02-10,10.2861348130341,14.8548919790797,-17.8046959923033,14.1121541578945,-22.961650452251,-2.30514268496084,2.37888512165613,1.43942305785077
2021-02-11,9.50791578384718,13.3709927052773,-17.3592541656115,14.0945024035737,-21.7915559655518,-3.4306023217092,3.63094116670806,1.97706039346632
2021-02-12,8.88777040916833,12.6699436241394,-17.0090563721098,14.6854311613571,-20.4571298625448,-4.55506016541678,3.28310312636717,2.49499807903936
2021-02-17,9.10023242574775,13.2879267623493,-16.5353690334806,15.6000761192874,-19.7665940335249,-5.68540570282091,2.25109972958224,1.7480337328597
2021-02-18,10.3176865456857,13.9984946655543,-17.0775557731887,15.9194038927024,-20.6596550175148,-6.37650460231007,2.67825835785662,1.1998719312145
2021-02-19,10.591592480891,14.2451394151823,-17.0060861548245,16.3805503397283,-20.9672596560203,-6.70294621950972,3.02089808015461,0.438111714398289
2021-02-22,11.1154607994918,14.3532106644603,-16.2898684226068,15.7804683109789,-20.9554113768825,-9.32233261918621,0.482563531674103,4.83590911207019
2021-02-23,10.7085582432517,14.6344183241687,-15.764105935047,15.9930637657988,-19.786254446452,-9.44444871244697,-0.998924827420346,4.6576935881471
2021-02-24,10.5110676036226,13.7087944634958,-16.2085200007738,16.4492339317738,-16.645601024941,-8.67780531786016,-1.53124304754335,2.394073392226
2021-02-25,10.1415071981789,13.7270694021216,-16.2065369088265,16.05889794191,-16.2112422337612,-9.41057526076128,-1.06298103584017,2.96386089697866
2021-02-26,10.8325077338375,13.7199852202317,-15.1720231463107,15.5108169127047,-16.6662297968035,-11.2491891656252,-2.41354360185637,5.43767584382178
2021-03-01,10.9077175713949,13.746393064602,-12.9394940974047,14.9650530683919,-17.2551817614011,-14.3059545182575,-4.31524742174552,9.19671409441998
2021-03-02,9.79724663542051,12.9247787076184,-13.5280845502294,13.7546442322644,-17.7603737897169,-14.9873950271419,-1.83542211276415,11.6346059045492
2021-03-03,9.64415954034563,12.0021967366583,-12.9220101343045,13.8326751215121,-18.3071436907208,-16.065199349363,-0.154416846060229,11.9697386219325
2021-03-04,8.59823562261667,12.1825136626928,-12.7641346758126,13.5145094037987,-18.4173672541252,-15.1250571154111,0.843462573966896,11.1678377822739
2021-03-05,7.9673089612385,11.6240671130368,-12.5432940484648,13.848165297752,-19.2769022351795,-14.7900959850018,1.93171563513543,11.2390352614833
2021-03-08,9.89975067873323,11.5204121562881,-13.3270274548395,12.2335727619879,-18.1998106942989,-14.0242143083506,1.81415350182836,10.0831633586513
2021-03-09,11.9613068863951,10.8390921231977,-14.0749193628454,11.9654314471488,-18.8368679281389,-15.032548248817,1.01694428271373,12.1615608003459
2021-03-10,13.5331614017707,9.06958341290063,-14.7002592110896,12.5810702063397,-19.6244978372958,-16.0545736528745,0.988403432519476,14.2071122477294
2021-03-11,13.1991541123124,8.42074410345653,-14.3950296756806,13.4221809408253,-20.1276426305512,-15.6498389289714,1.08463695531665,14.0457951232922
2021-03-12,13.1370533760388,8.37202281158261,-14.2221028215314,14.2994911251683,-20.9033982784842,-14.2684682178861,4.02727485833427,9.5581271467778
2021-03-15,13.6240407446009,8.01694559073742,-14.0432640758082,14.2470687788853,-21.8224229739512,-14.2121220862726,5.96529027612519,8.22446374568319
2021-03-16,13.8161307177255,8.07524592806327,-14.4620184238617,12.5953950019966,-21.7835595950871,-13.4905640249762,6.6038391692555,8.64553122688413
2021-03-17,13.6811178213535,7.20869054371691,-13.037683089552,10.6078916817901,-21.4090215237776,-12.3759343674233,6.03405527744462,9.29088365644784
2021-03-18,13.4772619047282,7.12991257555547,-13.3803616539886,11.2133520315677,-20.7585735569946,-12.5591964769404,5.8552555746602,9.02234960141204
2021-03-19,13.2804033755531,7.0131994977835,-12.9149275512842,11.5075183828691,-17.6958400533965,-11.8993340284826,5.69381330282873,5.01516707412903
2021-03-22,14.1394177083333,7.53322843693728,-12.1646997987562,11.1582858648098,-16.8666849969211,-11.6862438722701,6.94308952926633,0.943607128600711
2021-03-23,14.4460147897322,7.81972314364758,-11.0123904772178,10.3999423950444,-16.5831531922744,-11.3848564125922,7.05075619501017,-0.73603644134991
2021-03-24,13.7530649242693,8.04425673211365,-9.79693265125287,9.19434175888584,-16.3982618395002,-9.21030743712504,6.45634805672963,-2.04250954412028
2021-03-25,13.6344382980985,7.75091629517621,-9.12639506380364,9.37293412987219,-16.052031721087,-9.92117718109696,7.17975173729152,-2.83843649445083
2021-03-26,11.6224443560552,7.64760530001067,-9.1612462273538,10.2479145106909,-16.0825566040207,-9.54879619639024,6.78707621386043,-1.51244135285249
2021-03-29,13.8848697295106,8.92663567354184,-7.8455535555902,10.686885413358,-14.4089965378311,-10.323318624145,3.37121591222713,-4.2917380110713
2021-03-30,15.5612505811342,10.3068291248135,-7.09870163048883,9.73090060528111,-12.2941711964445,-10.0748698902554,1.1559010322656,-7.28713862630568
2021-03-31,15.6995688377447,10.8528556982091,-6.23533590793378,9.27228611746689,-12.1891227842006,-9.40290615588204,0.516140228682808,-8.51348603408712
2021-04-01,13.8866363642488,10.3776902124603,-6.73664752771534,10.0329985420273,-11.0438431932068,-9.38280828545438,1.6642102793964,-8.79823639175633
2021-04-05,14.3499839220243,10.6458958278964,-6.76681848917359,9.95607197705459,-11.1912527838471,-9.01899301154118,2.1623525580412,-10.1372400004546
2021-04-06,13.3538565363424,9.43784404770757,-6.35547408493879,8.01134364978815,-12.1845055202975,-9.80357131722292,0.165592623270761,-2.62508593464966
2021-04-07,13.4692941850153,9.85197450377093,-5.78481450642594,8.56654363255726,-12.3158806853845,-9.55148151437487,0.279076666862643,-4.5147122820208
2021-04-08,14.1462687431492,9.9064393002662,-5.92512096944488,9.47945851229894,-11.2851210725163,-9.19400498058821,1.43901238611231,-8.56693191927734
2021-04-09,14.8615104885892,10.1676947902655,-5.51819805458194,10.0077708541486,-13.0264766987462,-8.93642406232998,1.52956070905492,-9.08543802640006
2021-04-12,15.680560762946,9.67615819442958,-6.61953708115166,9.21190480275328,-11.5193705991678,-8.89402692249322,2.00184057562578,-9.5375297329419
2021-04-13,15.7161599381166,9.07298279498045,-6.90201839541664,9.05055066992541,-9.78803377320493,-9.08924924131667,2.18982419356448,-10.2502161866487
2021-04-14,15.9760220962982,10.0306263611872,-6.42666253126153,9.96914501316951,-10.2314278520375,-11.2327532199863,3.15493789769189,-11.2398877650615
2021-04-15,15.1896917481093,9.54590533506668,-6.71062329042687,9.72159006772395,-9.16775471504306,-11.3808274119581,3.44746972036141,-10.6454514538333
2021-04-16,14.8855449174912,9.17331065262004,-7.07310161911612,9.20504524024457,-8.83859966916472,-10.3726018783117,3.18602018910608,-10.1656178328694
2021-04-19,15.7232875643308,8.97439284589196,-6.68654593419771,8.31561910756353,-9.66626159978042,-10.3354036971041,3.69597843815787,-10.0210667248619
2021-04-20,15.7979838872758,8.98816418606684,-7.35032406916159,9.67522818528009,-11.0266018515374,-9.36723171761241,4.62333998462809,-11.3405586049394
2021-04-22,15.9627968747096,8.92080897338316,-7.37753639628453,9.82652800525207,-10.6583414641409,-9.82578042827515,4.38003755885118,-11.2285131234954
2021-04-23,16.320984757135,8.80657330116254,-7.71482622727303,9.87197988979522,-10.7683709032682,-9.72588000493826,4.64942319204785,-11.4398840046612
2021-04-26,18.4003569852267,10.6191758099092,-6.81516847046483,10.0868560942013,-12.7013985498403,-9.36876234078665,1.20538045231665,-11.4264399805621
2021-04-27,17.4562987265064,9.85846235011746,-7.18572895798147,9.70029217795985,-11.4509332603511,-9.55974683916212,1.53410260549919,-10.3527468025882
2021-04-28,17.6250112324115,10.378406183867,-6.34280441206351,8.18544372286339,-11.6978203020756,-9.73193306532986,2.28269380409653,-10.6989971637695
2021-04-29,18.1984798248623,10.5135285070028,-6.93904205300274,8.53399327118898,-12.3806015839603,-9.73602197679209,1.20198214474397,-9.39231813404288
2021-04-30,17.7840618814163,10.0196971127288,-6.12305870567212,8.02535231638325,-11.8019890385441,-8.99745255353448,1.95652588868909,-10.8631369014668
2021-05-03,17.8883667266287,10.0121852841015,-6.29812516979164,7.75837267885749,-11.6041200384434,-9.16113500961627,1.85691440635557,-10.452458878092
2021-05-04,16.6493193497269,9.58714002092282,-6.59753911474825,8.67517509473049,-11.2232715643515,-8.96712583753537,2.51171008592848,-10.6354080346736
2021-05-05,16.3631170911189,9.13952824743438,-6.55013396671907,7.60771123797586,-9.80226072388222,-8.78478210801916,2.84720055847741,-10.8203803363861
2021-05-06,16.0644133261495,8.44630442572165,-5.95280488624979,7.24429611062315,-9.17893807061733,-8.7014408010682,2.60401469597664,-10.5258448005357
2021-05-07,16.8747035146023,8.67972411979807,-6.82063163733935,7.53720820237046,-10.8812102184266,-7.97819955169568,3.68087741064436,-11.0924718399536
2021-05-10,17.1217741298568,8.93941159211915,-7.14570290551872,6.8815159252456,-11.1416558482719,-7.43972829738567,3.62628201467143,-10.8418966107167
2021-05-11,17.9257034857361,9.59576458874076,-7.2582797065632,6.44193186180659,-10.587726812122,-7.91956382963208,2.99391283725513,-11.1917424252213
2021-05-12,17.8910660965063,9.42566728528936,-7.22046829726184,6.33299721065134,-10.0028609403508,-7.70899802894557,2.92495156093712,-11.642354886826
2021-05-13,18.1397567526936,9.26692849612211,-7.13074011084279,6.12949223064414,-10.0640491067226,-8.00387588971685,3.33036173140885,-11.6678741035864
2021-05-14,18.0912782997182,8.81009236001712,-7.12083218450947,5.65720595533564,-9.33983046453962,-8.04709841024459,3.59639460588106,-11.6472101616583
2021-05-17,17.6551170627409,9.34943182492439,-6.90646876285175,4.84980835119291,-10.3578875787763,-8.21074898174793,4.82034307714788,-11.1995949926301
2021-05-18,17.5545954612839,10.0717140718945,-6.96464987819316,5.58969536543689,-9.95100111981399,-7.48810532032891,3.19818153254744,-12.0104301128267
2021-05-19,17.1718975270939,10.6159360899724,-6.92612268532232,5.48427471754162,-8.81388556891966,-7.68589696524494,2.45996302297413,-12.3061661380951
2021-05-20,16.8884099124074,11.8777565163401,-6.59948021974157,7.31039780717121,-10.6390527889738,-8.52391653959764,2.45269265168938,-12.7668073392952
2021-05-21,15.5208941399068,12.6718347677466,-7.3195805711083,8.59707935818434,-11.8568065616019,-6.5564835953506,-0.147745716252579,-10.9091918215243
2021-05-24,15.1299407643589,13.1429280059605,-6.84935404493336,8.44561421608253,-11.4222328448334,-5.81392458826895,-0.474512750518294,-12.158458757848
2021-05-25,14.8460739687396,12.6425787368932,-6.86023146192835,8.2560974255443,-11.3071572936017,-5.32841580167709,-0.198329577823415,-12.0506159961466
2021-05-26,14.7483598519922,12.8818907944418,-6.72992523141264,8.49546840837262,-11.2501436426246,-5.74182212576297,-0.45745257387874,-11.9463754811276
2021-05-27,15.1243081332286,13.0049960575344,-6.94781077883869,7.81593405575548,-10.8842998305075,-6.08341321720361,0.5800294719185,-12.6097438918872
2021-05-28,15.2517331592259,13.1724190461561,-7.00311725650752,7.91687776988287,-10.9671942334235,-6.76598271435761,0.723296031716465,-12.3280318026927
2021-05-31,15.7432798154965,13.3077052444458,-7.02157102614393,7.40284813540463,-12.9351235240506,-5.61111316231854,0.10038724503287,-10.9864127278668
2021-06-01,15.3302810639706,13.3443506132852,-6.95205418895834,8.15507089946832,-12.6860403983488,-5.70990186968815,-0.537652028315755,-10.9440540914131
2021-06-02,15.6290039216798,14.1723561075293,-7.11960448338263,8.02333207718961,-13.4124550794695,-5.56153374674535,-0.61024565908086,-11.1208531377204
2021-06-04,15.5965222006498,14.7705892329628,-7.12686663405261,7.76919180123328,-13.8769593389409,-5.8811872213002,-1.26092377286154,-9.99036626769066
2021-06-07,15.3393765571513,14.9509516851909,-6.80410510155919,6.7246758232308,-14.092006244506,-5.30410573437602,-1.6249155964434,-9.18987138868837
2021-06-08,14.4439757538081,14.5264303501999,-7.29210467888591,7.18975840362988,-14.1654899682829,-4.55897193169397,-0.769634121936747,-9.37396380683834
2021-06-09,14.4287836324791,14.7548983002848,-6.59997524019786,6.94931364950578,-15.0330735452625,-5.50688262708746,-0.249815609207097,-8.74324856051487
2021-06-10,12.5140569253557,14.0282911257203,-7.30634938266662,7.44667699904595,-12.9251061335754,-4.02252234225418,-0.463688660259805,-9.27135853136594
2021-06-11,11.6210449466352,13.9262837575451,-7.73958216678883,7.6977715215147,-12.4173468587953,-4.19479589515385,0.302243359984594,-9.19561866494167
2021-06-14,10.9215663453748,14.1253370413971,-8.61371692129437,8.18066617533076,-11.6564387576954,-4.59994049156892,1.78500660557858,-10.1424799971225
2021-06-15,11.3920906441142,12.491996593895,-7.56354962919529,8.19238050148657,-11.4846817111708,-5.17082315818136,2.08254854509948,-9.93996178604783
2021-06-16,11.2947465091333,12.7227569154903,-7.56591698205952,8.3699241971525,-11.2564202987103,-4.94620827595875,1.85744435280561,-10.4763264178531
2021-06-17,12.32951376867,11.948206705513,-6.96880786692481,9.1753900069597,-13.9645884176197,-3.1902510470575,1.19411417325625,-10.523577322797
2021-06-18,11.5284814007609,13.9940403952461,-1.99612360544707,-3.30450986647259,-8.71915113428223,-1.89143496871869,0.0217008977072553,-9.63300311879358
2021-06-21,9.92365580019043,12.9129319514442,2.56257162570395,-0.937087919633022,-8.63734590062448,-5.04014529464266,-1.28842488269774,-9.49615537974068
2021-06-22,9.35706076536155,11.9818827407921,4.81622446568502,-1.61080076024909,-8.98817005493881,-4.44369595339126,-1.74512210363018,-9.36737909962937
2021-06-23,7.84805926735507,12.482336326132,4.42266036121286,-1.37875055146415,-6.16570054659564,-6.13255708133104,-2.1943994446464,-8.88164833066266
2021-06-24,7.60163226380017,12.9841705860234,4.22517158161757,-1.24199102742889,-5.96168853763032,-6.6909415644437,-2.24411672366635,-8.6722365782719
2021-06-25,8.79117693200179,12.2366904298691,3.14853602345775,-0.833418983567284,-6.81004548086922,-6.29442112294565,-2.07171056863339,-8.16680722931307
2021-06-28,8.66800944300223,12.3651700303857,3.43637969145703,-0.853673352306778,-6.74902894893464,-6.36340750202728,-2.0632108885895,-8.44023847298672
2021-06-29,8.47749759416654,12.4281578362761,3.62740683464914,-0.863958327708396,-6.8433923523633,-5.97935122968845,-2.25069266847622,-8.59566768685536
2021-06-30,8.26927080588038,11.9633409954586,4.70689756850206,-0.215188485664527,-7.14111003858412,-6.03119601361917,-3.24750306545734,-8.30451176651589
2021-07-01,8.62062573265827,12.267297409681,3.52963771764222,-0.628859681240101,-6.45995725094092,-6.0900543888947,-2.73971434009719,-8.49897519880857
2021-07-02,8.66657007176516,12.1472146692408,3.52226146986093,-0.871709982825102,-6.31946069138875,-5.59890623535136,-3.01191355487745,-8.53405574642426
2021-07-05,8.16908662381235,12.6144069870578,5.22647924537516,-0.231377072809074,-9.62781579141649,-4.50752791013154,-3.27400661313271,-8.36924546875548
2021-07-06,7.76444865590852,12.3734610851169,5.46088874852567,-0.482536830425751,-10.38920008722,-3.31414820839587,-3.19771805415208,-8.21519530935745
2021-07-07,8.96925857948698,13.2113084329328,5.32716288177228,-3.33147001198618,-8.17699820231979,-4.28503264919699,-2.6445821492871,-9.06964688140202
2021-07-08,9.65312874748651,14.8667051583877,5.45869607358075,-4.94477094237131,-7.36958928474283,-5.85270198186119,-2.38976907689194,-9.42169869358772
2021-07-12,9.84997119050524,15.535642639724,5.54833119354839,-4.72279840555631,-8.917320783041,-5.7103234504114,-1.73329885112067,-9.8502035336482
2021-07-13,9.74958030107311,14.4738215852235,5.39620319175793,-5.2437853102528,-6.77913094027598,-6.32902498890586,-1.3160167522504,-9.95164708636949
2021-07-14,9.59837329826516,15.1677254991194,4.30385999912632,-4.94057385450309,-6.93740105649204,-6.35790618606013,-1.30409574146036,-9.52998195799527
2021-07-15,9.60740332972813,14.9476700761083,4.2680379318943,-4.91014982115541,-7.01708316983019,-6.62242218342738,-1.04616028856035,-9.22729587475743
2021-07-16,9.09942530831252,16.3514731469574,3.20128564047977,-6.07386459192083,-4.85237182851371,-8.02088101906461,-0.39465912239028,-9.31040753386021
2021-07-19,8.15416077451728,14.6126420727667,3.15216267112388,-5.86075654180833,-3.35061460975353,-6.32213466080637,-1.34326693649059,-9.04219276954907
2021-07-20,7.71689595019815,14.2012823876602,3.1694672521637,-4.73152335942307,-3.62714204830102,-5.44469283541184,-2.44114782852411,-8.843139518362
2021-07-21,7.86893468317817,15.372001673994,2.89476212420145,-4.55997284757281,-3.78020732831702,-6.68228316792581,-1.76346845492821,-9.34976668262973
2021-07-22,8.27244443075986,16.5462310001049,1.06302454132886,-5.87807692588499,-1.24754167663915,-7.70018858217055,-2.06030336325528,-8.99558942424365
2021-07-23,8.18336291192225,16.7396422861976,1.7418827105995,-5.6909888068813,-2.60959247799707,-7.32942524435727,-2.41253365929281,-8.62234772019086
2021-07-26,8.73890417820391,16.7680677780987,0.857071401341763,-5.67845546713347,-2.57328093159119,-7.79266339987008,-1.56283189861107,-8.75681166043855
2021-07-27,8.62535440576936,17.0197752420695,1.85317469037058,-6.87676547314954,-3.09568157413734,-7.87102215742222,-0.209597910838696,-9.44523722266167
2021-07-28,8.77491190581351,17.2214412555073,0.820007242499749,-6.44634119335657,-2.71685984060305,-7.66056916594807,-1.09440284313386,-8.89818736077903
2021-07-29,7.68798764330025,17.6350704453631,-0.736298539666556,-7.4651682712126,-1.16034132228003,-6.47461504127871,-0.770154115468713,-8.7164807987567
2021-07-30,8.70441240839917,17.0115097446784,-2.03701435577059,-4.72223432241154,-1.81474447197152,-8.31988135583292,0.448371725263961,-9.270419372355
2021-08-02,8.92589739378896,16.9189252581442,-2.23201543464138,-3.47476912797856,-0.866285923215052,-9.39906553400983,0.242002541678474,-10.1146891737669
2021-08-03,9.04995063585467,17.1595249371712,-2.4580053747667,-4.37540473074655,-1.11631351483663,-8.64690504934046,0.49438649206671,-10.1072333954022
2021-08-04,4.52610068570927,13.0705764517066,0.180092409060357,-2.03504175519799,-3.2535941459143,-6.09696504252054,4.56428650349443,-10.9554551063378
2021-08-05,6.01566606055131,15.5683871341589,-0.899895459398913,-2.63785126995737,-3.09231635505513,-6.60305564826481,1.77020269730077,-10.1211371593348
2021-08-06,5.02363324093237,14.8931588125509,-1.1541470705853,-2.10735332508669,-2.57504362410282,-6.35248552643819,2.75429441921491,-10.4820569264852
2021-08-09,5.1898583942574,15.1344635518471,-3.73581879590331,-0.67548115530419,-3.5595372603101,-4.22248173879824,3.22181769460531,-11.3528206903939
2021-08-10,2.9745339168884,14.0726449643732,-3.32666430500104,-0.530189398682147,-1.40785485593236,-2.9421162284206,3.10373724746878,-11.9440913406942
2021-08-11,1.59189227372103,13.4453791995529,-3.95713883709298,-1.50733880789262,-1.04285803618512,-2.75288460163093,5.8132542127734,-11.5903054032457
2021-08-12,1.65237291573173,13.5290978604873,-4.59764805430473,-1.20884565155177,-0.876374241266561,-2.58450442519258,5.69826065978006,-11.6123590636835
2021-08-13,1.27442428304926,13.0894574574702,-5.0027317580328,-0.680958123977582,-0.298635386754555,-3.35278122245695,6.21795030897618,-11.2467255582738
2021-08-16,1.20755667578584,13.236865874524,-5.22338281575449,-0.924283058482324,-0.0862332564043342,-3.73170515117803,6.19791500172605,-10.6767332702167
2021-08-17,1.27347970922884,11.3624930477734,-5.29934347451702,-6.28698826192824,2.60574782317143,-4.31927588611213,9.5674087311197,-8.90352168873595
2021-08-18,0.385859513243361,10.5658198245175,-6.23160040040649,-6.27095125187613,3.95136363466828,-3.93058963105729,10.2269430844521,-8.69684477354134
2021-08-19,-0.218781692383025,10.6424284587085,-5.83663192435525,-6.21524745215029,3.82806944759567,-3.50002138072009,9.93586860043641,-8.63568405713194
2021-08-20,0.455765444411355,10.5622327772622,-5.11570020228966,-5.13738044647852,2.1692698545136,-3.33019472071545,9.45037789643396,-9.05437060313752
2021-08-23,-1.36297203067155,10.2819713282706,-3.8314143822712,-3.71116954332254,0.840947876063879,-2.03793493760159,9.46273022495314,-9.64215853542071
2021-08-24,-2.85792869128449,10.2521057055555,-4.09680537005726,-3.61571573496745,1.73316882431089,-1.88384123307569,10.0024614661723,-9.53344496665379
2021-08-25,-2.98599347031262,9.44829950808767,-3.25643429319589,-4.80163876848167,1.93650552329415,-1.86110802807084,10.360414621496,-8.8400450928168
2021-08-26,-3.48598826887542,8.66134734180974,-2.77004358787276,-4.75097343958257,2.06832954510498,-2.09664378885196,11.2307255201196,-8.85675332185163
2021-08-27,-3.36515994019484,9.69788447520177,-2.2734998364139,-4.98545839947494,0.13894301793917,-1.4258297118562,11.2775842424144,-9.06446384761547
2021-08-30,-1.00146290665354,11.6090194064131,-1.36655352380566,-5.9652688435583,-0.836908525922048,-1.52051575558962,9.54702603765616,-10.46533588854
2021-08-31,-1.34192041434996,9.53268878837184,-2.70580500228677,-5.21901482297594,-0.84612829652103,-0.681882099599164,10.7959299033589,-9.53386805599784
2021-09-01,-0.84027447957174,10.2548229366511,-2.32235876929356,-5.22142751854269,-1.4100813937677,-0.598021874101853,10.2653883055601,-10.1280472069337
2021-09-02,-0.696662138471929,10.9004434383352,-2.1563635343286,-4.9386347996398,-2.56648313944709,-0.132187495319585,10.3023806659018,-10.71249299703
2021-09-03,-0.645883917085115,10.7693791471685,-2.35889715032169,-4.74311693048723,-2.74988625599029,-0.772607195326231,11.3398819466859,-10.8388696446438
2021-09-06,-0.328119672121517,11.2140961027013,-2.07263194021979,-5.04958618111635,-2.80523369604048,-0.360512500230904,10.3788039299909,-10.9768160429631
2021-09-08,-3.06276890820006,5.4212372223154,-1.40908661338239,3.4725469793318,-3.46927196433976,-1.31322429074,13.1984646562138,-12.8378970811988
2021-09-09,3.23681471721321,14.3114081896962,1.24819899399345,-6.06389565484131,-1.89656918540184,1.03618848689465,-2.13338780813191,-9.73875773942243
2021-09-10,4.17628049296606,15.7501338820391,1.03908306231448,-8.61519855965928,0.121672781325024,1.35732321637244,-4.43109351724224,-9.39820135811559
2021-09-13,4.34792493680137,16.1322016966921,1.34880574471268,-8.53511315760209,-0.26112692222096,1.11187987539184,-4.48993655514128,-9.65463561863364
2021-09-14,5.12411591039229,16.1530782431279,1.25878532183565,-7.23098028071099,-0.902940136039014,-0.198590269682718,-4.04867982673081,-10.1547889621923
2021-09-15,4.87290300683258,16.091889829482,0.911026824096226,-6.24386531663655,-0.644102033521754,-1.59259658378164,-3.40650915059323,-9.98874657587763
2021-09-16,6.24585488706673,16.0535612231796,1.68892630152379,-5.79612907687554,-1.61716486773566,-2.46414636725299,-4.00922095622936,-10.1016811436766
2021-09-17,8.27841839562289,14.3568656805087,3.04725532698289,-6.2998408407248,-2.31331921780509,-4.06335306707618,-3.42384837752928,-9.58217789997909
2021-09-20,6.17327192161024,10.4713394540846,5.42253720298588,-5.09736174890609,0.851491415532195,-3.93230261140314,-4.79255604799519,-9.09641958590849
2021-09-21,4.78522198183382,9.37701047001124,6.26562895659139,-5.31332396995485,1.15049449141192,-3.59059625232963,-3.03836622736256,-9.63606945020131
2021-09-22,4.71175677231298,9.94612895811549,6.48121944419889,-5.12489704569025,1.49792467756289,-3.88557716390071,-3.99448511018914,-9.63207053241015
2021-09-23,4.18946436098905,9.20218804153634,6.56771370688675,-5.43456995050695,1.2374390585869,-3.31981702925321,-2.50652676710867,-9.93589142113022
2021-09-24,4.04203751047303,8.98409428262125,6.83945499292384,-5.99047063383098,1.45995543967745,-3.38669177037265,-2.31260520603043,-9.6357746154615
2021-09-27,3.2943566444866,7.79994389331415,8.09069009286534,-5.09724464695957,1.97273886108675,-4.22313648118365,-2.113813977706,-9.72353438590361
2021-09-28,4.2699748774611,10.2992338163139,7.94138463000291,-3.91003523108907,0.499247978861696,-6.00236968466478,-2.23040634212608,-10.8670300447597
2021-09-29,4.27304083796563,8.83803977625421,7.82855957918802,-3.4013004496072,1.02229539105223,-5.68600663148446,-2.5878091934722,-10.2868193098962
2021-09-30,3.58007498131072,7.74342157437837,9.90262821457266,-3.9564970871113,0.807608676207039,-5.09229145923671,-2.72838659246754,-10.2565583076532
2021-10-01,3.55391737993024,7.82668152910191,9.69871245154494,-4.26537795616468,0.436491698980873,-4.56422197575772,-1.96499986061307,-10.7212032670225
2021-10-04,5.26749213083345,7.06785081300891,4.44438511334727,-6.57885010829027,3.43469761475053,-4.1542610247424,1.23440821981313,-10.7157227587206
2021-10-05,4.46399333251723,7.77712317197973,5.5058243581718,-6.03677816008347,2.93385758009856,-3.5977187424041,0.00922815106676467,-11.0555296913465
2021-10-06,4.97104300758408,7.30541194677348,4.73565685235744,-6.35573567323181,3.28603450426037,-3.42681165094615,-0.0301414885169748,-10.4854574982804
2021-10-07,6.56475767475004,6.13276578991498,3.91045994542283,-4.32442773742887,3.85878923045905,-4.93396326180814,-1.60903353398356,-9.59934810732635
2021-10-08,5.55092539890891,6.12242077125666,4.40529201121476,-6.2749290695084,4.16877888720343,-2.30541515164748,-2.13431822017709,-9.5327546272508
2021-10-11,4.87598406148329,6.05906360389552,5.87499109434477,-6.779757569431,3.02835377273921,-2.22187127465599,-1.35794348962483,-9.47882019875097
2021-10-13,4.58258819335195,6.36127871798486,6.21192161810543,-6.93916598970359,3.07583044700589,-1.67392713504258,-1.98253972095587,-9.63598613074608
2021-10-14,4.6299189556534,6.43235954693494,6.10479737049506,-7.15917133548376,3.04430342253411,-1.91297138016702,-2.33619654822509,-8.80304003174166
2021-10-15,4.31745259136147,6.99172038443267,6.16889946533213,-7.7506801959405,2.61099637034568,-0.8629239885014,-2.7692921258132,-8.70617250121685
2021-10-18,5.68945052637375,7.14299728647696,6.55206478883247,-7.51748328254032,2.86654577399765,-4.03892907560984,-2.7283901785158,-7.96625583901486
2021-10-19,6.46645301483452,5.77030451084258,6.7446183159065,-6.33965260786863,2.96883027523386,-5.45973063481974,-2.88648497245676,-7.26433790167233
2021-10-20,6.77502891174478,5.52723386261486,6.85820536633192,-5.7648833829076,2.86709606612013,-6.19998543147542,-3.16202360245723,-6.90067178997144
2021-10-21,6.39779588314157,5.2560256901948,8.60803553928278,-5.35434033981658,4.65747285797288,-6.66944586749061,-4.77792621034796,-8.1176175529369
2021-10-22,5.2940274890241,7.0298678931845,9.67239971573149,-5.40619106145066,6.8969625883354,-7.9149920458988,-6.02180558602767,-9.55026899289835
2021-10-25,6.7087334039436,6.72489297960497,10.0744755509914,-4.25145440381174,5.60441330849088,-7.38163874292391,-7.37388033025911,-10.1055417660361
2021-10-26,6.46996771154918,6.76507587637671,10.8955945737669,-4.49230323663448,4.32596517688252,-6.02086535139093,-7.65971219709697,-10.283722553453
2021-10-27,7.47461711572284,6.13146646454785,10.2858208976061,-3.93135710578347,5.14419746354439,-7.00645422721044,-7.65551506894952,-10.4427755394777
2021-10-28,8.13372684745617,6.3614405058003,10.7000529567687,-3.96588205735706,5.19207609240546,-7.21354313416643,-8.04334703614887,-11.1645241747583
2021-10-29,8.63091119620009,6.26986563695296,11.3698916553549,-3.79370434825082,4.75779146096745,-7.34904576354342,-8.68920152502121,-11.1965083126599
2021-11-01,7.76040304942178,4.91120845151426,10.1749411758355,-3.86759722719527,5.95303405315374,-6.83555674369357,-8.4105045764024,-9.68592818263407
2021-11-03,7.53143824782756,4.23843305232518,10.1295948608302,-3.68296001403821,6.51100057328335,-6.58528344263478,-8.16909120586198,-9.97313207173136
2021-11-04,7.39725381704854,3.68149751951186,10.136606329669,-3.67362585336609,7.6161667475916,-6.24892631030167,-8.35908033704671,-10.5498919131065
2021-11-05,7.7481242098786,2.63971764322574,9.9014952218667,-3.71906133502584,7.60160273115396,-6.20195269737442,-8.19183692688708,-9.77808884683767
2021-11-08,7.77387724788728,3.03310050076371,9.67274923956053,-3.6015944191338,7.54040266050678,-6.31410716609135,-8.42676201833576,-9.67766604515736
2021-11-09,6.91435664917664,4.57652874762262,9.09143578446019,-3.86332709027506,8.09034724304004,-8.04535773097614,-7.40631030106387,-9.35767330198443
2021-11-10,6.49900552814045,4.39059001487739,9.65621931351082,-3.93213968476099,8.99174337164178,-8.42069145965959,-7.09376713826124,-10.0909599454886
2021-11-11,6.21203452503664,4.29344521078407,9.78832078352808,-3.89569166525838,8.8596442071887,-8.12894832946916,-7.0735731473218,-10.0552315844882
2021-11-12,6.13252525284443,4.25764972134188,8.67371012868313,-3.55933694430279,9.52662987014797,-8.70693814045395,-7.39720819204295,-8.92703169621772
2021-11-16,5.95881125080575,4.05771688347441,8.90950298088725,-3.56770233190908,8.69116150858696,-7.99981777368429,-7.5384613787847,-8.51121113937631
2021-11-17,6.12404734895017,4.34120479945103,9.03931716166223,-2.96998380183762,8.53581302624687,-8.44105809493598,-7.70593627540873,-8.92340416412796
2021-11-18,5.74612084807824,3.78527329820673,8.42898300340777,1.40744574787644,7.88597876394289,-9.26969889634982,-9.01573026622783,-8.9683724989344
2021-11-19,5.51635385474279,4.47289668292666,8.14175222478429,0.333145472238776,8.33444349482536,-9.37742342787149,-8.2804410756923,-9.14072722595408
2021-11-22,5.36058953407011,4.35951887485036,8.0733847937836,-0.202050782013139,9.20437314292356,-9.40600529629212,-7.88061669296173,-9.50919357436064
2021-11-23,4.31115290749935,5.55126016657075,7.3392823728951,-0.804942087660486,10.0197866326412,-9.71634761663781,-7.87086874111645,-8.8293236341917
2021-11-24,4.43291635032437,6.32292048855231,8.24776209168714,-0.90797993048804,7.91646038510785,-8.32062962915825,-8.74396031399905,-8.94748944202632
2021-11-25,4.5943300611936,6.15179144994367,7.33981585079448,-0.935504147046423,8.77474395234351,-8.63577754213635,-8.15769607480311,-9.13170355028938
2021-11-26,2.93824546916927,5.47946076814776,4.58657430916298,-0.774166927192063,10.5954584100557,-7.52343891260772,-5.08925454165729,-10.2128785750786
2021-11-29,3.74944920476949,5.69615778375244,4.55645819363839,-1.02075830244829,9.63129325400635,-6.60214632566858,-5.02325173413362,-10.9872020739162
2021-11-30,3.12535637545301,4.88749940457689,5.4164415720452,-0.577749106830218,9.85727173284512,-6.8351203518871,-4.51327124387284,-11.3604283823301
2021-12-01,1.76305003339925,3.70907924661816,6.33401722584789,-1.87494277768084,13.0586956546583,-6.45911629789175,-4.28416340066502,-12.246619684286
2021-12-02,2.19460047709973,3.87683234514566,6.65500117569382,-2.30720025046372,12.0466286172676,-6.08614153895816,-4.44525123378488,-11.934469592
2021-12-03,-0.708036285876126,0.990081462541781,3.84222133193613,-2.90779229083816,19.6003957599107,-5.03079801294148,-1.95253793651901,-13.8335340282139
2021-12-06,-1.15037198983817,0.263346148417376,3.64481760724572,-2.9059918174632,20.5632879344963,-5.35213461957213,-1.34716518703569,-13.7157880762502
2021-12-07,-1.2801839067569,0.167591779848884,6.16578266508674,-3.11615591094763,18.8473912671577,-5.23414414839986,-1.88377915650389,-13.666502589485
2021-12-08,-0.877000221668943,-0.807851782775991,2.70736953452511,-2.99921537353793,20.4294995815832,-3.66634360888094,-1.01313029797978,-13.7733278312648
2021-12-09,-0.327473348272569,-0.900594662943647,1.77969768597441,-2.66255639157038,19.5267976172478,-3.03007892146012,-0.471685157940087,-13.9141068210355
2021-12-10,-0.0894728577340445,-0.873902452775241,1.35497151604163,-2.60423856968863,19.8120170654883,-3.15821513347194,-0.308762303975065,-14.132397263885
2021-12-13,1.5956762270559,-1.12371468926447,0.885136646703607,-1.94653136087419,23.4705351901122,-3.38846921132605,-5.59275000976443,-13.8998827926426
2021-12-14,1.76749830568133,-0.680105496993072,0.65841125206655,-2.52090393368774,24.4620643464524,-3.07290686441495,-7.85533962051289,-12.7587179885917
2021-12-15,1.19614208093534,-1.20261402764795,1.45626796604754,-2.02423483714885,25.1892055729902,-3.23263290711589,-8.08907158384913,-13.2930622642113
2021-12-16,1.16849609528613,-1.33250670390043,1.57699164648653,-2.05138197326141,25.9018629604697,-3.34011374043608,-8.11536998474013,-13.8079782999043
2021-12-17,0.604787906037501,-1.56650090945996,1.58767139344472,-1.77011854323252,24.5548864075973,-3.27558432103094,-8.00800897864118,-12.1271329547149
2021-12-20,0.936015686186956,-1.38052237980343,1.96467405876123,-1.81961647542339,24.4614738630294,-4.18456863428354,-7.10778937434698,-12.8696667441203
2021-12-21,1.28930259918998,-2.07463441969994,1.43283380509668,-1.08550398554731,24.6682026187707,-2.74583894589984,-9.2222961858353,-12.262065486075
2021-12-22,1.8487862452848,-3.06150275192552,1.26762150849154,-0.895528523102996,26.3852969744303,-2.28383814584339,-11.523118511425,-11.7377167959097
2021-12-23,2.8078263473635,-2.76475457165126,2.03839644377344,-0.427141948515384,29.3625810728677,-4.43134479020334,-15.5626113401257,-11.022951213509
2021-12-27,2.99690361728966,-2.04951355391255,1.00934747333734,-0.979084167262151,28.2724584548054,-4.21208335847394,-15.1242376052869,-9.91379086049684
2021-12-28,2.68997646308949,-2.06713162062741,1.28443196002548,-0.261508984818562,28.2329878957064,-4.8605138284322,-14.9350086952981,-10.0832331896451
2021-12-29,3.72201406273767,-1.24626586925839,1.87292159003018,0.32855092159798,27.4832735491992,-6.64600201779459,-15.0681568274609,-10.4463354090511
2021-12-30,5.08920999308834,-1.54602007122728,1.54251992038209,0.598154323882085,28.0646490804117,-7.82006618947617,-15.1275214097051,-10.8009256473557
2022-01-03,1.41491250077949,-0.695893372174574,0.889656993580004,-2.64739909253733,27.5781929125773,-3.81880210933991,-12.695046294773,-10.025621538112
2022-01-04,2.2288456619853,-0.458620796316161,1.02942956209533,-2.21483279829688,27.3134642025078,-4.16868303782849,-13.706487391077,-10.0231154030698
2022-01-05,2.09773516539057,-1.29972049093944,2.94113750711534,-2.83908550572881,27.5954014558374,-4.43063553741101,-13.4018567533572,-10.6629758409068
2022-01-06,2.28903901790368,-1.48768305065099,3.93025879513841,-1.98031071191392,26.7427958581534,-4.79071677379929,-13.4645603146936,-11.2388228201378
2022-01-07,3.34234276680969,-2.10481025115239,3.47042809211661,-1.85026072838097,26.9671416683497,-4.66318809479145,-14.0927073057977,-11.0689461471535
2022-01-10,5.19227465295094,-2.25075085486435,2.39104895827368,-2.52783446258597,27.9273393662472,-5.38184282796363,-14.0019895431936,-11.3482452888642
2022-01-11,5.48771343018414,-2.75926985162867,4.01666897305928,-1.40951310927961,25.6564048146505,-4.67489942256339,-14.6632117668216,-11.6538930676007
2022-01-12,5.73081565726153,-2.94226604504357,3.37356877479777,-0.898142511934864,26.0061176227342,-5.20901072050523,-14.6228865536506,-11.4381962236593
2022-01-13,5.86993654644192,-3.48544149994091,3.3875536678194,-0.878145794555138,26.1962666483082,-5.17418698114322,-14.2653706794969,-11.6506119074333
2022-01-14,7.41373324910788,-1.80173908099757,3.02812338034325,-1.34204974038514,25.9109292451745,-5.08172858290354,-15.6170722223455,-12.5101962479939
2022-01-17,7.75901481928311,-2.11009801564612,2.96780415089508,-1.79364899811655,25.9804892958855,-5.18296246383014,-15.2327998053579,-12.387798983113
2022-01-18,7.76872205572931,-2.37788587495812,3.20987949410299,-1.62755997289536,25.2799185160704,-3.81532016983235,-15.3047732273668,-13.1329808208501
2022-01-19,7.777654551113,-2.58569603950027,3.31074157054976,-1.62036985080445,25.3854930530536,-3.37606126630962,-15.3530981853659,-13.5386638327362
2022-01-20,6.96507445699144,-2.8308749726697,2.54020855820561,-1.25911260445938,25.2435716258391,-3.6017444697472,-15.4228817190828,-11.634240875077
2022-01-21,6.49843555114047,-2.93505707490512,2.42395722839762,-1.09297264080843,25.0808329673092,-3.20175080714417,-15.6056084793663,-11.1678367446233
2022-01-24,5.35686220714841,-2.16224700702346,3.28466830900995,0.164776160697222,23.3738004543823,-3.65474854481474,-16.3628024247266,-10.0003091546731
2022-01-25,4.98008287905012,-2.09304722363076,3.38503708431496,0.633843544123692,22.3926228257234,-3.22513693808805,-16.4822337852386,-9.59116838625482
2022-01-26,3.87878984826928,-4.68489874397518,2.10836329177534,-1.37792087904557,25.4713597768684,0.0462425153624366,-16.4955907460105,-8.94634506324419
2022-01-27,3.70083923378441,-5.02290499383742,1.96758155543198,-1.67830552999943,26.4060545808663,0.365267051304599,-16.5107586635231,-9.22777323402732
2022-01-28,4.2498225812449,-3.94165253472877,3.72569620010543,-1.46830256407999,23.2915500619618,-0.401999695796725,-15.7964295918939,-9.65868445681275
2022-01-31,4.76704401411615,-3.27815912825513,3.85943138829092,-1.49869577620758,23.0371099703897,-0.78341210886898,-15.1904850566958,-10.9128333027693
2022-02-01,3.63671273165448,-3.75918142545331,4.73640435714227,-3.15144395564361,23.4160554484392,-1.40006586793528,-16.0102185380152,-7.4682627501886
2022-02-02,3.33490280061353,-3.833846945548,5.02784307451473,-2.39353614155676,23.4450698856091,-3.09328909558911,-15.3887452070752,-7.09839837096831
2022-02-03,3.02506820787951,-4.05890505272178,4.46525555738538,-1.40158977303189,24.564953284751,-3.39598032414303,-15.0987132741663,-8.10008862595286
2022-02-04,2.98110541569705,-3.86512609148141,5.1934461682429,-1.66137412771375,23.9628388776248,-3.5091796574736,-14.9754127791714,-8.12629780572458
2022-02-07,3.27902679509005,-2.80286446488685,7.78819361647771,-1.30913685572498,20.2966314972685,-4.02218786778707,-14.8433503888641,-8.38631233157323
2022-02-08,3.29523877873246,-3.36425255703009,7.78532869995701,-0.786267427163075,20.7889513692621,-4.50711690162719,-14.8863124932044,-8.32556946892683
2022-02-09,3.72693045047239,-2.47637210131254,8.29564864148904,-1.01056520364618,20.6763933371351,-6.48396628539016,-14.6668001462255,-8.06126869252217
2022-02-10,3.61786149102006,-1.34548341499784,8.24138214966855,-1.09142397555545,20.5461740561754,-7.23187026235765,-15.1317946128538,-7.60484543109928
2022-02-11,3.04411185534239,-1.31949477297979,7.72399169921771,-1.26883712739408,21.4359075433385,-6.46820120573658,-14.1290297977481,-9.0184481940401
2022-02-14,4.23406459875227,-0.878833397407263,7.96859522652657,-1.52806241652391,21.3368769574121,-7.92608551666073,-15.1641373366079,-8.04241811549115
2022-02-15,3.5793065661225,-2.0738451510561,5.94987671174726,-0.910234067712004,22.4664865234067,-6.89026892276049,-14.2950161967252,-7.82630546302271
2022-02-16,4.57373432272263,-0.467345190634731,4.80909969704108,-0.910021100558041,21.3880977210372,-7.78540250023688,-14.4970386324006,-7.11112431697066
2022-02-17,4.8900290925536,-0.222956830170915,5.31309385523392,-1.02069080311669,19.934402968225,-8.18998719971643,-14.3080894940646,-6.3958015889439
2022-02-18,4.27370609039157,-0.304157281265319,6.90068090098659,-0.66979519230577,19.066213871263,-8.4827483374706,-14.8706041095674,-5.91329594203207
2022-02-21,3.49872504460764,0.708453912372832,7.38770801912118,-0.136458322845485,17.1804752053507,-7.26623030660652,-14.826185829003,-6.54648772299728
2022-02-22,3.3003618472606,1.3628632267251,7.20730918663985,0.320331272104546,15.2750267530099,-6.74402762095798,-13.8880512561761,-6.83381340860593
2022-02-23,3.25980167801922,-0.115910680080184,6.231880651381,-0.24910976464809,17.1414085411643,-4.81114327359558,-14.7539262374324,-6.70300091480822
2022-02-24,2.96306931566898,-2.18074889640619,4.30240594708616,0.315606288624238,19.1621949996652,-2.52304743898925,-14.3684976927005,-7.67098252294854
2022-02-25,5.73194537248793,-0.910861104614234,6.01763262882384,1.53295389628379,13.4144981846914,-6.8483295438071,-14.4258089888683,-4.51203044499727
2022-03-02,6.08499576127227,-1.25649162008186,5.38799896193834,1.92534579943138,12.5144275095232,-6.66747923856332,-13.29702906772,-4.69176810580002
2022-03-03,5.09508815420327,-0.873232827473807,5.48295637896985,1.52100161172213,13.5828579723484,-6.63027564283856,-13.0491271444714,-5.12926850245987
2022-03-04,6.80295369647858,-3.42586435250427,4.07897152384748,0.199041365680095,11.6107588873096,-6.80070299990069,-11.4022376041753,-1.06292051673555
2022-03-07,7.36642703594356,-3.72874304427584,3.78882689089294,0.16421267285569,11.5621339317445,-5.80136735918298,-11.0541374014199,-2.297352726558
2022-03-08,7.62146471851585,-3.44701098218391,4.00838736222174,0.14699350275086,11.2717477619031,-6.12314988678799,-10.7950030468527,-2.68342942956691
2022-03-09,7.73528957830048,-2.48292399392398,3.82054239476941,0.0862554328781471,11.7299874585848,-5.8778359794124,-10.996747490753,-4.0145674004434
2022-03-10,7.62792398695263,-2.48283393732935,3.79962034571356,0.0943905154353715,11.8245420621843,-6.22217072743748,-10.50794379725,-4.13352844826904
2022-03-11,7.45880676041606,-2.25014257376208,3.67738195115923,-0.111791632479004,12.4050824182075,-6.29246671443631,-10.5146428941247,-4.37222731498077
2022-03-14,6.83030060753262,-1.92359266976941,4.59836610211249,-0.526961842366852,12.6112385367331,-6.49456428542158,-10.066173267616,-5.02861318120442
2022-03-15,6.9304603510295,-1.65189354110837,4.49885510218831,-0.83839455403109,12.0410803658731,-6.70510309975673,-9.38836420380663,-4.88664042038807
2022-03-16,7.45454198589812,-1.50911177020382,4.03324971959083,-1.03243755461308,11.7985530737178,-6.94999464054983,-9.20032171092782,-4.59447910291224
2022-03-17,7.23247991748348,-2.15211511020889,4.1551954037452,-1.13154341274552,12.2167593247554,-5.93677044721549,-8.76724089116956,-5.61676478464463
2022-03-18,7.33545185555966,-1.82102746993468,4.16921947281345,-2.65310902973416,12.0191962291606,-5.03386972517784,-8.8492588605615,-5.16660247212552
2022-03-21,6.99887331388294,-2.98047913781637,4.02904422972526,-3.3958683053095,13.5029622260805,-5.0525186840593,-8.4783829705888,-4.62363067191479
2022-03-22,7.37281112624783,-2.56585484740813,4.03875650478689,-2.72954106808633,12.1401105427787,-6.07536650288226,-7.83775307965502,-4.34316267578166
2022-03-23,7.27776618639248,-2.68608315157039,3.55393542450701,-2.77667692227378,12.7674335631574,-6.30610706111476,-7.94228632460711,-3.88798171449088
2022-03-24,9.25405336874212,-2.17128009575995,4.84943733039822,-3.07633214256914,10.5607911161549,-7.3870062264679,-7.87817619034177,-4.15148716015644
2022-03-25,9.83327904793803,-2.13638752692641,4.77822210845275,-3.25021340613362,9.89546721805898,-6.73436472812832,-7.84632761831846,-4.53967509494295
2022-03-28,10.3566087833031,-1.94929488019577,5.34730304305597,-2.90221715288964,8.77920200032772,-7.02024820353306,-8.1645174168334,-4.44683617323489
2022-03-29,10.5095144647912,-1.37328593969408,5.84044056767723,-2.82889368661582,7.75773851529851,-6.95017196191466,-8.24299892286987,-4.71234303667246
2022-03-30,10.4580597532118,-0.780669062443948,5.33397426566049,-3.20306911763542,8.22482876527732,-6.41146387583241,-8.0376278909004,-5.58403283733743
2022-03-31,9.81417761253664,-0.931415828854057,5.02354827814317,-4.00120972096117,10.9405069052539,-6.75033679236611,-7.88607794083347,-6.20919251291888
2022-04-01,11.2139470701193,-0.469201580332502,6.04646877767175,-4.29780663197712,7.77874854943365,-5.17710336868756,-8.12103757744056,-6.974015238787
2022-04-04,12.3992504414236,-0.357579206014954,6.06876079571688,-4.63206888017371,6.09542650334559,-4.84912704627666,-8.05703904514333,-6.66762356287746
2022-04-05,12.3826434234356,-0.319677633280563,5.20695455146009,-3.90189781338207,8.55506156313062,-6.20401420819281,-8.90552884095195,-6.81354104221894
2022-04-06,12.7795936516723,-0.561884805623471,5.69501106535943,-3.54985463569691,7.22285298616158,-5.02846784396143,-9.17181128206782,-7.38543913584364
2022-04-07,12.7949560743693,-0.485113316855106,5.42257301056794,-3.63555959698923,7.18014882141119,-4.62394112561842,-8.97758786929961,-7.67547599758611
2022-04-08,12.9121433150681,-1.16370672568339,4.7994804134999,-5.67174456510926,9.06939110729606,-6.49496882493639,-7.5321486714266,-5.91844604870845
2022-04-11,12.447666577387,-1.34457674239645,4.94982857563387,-5.69376936143566,8.74371735300603,-6.24630464647396,-7.02654140482004,-5.83002035090078
2022-04-12,13.0340593139843,-1.41026922988743,4.80543182218273,-5.75475191134751,8.04288572844759,-5.88345139644499,-6.94109955119296,-5.89280477574173
2022-04-13,13.4493615462426,-0.737740008617109,4.23221213519921,-5.42619876069705,7.00778688880344,-5.86617950750698,-6.52030400931092,-6.13893828411321
2022-04-14,12.6343310226659,-0.713790989107117,4.0599769202386,-5.67970589794928,7.7728168814429,-6.38744783568637,-7.15233152798589,-4.53384857361878
2022-04-18,12.3823123370678,-0.441265400600543,3.42958828472204,-6.06541902447028,8.38045188400622,-6.50092686996698,-6.78579536620116,-4.39894584455714
2022-04-19,12.7915671744206,0.795686425585345,3.22077160166334,-5.60022922781858,9.81580247643711,-8.83124500593333,-7.02673435951739,-5.16561908483716
2022-04-20,13.8222206656957,-0.490054105573208,1.80472698057715,-5.65350258601833,10.4847089397005,-8.07564920804432,-6.01827244391354,-5.87417824242394
2022-04-22,13.438565983333,-0.478381645620289,1.74594949526428,-3.71143514355391,9.67699343928552,-7.53912383151387,-6.56456377436199,-6.56800452283272
2022-04-25,13.092387600648,-0.638483986392608,1.52699655583297,-2.88346827845182,9.3967492908163,-7.118679455513,-6.35923095671381,-7.01627077022604
2022-04-26,14.4223774326574,-0.464246520831161,1.90096383916126,-2.50239562065786,9.22166751351261,-7.35336634939797,-7.18176875321452,-8.04323154122978
2022-04-27,14.4219749954064,-0.604852546583885,1.878775393944,-2.69187298147587,9.56806381332085,-7.69289439713607,-7.28215911319168,-7.59703516428379
2022-04-28,14.0058493232125,-1.00839652196624,1.77762178201241,-3.72893479795966,10.951150673537,-7.81426692128134,-7.18456176384851,-6.99846177370623
2022-04-29,14.5214677294213,-0.256986688104789,2.5354088424027,-2.95757291891545,9.32138452503992,-7.64466045469866,-8.50067984619626,-7.01836118894875
2022-05-02,15.2534535407464,0.33010363912485,4.35766553606483,-1.52774191054093,5.80274278195316,-7.85891967275025,-9.33656461214262,-7.0207393024554
2022-05-03,14.7166439604641,0.669213752720417,3.08045678163294,-1.4860780725599,7.11079344107571,-7.6794335477365,-8.74087442400303,-7.67072189159371
2022-05-04,14.757400411091,0.151801862807325,4.29811751208923,-3.88189481183873,7.74344212578999,-7.06583275943048,-8.02438476701411,-7.97864957349424
2022-05-05,14.9942793968377,-0.48160482399792,5.30299653897418,-4.86363122165288,7.79091788195262,-6.87852370029925,-8.30536405991357,-7.55907001190086
2022-05-06,15.2522300918812,-0.843714482137948,6.153677627519,-5.27275224914231,6.1159407591139,-5.97077616648833,-8.31217894083235,-7.12242663991317
2022-05-09,15.2509446422792,-0.657755999223006,6.5085880542382,-5.38984669058069,6.11730873059258,-6.04165237064107,-8.35778334217741,-7.42980302448776
2022-05-10,14.8698651727945,-0.566119133422625,6.86434286105212,-4.63881843328699,4.19251326630711,-5.54111782246322,-8.45534618991415,-6.72531972106671
2022-05-11,14.8072493670452,-0.211228089633849,6.53377558702287,-4.4854265660974,3.6439312258381,-5.45088914147385,-8.37186358181847,-6.46554880088264
2022-05-12,15.2800983198747,-0.316801254499353,6.13962962138618,-3.75838265467276,3.49782107306147,-5.68610212437456,-8.44955136089809,-6.70671161987761
2022-05-13,15.6249701598821,0.0518739051808055,6.01617304867845,-3.34835003644135,3.35359640628782,-6.51632251637339,-8.66757808071131,-6.51436288650309
2022-05-16,14.6099871834862,-0.267960851890486,6.63165644023191,-3.39461738823475,3.26225390208383,-6.74017613192933,-7.73105317899527,-6.37008997475206
2022-05-17,14.2916838519143,-0.695352695142851,6.32622439717103,-3.25454551658406,2.95575959836822,-6.35504759840433,-7.11447503776888,-6.15424699955349
2022-05-18,14.5976795261974,-0.470170451760417,6.1174102058006,-2.95463504567572,2.91971584842572,-7.0199713545021,-7.2312328930736,-5.95879583541194
2022-05-19,16.8494883753381,1.98963514423473,5.90931915631248,-2.56459267035958,2.94021271523145,-9.51420485571116,-10.09629812889,-5.51355973615601
2022-05-20,17.243160582465,2.31957070821676,6.56348199635394,-2.45832623417424,3.47578340334004,-8.88661579721318,-12.1174854277777,-6.13956923121057
2022-05-23,17.8089359630192,2.53343235983144,7.48205955786434,-2.37039101885269,3.13282390123764,-9.9883983901192,-12.3699297254853,-6.22853264749543
2022-05-24,18.3521946699805,2.30440852561286,7.95836307366027,-3.26650468141289,3.52731448885592,-10.3162960500411,-12.5513475971893,-6.00813242946634
2022-05-25,19.5650809212233,2.74323869911007,8.65178875937973,-4.01412480575876,4.49576458567596,-11.6346040111893,-13.2256976910927,-6.58144645734837
2022-05-26,21.2270531498318,3.2098022283008,7.74793138815152,-4.39252025858141,4.7064277908386,-12.1646620025287,-13.8665884677628,-6.46744382824977
2022-05-27,21.8734918532231,3.1126126452322,7.09648699210916,-3.79179183723605,4.55600741343225,-12.1714344159817,-14.2756270146271,-6.39974563615183
2022-05-30,21.6466918634617,3.41923514360834,7.16926613526928,-3.69697273432712,5.19351934618982,-12.2869336842807,-14.831740363626,-6.61306570629536
2022-05-31,21.8347205806451,3.7131058083545,3.9767694691793,-4.09579850504015,5.16750545376929,-11.5928748654626,-13.1900194121233,-5.81340852932213
2022-06-01,22.1602132659211,5.7026515477185,1.1484930117616,-3.37315846589232,5.75265214959247,-16.0683733101599,-10.750329273925,-4.57214892501656
2022-06-02,22.6147038430475,6.92088542656119,0.659306399304711,-2.41257571199031,5.67459567251753,-16.6602277101558,-11.8657465527096,-4.93094136657527
2022-06-03,23.5615140744772,6.69836044929335,-0.0552469110630511,-2.7410294530259,5.80145181047278,-15.5898515786443,-12.5039978831562,-5.17120050835382
2022-06-06,25.7904864829845,6.26058632134292,-0.437732279435103,-3.92946716028656,5.93669318114966,-16.3975070194558,-13.1208258048634,-4.10223372143619
2022-06-07,28.409934498104,5.34928273217898,-1.93987131656919,-5.51148229608053,7.08794125194295,-17.8066410620394,-13.4800196478799,-2.1091441596569
2022-06-08,29.1058628705957,4.88112440281202,-2.31373021227795,-5.14156242778977,6.15653106153937,-16.9553041437958,-12.9345623351165,-2.79835921596705
2022-06-09,28.1075981463171,4.86884278548858,-1.73109272762986,-5.66212871097782,6.50667765904824,-16.9847820756411,-12.6842680720969,-2.42084700450816
2022-06-10,28.6709777277299,5.43503291038325,-1.8766832863564,-5.44607552660059,6.56156107253047,-17.5121214905497,-13.1306671342354,-2.70202427290152
2022-06-13,28.8409311497219,5.19747346584078,-1.19875497334735,-5.3590413508899,7.31375057719885,-18.2767498476378,-13.404064875157,-3.11354414572943
2022-06-14,27.8767151053128,4.24452392786256,-1.90019985622622,-5.0519376609318,5.98383232140082,-17.3928191666142,-12.1323955460826,-1.62771912472144
2022-06-15,28.1222415961959,5.07352548859757,-1.7058227423803,-5.68390181867318,7.55134061122418,-18.0056956460921,-12.9340179922035,-2.41766949666864
2022-06-17,28.357191503356,5.16704398084689,-1.25916333554797,-5.2560450848252,6.08961707642673,-17.938905506223,-12.7285110088554,-2.43122762517804
2022-06-20,27.6275878924386,5.09311197332651,-1.49993265811895,-5.27233742137354,6.6229921671699,-17.7679330952841,-12.6806405369436,-2.12284832121481
2022-06-21,27.3304061662508,4.94525866155441,-2.10354791862666,-5.81010968872317,8.08770067889601,-17.245463690094,-13.3026891023301,-1.90155510692728
2022-06-22,26.991703485932,4.08755961135941,-2.13312070520519,-5.24104858488948,7.40825487926844,-17.0270816060013,-12.3354943523212,-1.75077272814262
2022-06-23,28.2696709663292,7.31419789008275,-3.24862185614408,-6.64058790732562,5.87565942624975,-17.3466804971762,-14.1348590903955,-0.0887789316203964
2022-06-24,24.4331520623908,1.99524809067321,-7.08001133856423,2.49395683449669,5.62841251578458,-19.0697151698668,-7.68754901090444,-0.713493984009787
2022-06-27,24.4086579777429,3.22836410067404,-7.61749025112627,3.20523597444199,5.48442813482045,-20.1762963061997,-9.14961045008215,0.616710819728702
2022-06-28,24.2791265346941,3.37137215071403,-7.25204565747205,2.8618556010895,5.0346775796347,-19.4305771913626,-8.77818619701686,-0.0862228202808097
2022-06-29,24.7587258487715,3.8965127946093,-6.75200570340485,2.2974734323526,3.99590775388695,-18.9042858627712,-9.44204415754759,0.149715894103274
2022-06-30,26.1772602387801,3.68224965823912,-7.06430041860827,0.923778841065428,3.60199168138892,-18.5360671158027,-9.25330102929619,0.468388144233636
2022-07-01,25.0858236137985,3.81179931660971,-7.40033075722516,0.114863735278497,4.28185559283359,-17.962201631421,-8.39306229138728,0.461252421513223
2022-07-04,21.0722888167419,5.16386389496705,-7.55812046147309,1.94611441765241,1.99752490067127,-15.9569549022992,-7.87737265635893,1.21265599009865
2022-07-05,24.7172037364264,10.8838531056901,-9.62072936073589,1.18939931660105,3.66021095097091,-20.4961089484029,-8.46967901471196,-1.86414978583772
2022-07-06,24.7692045711037,11.1840891222824,-9.37183973964194,1.14907694021169,3.19021028212649,-21.1481206664605,-7.98928492039223,-1.78333558922961
2022-07-07,25.2506612002851,11.1127289620275,-9.74099795044868,1.11805112884404,4.16272653322698,-20.6500978074086,-9.21533931493238,-2.03773275159395
2022-07-08,25.0452665583631,10.9918896733207,-9.86045115612421,1.04693442289647,4.52542267697427,-20.4189204168441,-8.84699850400258,-2.48314325458361
2022-07-11,25.1896656193508,11.2644668747302,-10.5066386964396,1.8930912239349,3.54147836266809,-21.2648348658541,-7.45108477761439,-2.66614374077575
2022-07-12,25.0484713497183,10.9831179582579,-10.6912415161545,1.14566783348382,3.99271981654682,-21.1383793762592,-7.90313822479239,-1.43721784080078
2022-07-13,23.5652669783277,7.92737314079287,-11.7514245664115,0.937973479994909,5.45100085888566,-18.8186638688654,-8.46748249076792,1.15595646804378
2022-07-14,23.9818570986498,10.3160982294896,-11.7085362790005,2.21996545951633,3.58400667212307,-19.0052355663824,-10.0008279832451,0.612672368849118
2022-07-15,25.4499496966482,12.3449600012889,-11.8752223457406,2.31682833642986,2.86321821948107,-19.0894299272549,-10.4366702112244,-1.57363376962804
2022-07-18,23.6479945568826,10.5486221870476,-12.2642418281415,3.25393109180581,2.5465586887255,-19.1632758582332,-9.76616292072768,1.19657408264086
2022-07-19,22.2384384217398,11.4885229153865,-11.4161301080504,6.87814966212125,0.107681575749559,-18.8687820327023,-10.0239919859211,-0.403888448323322
2022-07-20,22.4901599074726,9.50061500137524,-11.2449449216436,6.80713262313471,0.653750003697603,-19.7470499961775,-9.75755426343519,1.2978916455761
2022-07-21,21.7415347960151,10.2101017443207,-10.8481437651512,6.8815992934269,0.67274857468631,-19.3524517528795,-9.81526361096489,0.509874720546541
2022-07-22,24.4862044864587,11.1078364959945,-10.1100111522552,5.14937907554803,-2.61111504576418,-18.6071056843833,-13.5306149744627,4.11542679886404
2022-07-25,19.0345435273127,10.6418930899757,-9.31222238958514,6.91440034241615,2.55050326244084,-20.310383728156,-9.26832040411792,-0.250413700286337
2022-07-26,21.8232836839157,12.256524551465,-10.078606074776,6.98183345808921,3.59602575625436,-17.5043522738483,-11.4959307699203,-5.57877833117968
2022-07-27,19.9049660971041,11.1480916778664,-9.35233365973756,7.52862384180638,3.19326798859166,-17.4672036089721,-10.6776952953381,-4.2777170413208
2022-07-28,21.6473357515476,12.0180926585772,-10.6400438304662,6.88493190169835,2.80528929719064,-17.1365451445521,-8.5933613391164,-6.98569929487905
2022-07-29,22.2301252986489,11.0511803571665,-10.3243117433332,6.05961415728358,3.63996261345399,-17.0494652609321,-8.56465460221631,-7.04245082007125
2022-08-01,21.1821604127761,10.7171062519027,-10.2552583190245,4.22060188903824,5.61361824893472,-15.8803117626525,-8.15917512983683,-7.43874159113793
2022-08-02,21.2453708440333,11.1036719388831,-10.4322281657837,4.29103949518073,4.8917813881265,-15.7634150697626,-8.67918813323935,-6.65703229743787
2022-08-03,20.8022224660381,11.2644515018243,-10.3363856175057,4.17278584449532,4.7631100134833,-15.200977521742,-8.64755762888685,-6.81764905770645
2022-08-04,19.6428501193385,10.2901810806882,-11.3060016582907,3.90428976870894,3.82960142097683,-14.8383715234491,-5.41241118469925,-6.11013802327336
2022-08-05,18.112655672422,8.88335641663814,-12.1387296023482,3.91568117657361,2.66998712844469,-12.4541198325454,-3.07445570852272,-5.91437525066214
2022-08-08,19.7409024594684,10.4177846655973,-14.0664054254411,4.3053785861751,1.91228954484414,-13.522699855111,-3.84426983876034,-4.94298013677251
2022-08-09,20.9174486380859,9.55783349254579,-15.2297615607881,3.12261464657087,3.19485590326983,-14.8646495368899,-4.86274113949227,-1.83560044330219
2022-08-10,19.6927561416709,10.3854936861131,-15.1107158426333,2.88319895489148,2.45521257383944,-13.6427204409408,-4.16036506678612,-2.50286000615459
2022-08-11,18.365776857703,14.8193805636221,-17.3193209042695,4.12955206876774,1.4229401605104,-11.4083676164962,-5.79804561914266,-4.21191551069493
2022-08-12,18.7377041013433,16.4945211478739,-19.386193578723,4.2337545473781,1.32149205500519,-10.5527285026595,-5.70585289842667,-5.14269687179129
2022-08-15,18.1786378686202,16.335546889359,-18.3937536499683,3.57695099736185,0.966254383647701,-10.3853578609882,-5.90361947249768,-4.3746591555345
2022-08-16,15.5481244729789,18.3769737945414,-17.99840135436,2.67799943592593,2.23689221972018,-10.2700382414801,-5.78609054726989,-4.78545978005646
2022-08-17,16.4486000510917,18.65620977632,-18.7948573768916,3.38998938023853,2.11449438260742,-10.0609386664503,-5.21534639025423,-6.53815115666146
2022-08-18,14.0098792157737,19.0632288701231,-18.7172457956254,2.82076247293827,4.09457194642044,-9.93686477794942,-5.38367052425384,-5.95066140742685
2022-08-19,12.9794947105434,16.2871535513186,-17.3719798611366,1.71882711806818,4.67003576992045,-9.37621123695023,-4.24900196529189,-4.65831808647194
2022-08-22,12.8793126141975,15.2331792876154,-15.5659583469006,0.951727289492489,4.41264861827314,-9.30027911733919,-4.33491508384704,-4.27571526149167
2022-08-23,14.1803264374853,13.8003713121974,-17.7597618075121,1.58409591207974,10.3269079629564,-10.8266511333031,-5.58170212490705,-5.72358655899655
2022-08-24,14.1622574662737,14.0832275387653,-19.076993010591,1.43498432215677,11.4869419551513,-11.8889223413876,-5.23051663556455,-4.97097929480395
2022-08-25,13.7243182988707,15.8708795281481,-19.4466146248497,1.909858277014,12.1817848228697,-13.5533640605909,-6.12858391769888,-4.55827832376302
2022-08-26,13.8789103003604,16.5314985729264,-19.2562982966482,1.76949484939774,11.5064138341169,-14.0364659002767,-5.87793147319822,-4.51562188667828
2022-08-29,12.2894471951548,16.7136686932423,-17.9620131753666,1.2053872861249,9.70951276885707,-13.1778392309492,-5.52465567624762,-3.25350786081554
2022-08-30,13.0074425931079,16.6717021408139,-18.2028434334855,1.63060304776408,10.0909800266974,-12.5709841498992,-5.21787233110143,-5.40902789389713
2022-08-31,10.4394159283115,17.2391143712249,-19.2404700419932,2.01889252987168,11.4555479612242,-12.0885728025026,-5.15953563075936,-4.66439231537715
2022-09-01,8.02645089607567,17.3738155300907,-19.0709268787375,2.6427433340999,10.3409518807733,-11.0645152145055,-3.85985980432173,-4.38865974347484
2022-09-02,9.00773570493295,17.1125322840542,-18.81469211353,2.68621823600846,11.0572033043887,-11.386171179791,-4.43326978530031,-5.22955645076312
2022-09-05,9.02033923465044,14.8609472443237,-18.7470048989843,3.85035627308435,14.7286140187799,-14.3962580208214,-4.08033106170197,-5.23666278933069
2022-09-06,9.00940974268462,14.8456550448421,-17.3604411946943,2.27536071198179,12.8348515387448,-12.5400738737465,-4.20241444413264,-4.86234752567987
2022-09-08,9.84788335868722,14.4551515212215,-16.8501834904814,2.81282718025109,12.823798192971,-11.2967580425815,-5.40866368384397,-6.38405503622392
2022-09-09,9.35742606443554,14.6103784874819,-17.0224256841508,3.08048468113365,13.3287817576682,-12.5233419489694,-4.97924711161691,-5.85205624598223
2022-09-12,10.3183108157289,15.3116993354854,-15.5447486092705,3.13304180891139,10.0499873366093,-11.4207230115461,-5.60107442944892,-6.24649324646938
2022-09-13,10.404068380175,15.5990675888356,-14.5723255549929,2.60020619391526,9.66389254160134,-11.0771212319165,-5.09085747846925,-7.52693043914859
2022-09-14,10.6402095378005,15.7753157043746,-14.5575990326849,2.97386974388689,9.65622874671835,-11.5560335376733,-5.3653193850041,-7.56667177741796
2022-09-15,10.8796263528994,14.8464057226216,-13.9949146516313,3.46427469786126,9.76676304206442,-11.6092374317763,-5.68585711067287,-7.66706062136616
2022-09-16,11.3155443043697,15.5234506875359,-12.7127269653305,2.26771059689514,8.36467121955771,-10.5817150568246,-5.45523585891431,-8.72169892728903
2022-09-19,11.1746681150174,15.9519434777121,-11.9243918149156,1.94144715106909,8.12475106293237,-10.5044178990024,-5.70077822530729,-9.06322186750573
2022-09-20,12.0593003573833,16.7176561813044,-12.2681998150341,1.87193437755113,7.48345316944661,-10.878020786272,-6.41782260575672,-8.56830087862267
2022-09-21,11.8003978279017,16.7852443585246,-12.4081286331929,2.20332990723259,7.62380661257125,-11.0065836306126,-6.55144272494635,-8.44662371747826
2022-09-22,10.540830169829,16.4019806420451,-12.0115591155044,3.36244147677603,8.58772128671971,-11.4442860112054,-6.36315678428859,-9.07397166437147
2022-09-23,10.2419231052528,16.580239320865,-11.6867560751587,2.74094422464071,8.70638839408073,-11.1634254002158,-6.15248968405596,-9.26682388540883
2022-09-26,10.9192965601494,15.8477380088144,-11.0268205046857,2.12013246339642,7.40920242211155,-11.2230444308826,-5.04160062338797,-9.00490389551544
2022-09-27,11.0838634923395,15.21272396609,-8.80731839092857,0.874931892893692,6.89765968867144,-12.5204576317531,-4.64781395783342,-8.09358905947955
2022-09-28,11.0610276471045,14.9835989432841,-9.11693663038138,0.56279769327444,6.70688514333694,-12.3891656704651,-4.32842208367835,-7.47978504247517
2022-09-29,10.8518676574696,15.2111261361728,-8.67059884850885,0.630348230683154,6.43969469488679,-12.222648454754,-3.97009269390616,-8.26969672204334
2022-09-30,11.2513489715341,14.5910507117868,-8.45064992998105,0.944670163510381,6.08270206405302,-12.2076233895654,-4.11274922105112,-8.09874937028678
2022-10-03,9.89506531960828,16.2741560255799,-7.35526614921798,0.00436483216269323,6.28221622986682,-14.5161835777984,-2.76675338136196,-7.81759929883927
2022-10-04,8.20299305229457,17.2482664192847,-6.51770274376582,-0.178018418537285,4.96226375946706,-14.547364126311,-1.90098599689772,-7.2694519455345
2022-10-05,7.73196991783399,16.7782404977407,-5.34080306754552,-0.494027082855858,5.53949074731327,-15.0103930425574,-1.56482796602039,-7.63965000390881
2022-10-06,8.50657225216539,14.4984680794757,-5.11983465150902,-0.128033471960443,5.53382013722875,-12.952082422998,-1.62764392130512,-8.71126600109727
2022-10-07,8.41414510633748,14.2133300740159,-5.52462686524386,-0.417550847301975,4.83995683099358,-12.0720964796635,-1.53548366509304,-7.91767415404462
2022-10-10,7.48982918812241,13.7619313802498,-3.0680013997375,-0.974833449756993,5.0827558605321,-13.1850088049599,-1.42107440579601,-7.68559836865387
2022-10-11,7.00401477837305,12.1273664739548,-2.26493055433015,-1.60551068785041,6.61838917234082,-13.5900951880608,-0.879922394738262,-7.40931159968901
2022-10-13,10.8252313155562,11.5185007833424,-3.45473170335303,-0.0911332436411385,7.3117720637188,-12.9492680128534,-3.90349433349644,-9.25687686927344
2022-10-14,10.1872861621169,11.4630819419147,-3.66943939483384,-0.413753899072212,7.82370835971553,-13.7963020136205,-3.08087630480915,-8.5137048514114
2022-10-17,9.44378569577517,12.047074650017,-3.51031144631488,-0.542591404521986,8.35426950045522,-13.9155005611687,-3.60659868598853,-8.27012774825332
2022-10-18,9.40397514871409,12.0289725952379,-3.91077566366117,-0.616775335021792,8.44932139907785,-13.8306131823797,-3.64588874043931,-7.87821622152787
2022-10-19,8.21838483622719,13.4330156043478,-4.50136487403749,-1.00845911228558,10.4928472478103,-13.9460254502546,-3.49661357431649,-9.19178467749109
2022-10-20,8.28430307031918,12.9529499124575,-4.51501848509677,-0.540751780854677,9.95741556346781,-13.6882091475811,-3.56018966230652,-8.89049947040541
2022-10-21,6.85103897773914,13.4582109818915,-4.35236115576038,-1.70645958391709,10.8331413443553,-13.7171357982951,-3.14228892283587,-8.22414584317753
2022-10-24,8.45432430518601,13.938728816516,-5.12302382748642,-0.934162768880633,9.32819565679891,-13.7490515517061,-3.24721285379126,-8.66779777663645
2022-10-25,6.62592075204245,11.8348314164869,-5.16094485599785,-0.427412140925661,8.39557544124379,-14.3679798476605,1.8216417952138,-8.72163256040293
2022-10-26,7.08244040905877,16.0483488286999,-7.81437818198481,5.31643843911147,11.6005605338695,-14.2880110307303,-5.32423591300613,-12.6211630850184
2022-10-27,6.78503899332698,15.8950486302655,-7.43626855648833,4.69469668347852,10.3412145828948,-14.0574999428166,-5.50808990502701,-10.7141404856339
2022-10-28,8.24409302388553,16.268221441866,-6.71798630496384,2.13300895426269,10.0091362104534,-14.3598889110625,-5.72333185769216,-9.85325255674914
2022-10-31,9.08043219875717,15.9525392639477,-7.04721339841242,4.53326988461564,7.91855473043851,-13.8471514553067,-6.43499727219214,-10.1554339518478
2022-11-01,9.60101383124857,17.4246706258056,-7.29860186987557,5.95326949840238,6.92373597397782,-14.9404008975761,-7.54243150109738,-10.1212556608854
2022-11-03,11.2234144751191,19.6102441966141,-9.50071562732331,5.85960265440369,6.35042998876453,-15.4740191583983,-7.53212574500391,-10.5368307841759
2022-11-04,10.9148440264415,20.6282688268698,-9.26701096761566,5.63026861253473,6.10652001245538,-15.3470158130342,-7.81000438775443,-10.8558703098972
2022-11-07,11.004452854672,20.7167397019654,-8.92297426531162,5.47896067046458,5.90528324988046,-15.5369649334712,-8.60982150295656,-10.035675775243
2022-11-08,11.0650186576235,20.9180612892471,-8.74811464096535,4.89679145408904,5.64992484215608,-15.211726976041,-8.65990154279451,-9.91005308331485
2022-11-09,12.8353862617566,21.67354646829,-8.87555130754881,5.25859251902779,2.64382946726472,-15.2218966362602,-8.71053733247505,-9.60336944005498
2022-11-10,13.6477891933451,24.7226899126838,-10.4903630373775,7.36281078141558,1.24198984869435,-16.2604898248385,-10.0416700914646,-10.1827567824583
2022-11-11,13.5978858004394,25.3595610824876,-10.1666037739897,6.99942511804398,1.07387035178162,-17.1348422316254,-9.91187456236505,-9.81742178477232
2022-11-14,13.3103824989771,25.2319646225455,-10.8109907863225,8.47751538442677,1.15205633902976,-17.0387021785818,-10.0823379552704,-10.2398879248043
2022-11-16,13.4358281913083,25.8980391176529,-10.8867758968431,7.25471792557839,0.993913412714818,-17.3813856661509,-9.61096519454841,-9.70337188971195
2022-11-17,13.0468034291839,27.398374616136,-10.7165343584223,6.81190238256607,-0.129618270145748,-16.1417755892616,-10.4352883298124,-9.83386388024386
2022-11-18,12.6996297664039,27.5452127286195,-10.9613771781874,7.08377943751163,0.315319949802124,-15.3318642889076,-11.2591396489289,-10.0915607663132
2022-11-21,11.3146177593239,27.4027027530261,-12.4580234209478,6.67001017448688,2.29922914275393,-15.1737090568071,-11.7409852104498,-8.31384214138619
2022-11-22,11.3916215198035,27.1913739240489,-12.2852509297297,7.45595439343303,1.63692477271947,-14.6063301648093,-11.8703390580147,-8.91395445745112
2022-11-23,10.8971521940539,25.9294406115139,-12.145384815022,10.2954815548087,0.00534358385765188,-13.2782025223508,-12.3541029404371,-9.34972766642429
2022-11-24,10.9901172069024,24.8977536619489,-11.5481326939537,9.8508283722813,-0.0677210593258692,-12.6469332465299,-11.9717960723157,-9.50411616900737
2022-11-25,11.8949398600148,23.9778417577716,-11.6793062418469,9.52432728931671,-0.635006511920153,-12.4691501149698,-12.1162046483172,-8.49744139004893
2022-11-28,12.2412512687431,24.8107517385227,-12.7921294834944,9.66270126554404,-0.92257536550877,-12.5976148768403,-11.6505712812532,-8.75181326571317
2022-11-29,13.046515691322,23.4721067465743,-10.107962315985,9.51197020353984,-1.34413273960263,-13.3856702226898,-11.6974473629558,-9.49538000020288
2022-11-30,14.4424302448178,23.786728503922,-9.6238979974202,9.55766988867765,-1.71536394622897,-14.6954412782883,-12.337339470481,-9.41478594499899
2022-12-01,13.6497066946529,22.5385658805656,-9.44687762268491,9.26263996583106,-0.0528791938625588,-14.2303409669674,-12.1281614831105,-9.59265327442434
2022-12-02,14.1555135570745,23.2767820305338,-9.71935351447306,9.39051877935513,-0.897793905695991,-13.5991548890956,-12.3235066303989,-10.2830054272999
2022-12-05,14.8613096926747,21.7407217463436,-9.17309056025496,7.6420313767771,-0.682022039961794,-13.0077953007621,-13.4681994862428,-7.91295542857377
2022-12-06,14.268798350587,21.625376004397,-8.9908436401432,8.21822774740748,-0.596256262465232,-13.4970298297889,-12.7127228223109,-8.31554954768315
2022-12-07,11.9364125470531,22.6719556248526,-7.72590128556642,9.068147904786,-1.15426298585563,-13.6948924352054,-12.9099156726227,-8.19154369744153
2022-12-08,11.1596125457451,23.6662579573476,-6.07482647278892,6.99670731894943,-2.34996284988599,-13.9031428444417,-12.1284534381894,-7.366192216736
2022-12-09,8.84441445914986,26.0820310449297,-9.66806606485735,9.11407028496262,1.7818561780101,-13.9346021381874,-13.0844456974927,-9.13525806651481
2022-12-12,10.7965256142043,24.2256820337086,-8.5068128204752,5.15167116992605,3.81141459445725,-12.5342233453113,-12.6170678754543,-10.3271893710554
2022-12-13,11.6254871316448,24.0935801193155,-8.62125315035715,4.92046209101322,3.66426054258205,-12.7131045115161,-12.9166027057966,-10.0528295168857
2022-12-14,11.3637794307951,24.5873156761074,-7.91996194474489,3.11192567059961,4.42947180299606,-12.4132277833458,-13.4179933062506,-9.74130954615675
2022-12-15,11.3039835830817,25.249444193952,-7.85985602899942,0.792096497228449,6.11514897799273,-13.0890372626525,-13.1345117996606,-9.37726816094231
2022-12-16,9.46971848790418,22.6992150022524,-7.62809862193191,4.47426125151147,7.71897106116388,-13.7935024790326,-13.4669127399975,-9.4736519618699
2022-12-19,9.68042903291764,21.8639750285358,-6.6157022257272,4.20242069931193,6.87992131904413,-13.3877784472788,-13.3359324211,-9.28733298570351
2022-12-20,11.7838869329174,23.0288832445384,-5.92828882673932,3.11382753073699,3.06488316014253,-13.2417662651377,-13.8846292977183,-7.93679647874004
2022-12-21,11.6913463771061,21.9328938309439,-5.49493088246518,3.22375549088162,3.52079276511905,-12.725872047285,-13.5606852760923,-8.58730025820812
2022-12-22,11.6625154562386,21.4944339063405,-4.95086434017837,3.34352094400337,2.76260560921868,-12.8098886529613,-12.6445436799432,-8.85777924271838
2022-12-23,11.4606561167516,21.3396668961895,-4.85473378613229,3.75335764122085,3.13566760321783,-12.8431700035131,-12.9015014876957,-9.08994298003863
2022-12-26,11.0310684033312,21.5350534989756,-5.18867328333925,4.46430680133194,3.24411577865522,-13.3704833794496,-13.2630728283383,-8.45231499116684
2022-12-27,11.2169592396543,21.4323891725788,-5.48032362469912,3.95102960883892,3.58331684941888,-12.9184555593182,-13.2903669960646,-8.49454869040899
2022-12-28,10.9657718468994,21.4943622428336,-5.10054687952638,4.16625178900723,3.23101940869781,-13.3452464718406,-13.3705415990476,-8.04107033702338
2022-12-29,10.7924697764904,21.0586187406317,-6.86570101352169,3.44603223798205,4.10598034315461,-11.7525187305835,-12.8615598257061,-7.92332152844743
2023-01-02,9.96592902856325,20.8553476137592,-6.85326917461015,2.99375058506232,4.1962175950725,-11.3752872317761,-12.6238216350114,-7.15886678105955
2023-01-03,9.97755302236877,21.0211393710201,-6.86945617248497,3.05271504504154,3.87743697807413,-10.7088591979263,-12.6434829148522,-7.70704613124117
2023-01-04,10.2973672479292,20.7929900189029,-7.56060334351296,3.20122866151578,5.56179549771057,-12.0804728765358,-12.5435829773075,-7.66872222870217
2023-01-05,10.1145984216723,20.0933820738131,-7.81466108134051,2.9201045144361,5.67716597061533,-11.7952406808042,-12.3073869515215,-6.88796226687059
2023-01-06,10.6429816135356,18.9150835844298,-7.1090706966936,3.09549114319571,5.48106122832942,-11.4335199647583,-12.5122772608325,-7.07974964720616
2023-01-09,10.5242133792311,20.1209129746572,-7.51283773901548,2.23181925078993,5.56997007346904,-11.0541737900328,-12.2289206874326,-7.65098346166646
2023-01-10,10.5562965195684,21.5518456404731,-8.40295883250575,3.31620053200417,4.6641143426541,-11.6087234908216,-12.2273226641945,-7.84945204717795
2023-01-11,10.5831930314035,21.0792862625059,-7.4811086212423,2.79712190286988,4.79644603043913,-11.4440880391843,-12.5534639762828,-7.77738659050897
2023-01-12,10.5466920377727,20.079920672004,-8.01387626061381,3.99255518447853,5.89139320957026,-11.8002804946473,-12.9608762169936,-7.73552813157076
2023-01-13,9.2476461228481,19.784464119724,-7.48544607590154,2.86760313526096,4.10850602461845,-9.93807788196635,-13.3158283137563,-5.26886713082731
2023-01-16,9.1499755537841,19.5582906743411,-7.17953902775667,2.63640385056552,3.27286876686499,-9.43205860159332,-13.198616198712,-4.80732501749372
2023-01-17,9.61814413984642,19.408452247808,-6.83826236369583,2.88153210490942,2.59427094325736,-9.79824296717194,-13.4540242533307,-4.4118698516227
2023-01-18,9.22677740429861,19.4371696783266,-6.58850710649823,2.90672453661536,4.32124811893759,-10.8722631176719,-13.3874774606056,-5.0436720534024
2023-01-19,8.39712150421109,19.3936487055961,-7.66627214293464,4.01665239106304,5.04842078769397,-10.1339062488405,-13.8781304747345,-5.17753452205456
2023-01-20,8.98417993709492,20.0975452391686,-7.61622543417884,2.66268737068316,5.51002376035383,-10.0216338603725,-14.0586556188359,-5.55792139391326
2023-01-23,9.52607195466663,18.6951568704417,-6.79964775792408,3.71280833392089,4.74661093661443,-9.80375444548095,-14.0473537966361,-6.02989209560251
2023-01-24,8.11475729125861,20.3496037114889,-6.96476884106708,2.73004093828064,5.312477376455,-8.9959691640543,-13.9446342461021,-6.60150706625969
2023-01-25,9.81756727736037,19.1868769822723,-6.05199602097106,-0.0454841285823093,5.99625665283491,-8.55097933166135,-13.4501068711055,-6.90213456014741
2023-01-26,9.77538238776414,19.0993435468124,-5.88977152736878,1.0587681583406,4.88846132298609,-8.08968205422555,-13.4688728109631,-7.37362902334586
2023-01-27,10.0865017413423,19.2442626131276,-6.28750920383859,1.78590727385287,4.76734901892939,-8.17041808691972,-13.0828994413927,-8.34319391510122
2023-01-30,8.86039925264046,20.3227347327487,-6.64334193058403,1.9568109383091,4.60160529892411,-8.82379505547305,-13.2055505918733,-7.06886264469196
2023-01-31,9.02708020394915,20.2016552693134,-6.53980430125614,1.42837409441051,4.65954319846094,-9.20459589541609,-12.8183386093633,-6.75391396009847
2023-02-01,9.3455006258448,19.3708087885607,-6.59992868199729,1.32991169938548,4.91295653048314,-8.97210447150162,-12.7487931772865,-6.63835131348876
2023-02-02,10.6728541638197,17.2626319532838,-6.41185711359252,4.43012317690496,5.73307118341703,-10.0417464016352,-13.3987855752847,-8.24629138691304
2023-02-03,10.2792183393521,15.1819180488131,-4.67512571008806,2.39293493149125,4.15308783048462,-10.7727180605867,-14.32256235473,-2.23675302473622
2023-02-06,9.8619111331537,15.3059350162158,-4.16553296967242,1.68815358331558,4.19843258547724,-11.138597369328,-14.3611689534458,-1.38913302571605
2023-02-07,9.5420629574737,15.5372758106899,-3.7754700462928,1.38637683958995,4.75455627129028,-11.0018922184378,-13.684648462851,-2.75826115146223
2023-02-08,11.4576865228046,15.997612295594,-4.03943237261637,1.48091922259245,2.40648392907626,-10.6971517597942,-13.5261902556632,-3.07992758199337
2023-02-09,12.7134390124211,16.3365632722979,-4.88021040741249,2.26438587108245,1.16997836856263,-12.0477282465688,-14.2589132927892,-1.29751457759359
2023-02-10,13.1063167992374,15.4394447828917,-5.16907755149367,5.21035841097959,0.59658236120675,-12.4812712238809,-13.9895829577196,-2.71277062122121
2023-02-13,14.411771180307,12.9832870219208,-5.27483804106322,7.14254640131037,-3.86706657386302,-10.1684082425839,-13.1552505887269,-2.07204115730103
2023-02-14,14.4763535175781,13.8080545297912,-6.4319182004466,7.24290746885524,-4.28069475915241,-10.5494660266902,-12.5645407711642,-1.70069575877118
2023-02-15,13.7760198999466,13.5387576150948,-6.87449319281185,7.51172090514798,-2.92589892853907,-10.5336966368459,-12.4841356287664,-2.00827403322624
2023-02-16,13.6957364964585,13.3262035003496,-6.98235281639215,7.2216416664421,-2.188732786252,-10.8201247584554,-12.3389387412404,-1.91343256091022
2023-02-17,14.0214648051774,12.9883030994743,-6.73089605428339,6.28112702131616,-1.96748069988983,-10.4925951417459,-11.8940599816442,-2.20586304840445
2023-02-22,13.67990770202,13.4352909479135,-6.16560198510691,4.99268909378944,-1.92406192500482,-10.080721614056,-11.6254594421921,-2.31204277736316
2023-02-23,13.7174160523392,13.5332058528326,-5.63690991925291,4.78912004303859,-2.20684366965259,-10.0788589691522,-11.76271332026,-2.35441606989271
2023-02-24,13.6358904438428,13.0155661144814,-5.82999819242294,4.25347158531117,-1.80014032977319,-9.59426313257397,-11.064134817892,-2.61639167097324
2023-02-27,13.346850964784,13.1800381264103,-5.64807401147578,3.6721022055868,-1.36321645367883,-9.61486792412391,-10.7382578380999,-2.83457506940271
2023-02-28,12.9869306665919,13.0372752413806,-5.73459292185515,3.85010696463776,-1.84772419580904,-8.9322587229276,-10.2258926143471,-3.13384441767142
2023-03-01,13.028607432932,13.8079862392074,-5.40272855663414,4.53264919227018,-3.20154807030894,-8.53712181935743,-10.5808180966718,-3.64702632143731
2023-03-02,12.5108867579848,13.6536470395276,-5.32255568915337,4.1999465465972,-2.88373593791889,-8.92828627619134,-10.4993220045184,-2.73058043632757
2023-03-03,11.0261720141447,14.0475424775708,-5.70374464560803,4.4384102290531,-2.48708803169339,-9.91933190537334,-8.93641011356927,-2.46555002452455
2023-03-06,11.2572352526497,14.2980562056013,-5.92323052731153,4.80619627439108,-2.68720333842831,-10.0687839264007,-8.9423954860668,-2.73987445443472
2023-03-07,11.3253715024008,14.125457533015,-5.89405648983305,4.841938002627,-2.77434431016715,-10.0260330611272,-8.90272047616847,-2.69561270074691
2023-03-08,10.1534040260935,13.7187438415669,-5.82695363641434,4.48552425885239,-1.94039195676353,-9.21320059981163,-8.82794133754614,-2.54918459597708
2023-03-09,9.45534763479208,13.6450043584692,-6.10902957262244,3.8887579703265,-1.1529579525201,-8.97176766559773,-8.715941432301,-2.03941334054655
2023-03-10,9.61247200238387,13.5322819335919,-6.23317433126423,4.18589150899415,-1.43716942706403,-8.66645855597266,-9.06625862086972,-1.92758450979926
2023-03-13,9.955481748894,13.3756003252334,-5.92723240946522,3.87585641165375,-1.15403812328767,-8.4859882631196,-9.68771234479322,-1.95196734511549
2023-03-14,9.19594050073356,12.6036199398203,-3.36258081874277,3.60731491758752,-1.47730929957037,-7.95292953282191,-9.82634019349166,-2.78771551351471
2023-03-15,9.21431213480888,13.2444013914048,-3.77822725318433,2.85959259712121,-2.94544240676892,-6.61671034687039,-9.35784590035842,-2.62008021615286
2023-03-16,9.29108158476045,12.9308742980312,-2.93146827468757,2.25094426675692,-2.1348138820279,-7.61511162671668,-9.36986699563545,-2.42163937048098
2023-03-17,10.4676880009619,12.6081590770966,-3.43467343123543,1.19709161094497,-2.20941092060773,-6.90184706734711,-9.43226673879337,-2.2947405310199
2023-03-20,9.95386714690384,12.861495222397,-3.08599154033107,0.914011870287155,-1.84161320444121,-7.33405989224645,-9.77050127761502,-1.69720832495425
2023-03-21,10.0510686309585,12.969706894852,-2.84772087348142,0.405948104596334,-1.76555686541729,-7.05618783549126,-10.0509239374692,-1.70633411854768
2023-03-22,10.2348426179916,12.6188029359574,-2.81261896066083,0.908892272542367,-1.93039305050177,-6.79819453073885,-10.1498638373152,-2.07146744727472
2023-03-23,10.4171334591569,11.7719086675904,-2.70550732058453,1.38210400966596,-2.05604137153402,-6.77313526594189,-10.5563256321202,-1.48013654623263
2023-03-24,10.0723823654956,11.1942884948594,-2.63536385739594,1.39510280218909,-2.41764259849401,-5.96143964127354,-10.3498305787247,-1.2974969866559
2023-03-27,9.95720768848348,10.949236641557,-2.26958568803924,1.56974428916676,-2.13454819258993,-6.44947248278505,-10.480629141329,-1.141953114464
2023-03-28,10.038532314705,11.0957542396322,-1.87805445399158,1.21565146396916,-2.55448705877828,-6.03731669186274,-10.5651213982907,-1.31495841538309
2023-03-29,9.53921188688459,11.056692332643,-2.21987803588553,1.17449234029026,-1.67030765344718,-5.90046557796004,-10.7551713800806,-1.22457391244451
2023-03-30,10.8844884728643,10.7752985039251,-2.44472598783813,0.463487360186214,-1.42906968243718,-6.06731883774836,-10.7660292678958,-1.41613056105626
2023-03-31,10.5437775983265,10.238295252672,-2.14994085925,0.979158313813635,-1.48458539653964,-6.05011137823616,-10.8445062228282,-1.23208730795813
2023-04-03,9.68994430361414,10.4953395811681,-2.32178976652572,1.28825878712643,-1.5096844268438,-5.22538465755586,-10.8643908870787,-1.55229293390461
2023-04-04,9.81817731597088,10.0396890340328,-2.31276990435728,0.529849014951736,-0.7785208027381,-5.02741840287214,-10.9253340955498,-1.34367215943813
2023-04-05,9.46808253635491,11.4130242257369,-2.70606517448561,0.371167524176549,-0.776384362798495,-5.35742761435764,-11.0520682275053,-1.36032890712131
2023-04-06,8.60262397292836,10.14852928978,-2.79901783491488,0.891224407571265,0.184778604303432,-4.89297323270364,-11.136409125118,-0.998756081846459
2023-04-10,8.66950966793956,10.0041347022359,-2.67904738313652,1.88149044872312,0.572040813622799,-5.52854956812485,-11.6046151717194,-1.31496350954059
2023-04-11,8.9576137210593,10.1257948214872,-2.91921243183567,1.34200280443653,0.886599476244065,-5.41688333449768,-11.7195345544054,-1.25638050248834
2023-04-12,8.98358672045798,10.629603347792,-2.66106435905259,0.330506164600457,1.37932507983825,-5.54163604553384,-12.1911444234176,-0.929176484684639
2023-04-13,9.40150359077452,10.6047163114528,-2.89324757567945,0.289538972154347,1.41164176566401,-5.61499089024194,-11.7250348960819,-1.47412727804238
2023-04-14,9.77253637378163,10.3345216682959,-3.55234220107447,-0.221410225042277,2.32693151192333,-5.74172022655948,-11.3660281198316,-1.55248878149307
2023-04-17,9.58493346716583,10.1819177985996,-3.73224954213936,-1.66755419821895,3.05000975958729,-3.98003895005004,-11.8061149518866,-1.63090338305777
2023-04-18,9.49959139091004,10.3253303182831,-3.99266122298226,-2.06616241719605,3.14960454888046,-3.42741440818248,-11.9330275080918,-1.55526070162105
2023-04-19,9.79690357142981,9.91453507030718,-3.74292047526141,-3.41374821471681,4.25642499521003,-2.72682729534805,-12.4072149651804,-1.67715268644037
2023-04-20,10.0335752878574,8.92158707705428,-3.70957891935639,-3.34562060874804,4.31914299638352,-2.24662274605032,-12.3536414536651,-1.61884163347542
2023-04-24,9.92099692843158,8.52458599808251,-3.74703082048448,-3.47503359955852,4.60132976170421,-1.97951258121195,-12.3681074865818,-1.47722820038157
2023-04-25,9.79094799693927,8.60142801124919,-3.50148014234178,-3.20234667012039,4.56957570184161,-2.20673697449283,-12.7921166433483,-1.25927127972678
2023-04-26,10.1358249584862,8.48058178486905,-3.47947005763318,-3.68964994603616,4.70598518131224,-1.93645582703396,-12.7586685058246,-1.45814758813967
2023-04-27,11.3246739907045,7.57401150543333,-2.85992325740542,-3.85506418259867,3.60453981374126,-1.40691133936824,-12.5959138016349,-1.78541272887184
2023-04-28,11.0970572630034,7.8731732074768,-2.71458222717006,-3.87691192433222,3.69334757995978,-1.14982636078234,-13.5505146679787,-1.37174287017669
2023-05-02,11.9100311196023,7.46729250130339,-2.92690109318222,-4.09146930441034,4.00426346806995,-0.458371246728071,-13.8935377389729,-2.01130770568203
2023-05-03,11.7199461565941,7.534993765842,-2.45194587271903,-4.0156733039893,2.83618446739491,-0.299180178747754,-13.3401516919931,-1.98417334238189
2023-05-04,11.6531319836977,7.44646035496486,-3.25057328092646,-3.69065156261381,2.17457907755706,0.117645424244905,-12.6870906996223,-1.76350129730197
2023-05-05,11.7406589244763,6.66570599447886,-3.12683194441641,-3.81520323658896,2.8279513992388,0.324299262214211,-12.622450754878,-1.99412964452479
2023-05-08,10.5433297164109,6.78570075011677,-2.58581050129699,-3.7564128308849,3.08434993989688,0.445416873233107,-12.553993547463,-1.96258040001277
2023-05-09,12.3711727607685,5.80138708917876,-2.82232745853109,-3.5107331256919,1.63973445385511,0.0293770271009848,-12.4212494676097,-1.08736127907074
2023-05-10,11.3418832761341,5.40562982907583,-2.31620024329514,-2.88273898151525,1.54845973355334,-0.0237803150463023,-12.2920716992183,-0.781181599688292
2023-05-11,11.4483133210323,5.52334650851645,-1.81540467017827,-3.02395085153231,1.38032323006708,0.551374249587845,-12.8845027244831,-1.17949906301002
2023-05-12,11.4131710988115,4.80933983188847,-2.31631536626707,-2.59493591720884,1.40779588272125,0.495522180278918,-12.8542429070312,-0.360334803192963
2023-05-15,11.7799013434356,5.10982421597279,-2.03250628377849,-2.25381479325868,2.07298670465925,-1.31608739072812,-12.509857537999,-0.850446258303393
2023-05-16,12.6835953748652,4.93315439514019,-2.33936525606095,-2.04196514690936,1.79422258095802,-1.78566816110943,-12.7693996730657,-0.474574113817955
2023-05-17,12.3186960145764,4.86553860330165,-3.05389708357473,-2.20171019415007,2.02621518961315,-1.82981280752399,-11.8019216318475,-0.323108090394904
2023-05-18,11.8242591249216,4.88420948839195,-3.33956347578683,-2.48790627599668,1.73088496226494,-1.84486886361852,-10.8903384869493,0.12332352677285
2023-05-19,11.9508445701012,5.01680214447189,-3.19969929409913,-3.05703423950342,2.1496327847079,-1.95167804836792,-11.2510240134875,0.342156096176971
2023-05-22,11.9308867642341,5.32680959562948,-3.09260628588504,-3.28145926085839,2.19911056821677,-2.20149182310838,-11.794285848705,0.913036290476505
2023-05-23,12.1178419262744,5.70430359444737,-3.10287188081885,-3.14445720058607,1.96438182268791,-2.04896987461188,-12.0665231074842,0.576294720091312
2023-05-24,12.005922322161,6.14087866337417,-2.90747699374476,-2.47636750813545,1.15539684002977,-1.35691913882647,-12.1366234136248,-0.424810771233538
2023-05-25,11.7961788111715,7.69173393138129,-3.11798535602767,-2.77049842926238,0.435736133340093,-1.66373971241385,-11.8007284320205,-0.570696946168432
2023-05-26,11.4822745695514,7.46428209060018,-1.3382927257782,-2.81497148259811,0.044223444191779,-1.92629926762999,-11.9806984736105,-0.930518154726521
2023-05-29,11.4971031033523,7.42356327498319,0.0857313744316457,-3.89141976392293,-0.363181934879869,-2.22650029834261,-12.5906472738768,0.0653515182551061
2023-05-30,11.0934212791911,7.49782526824525,0.823381960468282,-3.67740694641309,-0.70711333085724,-2.64695133079862,-12.6126751357236,0.229518235887873
2023-05-31,11.2256050703622,7.18960844167943,0.569518270164536,-4.02012866820864,-0.836677474807821,-2.88888209801664,-12.2390335306652,0.999989989492065
2023-06-01,11.0662795218984,6.76266977982675,1.24386596823281,-4.16478642880821,-1.11996016957832,-3.30601599487471,-11.9092131702543,1.4271604935575
2023-06-02,11.0384837641252,6.92935204449359,1.42951487898794,-4.41293400382087,-1.02452644708361,-3.46452221834832,-11.8333927818854,1.33802476353152
2023-06-05,10.9133918755443,6.83940170910698,1.39106387179695,-4.27444235297031,-0.922056769015271,-3.47894890794747,-11.8549189262098,1.38650949969455
2023-06-06,11.3128218915819,7.41099815118178,0.711463521105152,-3.63009342513328,0.145440340542528,-4.71580380661369,-12.2737164899408,1.03888981727646
2023-06-07,9.91387671314247,5.95020506228109,1.66320262108979,-3.6215806476852,-0.469431695545154,-5.11931182640392,-12.6539837773584,4.33702355047932
2023-06-09,10.2205816355907,5.36435263558783,-0.693827532474906,-2.33652540885958,-0.214792349890871,-5.03622735911144,-10.9789838987142,3.67542227787242
2023-06-12,10.0235272379877,5.52055148091541,-1.07229809614268,-3.19274166748342,-0.300001489180779,-4.64650335383158,-10.465138471902,4.13260435963736
2023-06-13,9.56727617509906,5.26881834915677,-0.925777637955676,-3.37289021357058,0.50868301198998,-4.61436546292478,-11.0829886796537,4.65124445785892
2023-06-14,10.1520201924818,5.28053201064714,-1.177053669465,-3.02057389428136,0.629548279144075,-4.60381925793699,-10.8044095663533,3.5437559057637
2023-06-15,9.90119369863424,5.11663750155384,-1.14612419090809,-3.49373499854472,0.773201762656129,-4.91659700293187,-10.9372726935034,4.70269592304389
2023-06-16,11.1524616951276,5.31809033482644,-1.27425308256735,-4.12805068010704,1.33604181722504,-6.12509274175185,-11.8033586281853,5.52416128543238
2023-06-19,12.8688582769565,6.07733439451205,0.0308561840111352,-4.33237546867569,2.03025527580369,-8.56281887476219,-13.3345252702261,5.22241548238059
2023-06-20,13.3779119846718,5.9918722478526,-0.344345887282202,-4.32253534855318,2.00983315393693,-8.89455808443126,-13.2793667187824,5.46118865258776
2023-06-21,13.2896557433905,6.16523569000531,0.00199840099209325,-4.52719947321601,0.595005710528042,-7.84443202315148,-13.5490181628791,5.86875411433061
2023-06-22,12.6351042499835,6.3099970450399,-0.00101621501406868,-5.76599555519373,0.977615254935657,-8.16984518009033,-12.3786817955068,6.39282219584585
2023-06-23,13.42328942422,5.84707855095646,1.03904904403733,-4.46475860040047,0.46629458958477,-8.39670915703355,-12.6141426538802,4.69989880251566
2023-06-26,12.8510968783671,5.58497472773238,1.77791988553339,-4.55365090345683,0.15236963120725,-8.16000732327897,-12.1385522291372,4.48584933303292
2023-06-27,12.3825932282702,6.76162360653947,0.998508086725863,-5.24634730585682,1.4422790479207,-8.11157133526965,-11.7450151737727,3.51792984544284
2023-06-28,13.4290185085181,6.03422565442442,1.77810963570239,-4.05630328434938,1.11148487583866,-8.44594368992133,-12.516671173168,2.66607947295518
2023-06-29,13.1237664174818,5.70198279169284,2.51231874047258,-3.78472594317127,1.0016172438339,-8.43676182219095,-12.6850105778497,2.5668131497308
2023-06-30,12.6001120778834,5.29038998154954,3.30904360123456,-4.62752840268679,1.5538674668914,-8.13086775256094,-12.4409320503541,2.44591507804289
2023-07-03,13.3524646983934,5.39833445781949,1.93816742717882,-4.22795984411061,1.33276223590692,-8.0504324104938,-12.2964367489922,2.55310018429801
2023-07-04,13.8266213092827,6.19493570769053,3.08825264583622,-5.23210935270623,2.80164629366857,-9.00251337987293,-12.9306535560744,1.25382033217557
2023-07-05,13.7260026566749,6.18694291056016,3.91846719892594,-5.42838282301229,2.97015973047449,-9.48663697044071,-13.0013860184954,1.11483331531288
2023-07-06,13.0012125437587,5.94230292430689,3.88205959069728,-5.45505140110127,3.19621848237675,-9.4404880013433,-12.6675662252864,1.5413120865913
2023-07-07,13.2585790935727,6.4218022242321,4.55638781477568,-5.8107568108051,2.51655642678024,-8.74403171335334,-12.8606581799095,0.662121144707143
2023-07-10,13.3458141004547,6.99985513867934,4.71740337941756,-6.20540586099992,2.0218518434375,-8.46552317124434,-12.7063168828114,0.292321453066577
2023-07-11,13.5941108705293,7.05163209475356,4.19043180524741,-6.26826749158007,2.2375164592583,-8.05515043011879,-12.6838414635234,-0.066431844566381
2023-07-12,13.9079819402926,6.9940164519946,3.40363824818456,-7.05354197618936,2.71011920678843,-6.76765369609137,-12.6423868853719,-0.552173289607538
2023-07-13,13.7768817248653,6.92817597962567,3.10281743039374,-7.70600328167875,0.710451102450712,-5.27374159692663,-12.519809561806,0.981228203075922
2023-07-14,13.6392079391254,6.82566524978854,4.12110496161282,-8.11816342176515,0.524752972392157,-5.0070917866807,-13.6729536610493,1.68747774657628
2023-07-17,13.5776295840044,6.25267122473624,3.28064325016007,-8.28059115054523,2.03840057489636,-5.35378229785881,-13.3440052339733,1.82903404858027
2023-07-18,14.4265090642242,6.71593667289682,0.994959797971305,-8.47538804218453,2.06234407151079,-4.0362355892929,-13.737326471793,2.04920049666737
2023-07-19,15.2816665302378,6.05497215658478,1.64142196482406,-9.14321380820626,2.45823031287557,-4.59940973541493,-13.9893915952385,2.29572417433744
2023-07-20,14.4645700764587,6.39341717280936,2.44264687197767,-9.16001428526254,2.59697453029124,-5.11650817720837,-14.1083527785652,2.48726658949919
2023-07-21,12.8869632707041,6.47981002882384,5.40186841501269,-9.71774530717686,2.69821616889186,-6.53634888834748,-13.5064903223148,2.29372663440656
2023-07-24,12.8880542036597,6.07611947405484,5.99353381787061,-10.050258655545,2.98294068828164,-5.16311268395093,-14.7706825143463,2.04340566997541
2023-07-25,12.6609270152304,5.61318066685011,5.93473850607443,-9.31763112437538,2.77068004953397,-4.56841047901908,-15.1766722031247,2.0831875688302
2023-07-26,12.0221886512903,5.45005797049586,6.14363378629997,-10.2506259453617,3.15488304655646,-4.18558813771951,-14.2728157939166,1.93826642235516
2023-07-27,11.1786337798162,6.19817326629337,5.18166879675424,-10.5453259128121,3.32089376309951,-4.77795498676505,-13.2176211015799,2.66153239519375
2023-07-28,11.949022508429,6.31619723794931,6.24859660430245,-11.4671679457729,3.31677883356658,-4.72252043129979,-13.802331884721,2.16142507754634
2023-07-31,12.0846370407156,6.00906468882886,7.44449725145774,-12.0157086075503,2.61022245319673,-4.18940096878698,-13.9817683143554,2.03845645649385
2023-08-01,11.9423316620933,5.62280279820816,7.80122764858945,-12.4083194459726,2.92786642033476,-3.59058582085919,-13.6775834214033,1.38226015900945
2023-08-02,12.1521455383142,4.44985064785112,8.64752246866716,-12.1445155479747,1.79430039497799,-4.30358481604233,-13.9923109060155,3.39659222022205
2023-08-03,12.0785548240884,5.97536911714725,7.04666349576569,-12.5916750748553,2.60225322485233,-3.92731999475622,-13.747650772939,2.5638051806969
2023-08-04,12.558557399044,4.2729128229789,6.96596479358586,-12.5319198387814,2.92189830308952,-3.78615883107767,-13.4781777586238,3.07692310978469
2023-08-07,12.293461065203,4.09429778040575,6.98716062071338,-11.8891737519928,3.16763267118567,-4.07119521695409,-13.0360717683088,2.45388859974792
2023-08-08,11.9472824706234,3.79987376072436,10.282191077847,-11.6305084854185,1.68221216135906,-1.87742425801522,-16.580940407691,2.37731368057094
2023-08-09,11.8719541593382,2.61672934588935,7.80220658758405,-13.0498066569098,-0.411545072574796,-3.43982680214283,-9.74924248084922,4.35953091966512
2023-08-10,12.1129183387156,2.28260152384453,6.81187060992792,-14.1166195411889,-2.56468770626897,-3.70602042571771,-5.57302869075758,4.7529658914451
2023-08-11,10.5801960231658,1.84112800691727,7.45177997044178,-12.8813339664242,-2.11216483017925,-3.74943114671191,-4.92619712965848,3.79602307244893
2023-08-14,13.1255029977075,3.70279750304427,4.59316858738134,-14.6442773435194,-1.55475732313559,-3.96533382163403,-4.42014918488118,3.16304858503712
2023-08-15,14.4469236094634,4.11635595639284,2.35890723740621,-15.3531321511655,-1.03039266309587,-3.80559077731229,-3.8279311629978,3.09485995130908
2023-08-16,14.4373479477762,3.66539510509333,1.1657848011913,-15.2035730094157,-0.587984488094378,-2.8547221410557,-3.75858844077756,3.1363402252825
2023-08-17,14.6503817585661,3.03315270562099,1.79725577315057,-15.6490615359102,-0.721416680450538,-3.80099702565259,-3.34894890378419,4.03963390845983
2023-08-18,15.107391661945,2.57265415251835,1.36897742402237,-16.5196707414285,-0.665887860653633,-3.77348328615875,-2.46688701677259,4.37690566652778
2023-08-21,14.8567908711333,2.02915451865417,1.89712865811291,-15.9400612886057,-1.03659185571764,-4.31181433436574,-1.56807295533481,4.07346638612353
2023-08-22,15.1148112366848,3.72799744475117,-0.33295077711179,-16.3630902184372,1.68162410116565,-5.3364463704302,-3.75277102788449,5.26082561126206
2023-08-23,14.4376015047746,1.98126969301101,-0.966075181064703,-16.4688574092653,3.27742038405,-5.63539978865633,-3.79192440828233,7.16596520543307
2023-08-24,14.5013870837485,2.36895134925992,-2.20198037085554,-16.011568145392,2.80273287128278,-5.59072129371965,-3.95163432890076,8.08283283457671
2023-08-25,13.8141375545572,2.57139501200368,-1.79559696287399,-15.2589045575831,3.07838225479224,-5.45321055322935,-4.8772879723819,7.92108522471525
2023-08-28,13.7162639561124,1.89889416206695,-1.7293659810742,-15.044479145983,2.86967879069694,-4.67512766542951,-4.74677464556732,7.7109105291778
2023-08-29,15.497064370163,2.40693781789481,-2.97702384337281,-14.440034277352,2.56125950254053,-5.95655282993838,-4.07873681269906,6.98708607276394
2023-08-30,15.7158676707111,3.13320305963408,-3.85392904802819,-13.9132862944205,2.88296172444178,-6.50163877300263,-2.98839342802607,5.52521508869044
2023-08-31,15.7814427225484,3.64454711290733,-3.83010403574516,-14.0014058647778,3.39548791536355,-6.85504799486011,-2.96451919514502,4.82959933970873
2023-09-01,15.9033716041127,3.85666037650714,-3.97951882753999,-13.8333611562064,3.78747091426531,-6.97433843172537,-3.26179164374581,4.50150716433237
2023-09-04,15.6426191904757,3.77913674645608,-3.08313789906889,-14.8825622878456,3.9694154139517,-7.04125967891708,-3.67407151153407,5.28986002648212
2023-09-05,16.6650263415806,3.34347370684574,-3.03335894958138,-14.5524829381141,3.81509378790401,-6.99893953387404,-4.5288883330398,5.29007591827908
2023-09-06,16.3649287276785,2.84634032081697,-2.03178417106507,-15.6527045951665,3.65511039768904,-7.0756644549126,-4.19595790555895,6.08973168051863
2023-09-08,15.9617735457649,2.02520790135816,-0.639332678852846,-16.5283842959123,3.5608304649307,-7.52902161544308,-3.68397125530641,6.83289793346091
2023-09-11,16.0827392464655,4.61557856026946,-2.23145803340279,-17.2604067391209,2.69081346240381,-6.78523530436486,-3.37248755982116,6.26045636757092
2023-09-12,15.9295090453675,4.48903877904824,-2.93798421474719,-17.1926022950582,3.18557949311364,-7.22884320047918,-2.46306901803973,6.21837141079492
2023-09-13,16.358329916088,3.77447330620824,-2.79665294891523,-17.761114064164,3.19785973693561,-7.22239598361309,-2.50293102397621,6.95243106143662
2023-09-14,16.8512126258106,4.15271874234916,-3.56327706014086,-17.7952424710768,4.45513910003275,-7.11411656604778,-3.17417645170029,6.1877420807733
2023-09-15,16.1743674825901,4.31240422348172,-3.5123798845431,-18.109081045885,4.12761464880273,-7.57111398386439,-2.25019205668538,6.82838061610327
2023-09-18,16.0998963650015,4.39276140994745,-3.57594351382512,-17.5461558722657,4.38644804338616,-7.52663505039563,-2.2211392305328,5.99076784868409
2023-09-19,15.7675289009228,4.19215250151136,-3.88247642528941,-17.9417692755865,5.08529509977605,-7.33459641882181,-2.17349151527001,6.28735713275748
2023-09-20,15.9910368039475,4.34109081593434,-3.61782009468285,-17.2944680087577,4.01249932246269,-7.4442984339215,-2.98752133173793,6.99948092675554
2023-09-21,15.3821973740784,4.14190916855242,-3.28810306727671,-17.5256873393427,4.48067989456261,-7.55135931647602,-3.09043228908948,7.45079557499147
2023-09-22,16.8165967672286,6.59020709883037,-6.40219923820032,-17.1287906277942,3.12522514148892,-6.96278901254486,-3.46882360731993,7.43057347831145
2023-09-25,17.0962404316645,6.36979471006648,-5.85181264292098,-17.401138014171,3.18225874436074,-6.90100325160642,-3.69357267965689,7.19923270226361
2023-09-26,18.4778460431733,7.21006044037497,-6.2774725551669,-16.7367897993086,2.49797929273895,-6.68256031688467,-4.53910953785282,6.05004643292577
2023-09-27,15.2509704822007,6.97080789379719,-5.80992958639283,-15.6378754577924,1.14025958588682,-6.15617927175774,-3.56626647114363,7.80821282520187
2023-09-28,15.6346640935092,6.8170964155189,-3.58929896519996,-19.9243032131613,-0.642936231920146,-5.70510909230902,-1.45877969759922,8.86866669116151
2023-09-29,15.0070016629655,7.39108394451392,-3.66427476671287,-18.9827912177898,-0.859241388408215,-5.34543072076164,-2.17040109454121,8.62405358073438
2023-10-02,14.9730103692823,8.10865209806005,-6.16727630732773,-17.1406910989544,1.00909527499916,-4.81983266402747,-2.40106685859198,6.43810918656009
2023-10-03,14.5234756757408,7.59828165449974,-5.12004231358733,-18.1362836367034,0.751624890266996,-4.18324047213134,-2.99705064367384,7.56323484558833
2023-10-04,13.9965605619809,7.78587060727907,-5.41805085461947,-18.8245970232883,0.201649148165096,-4.26728682651643,-2.31930678703512,8.84516117403428
2023-10-05,13.6149812693801,8.41407728577721,-4.34178917216732,-19.0210474129235,-1.53291032544842,-4.93624582715921,-1.3956084565714,9.19854263911256
2023-10-06,12.9590293204744,9.84833503495375,-3.59488617939964,-19.6936386171412,-2.9502395423099,-5.11552317825443,-0.476453265912227,9.02337642758918
2023-10-09,13.3367949651359,9.91391969523187,-4.31224781276483,-18.3880142031097,-2.18591978409693,-5.31054810345232,-1.30641432654586,8.25242956960188
2023-10-10,13.4133718173389,10.518246005576,-4.40215850802354,-17.7222557945595,-1.22005796384294,-5.84729481129044,-1.74782554247419,7.0079747972758
2023-10-11,13.2396831599094,10.6942656763263,-4.41633612401526,-17.8130034984306,-0.778508440325673,-5.42237047142908,-1.2054211883191,5.70169088628399
2023-10-13,13.1927681720651,10.9131840786213,-4.79376854954595,-16.6001860215421,-0.377609611778269,-5.25539118759832,-1.23014390347746,4.15114702325573
2023-10-16,13.3271063328187,11.296317546904,-4.48400285401345,-16.4739799942706,-0.786469360946022,-5.42689960653035,-1.02081175172912,3.56873968776685
2023-10-17,12.6747185894655,11.9376291603157,-4.3258665345417,-16.236172276469,-0.787733058868824,-5.26766783134198,-1.36089336537021,3.36598531681058
2023-10-18,12.526271638955,11.7785056297476,-3.41101657996852,-16.2548980763242,-0.981048070175483,-5.07064010243355,-1.60679330221075,3.01961886240993
2023-10-19,12.4816390541249,12.4551214439501,-2.99335196083776,-16.7732048474662,-0.175779134659898,-5.48698892691628,-2.218534713394,2.71109908519923
2023-10-20,12.6249708796614,12.088186783759,-2.89887681956205,-16.4542393488494,0.370406145173042,-5.76607865911438,-2.65621601666543,2.69184703559782
2023-10-23,13.0141251329925,9.68392316174929,-1.93588024577735,-15.7666340206518,1.04232551411344,-5.28238947844946,-2.84387121832684,2.08840115435021
2023-10-24,12.592935108361,8.48418899045647,-2.37043735517791,-15.0246270330979,1.32624049109482,-5.27544979664323,-2.74364347869718,3.01079307370394
2023-10-25,12.0025304472283,10.7875392191468,-1.22631307176019,-14.3258820530151,-0.570214095067136,-5.15871440272656,-3.17170226898906,1.66275622518299
2023-10-26,11.3817895523969,10.8509766779574,0.231365174982891,-15.646774626179,-0.380382199100055,-5.28652611425694,-3.14222959527524,1.9917811294741
2023-10-27,11.3974277510758,10.7449845078805,0.0719654672883365,-15.3616972140846,0.0897350376806045,-5.06803663582932,-3.17424396916111,1.29986505514977
2023-10-30,11.627332284256,10.8455857401872,0.36611168966661,-15.2844033141272,-0.249911784325256,-4.71764928624199,-3.15207441604789,0.565009086632461
2023-10-31,12.9890704253382,10.3895129954713,0.111863545276769,-14.7839682615977,-0.760442535491002,-4.87847760564554,-3.74407628997261,0.676517726620652
2023-11-01,12.9426918315919,10.8866354078413,-0.141285624927065,-14.5024655133756,-0.873786630822259,-5.25027926565149,-3.89303148789802,0.83152128324129
2023-11-03,12.0415387776098,8.09688524699716,1.91981410642577,-13.4125938560213,-1.14281410541167,-5.54878648380742,-4.36954639242616,2.41550270663388
2023-11-06,12.7563837488817,9.3492752967154,0.46893494855339,-14.5291531422162,-0.916828322362811,-6.11310284281682,-3.52733598063502,2.5118262938803
2023-11-07,12.9955967945269,8.79091759511319,2.05237142591653,-14.5543973972055,-0.583247276383659,-6.27309158748382,-3.68270403422095,1.25455447973739
2023-11-08,12.7252570610729,10.1801320063018,0.156600834263187,-11.1741367292161,-3.10255080601358,-5.58169754307526,-4.94952721258897,1.74592238925609
2023-11-09,13.6330889771284,10.5478637760874,2.19689808616508,-14.7239370551964,-4.41074244340888,-5.17358224594457,-4.19037106785304,2.12078197302202
2023-11-10,13.1453274314648,9.41096104848278,2.91104178416223,-15.3297276178621,-4.47653204334355,-4.43623333821572,-3.23473132589509,2.00989406120674
2023-11-13,13.4598725901838,6.13589440632374,4.07653344515113,-16.2232638436649,-1.27338932717268,-4.35185583607769,-3.64280996944695,1.81901853470353
2023-11-14,13.2212869960307,6.91937288807191,2.51525795689272,-15.035992356013,-1.21443180161161,-3.86429941300221,-4.03268848768874,1.49149421732028
2023-11-16,13.099527610125,7.06822408306527,1.82922385462252,-14.0738997109122,-2.02706757566995,-4.02662642630412,-4.33926843227844,2.46988659735189
2023-11-17,12.0728491218811,11.9548592503221,1.21884327098626,-15.6590376356451,-2.85302540409085,-3.4922703556129,-5.92514770578646,2.68292945794582
2023-11-20,12.6907398868192,13.3811112402746,2.4738794781244,-15.4866927810963,-2.11794205252089,-4.73347977741447,-4.76264597807791,-1.44497001610872
2023-11-21,12.2942807700733,13.7776355582855,1.64313421786119,-16.4077206743913,-2.5422472623234,-4.83686396814455,-5.17324787490799,1.24502923354722
2023-11-22,11.8704243577807,14.0671339235577,1.22279886927934,-15.1556011696842,-2.14276033201937,-4.98044727865105,-5.91110830701618,1.02955993675304
2023-11-23,11.2374332851964,12.3875310536939,0.70781913625909,-13.8717233472111,-0.23436829209146,-4.46719301227875,-6.12353840114451,0.364039577576374
2023-11-24,10.2966895296088,8.85754933731123,1.9372076906235,-13.1632944841368,1.32894698227948,-4.24981796612157,-6.33652444346482,1.32924335390015
2023-11-27,9.7778662844399,7.39213482003789,2.29089380491984,-11.7462508797872,1.9194910540158,-3.17954837367057,-6.89691807962033,0.442331369664657
2023-11-28,8.83176193448839,8.42121874400336,2.03524257709863,-12.7159831995621,3.92140485421015,-3.00934923860509,-6.25777546051923,-1.22652021111407
2023-11-29,10.6705705716498,7.1675832686877,2.05486592567309,-11.9598849744569,1.85165584884849,-3.73641171066242,-5.82031301224479,-0.228065917494948
2023-11-30,10.9093342370117,7.03555255372225,1.70472357724212,-12.5229447920486,1.81591668702794,-3.6674448883941,-5.82225096769202,0.547113593130707
2023-12-01,11.5387843998557,7.34454709750141,1.44273317973408,-12.5361982538369,1.372702894646,-3.7721016037722,-5.71934021014773,0.328872496019713
2023-12-04,11.5098407799701,7.3163940343839,1.46090033729141,-12.3245726148701,1.10212845558292,-3.75008098483917,-5.69377302638692,0.379163018867843
2023-12-05,12.5332539046281,7.1756598159626,1.20476735333867,-12.6982662900301,1.31095230482948,-3.99911954563905,-5.79349763835661,0.266250095266916
2023-12-06,11.4050548080519,7.76076880984033,2.83233090224967,-14.812556742564,-0.223304564637381,-3.5940126183217,-4.47276129803371,1.10448070341492
2023-12-07,12.1254515891021,8.15467552616283,3.86177430658055,-15.4929168820036,-1.39308867796644,-3.96052119461749,-4.03095426716963,0.735579599911667
2023-12-08,12.886348142493,8.81271442784924,1.44211281377088,-13.7682143688639,-1.3225567473263,-3.41673499349801,-4.43052272398107,-0.203146550443854
2023-12-11,11.8725422899495,7.3836124071242,3.9976167918885,-15.0312018811409,-0.906159847828249,-3.96501966758466,-4.50570566094024,1.15431556853179
2023-12-12,12.1255930683311,6.24737496205541,2.51781586572589,-14.5306812429239,-0.959447818461292,-3.64604373127639,-4.48918933365356,2.73457823020275
2023-12-13,12.5685578338976,6.92740019239023,3.20154041141292,-13.9322876352851,-1.33651945092929,-4.07073327176883,-5.75683443783183,2.39887635811439
2023-12-14,13.0583802205431,6.60158974609245,5.65586943955835,-15.2487234416633,-2.35196218179492,-3.70511063025962,-6.17312040968678,2.16307725721066
2023-12-15,11.7819604499984,7.55872308254639,3.73595146593374,-13.698764128524,-2.31498370368093,-2.3681234815725,-5.75512311451909,1.06035942981802
2023-12-18,11.7027175701673,8.39045255112612,3.38289405136602,-13.2690043034202,-2.16444625851466,-2.47982539848453,-5.98100614559032,0.41821793335026
2023-12-19,12.6469891405261,8.15233573101806,2.64821547791301,-13.1354754377886,-1.7628165201539,-2.21028317833001,-5.6485024072932,-0.690462805891478
2023-12-20,10.5383525316466,9.15900041062527,2.10789238589307,-14.3680594077035,-3.21569329031469,-5.48742698023179,5.45961511625718,-4.19368076617215
2023-12-21,11.4718776331607,8.87955941728488,2.13125680138858,-12.610534255798,-2.55801073934999,-2.4964183361462,-1.74164075815258,-3.07608976238743
2023-12-22,12.5547407498709,9.01002638874127,2.17232328535358,-12.4664945694509,-2.29312073037065,-1.76770383034153,-6.04941383867031,-1.16035745513237
2023-12-26,12.2772186560261,7.87406619711347,2.91941273380877,-12.7741950677678,-2.26417832758454,-2.09873667524411,-5.71217002831582,-0.22141748803606
2023-12-27,10.8505564406695,7.35487980053003,2.5184788546509,-12.1324189471544,-2.47206306857359,-0.863958231070463,-5.60993580523611,0.354460956184166
2023-12-28,11.7264981630649,7.58882989350983,3.57113878009381,-11.9625579012667,-2.11220822064891,-1.38636392804514,-5.77125656803331,-1.65408021867448
2024-01-02,10.7989538983083,7.43917027522239,3.91481677450642,-11.9002595711076,-2.01868829756383,-1.39626098328654,-5.34219255328258,-1.49553954279656
2024-01-03,11.7154817196433,7.57693066701946,2.44776643084115,-11.6808393435964,-2.23171401612763,-1.4695171528542,-5.393450764999,-0.964657539926673
2024-01-04,11.3095646737758,7.23868965461819,0.964496660189361,-10.2892474464331,-2.07693156148629,-1.45845655824745,-5.44895357365356,-0.239161848762869
2024-01-05,9.90170456074095,7.7440429379692,1.67733096887144,-10.7119155498532,-2.454270927088,-1.24183695185619,-5.11096322893821,0.195908190154029
2024-01-08,9.81554708012047,8.55814848439018,0.942949647246927,-10.3585220896129,-2.31784815202447,-0.827179587531642,-4.91695338776369,-0.896141994824873
2024-01-09,8.7794938861945,9.5837963383218,0.847843905589947,-9.90118121055298,-4.20685682470586,-0.396257017351463,-4.51715472813301,-0.189684349362917
2024-01-10,7.57758566800787,9.16389361138887,0.979185858991798,-9.08265063945425,-5.24323505760647,-0.126318203419416,-4.2456684015936,0.977207163685179
2024-01-11,7.16169782171442,8.96539931625392,1.12306811427681,-10.1383042486105,-3.78242253649243,-0.380304969628719,-4.10586164578404,1.15672814827054
2024-01-12,6.91255329360656,8.34293197924996,1.20143929827385,-9.26336945138107,-2.93562290499682,-0.3053279018498,-4.21339405099571,0.260789738093028
2024-01-15,7.47196540345728,8.09930407975417,2.43636426975649,-9.52187462669549,-3.04288236150323,-0.875544864944073,-4.13769004004268,-0.429641859782464
2024-01-16,7.50256036510032,7.61708810762379,1.98923149740209,-8.90942920065088,-3.20508904762238,-0.866236569712825,-3.82906587289838,-0.299059279241732
2024-01-17,7.72159891290971,8.15707389823748,2.6447145086391,-9.81489750750832,-3.79058452232528,-1.36258229288327,-3.68569350790273,0.130370510833313
2024-01-18,7.86944416226462,8.10862373622648,3.17819300423238,-11.4151853607907,-3.55857317392459,-1.41002330279181,-3.64862979699572,0.876150731779372
2024-01-19,7.20401160210325,8.55440335086232,2.46213617351829,-10.5419129966459,-3.11682212936563,-1.40884927665107,-3.73724219166233,0.584275467841067
2024-01-22,7.07820875636523,8.8149341194428,2.18912443861289,-10.7294621134287,-2.81730268867496,-1.3908388936727,-3.8107556557524,0.666092037107855
2024-01-23,6.8252427665025,8.6608034846096,2.44865359339079,-10.6912759187039,-2.64879705760123,-1.12130161942382,-3.92240201323253,0.449076764458564
2024-01-24,5.48782919406237,9.12379457718,2.77373936750062,-10.3985360088821,-2.62796817297447,-0.958278475947852,-3.70048760265906,0.29990712172043
2024-01-25,4.69785580602915,9.33313972795257,2.76092275305323,-9.15941487122679,-1.69670386086367,-0.500665049284137,-4.15803635013386,-1.27709815552648
2024-01-26,3.06488639129303,9.60714353826571,4.00423908241359,-9.26005859564645,-1.46378624721014,-0.924577321125462,-3.74498470845687,-1.28286213953341
2024-01-29,3.18059749017023,10.2655983376522,5.56433585084034,-9.88422204338841,-1.53732873229271,-1.0449741366122,-3.9940886186277,-2.5499181477417
2024-01-30,3.01939120760462,10.3770268868408,5.4844218885399,-9.60520540204003,-1.53375232097014,-1.54599344870255,-4.08079047809746,-2.11509833317516
2024-01-31,3.77685813465134,9.59515848489269,4.17506115472806,-7.78332181246725,-1.96413622771365,-1.53028140741048,-4.23911189509812,-2.03022643158259
2024-02-01,3.91264437270313,10.1196161388314,3.40457487869137,-6.95471077815291,-2.19338574627077,-2.21903606239688,-3.82546375374018,-2.24423904966519
2024-02-02,4.11621866832395,10.4534372067798,2.93212302724025,-7.33933012518919,-2.27205301562745,-2.15176503401234,-3.7168328664514,-2.02179786106361
2024-02-05,4.30701832734114,9.82189219776687,2.99160313899736,-6.78380806037557,-2.08559482684831,-2.03895930689319,-3.67350342317765,-2.53864804681063
2024-02-06,4.00796450635609,9.27704006784435,2.82835070789197,-6.268680577617,-1.74738557332356,-1.94122929261559,-3.66115894587676,-2.49490089265952
2024-02-07,3.75735650217509,10.3988840677028,1.40942412818076,-6.92198435084541,-1.69407577881411,-2.15935380137822,-3.90524126692839,-0.885009500092519
2024-02-08,2.15765465136043,8.6711925176847,1.62283841896326,-6.09502926718018,-0.950650850824548,-2.32902656253167,-4.12789766724909,1.05091875977709
2024-02-09,4.01453275688996,11.7887364258439,0.801282975710503,-6.86427769410131,-2.84698011189918,-3.50132647592566,-3.84427592663877,0.452308050120603
2024-02-14,6.63492973969804,9.42522499383792,-1.13227821694722,-5.50354900560514,-1.80242315752031,-3.27288535130483,-4.09450416447812,-0.25451483768034
2024-02-15,6.90934827071126,8.21835357189096,-1.64986479061076,-5.81984298830808,-0.950653587301144,-3.07224377077062,-3.78137428005246,0.146277574440841
2024-02-16,5.08106463711648,8.08490727050212,-0.889321735887243,-4.99606150075873,-0.327915016174106,-2.9777451465659,-4.11240148701761,0.137472978784977
2024-02-19,4.47318103928856,7.75240287932001,-0.448492707340272,-4.64204293389518,0.206854783685031,-2.84122051480648,-3.96676346116669,-0.533919085084982
2024-02-20,3.48249264038482,8.07998287694676,0.713155643629456,-4.41390994092545,0.292284835876707,-2.83648919940861,-4.426816094346,-0.890700762157678
2024-02-21,1.7655512387859,7.52751123144729,1.1497825250813,-3.90797488308169,0.742436052094607,-2.65525081936195,-4.33664293157643,-0.285412413389029
2024-02-22,2.27579136078617,7.36804776259012,1.87994584220561,-3.72091566320803,1.19412151821288,-2.9944141435076,-4.56303278969393,-1.43954388738523
2024-02-23,1.76536639003257,7.41615990855941,1.46032596210295,-3.56516862841641,0.635295717044446,-2.85946095364244,-4.19009920600892,-0.662419189671628
2024-02-26,1.72031938235803,7.36802602282029,1.41360538231071,-3.68301199925264,1.24090831331601,-2.97260301304272,-4.34693949209525,-0.740304596414429
2024-02-27,1.72409169666381,7.35932121165192,1.42350532110625,-3.62261056888165,1.07226381193897,-2.84887983974969,-4.4098119669722,-0.697879665757416
2024-02-28,1.71202046954337,7.19550094828038,0.817660630217087,-3.57771948894455,1.26339071061524,-2.25121561807523,-4.63254656466727,-0.527091086969016
2024-02-29,1.73961464130244,7.25130350211737,1.41468582941855,-3.92944808698622,1.39132757563843,-2.13572202593852,-4.71141843643103,-1.02034299912101
2024-03-01,1.40809710782651,7.0560741428019,1.51852241041168,-3.55136157674072,1.92039182796691,-1.74776620901955,-5.57877169486785,-1.02518600837887
2024-03-04,1.12412553696441,6.91981059550974,1.57212497489867,-4.02900522503078,1.62036411412004,-1.82709758559764,-5.04882515396909,-0.331497256895343
2024-03-05,0.925450900284211,7.01124176237866,1.16440165048515,-2.87453565070268,1.8333110910925,-2.04541962599272,-5.08917826339947,-0.925271864145657
2024-03-06,1.11788975415481,7.34989993706393,0.838170506368044,-3.08300700923146,1.35881387542677,-1.88544844367438,-4.69310581345083,-1.00321280665687
2024-03-07,0.733890946527666,6.80691161875603,0.958381444451227,-3.22329565353821,1.53192977175815,-1.67248348376327,-4.80909665696327,-0.326237987228339
2024-03-08,0.501003278534675,6.29450660202581,1.31006026956934,-3.21516567866681,1.75057699407485,-1.44801250553,-4.52149667212994,-0.671472287877952
2024-03-11,2.14416712393536,8.14046841450983,-1.90469146633486,-1.80127748444218,2.15553654958764,-2.55770223490673,-4.11982761845884,-2.05667328389021
2024-03-12,3.84256639798996,8.90546941502528,-2.67904245961093,-0.625893290614968,3.56301153188684,-3.44010419853056,-3.91436604615513,-5.65164134999049
2024-03-13,3.95635596321767,9.12157294987338,-2.58409809232657,-0.248985262022938,2.42742104199185,-3.17562829039204,-3.9666557470311,-5.52998256331026
2024-03-14,4.29951302293607,9.05936962698183,-2.78042275425867,-0.291739873513489,2.47017383605349,-3.34463606593819,-4.29340221671199,-5.11885557554906
2024-03-15,4.77077808698718,9.08813306233809,-2.94193094753738,0.0646718812813347,2.44388989868819,-4.48776281776668,-4.12108675196188,-4.81669241202885
2024-03-18,4.9951734510171,8.99023654973302,-2.601164555528,0.0299913524037798,2.69069643269606,-5.00835577425434,-4.12066572513269,-4.97591173093493
2024-03-19,5.07190284507794,8.99681436019251,-3.76180162964235,0.326405728986231,2.18072478187025,-4.39648598722448,-3.80226717997896,-4.61529291928115
2024-03-20,5.57777351060127,8.58182540318225,-2.83884897597824,-1.26329064018689,2.74505273111059,-3.45399310598243,-3.50668528382569,-5.84183363892088
2024-03-21,5.09442882596142,6.87319858886419,-1.38989528718431,-2.55591607423417,1.72583939753111,-2.75140547201305,-3.43783242152173,-3.55841755740345
2024-03-22,4.75804525247887,7.51675410950033,-1.73032011955485,-2.49492337958783,2.38156613488507,-2.34212317210918,-3.07048881287344,-5.01851001273896
2024-03-25,3.82755238082365,7.22225111563233,-1.52105423340437,-2.29958284571077,2.73076696495755,-2.41362505888588,-3.68449151978602,-3.8618168036265
2024-03-26,3.5961552995395,7.16005542370726,-1.4430331691341,-2.13071643045173,2.848795430067,-2.69836992385934,-3.70846100614216,-3.62442562372642
2024-03-27,4.89552314396628,6.94789668524782,-2.04681511907497,-2.57535996870383,3.35083573500637,-2.36481075566467,-4.01526620964103,-4.19200351113598
2024-03-28,5.27678586917808,6.35626083992243,-3.16643423933224,-2.30247819569578,3.25690250182199,-2.16085499001841,-2.56392958263444,-4.69625220324162
2024-04-01,5.51797121230145,6.73455200238373,-2.8670522176363,-2.75136064004224,2.68036334132285,-1.50196817368342,-3.11977716388043,-4.69272836076565
2024-04-02,5.40660731138276,6.37906116303096,-3.06229220859543,-2.45343469163945,2.81322561291215,-1.68021366698168,-2.30509776243005,-5.09785575767926
2024-04-03,5.16440478727444,7.22772027941777,-2.66539495036623,-2.77818154816725,2.63558917809788,-1.77339049962278,-1.95620007263186,-5.85454717400196
2024-04-04,5.22048270572218,8.25987302016346,-3.03022229987141,-3.56226015602228,3.27272613955648,-1.46739575650456,-1.75473559576273,-6.93846805728114
2024-04-05,5.42538732503233,7.57837347780523,-3.69798190130296,-2.03931079654526,2.33630992656737,-1.62267652635074,-1.55470599974662,-6.42539550545935
2024-04-08,5.07473921139428,7.54423630115037,-4.27405179317927,-2.12407794971162,2.62654137078494,-0.910381881927158,-1.22129921844784,-6.7157060400637
2024-04-09,4.97393092214089,7.68443007957787,-4.5304011935502,-1.9710432630984,2.54800899124335,-1.181087129574,-1.0617845162066,-6.4620538905329
2024-04-10,4.84181247076145,6.32402698874868,-4.86521970300524,-1.8685170128206,1.77764621826096,-0.514573889356713,-1.04487859211607,-4.65029648047245
2024-04-11,4.22421725629474,6.95422352899357,-4.73230822189892,-2.81275542284768,2.60850821738014,-0.938966152402601,-0.684345210318529,-4.61857399520073
2024-04-12,3.69704710152621,6.85103067771934,-4.46694453739029,-2.78239383429023,2.71728593613762,-1.48838558123391,-0.607136100890813,-3.92050366157794
2024-04-15,5.48514092469748,7.11785968685374,-4.88286301321565,-2.62285670482649,1.81878603989008,-1.71303595780944,-0.779587017263397,-4.4234439583263
2024-04-16,5.52653008541917,6.29019558238784,-4.73088885395389,-2.85909847182854,1.73725016087637,-1.54342289559633,-0.483563736032941,-3.93700187127168
2024-04-17,4.72746565510455,5.27716488417022,-4.29151607896669,-2.72573273948251,1.85947942280017,-2.03995058553551,-0.230116345775068,-2.57679421231517
2024-04-18,4.82417064621064,5.15019414145605,-4.14724703908047,-2.27274026317651,1.80914103748236,-2.39803406347481,-0.173769161497288,-2.79171529791998
2024-04-19,5.70161821493861,5.76667293118499,-4.23611045401168,-2.31036801156543,1.0558428699228,-1.65436296588142,-0.240795675536107,-4.08249690905175
2024-04-22,6.11571197362711,5.84411980416037,-4.26895645767779,-1.98245926613321,1.06995181094676,-1.56592278905813,-0.330001215428341,-4.88244386043676
2024-04-23,6.37112492200239,5.29938211752124,-3.51107821217288,-1.87570805794365,1.04559703970056,-2.10172831367763,-0.354172196548296,-4.87341729888173
2024-04-24,5.31950988499937,5.38123062055665,-4.04856052087097,-1.90913297531019,0.687869911615838,-1.69688657462273,-0.114013158887317,-3.62001718748066
2024-04-25,5.31243265904768,5.84328388528859,-3.89510017198442,-1.75362529749231,0.895424663206047,-2.43626374364723,-0.168466803860646,-3.7976851905577
2024-04-26,6.04298710630559,7.16005484183074,-3.77620099087381,-1.27707605480506,0.31656202685852,-3.04468767969037,-0.569527777043856,-4.85211147258176
2024-04-29,5.09838758735467,7.63851862819873,-3.76454832759885,-1.55168796540611,0.795700249860353,-2.09704668924154,0.0351600957095108,-6.15448357887676
2024-04-30,5.54176578299288,6.90936332118448,-4.49517676889968,-0.9535874713347,1.61458698855203,-2.58504175102448,0.0229316274530245,-6.05484172892356
2024-05-02,6.04036621398603,7.76731688474885,-4.29151003841774,-0.939997272200397,0.461395283025759,-2.86711786483861,0.320558504753247,-6.49101171105714
2024-05-03,6.557690855954,9.03353752834032,-4.41397053031168,-0.745047757205082,-0.57178308909862,-3.94902973063177,0.319628017115104,-6.23102529416227
2024-05-06,6.47621328596554,8.95491607370726,-4.28819616175012,-0.29287469432138,-0.753498416509171,-5.18499179357994,0.307809175294237,-5.21937746880643
2024-05-07,6.98734432460093,8.41136512018072,-4.5084427409683,-0.104553327282151,-0.271912274188068,-5.28224370018343,0.361063510561241,-5.59262091272094
2024-05-08,6.04594548189488,8.22587568293997,-5.12106715655901,0.3101678670734,-0.544381332103498,-5.25946366063893,0.796921316115959,-4.45399819872277
2024-05-09,6.00002403035173,8.28975102492105,-5.59907546501741,-0.471482671370492,-0.688475300768669,-4.85643500288026,1.24414562392601,-3.91845223916197
2024-05-10,6.64720616972063,8.73611046051423,-5.00788694731861,0.39479215793763,-0.695152752088628,-6.3727137616867,1.00729212229523,-4.70964744937376
2024-05-13,7.02123798969459,9.49944054293996,-4.65638096957345,1.21862720934927,-1.19870196794062,-7.0762475138998,0.588194287897196,-5.39616957846713
2024-05-14,6.80303353100107,10.0811178221332,-4.69080899975922,1.47793603051901,-1.47998794002605,-6.94817533635083,0.538004004310711,-5.78111911182785
2024-05-15,6.10686155848595,9.95024352491441,-4.22091144220663,2.00911516384689,-1.81899426486084,-6.62612031645384,0.432539138805037,-5.83273336253099
2024-05-16,6.00784854579845,9.73139078766587,-4.85191290045352,1.86108971394263,-1.77386987828268,-5.92743362029696,0.72738745291619,-5.77450010128998
2024-05-17,6.30440811334373,9.78328522085825,-5.16142851852624,1.49708777628643,-2.0827497315296,-5.94805234136598,0.654181981754013,-5.0467325008206
2024-05-20,6.1691159887262,8.52434843165583,-4.66958186182983,1.79511121417504,-2.97164729721858,-6.46579171531481,0.353002063426191,-2.73455682362004
2024-05-21,5.98031193622066,8.60424008870488,-4.22831884355982,2.02194559700804,-3.20250746994661,-6.63855492834072,0.206049816217392,-2.74316619630384
2024-05-22,6.50857025697235,8.32490578287675,-4.04391324431098,1.37271451491473,-3.29843900798938,-7.49037612440759,0.242912742947642,-1.61637492100351
2024-05-23,6.22805216115102,7.83909659282993,-3.55776502567312,1.50981706165103,-2.46087538346395,-6.89867803461489,0.223379324838577,-2.88302669671861
2024-05-24,5.78057897889691,7.73646545673572,-3.72309564266102,2.19930067380899,-2.25935204059138,-6.7205426117551,0.144182299955,-3.15753711438911
2024-05-27,7.7689685611632,7.98508074403064,-3.99434856534446,1.20677935622405,-2.61812743710821,-8.40450674747479,0.0857623666403384,-2.02960827813076
2024-05-28,8.23660139219827,8.36651452096903,-4.70612282828605,0.0376395148883866,-1.84392824035064,-8.78479349824555,0.0504556176811679,-1.35636647885461
2024-05-29,8.2548759496738,8.39464759753155,-4.49847584761866,0.0554928191946082,-1.9793618613249,-8.40202957547844,0.130981610991073,-1.95613069296903
2024-05-31,7.83073004339178,8.44922689606643,-3.94074293280677,-0.187267188669157,-1.78937066651221,-9.10080672036382,-0.0510839844005968,-1.21068544670566
2024-06-03,7.19214250054885,8.80061455075688,-3.32556508660576,0.601313209698525,-2.69549376698818,-8.77135056829136,-0.775233054751654,-1.02642778436731
2024-06-04,7.81992136713939,8.99939204087745,-3.23910796821154,0.194444180147684,-2.84660145994576,-9.57089813399309,-0.492152379015161,-0.864997646998965
2024-06-05,8.13625249471043,8.84633432486593,-3.3214900314894,0.113603405084227,-3.19555397297236,-9.55822806209026,-0.36771602063166,-0.653202137476903
2024-06-06,8.39823860735498,8.23185007259978,-3.2205934592332,0.182888151728807,-3.37863615823045,-9.67944743088582,-0.399914399110383,-0.134385384223716
2024-06-07,9.56017456854844,6.58710704508955,-2.71803564840976,-0.590144778314563,-3.2216791948649,-9.85865497161295,0.0159764343058413,0.22525654525834
2024-06-10,8.76268272554319,7.27451458120966,-2.79978126311175,-0.391343031581126,-2.86264039253347,-10.0275757946983,0.226210137218866,-0.182066962047063
2024-06-11,7.65744738284931,7.66009475464207,-2.53980651735271,-0.307162969670497,-2.97648741515867,-10.1175581355321,0.346695790034101,0.276777110188483
2024-06-12,9.00117039580147,6.7250407117794,-2.5757953757353,-0.52246014566737,-2.91416345329159,-10.1260936374224,0.296251068244768,0.116050436291015
2024-06-13,8.18231201620478,6.60577156434497,-2.87705678798727,-0.648986114229672,-2.48260658852442,-9.81343799020312,0.434000542731539,0.600003357663191
2024-06-14,8.36507717873842,6.73546147424665,-2.51034319186387,-0.437022483815412,-2.45771223365811,-11.3336502575741,0.578936245193162,1.05925326873323
2024-06-17,7.90385651307054,6.79196475537864,-2.45097571014924,-0.22391419548326,-2.75399830234682,-10.6835183790663,0.514631851161727,0.901953467434701
2024-06-18,8.70066085508336,6.87343036761764,-2.59807617029442,-0.256008402912062,-2.75932511943047,-11.3014575680282,0.551946758736399,0.788829279227766
2024-06-19,9.23617492752059,6.88660908821881,-3.02165397006857,-0.462936458216532,-2.71547202695224,-10.9622360881047,0.95797997741612,0.0815345501864755
2024-06-20,9.33440854777967,7.47278665162938,-3.52134166681823,-0.504528282606756,-2.48901485874569,-11.0633465479497,1.01420301338636,-0.24316685667505
2024-06-21,8.90714048741448,8.25816771527032,-3.51939071666106,-0.32526446858439,-2.20999355907779,-10.980656505228,0.766715950390758,-0.896718903524302
2024-06-24,9.53540749396908,8.52216585207713,-3.43937677917482,-0.380476611098072,-2.71686316451953,-11.8759432650963,0.482152045158816,-0.127065571316319
2024-06-25,7.74919748544295,10.5986167493924,-3.94197075202602,-0.730776143297128,-1.77995553849325,-11.8930133195398,0.494495823350977,-0.496594304830051
2024-06-26,8.24296582537252,9.64393902715769,-3.84878389575941,-0.307468193983574,-2.0027287088794,-11.8722725165232,0.510693648563933,-0.366345185948582
2024-06-27,8.18606620525527,10.1044561687237,-3.77601370920529,-0.743272121408168,-1.82860099664469,-11.8550283816666,0.519933781163051,-0.607540946217195
2024-06-28,8.18942038693872,10.095926391029,-3.57654246721442,-0.516818012229628,-2.5440502778827,-11.8107449107897,0.628320796304276,-0.465511906155598
2024-07-01,8.43010843529459,10.5659261210045,-3.73972586461903,-0.48756304491793,-2.60221721046006,-12.1917103808222,0.762578761771234,-0.737396817251167
2024-07-02,9.78548357644566,10.8396931841122,-3.13855230665122,-0.329348270445159,-5.77125310241626,-12.5937084531804,0.548072794675388,0.65961257745975
2024-07-03,10.4203412315336,10.3642204050525,-3.46552696958387,-0.858479813726152,-4.97017536331796,-12.2494309989576,1.00441706077864,-0.245365551779173
2024-07-04,9.53826022017314,9.74085553378799,-3.34672438418088,-0.734381949750588,-4.39110263712561,-11.9627365641242,0.843503996765683,0.312325784454508
2024-07-05,9.44234527886981,9.48262807065924,-3.74441376705915,-1.79656739100369,-3.90565489896115,-11.5688095934479,0.87011052937622,1.22036177156661
2024-07-08,9.54218826332989,9.6160103040505,-3.6745182525663,-1.90436578785084,-3.88723184757938,-11.4453227108775,0.946097238635264,0.807142792858393
2024-07-09,8.93628015817092,9.58938973577989,-3.87831008272527,-2.07891316053817,-3.79193577432598,-10.8723917111569,0.973497049617539,1.12238378517799
2024-07-10,8.7671658935071,9.51252881322123,-3.72511959009416,-2.27722973189734,-3.51439867723959,-10.9449775826655,1.11148485670501,1.07054601846321
2024-07-11,10.056450783083,8.88777348885304,-3.81526515853162,-2.3943002138942,-3.29706147929719,-11.4661506346729,1.21214108279894,0.81641213166084
2024-07-12,14.3230809658072,8.57351168165618,-4.79523387903631,-2.36430246336598,-4.13694611952337,-11.5224602434502,0.279727100852714,-0.357377042940165
2024-07-15,15.1711402661312,9.0897032445142,-5.65846580839031,-1.55443588789696,-5.32502404464381,-11.9227545702536,0.15493572343069,0.0449010771086051
2024-07-16,16.3272466951256,9.84814699863698,-7.32105270415795,-1.11576199639579,-5.71771967152787,-11.2255052472857,0.0262247393483008,-0.821578813743493
2024-07-17,16.6357541887114,8.76740166638114,-6.85150596769303,-1.56381646804101,-5.81668644996728,-11.3155910496793,0.141821311479223,0.00262276880892287
2024-07-18,16.9757617235531,8.97035308484914,-6.34448329587063,-1.79347954343705,-5.49142593724865,-12.0616143973861,0.0116788575953741,-0.2667904920552
2024-07-19,17.398835011634,7.8443904763341,-5.57603646764068,-1.75194009351767,-5.80068293629552,-11.3558760739122,-0.558551684712675,-0.200138231889436
2024-07-22,17.2341763677414,8.17088702129459,-6.09426238777542,-1.42418483163542,-6.22661342123061,-10.912423914218,-0.665190798067837,-0.082388036108668
2024-07-23,16.4426186357907,7.13735222001436,-6.55307384699578,-1.23058310969915,-6.17726396916207,-9.92842634004756,-1.15326904708081,1.46264545718034
2024-07-24,20.4558677035561,5.66611755343452,-6.66503101446313,-2.1612166439926,-3.62864629308659,-13.5110208112206,-0.503391813555179,0.347321319327534
2024-07-25,19.6909909947161,6.01204570172977,-7.02244050905242,-1.97723926545615,-4.22261654114457,-12.5659947995235,-1.71999914144742,1.80525356017822
2024-07-26,17.8103976324321,5.54663010104418,-5.42615570591186,-1.53938733683771,-4.99825686210941,-9.65365520374598,-5.07695495565239,3.33738233078108
2024-07-29,19.7056533211753,5.47130467184645,-5.621602337808,-2.01435642876803,-4.96455915458197,-10.9296769323555,-5.19186568686781,3.54510254735956
2024-07-30,19.685517543134,4.72724960205029,-5.8611431529845,-2.41825869662007,-4.95930405985849,-10.902540308654,-5.3706727044415,5.09915177737431
2024-07-31,19.2097768444146,3.88835215495915,-6.09374406580605,-2.27661405108142,-6.21641207996989,-10.1779113370554,-4.71437801589732,6.3809305504363
2024-08-01,18.4809826464427,1.65830836956665,-6.05456317587004,-1.80153076896046,-6.95188569284909,-9.23265618985521,-4.44450673630831,8.34585154783377
2024-08-02,17.3276247788317,0.844789452433048,-5.59373449701608,-2.17089301685897,-7.05299387523923,-8.73717093447546,-4.05401698980384,9.43639508212885
2024-08-05,16.0706606400485,1.36805608163171,-5.99596840175289,-1.03181291545591,-6.77339637948895,-9.53504722507705,-4.6412212134054,10.5387294135
2024-08-06,15.3200547992806,1.02355065321506,-5.70688507065055,-1.63574504961232,-6.13150072038279,-9.38938938244432,-4.67404198607361,11.1939567566679
2024-08-07,14.6830562898484,2.17378944890696,-5.85684822419675,-2.44063847366795,-5.56225837086832,-9.17079533486298,-4.82815178200063,11.0018464468413
2024-08-08,12.876561308877,2.48297310354909,-5.22004294386431,-3.98185375874663,-4.66146238310848,-8.08786693115251,-4.50646710837369,11.0981587128195
2024-08-09,11.86204088271,0.259706214067002,-4.82940054565305,-4.08063546075061,-3.6340417296566,-7.1199012002598,-4.58468701830079,12.1269188578439
2024-08-12,11.6383826399211,-0.0512313026298372,-5.04946926408876,-4.09378703767102,-3.58662464432803,-7.41414239520675,-4.44769457987837,13.0045665838817
2024-08-13,11.6865027986801,0.157643608228035,-4.73073522250162,-4.19608389937452,-3.81358397326856,-7.7239716041959,-4.42102290597742,13.0412511984099
2024-08-14,11.6249261607598,-0.54159000632054,-4.44879764601638,-4.09004463546948,-3.12119584206739,-7.48226383548763,-4.4414317901276,12.5003975947292
2024-08-15,11.0358651523586,-0.522855175770566,-4.22834362973211,-4.75945828814484,-3.03977973305887,-7.21347110075,-4.46039702648199,13.1884398015797
2024-08-16,9.86743158125018,1.23163687679681,-3.89377762434765,-4.66499632832736,-3.25977652386623,-5.7139963692355,-3.97634595300486,10.4098243407346
2024-08-19,9.30326007864514,1.32370597663595,-4.44695170298559,-4.22785795932709,-3.72216407461518,-5.23759182023075,-4.23505388650742,11.2426533883849
2024-08-20,10.0473952476788,-0.616999043707949,-3.02976099260241,-5.08211730712658,-3.56625795876682,-4.81188669802388,-4.11532443168578,11.1749511842346
2024-08-21,10.7896455721961,-2.99800173985412,-3.7220856342148,-4.86360049868971,-3.21144998501796,-5.29106484821715,-4.48968273760048,13.7862398713981
2024-08-22,10.3341546860013,-2.62400152198067,-2.68647413211538,-4.59263050376944,-3.72166758348292,-4.77027961932029,-4.03391643708176,12.0948151117491
2024-08-23,11.0964235704689,-2.60560401363863,-2.12764465038818,-4.24971632614735,-4.01298139422599,-5.50911500755588,-4.13797067560638,11.5466084970935
2024-08-26,9.84767047613532,-1.53081922935556,-2.9022070529444,-4.05731045232367,-4.09320781724215,-4.91437710328237,-3.94304702466542,11.5932982036782
2024-08-27,10.57895610728,-0.824858632799241,-2.05182099342181,-5.42313108584652,-2.52345124077775,-5.38351314484515,-4.22363908247947,9.85145807288995
2024-08-28,10.4079313472221,-0.53389022300064,-2.34884019796012,-4.79004100905971,-3.44247556433038,-5.90561909428953,-3.81058939048522,10.4235241319035
2024-08-29,10.6935707331132,-1.3304533474975,-3.6144368829098,-3.76883232395572,-3.7496446630135,-5.01856923106753,-3.86552866422144,10.6538943795523
2024-08-30,11.4234205521987,-1.38713016246954,-3.69791802213561,-3.34772208618128,-3.7282140017957,-5.53351521574653,-3.68738676219218,9.95846569832214
2024-09-02,10.5362711317152,-1.56974034498845,-3.40575000533528,-3.46964409171412,-4.07663756979497,-5.47530559829443,-3.46912922902914,10.9299357074412
2024-09-03,10.3800263579834,-2.46694969813663,-3.0088362583194,-4.51509363068406,-3.86910028438453,-5.31107430386693,-3.54815623225375,12.3391840496619
2024-09-04,9.96724014792601,-1.79769099746453,-3.07997020995558,-4.43721864365052,-4.05696292092304,-5.50777042250567,-3.32558119163994,12.2379542382133
2024-09-05,10.0903648581801,-1.50334528541008,-3.37074101997439,-4.5895948215536,-3.74179323362387,-6.07687347687047,-3.42456039008316,12.6165433693354
2024-09-06,10.1881030596065,-1.32633711469617,-3.40811664780642,-4.60315618799388,-3.62693510587406,-6.103368826355,-3.59085180394304,12.4706626270621
2024-09-09,10.8539576636566,-1.76231000846107,-3.84655664130308,-4.54336617639294,-3.52761093242298,-6.38572999783505,-3.42668803936748,12.638304132126
2024-09-10,10.8621934259091,-1.9421191525154,-3.69155673191282,-4.51877058950807,-3.58236723430563,-6.31684538525904,-3.34659140270386,12.5360570702957
2024-09-11,11.3288715390028,-2.56298543438167,-4.09543335606328,-4.43683484882347,-3.60849770212962,-6.77989306213904,-3.65941855809235,13.8141914226267
2024-09-12,11.5929600506305,-2.03301811058084,-4.01409799404945,-4.34811249292256,-4.084974218372,-6.87357792007657,-4.199393189748,13.9602138751189
2024-09-13,11.3507974424063,-1.93537118179695,-3.87449101477199,-4.58218017385642,-3.8541206997804,-6.62464772858451,-4.52170555416828,14.0417189105522
2024-09-16,11.0079475897656,-2.61351017241632,-3.81317558216531,-3.12139482631505,-3.77537619250912,-6.77773074784598,-4.41690941847482,13.5101493499611
2024-09-17,10.9761344775295,-3.35600404320413,-4.03096130842859,-3.23145452621904,-3.70057564322368,-6.10042616382796,-4.4601799194597,13.9034671268336
2024-09-18,11.0144655494145,-3.2293557203388,-5.5544534286561,-2.57229815627155,-2.27299003883774,-6.77675177638441,-4.64988712875076,14.0412706998248
2024-09-19,10.7216817771912,-3.03217164340393,-4.60929226894882,-3.96652734142322,-1.91110873465794,-6.7786799608523,-4.7728418440935,14.3489400161885
2024-09-20,10.8715622401423,-2.9086596210948,-3.8962184074856,-4.86027862610492,-1.57457321654224,-7.37175763996526,-4.70027076425581,14.4401960353064
2024-09-23,10.3333604039983,-3.48570648368721,-3.64854179092828,-4.43027731944515,-1.45299931770649,-7.66867858939499,-4.56176937633031,14.9146124734941
2024-09-24,9.5204905870515,-3.5154112659627,-3.6520179351952,-4.01206723604128,-1.13787650871095,-8.02967613419909,-4.43146786180131,15.258026354859
2024-09-25,10.6011019753753,-1.80307382471031,-1.86986936745745,-5.65053799608094,-0.853391666178904,-8.23027415569767,-4.54310291586121,12.3491479506112
2024-09-26,8.88283570906868,-0.957125496615333,-1.2046164515835,-5.89324121340983,-0.84801072402276,-7.57272020772734,-4.36476545668834,11.9576438409784
2024-09-27,8.05225775845841,-0.919693385554964,-0.730966558954059,-5.96453598892716,-0.667760360156937,-8.35047601389826,-4.25170972950906,12.832884278542
2024-09-30,7.68378453946989,-0.559845036182601,-0.0218064527621529,-6.40418217367762,0.0980985326443431,-8.79840933916949,-4.39610204986597,12.3984619795436
2024-10-01,8.00715383599435,-1.92164518238729,-0.0266709448037048,-6.73253431498329,1.08363297663972,-7.1522336429022,-9.18535080882138,15.9276480812638
2024-10-02,7.67401114455601,-2.07388844682411,-0.391088449600375,-6.79161682624613,1.10480445365995,-6.82257789346229,-10.3745370488031,17.6748930667201
2024-10-03,6.62863497903232,-2.86075363100455,-0.208440415941968,-6.92425255333934,0.395470042270929,-6.76890530129307,-7.99117025254698,17.7294171328227
2024-10-04,5.47861184487944,-4.89567171990399,-0.207322783397196,-7.0385220948063,0.60068869336958,-4.60141963102124,-7.02759669893386,17.6912323898136
2024-10-07,5.36760639983393,-5.09650165206523,-0.265728904493397,-6.30822825979765,0.504421650557585,-4.22335959871192,-7.5562066027424,17.5779969674191
2024-10-08,5.40503456930765,-5.39852735008889,0.255041859944676,-6.76906707076645,0.217143493922769,-3.94838679075457,-7.2726119812359,17.5113732696707
2024-10-09,-4.28456327985435,-23.9149455309231,-2.98038168504401,-7.67328097690481,-6.73682608571152,-6.99149301851189,-14.7277219806202,67.3092125575699
2024-10-10,0.888205033815076,-9.2916787763431,-1.72690390560552,-7.53089958571173,-2.95658191733153,-5.31994318314556,-9.13941277541297,35.0772151097354
2024-10-11,5.78623448743374,-1.25198058938459,-0.619873400459383,-5.79461081540585,0.92779302796918,-6.81226865006792,-5.89962882748059,13.6643347673954
2024-10-14,5.98554271447554,-1.44696504225692,-0.559771986563067,-5.63226667319361,0.962850794924861,-7.34460683295384,-5.54940668323988,13.5846237088069
2024-10-15,5.43461957853565,-1.53599548137301,-0.853599469721658,-5.23081517298797,0.69051483538027,-7.22434554717538,-5.40263314542801,14.1222544027701
2024-10-16,5.59465831850699,-1.84494488296814,-0.825653073733772,-5.58621180236966,2.30870204391302,-7.26999852531474,-5.83637066904633,13.4598185910126
2024-10-17,5.91988023827707,-1.41151857975164,-1.59148462274917,-5.74883339081074,1.99356304160325,-7.14066658339589,-5.64882000828115,13.6278799051083
2024-10-18,6.01642869422373,-1.27827437198916,-1.71370457452356,-5.38323142835488,1.52616072062947,-7.5246152766038,-5.48198860278344,13.8392248394016
2024-10-21,6.99427181323815,-1.19433204495493,-1.66265194295246,-5.86160002488083,0.798342835827185,-7.53504578810628,-5.79918265137695,14.2601978032061
2024-10-22,6.84874277865502,-1.2520006181685,-2.39817525656729,-5.83293615819677,1.23462412570606,-7.85692901693615,-5.00605632944215,14.2627304749498
2024-10-23,7.82292279312521,-1.78936138621946,-2.30711158240428,-5.91743486004221,1.17390916529945,-8.0575972840845,-5.13750067721607,14.2121738315419
2024-10-24,8.53240749828701,-2.17408418615899,-2.06458925678171,-5.95696890933952,1.14679270369372,-8.3155004167889,-5.18836640862222,14.0203089757106
2024-10-25,9.4551916433524,-2.44099257220971,-1.79773913572224,-5.63917512065033,0.21956589761303,-8.62702997593399,-5.20628849526993,14.0364677588208
2024-10-28,9.36641277064565,-2.34902433034517,-1.74733924167745,-5.53607308452466,0.0315653874126731,-8.69853843329418,-5.28101676525573,14.2140136970389
2024-10-29,9.71908438868247,-2.93288995308002,-0.724454803089003,-5.14996106471784,-0.677711966196565,-8.36014725220416,-5.44569315014147,13.5717738007466
2024-10-30,10.2631989001864,-3.79562075335679,-1.09919576448304,-5.28882859099806,-0.941639009214267,-7.33378239766006,-5.48203571121142,13.6779033267372
2024-10-31,10.6880055464241,-3.34815204181018,-1.4395795419817,-4.79787263313532,-1.83109276936731,-7.21662421074665,-5.68537919030453,13.6306948409216
2024-11-01,11.8266075342327,-4.40654708735854,-1.05137168941841,-4.84070030487237,-1.46904963346389,-7.32498753733509,-6.5464896778041,13.8125383960197
2024-11-04,11.9400647575863,-4.09239128587524,-1.61191342303558,-4.16805060568405,-1.70949452068353,-7.27016054025976,-7.33591847927971,14.2478640972316
2024-11-05,10.9353560023754,-4.35529630409726,-0.370496442625853,-4.88186086259712,-1.26810226623446,-7.0685454659066,-7.50048911231082,14.5094344513967
2024-11-06,12.1057728137545,-4.93031428733982,-0.508286843818301,-4.79711395349249,-1.47370829226954,-7.54202609940152,-7.61447866251186,14.760155325079
2024-11-07,11.7811490531944,-5.30098039801738,-0.941472256609238,-5.27776337241394,-0.493486746509721,-7.47048417300981,-7.51234874579086,15.2153866391566
2024-11-08,11.4765673407883,-5.15918693620184,-0.519364791396143,-5.46976032635458,-0.570866932361007,-7.17741060992643,-7.39693935647851,14.8169616119302
2024-11-11,9.66478417510361,-4.51446703202678,0.561184813936475,-5.276160015546,-0.91526845008266,-6.54018499894319,-7.4453204052652,14.4654319128238
2024-11-12,9.3727407763817,-4.84908216703817,0.026310396926494,-4.58412334290616,-1.14314729829413,-6.94236183243051,-7.60410573535498,15.7237692027158
2024-11-13,9.63677364224225,-3.51218258570565,-0.425362588562493,-4.98021081857869,-1.59946009306246,-6.63325304482229,-7.49880359075735,15.0124990792467
2024-11-14,8.24593765492833,-3.21074038069811,0.185710121751193,-3.43424363752285,-1.29526386206864,-6.82260868841336,-7.68690257922608,14.0181113712495
2024-11-18,7.24559848380439,-3.78233905928083,0.447974128655922,-2.91690732656178,-0.604697251434299,-6.93192444635563,-7.11454931225742,13.6568447834297
2024-11-19,6.55316600796504,-1.87723096815561,0.199896872192678,-3.25776700772216,-1.05074580569343,-6.74015596599473,-7.15214345692672,13.3249803243349
2024-11-21,6.68611199738649,-1.13589909595974,0.130645944112931,-3.11848115852246,-1.02966398370174,-6.49032344906714,-7.68888866374607,12.6464984094977
2024-11-22,7.33709604574729,-1.07476964121768,1.25966765364771,-3.04849344542404,-1.06899515954763,-6.92253377095723,-8.23650786587402,11.7545361836256
2024-11-25,7.64144496908436,-1.1115971263357,1.3131942638991,-3.6383796501403,-0.998441751518769,-6.39435026615507,-8.14078999872201,11.3289195598884
2024-11-26,6.71260669508575,-0.965092077196857,1.00594465925344,-2.57857899192783,-1.06441508590495,-6.54827870516111,-7.9016254247352,11.3394389305868
2024-11-27,7.81668767161629,-1.78070213003164,1.07753189577947,-2.28434332147661,-1.34317981381196,-6.80571691834952,-8.27014053732813,11.5898631536021
2024-11-28,8.34952178889869,-2.06002010774939,1.0878694300772,-1.88467351808003,-2.02883929501808,-7.08143549196833,-8.10165411142171,11.7192313052617
2024-11-29,7.94790982283999,-1.51794458057292,0.786180677245195,-0.920698107301334,-3.70878703754483,-7.33576829270928,-8.00345814552989,12.7525656635731
2024-12-02,7.4110648465429,-1.13816938287771,0.555713293032348,-1.1343160586296,-3.78655382389563,-5.85218821630284,-8.53266532153681,12.4771146636673
2024-12-03,8.56822789781149,-0.801332699363684,1.36853452100433,-2.80548666019237,-3.86691162001974,-5.70056442428499,-8.68886198071986,11.9263949657648
2024-12-04,7.85591550527416,-1.06068839807395,1.2636759946095,-2.13181562578681,-4.02415409568294,-5.21760069210279,-8.79905166935381,12.1137189811166
2024-12-05,7.28043996228388,-0.816207898401537,1.39883295404249,-2.13798953825796,-3.49582251826487,-5.28260862616144,-9.02164175720615,12.0749974219656
2024-12-06,7.60649753043829,-1.05227444493524,1.67652118223197,-2.21339681625372,-3.41215252077301,-5.40814502864172,-9.25392864081964,12.0568787387531
2024-12-09,7.40052863545384,-0.97494876368372,1.24782521663948,-1.69450189536007,-3.74826240871341,-5.22890372382181,-9.27537067141186,12.2736336108975
2024-12-10,6.62713857910988,-0.526117068607604,0.682363948139386,-0.164955308425011,-3.84479692891471,-5.0496361959259,-9.5738298316984,11.8498328063224
2024-12-11,5.88524160658531,-0.123503392751658,0.205599679766586,0.909131887143975,-3.62386587452316,-5.25145276769104,-10.1685047140838,12.1673535755538
2024-12-12,5.85866031528499,0.105557566651093,-0.00308255319419004,0.793948187662956,-3.86570046992076,-5.22033743867394,-9.9052357605209,12.2361901527108
2024-12-13,6.56178987667045,0.118048971425978,-0.768691223077749,-0.233478264602631,-2.64269895510867,-5.63031266728323,-9.36105209967219,11.9563943616481
2024-12-16,6.52679641963152,0.669974801296149,-1.42181415168695,-0.199361021128741,-2.8626585711541,-5.26789194198996,-9.38792591544395,11.942880380476
2024-12-17,5.93572839650319,1.82761751582908,-0.733442775663097,-0.577950803020741,-3.17348083581077,-5.39891710839427,-10.0270672449819,12.1475128555385
2024-12-18,6.15610622961,1.96057141307853,-0.636444500728579,-0.880404351939728,-3.98341562065148,-6.27684210511905,-8.88419672401503,12.5446256597653
2024-12-19,6.28822678224645,2.10639810983406,-1.76176029369002,0.309534138498794,-3.83934527393314,-4.05006396720976,-9.88946256230998,10.8364730665636
2024-12-20,6.2499161290859,1.57160371467361,-0.999503518733739,0.122183522296663,-3.89979950554179,-4.68169354215094,-9.67915407170468,11.316447272075
2024-12-23,5.51971847558954,2.26620049161859,-0.93302767431895,0.114509307239153,-4.0766006191481,-4.68159127421448,-9.66877451211324,11.4595658053475
2024-12-26,5.38871563765306,2.00053421248017,-1.86017041601679,0.595898945412834,-4.20726841655013,-4.36798281381953,-9.22449567434163,11.674768525182
2024-12-27,6.68236149878769,1.5819377695397,-1.85678583116639,0.569583803497,-4.17542076553388,-4.24249579780566,-9.70812127914499,11.1489406018265
2024-12-30,7.80572607567364,1.70643077722462,-2.53261270384093,0.897603147157142,-4.27194938083258,-4.68961877001506,-10.1737134441686,11.2581342988018
2025-01-02,7.07333560543223,2.49137825431327,-3.03500245523369,1.41436807629356,-3.88591003255189,-4.7401937189346,-9.88359670157909,10.5656209722602
2025-01-03,6.36868352115042,0.99352562874801,-4.53793171238392,-1.16031849968351,-6.77156051994866,6.40231167560805,-9.42100600573785,8.12629591224745
2025-01-06,6.14504657981532,1.93160590984387,-3.59128896468783,-0.874776114492196,-6.1203640294465,-2.71639244509546,-3.17361103166023,8.39978009572303
2025-01-07,6.7013867356471,2.29174134957182,-3.83733784698415,1.30703905341468,-3.60709076976733,-8.2962370126195,-3.04914919845821,8.48964768919559
2025-01-08,6.68284906857251,2.29404551981727,-4.35234882840783,2.34614323870255,-3.93505546908753,-8.37214365116815,-3.18437794198927,8.52088806356044
2025-01-09,6.07437530371326,3.10059866356823,-3.15071741683327,1.8270444198077,-3.97928625065162,-8.33846051027043,-3.96641937519096,8.4328651658571
2025-01-10,4.97842645574014,2.17537373250242,-4.56122847499897,3.5578340157578,-2.0357079700109,-7.96594820377459,-4.40298742374767,8.25423786853177
2025-01-13,4.83408959945214,2.25287914994014,-4.71990162318173,3.48973594929019,-1.60377414075203,-8.15763050315153,-4.25169625897741,8.15629782738024
2025-01-14,4.86209068642234,2.48211926160577,-4.63432218883242,3.21033494181081,-1.66757183474278,-8.14708213817245,-4.43564868356211,8.33007995547084
2025-01-15,5.28949501827568,1.7518916442646,-4.7871638110087,4.34787068975475,-1.8462412541823,-8.37953273257062,-5.16299777927841,8.78667822474498
2025-01-16,5.95934120568393,2.33972420187391,-5.01719100623512,2.77054541937201,-1.89569473019937,-8.0755541213062,-5.31837502689532,9.23720405770615
2025-01-17,6.42408817019758,2.72127164938298,-5.23487268992038,3.1420801809014,-2.1209712848393,-8.47944647875029,-5.47039956998074,9.01825002300874
2025-01-20,6.73045319708081,2.6594165017763,-4.99881227910999,2.81107762149668,-2.18910033573127,-8.51309707076384,-5.52808562565869,9.02814799091
2025-01-21,6.81223577256404,3.32860407759561,-5.19495153029529,2.97459738467843,-2.01209171960188,-8.59189803979945,-5.44271674120269,8.12622079606124
2025-01-22,6.54019239684066,3.10808141947962,-4.99646165588718,2.69889734069083,-1.73383272528258,-8.48249247828332,-5.35062105693655,8.21623675937852
2025-01-23,6.41421473055744,3.26087836020628,-4.68373519924179,2.78546635399238,-1.78283806287985,-8.50616239206067,-5.68626784954202,8.19844405896822
2025-01-24,6.88060463581286,3.20969420830661,-4.93011801289072,3.16594725574373,-1.44452952041744,-8.7693092804749,-5.8908916696696,7.77860238358946
2025-01-27,6.61006482317742,3.67810041310114,-5.23337202829376,3.71304883261061,-1.38888496121476,-8.84852135247193,-6.22764695676536,7.69721122985662
2025-01-28,6.64724981220267,3.3614351447661,-5.47402154170953,4.91148832597557,-1.42344010059021,-8.87890449870978,-6.05091903737555,6.90711189544073
2025-01-29,6.40388332499822,3.16428754727254,-5.6753564987952,5.74812067493515,-1.03867661717396,-8.74453781229212,-6.23165898756892,6.3739383686243
2025-01-30,6.28840263749586,3.63663233696077,-4.78938085337693,4.4355179662988,-1.47858603246241,-8.64075024089955,-6.18208328241905,6.73024746840252
2025-01-31,5.93051772944968,3.84518021371603,-4.37544798733036,4.82802180823214,-1.62819530522476,-8.74965899538835,-6.39843160246485,6.54801413901049
2025-02-03,5.66769183034935,3.93341640900988,-4.62594718193519,5.22934731305135,-1.49699783146852,-8.74696407930446,-6.25954252898815,6.29899606928575
2025-02-04,6.37451928842032,3.77076482678388,-4.31132413189357,4.30942122842767,-1.99732475351899,-8.63866912761933,-5.96892408679842,6.46153675619844
2025-02-05,7.39923320153805,4.74066589335454,-3.96412339007796,3.39535261189247,-2.42875382616698,-9.4144566288617,-6.28891181604699,6.56099395436856
2025-02-06,7.3436364018985,5.65858539207784,-4.08736304714068,3.92586754362873,-3.06171224848552,-9.53103762391892,-6.8874739845586,6.63949756649865
2025-02-07,7.58681593957603,4.98080597765732,-4.43548587862434,3.75130891286757,-2.73655612970139,-9.112079983688,-6.7052745038963,6.67046566580912
2025-02-10,6.39098554914826,4.71638502631808,-4.00179412817992,2.56596619114319,-1.57338152409146,-8.5529683009604,-6.50745318615492,6.96226037277717
2025-02-11,6.15662067956737,5.40405851933345,-3.65356958051409,1.96854829542836,-1.43135272691125,-8.61536927961063,-6.58682171539039,6.75788580809717
2025-02-12,4.50839669678213,5.48071959398919,-3.73605552849604,3.20242194097257,-0.718167208096808,-8.39895319086948,-7.16423577028164,6.82587346600009
2025-02-13,4.88941242675691,4.71782788250994,-3.18595574379142,3.88834768437145,-0.743719678712569,-9.0425111097619,-7.38965977860844,6.86625831723603
2025-02-14,4.90783526220564,4.730539943407,-3.29893684012811,3.86702035341395,-0.745814534974098,-8.8210403057548,-7.47710907229313,6.83750519412354
2025-02-17,4.48575812990973,4.96273658499143,-3.25786187985163,3.53164875961124,-0.465465120038274,-8.48336573415712,-7.48909317399698,6.7156424335316
2025-02-18,3.49477266953311,5.28668388970853,-3.15273960227972,2.87438149551558,-0.187824896246568,-8.30309873848123,-6.90305706896626,6.89088225121655
2025-02-19,3.56911659400748,5.46718113621899,-3.81113059698854,2.91063638803571,-0.33283862190569,-8.30371050079022,-6.46189103348182,6.9626366349041
2025-02-20,3.0634926915294,4.82251693648043,-3.08848574657686,3.03043896698196,0.109784394578821,-8.16492215360242,-6.75273246863229,6.97990737924095
2025-02-21,2.89119332133691,4.45296503024142,-2.93888247583862,3.01750264449502,0.409419889595316,-8.04285156858963,-6.85918564788046,7.06983880664003
2025-02-24,2.97849396036522,4.01316396801749,-2.72623868768116,2.76646811026778,0.595266073703129,-7.88681928840337,-6.85537281745065,7.11503868118156
2025-02-25,2.20002209905377,4.45621501065325,-2.80637243565589,3.44528018272969,0.5333890704187,-8.08997492120637,-6.86506716699622,7.12650816100308
2025-02-26,2.44480873779737,4.06003360483186,-2.9791059863233,3.60276563294412,0.526170294282789,-8.06322114123989,-6.65337517035073,7.06192402805779
2025-02-27,2.40147722024886,4.15917056129916,-3.04393204166755,3.51899836638844,0.752334856621221,-8.10652311519631,-6.53535907060847,6.85383322291466
2025-02-28,2.53801752327448,4.30813609801726,-2.67874544650243,3.32776082325259,0.476666335984877,-8.15225712589998,-6.66340932076465,6.84383111263785
2025-03-05,2.67942808307109,4.39374291556098,-2.68911711844278,3.32034104835238,0.348227490341557,-8.15915419291392,-6.87246332872641,6.9789951027571
2025-03-06,3.07172485944054,3.85327343454177,-2.61446567974876,3.15316660835003,0.442279365440939,-7.82324774191307,-7.01904935060719,6.93631850449574
2025-03-07,3.4183219615696,3.78028109260368,-2.27257030298975,3.18949649655234,-0.366441285794455,-7.78195299985668,-7.21895885934235,7.2518238972576
2025-03-10,3.04881325401083,3.26818994868322,-2.09876462221703,3.10326642677668,-0.0219585075231805,-7.69305881279425,-6.76414272173137,7.15765503479511
2025-03-11,2.92189704724245,3.13882186365377,-2.09321503040043,3.57424416119168,-0.55315215194242,-7.79790225924163,-6.29629494531953,7.10560131481608
2025-03-12,2.23500166847463,2.49951334527202,-2.17802003412099,4.12891931484384,-0.568012836511265,-7.76428478414539,-5.4474377885779,7.09432111476507
2025-03-13,2.07097799086279,2.7430931751734,-1.61008015284815,3.94402549998536,-0.49409090948145,-7.78763507855689,-5.72936713025286,6.86307660511779
2025-03-14,2.7217134749439,3.25134155046117,-1.84365392553875,3.91649420909703,-0.119187824290528,-7.7614850511237,-6.69706953757904,6.53184710402992
2025-03-17,2.42003675751582,3.25321579129218,-2.05290080096794,4.51679587555749,-0.12596463802101,-7.79284294376349,-6.8599744124689,6.64163437085586
2025-03-18,2.2230209323455,3.18295108005221,-2.37753765021429,5.27872118049963,-0.383938077058737,-7.72836955394219,-6.8673856669246,6.67253775524248
2025-03-19,1.74256233091022,3.05978424013425,-2.59762574660694,5.29106104607214,-0.572528754714746,-7.7913561658626,-6.27760782647099,7.14571087653867
2025-03-20,1.1554103076578,3.60539014742542,-3.22065525706781,6.79866761919241,-0.602183774806853,-7.88907417553948,-6.75113985521794,6.90358498835646
2025-03-21,3.04849560727839,3.82170179568136,-3.3791648041504,6.00641184746516,-0.253681816528406,-8.08781606930914,-6.94132157826893,5.78537501783198
2025-03-24,3.74266365763864,2.93350990751185,-3.13326421643697,5.7867532846476,0.0584654496247623,-7.81368808291949,-6.97707177391531,5.40263177384893
2025-03-25,2.20391988745622,4.15494582690692,-2.97827159946039,5.3033450320703,-1.2590685076142,-7.56605565803098,-6.792193356358,6.93337837503012
2025-03-26,2.65615945753136,4.05199504990818,-2.93232561583472,5.20253866452348,-1.06715083016327,-7.79799581585865,-6.83469169102011,6.72147078091374
2025-03-27,3.52642808647722,3.70386812626607,-2.87021261634331,4.77419291990258,-0.895471599103196,-7.86214456561447,-6.73064564244636,6.35398529086146
2025-03-28,3.75709594269042,3.06416590883577,-2.81336291248075,4.86767462032376,-0.658991942171969,-7.81677455257948,-6.64200064259842,6.24219357798067
2025-03-31,3.36864483146097,2.84638551187611,-2.66511091362428,5.37775431907765,-0.512641243068884,-7.90413504760124,-6.773073619661,6.26217616154068
2025-04-01,3.03620149557282,2.48478806295672,-2.21409678183594,5.8256295831282,-0.603585688102175,-7.97475864249837,-6.80152438739544,6.24734635817418
2025-04-02,3.08108136587505,2.65380196415824,-1.92480868166345,5.43239290115876,-0.545595042198585,-8.03685779936897,-6.86290693675638,6.20289222879533
2025-04-03,3.29214118217052,2.51396574876514,-2.26643561634382,6.58291436661402,-0.764117209891232,-8.23176321268284,-7.2512278224367,6.12452256380491
2025-04-04,3.32175206822133,3.62262632103516,-2.77259493678432,7.03694604182931,-0.634164575116927,-8.3264178174045,-7.66324338123713,5.41509627945708
2025-04-07,6.14918664832413,2.56299366360907,-3.66222633969439,9.0884076223152,-1.78872218412933,-8.72270122099327,-8.75222916630202,5.1252909768706
2025-04-08,5.39113454220655,4.016616408148,-4.09822805332837,8.31361102423531,-1.69271535852084,-8.86169305014138,-8.58897812490669,5.52025261230742
2025-04-09,6.56856076703252,3.22125930638455,-3.6161604291822,11.0874420897584,-2.50175554593559,-9.60098711415412,-10.1373465253043,4.97898745140073
2025-04-10,5.84903417428216,3.10923919991028,-4.08843971314088,10.6866087744928,-1.30927758145764,-9.67466457767969,-9.37082532945644,4.79832505304944
2025-04-11,4.51885355810919,2.8876371126783,-4.73237209041485,10.520373237358,-0.117316245563174,-9.87471397603448,-7.68805578198344,4.48559418585045
2025-04-14,5.03186719990935,2.73634948570004,-5.0755036984546,9.3187913177118,1.21183677148482,-9.84806284106996,-7.27448025174526,3.89920201646381
2025-04-15,4.95872515207768,2.93415632400976,-4.65188485034911,8.47768341770873,1.1767073239149,-9.49846922364608,-7.34375055021855,3.94683240650267
2025-04-16,4.87438996694086,3.35047876251674,-4.56466728822278,8.65952610769014,0.568928336438411,-9.56937121692748,-7.29811928418561,3.97883461574971
2025-04-17,5.1714281218319,3.00600737500136,-4.71485278669574,7.84685723912565,1.25129960950073,-9.5467365208835,-7.33339823267464,4.31939519479423
2025-04-22,5.17567266417839,3.01872242991141,-4.52938607751226,8.08310656560503,0.83272919685021,-9.27742583945639,-7.47320150200992,4.16978256243354
2025-04-23,5.02538621002154,3.05790880283488,-4.56707893160241,8.65854811981596,0.860137984422202,-9.736689938115,-7.52543757752062,4.22722533014345
2025-04-24,5.04715465852539,2.96237581284042,-4.70026989143598,8.99978924648042,1.04551164435976,-9.78452809970725,-7.47609188387169,3.90605851280892
2025-04-25,3.85817220684515,2.96423536717145,-4.434872690628,9.30956010645327,1.35230418102336,-9.8890218819403,-7.37602924642391,4.21565195749899
2025-04-28,2.77161222391493,3.21101356676223,-4.44451164080359,9.64406568861964,2.08819956685534,-9.96437602119292,-7.0322557896639,3.72625240550825
2025-04-29,3.02421056009959,4.06183236606493,-3.68330592806745,8.4124353628955,1.62646734274735,-9.84175562503633,-7.21579460990642,3.61591053120282
2025-04-30,2.86344150428237,3.88435989174116,-3.53230022113505,8.24264394068202,1.27093232442925,-9.94021405368229,-7.11553797429931,4.32667458798185
2025-05-02,2.56708954685414,4.84777977354241,-3.57515640837052,8.18215639172277,1.466667517102,-9.89593083356799,-7.7567434886157,4.16413750133288
2025-05-05,2.84481972773736,5.01757264398754,-3.94479493613562,8.15968498090507,1.40497660000577,-9.84596975516656,-7.7330942532198,4.09680499188623
2025-05-06,2.11630850674438,5.67379705631938,-3.71098607623618,6.97957721076994,2.63202646036529,-9.82026731282152,-7.9781966527256,4.10774080758431
2025-05-07,2.53860502728239,4.8529748960193,-3.53571445441366,5.99024814786488,3.61162066009781,-9.62426814811814,-7.88764466211985,4.05417853338725
2025-05-08,3.59709966703645,8.66722248110826,-2.84773462278425,4.00142378959618,2.16861722668235,-10.1215432941984,-8.26103461709327,2.7959493696527
2025-05-09,2.23491079959275,6.5430469014811,-3.32745501540522,8.50204969176417,1.01764599341172,-8.51691397578674,-9.38101950311702,2.92773510805925
2025-05-12,3.00845346327749,6.9988151670367,-3.58806981941329,10.0474940729606,0.151562996926209,-9.1344658741391,-10.1378776585193,2.6540876518707
2025-05-13,1.7027291338872,8.36403326901588,-3.43011113108668,10.1790615530236,-1.15898597402086,-17.9973946981872,0.279238590718975,2.06142925664908
2025-05-14,1.05282508394722,7.75262516871175,-3.28105444840566,10.7071635009228,-0.983587528512331,-17.7866126781294,0.308476482321332,2.23016441914425
2025-05-15,1.01217505739313,8.16994982729351,-3.13555265088711,10.6421778480405,-1.1991914036194,-17.9710032872453,0.346680850959174,2.13476375806542
2025-05-16,1.03184273072877,6.79070827397948,-2.96174373794748,11.4410453135826,-1.39420830743485,-17.2210110170757,0.464347594257916,1.84901914990923
2025-05-19,-0.180653277212357,8.77683101079596,-5.97826213283419,12.5202539657649,-1.46933472381879,-17.256602032138,1.41717112380905,2.17059606563346
2025-05-20,-0.272012786917387,9.0666860149102,-5.10295643570939,12.3806503717049,-1.521107224646,-17.3336513797189,0.862263542066884,1.92012789830964
2025-05-21,1.48503383660279,8.9760443402209,-4.46193227934475,10.1842141856747,-2.88092301794371,-17.1481317005663,1.6116221511276,2.2340724842287
2025-05-22,1.1657897229938,10.3876610655548,-4.59336855221321,9.14223866421504,-2.71182302680523,-17.3011129698242,1.78098837268571,2.12962672339329
2025-05-23,1.46983880174751,9.57552447824122,-6.29617432566749,10.2507485637341,-1.1684412821968,-18.1116279693243,1.30927755047867,2.9708541829871
2025-05-26,1.14568767054195,9.23290704278334,-3.80062958025906,9.24221204548618,-1.23242301419488,-17.818074578208,0.62568042852434,2.60463998532615
2025-05-27,1.21227980517306,9.15291508640185,-4.45671179291132,10.0933715873295,-1.82181708536181,-18.0756012931572,1.20669441737369,2.68886927515219
2025-05-28,1.33083569548585,9.12376971256607,-4.00975085773338,10.1816720281801,-1.55510498230897,-18.147779499499,1.26693381202028,1.80942409128903
2025-05-29,-1.91854095266422,6.09743072216587,-3.25136367228811,9.03205189333966,-3.49280715831686,-39.5944413384658,32.6154381751426,0.51223233108684
2025-05-30,-2.70505056161065,7.55074317121444,-3.14289017425306,8.48570307282941,-3.75731328195212,-37.4882453703465,30.2272891480043,0.829763996114252
2025-06-02,2.14486611611458,8.24197255939218,-2.31581219340772,8.81848593082911,-1.47826920701672,-9.22491092551218,-8.18973553482077,2.00340325442151
2025-06-03,2.15585022245249,9.01271597016036,-2.23587509738807,7.46414566123581,-0.847025975594335,-9.45400731986606,-8.33786784255908,2.2420643815589
2025-06-04,2.06270769270622,9.40140029500693,-2.29823450765616,7.54391633931477,-0.897722824906658,-9.44808147632732,-8.56347907244877,2.19949355431098
2025-06-05,2.12585334247595,10.4579863325149,-2.82955610925824,7.49177535812145,-1.09861325800849,-9.40602379255448,-8.57591726185209,1.83449538856105
2025-06-06,2.27388012299114,11.774823057796,-3.55502944298116,7.67499732255402,-1.95274530471414,-9.23983461789643,-8.01467757789778,1.03858644014835
2025-06-09,2.59970027043212,11.8275665238314,-3.78300106315563,7.62711062199837,-2.0745120308441,-9.5047948862499,-7.92520795273244,1.23313851672016
2025-06-10,1.82827939204293,12.1796250195559,-4.05849974809882,7.71476086392011,-1.99085114825212,-9.46516526913311,-7.52328291566314,1.31513380562827
2025-06-11,2.25439694058922,11.7921274797992,-3.77131468923636,8.15703622642999,-2.49117271371615,-9.39873198904566,-7.77884574036963,1.23650448554933
2025-06-12,3.1197897983314,7.92585420514682,-4.18384982889825,10.1177755861109,-3.22252209568986,-9.14206566627011,-6.58484366313398,1.96986166440303
2025-06-13,1.22501247134168,9.11254155264731,-3.20538280262463,9.60872776605335,-3.41420441853613,-8.95571930434718,-6.60582072952651,2.2348454649921
2025-06-16,2.10401443337734,9.13921930793025,-2.43966111676997,9.67819711849658,-3.83357259307885,-9.66116496747439,-7.15464030155032,2.16760811906937
2025-06-17,1.62713869879267,9.73123695902238,-2.7267006337363,8.40015401211726,-3.28656924491002,-9.62206889304762,-6.44796720322574,2.32477630498737
2025-06-18,1.82784815830723,9.57339017454557,-2.87792808891987,8.68957916790928,-3.02930902015382,-9.69746148224061,-6.6098211519956,2.12370224254783
2025-06-20,1.79781249533504,9.47865817967191,-3.17443263293373,8.0378826746866,-2.825712871677,-9.5602162558503,-6.44102449833005,2.68703290909755
2025-06-23,1.42153634776122,9.71937600895708,-3.28714407755525,8.93872682192973,-2.69232802806119,-9.49847701335801,-7.12863217907148,2.5269421193979
2025-06-24,2.50105815406784,9.63171661124676,-3.93959051170714,8.90949613271154,-2.36354817813898,-9.58417328513858,-7.55642672589359,2.40146780285214
2025-06-25,2.43662851519925,10.1629290676345,-3.85543056208338,8.18146990026141,-2.18816673272864,-9.43103762883729,-7.80026974161175,2.49387718216591
2025-06-26,2.0955104170157,9.90996497480836,-3.97878837624263,7.71369139910003,-1.68079398759238,-9.14524612986261,-7.57476375634617,2.66042545911971
2025-06-27,2.16487404167163,9.87920549592811,-4.00720115208893,7.74722498275329,-1.53001133234084,-9.18154722644902,-7.64368892496624,2.57114411549202
2025-06-30,2.2735808293504,9.24287678625498,-3.58154962414256,7.6326395517642,-1.52513099247034,-8.92218798672141,-7.64037075913133,2.52014219509605
2025-07-01,2.141992838634,9.91379109680626,-3.7978556715265,7.36968023788818,-1.11701349580941,-9.08400922796775,-7.92472656308514,2.49814078506038
2025-07-02,2.07241782727937,9.10347762901674,-3.104713041,6.82748329860573,-1.15776870923382,-9.4790541207789,-6.78897178614003,2.5271289022509
2025-07-03,2.65529992952553,9.56020750885308,-3.27457980269715,6.21380354572274,-1.87685277390376,-9.20552758252863,-6.66880821896265,2.59645739399082
2025-07-04,3.49997251363844,9.6709346519346,-3.484725566935,5.43660936050999,-2.06173004317374,-8.9216278941544,-6.81549292114565,2.67605989932576
2025-07-07,3.46826487036418,9.587148173122,-3.83962891003719,6.41901424940209,-2.46896356688793,-9.02104416410633,-6.60970700563824,2.46491635378141
2025-07-08,4.49224206001458,9.37874838512472,-3.2952958214692,3.67060423510634,-1.86703888032943,-8.87273015665778,-6.46275164852595,2.95622182673674
2025-07-09,3.04060936718234,11.295338042698,-3.46384982221583,4.90148110351838,-2.64878225815907,-8.80239192981417,-6.86068558612488,2.53828108291527
2025-07-10,4.46603925846147,10.1769368650047,-2.17525094188341,3.06932769801148,-2.02230565178898,-8.7709361783722,-6.55073703635223,1.80692598691912
2025-07-11,4.36381784310028,10.3980513281373,-1.91179988836586,2.58567001733971,-2.18167159338245,-8.90753462695997,-6.1347072396064,1.78817415973736
2025-07-14,1.65658408359253,9.82860560457493,-2.10574254329063,4.38149647534463,-2.11119163797801,-8.78014435112183,-5.56077241245337,2.69116478133177
2025-07-15,2.72473370453189,10.0911209271361,-2.25683046931508,3.99291218915758,-2.01049540520436,-9.14209148660756,-5.97154380768241,2.57219434798383
2025-07-16,3.83193847761668,10.1188940064434,-1.79487225857804,3.41353159654468,-2.80278510414717,-9.02163039952443,-6.22508998618424,2.48001366782917
2025-07-17,4.05719569102104,10.2355716032637,-1.89741151807447,3.2148457961008,-2.97584142907584,-9.07756557767751,-6.20157346847152,2.64477890291384
2025-07-18,1.42494079587401,9.43567959721074,-0.762145796080016,3.39321638941636,-2.4450420692028,-4.63286166845466,-8.10763928620474,1.69385203744111
2025-07-21,0.239430073185027,8.81164284114369,-1.15484036580098,6.30519739808703,-3.47216936015876,-4.49861711763125,-7.82125144362162,1.59060797479686
2025-07-22,1.24255477564974,9.34038718225241,-0.806602534933972,4.70443356583239,-2.80743895931764,-5.48419138044049,-8.46959434388175,2.2804516948393
2025-07-23,1.54733288632789,9.78477535244476,-1.37056623836978,4.60097748417153,-2.62262266716521,-5.62457598683597,-8.53212269244354,2.21680186187033
2025-07-24,1.70072773028083,10.073532972273,-1.34712839610569,4.23518010184369,-2.7696434565877,-5.74332582120126,-8.45342653488329,2.30408340438042
2025-07-25,1.73356910000551,10.5847865773959,-1.18028138593664,3.70615995201452,-3.06142793864242,-5.69305117090775,-8.51139675763728,2.42164162370815
2025-07-28,4.32334459270778,13.81072572471,-0.764024221969944,2.44240808618017,-1.87741514636729,-4.90391732263875,-8.14277436378626,-4.88834734883576
2025-07-29,4.26570816363191,14.0454971349173,-0.226067276544871,2.06092484600543,-2.00388977019596,-4.97475666240084,-7.93349211852031,-5.23392431689265
2025-07-30,4.75648497287154,13.0340974833569,-0.299794795372225,2.77832227390828,-2.15285644150105,-5.0572764158112,-8.31448255843674,-4.74449451901547
2025-07-31,4.72561977977304,13.0881524256891,0.2261425164189,3.09339693515475,-2.34551731525756,-4.99272574590627,-8.63951804611347,-5.15555054975853
2025-08-01,4.74177776378199,12.9275824501738,-0.534209329782183,3.42432857591364,-1.84797832382307,-5.06571501089063,-8.85561001117938,-4.79017611419415
2025-08-04,4.59023701269387,12.6917751187133,-1.10419951607108,3.58509449742426,-1.44641388178802,-4.7854692540257,-8.54022850827219,-4.9907954686744
2025-08-05,4.16764890267424,12.8704966706421,-1.20678594877357,3.81141949226716,-1.81128045650377,-4.82549372027056,-8.58820673644321,-4.41779820359235
2025-08-06,4.71396988730392,12.4840546972915,-0.868689082419309,3.67886230682687,-1.7668769239386,-5.08858037196383,-8.92266126584913,-4.23007924725147
2025-08-07,3.43122220174758,11.9880908126488,-0.522405521349349,4.19229340433009,-1.88408488769913,-4.87974519807846,-7.98177912847117,-4.34359168312834
2025-08-08,2.75780909734001,12.7641573856896,-0.185360504287171,3.91186740455977,-2.25028637100021,-4.7892419200685,-7.88323352361838,-4.32571156861515
2025-08-11,2.28509379089947,12.5044368736663,-0.136394814267248,2.74960764847867,-1.86696568265102,-4.69647018585576,-7.46294269246551,-3.37636493780493
2025-08-12,1.9824091107111,10.0345799269743,0.103276803876653,3.79253061541932,0.649698267514051,-5.04952784578968,-7.86995796236912,-3.64300891633659
2025-08-13,1.70183004169035,10.1931851854762,0.497558293756413,2.72327233214924,0.890659171725865,-4.94611592323854,-7.49443306423517,-3.5659560373244
2025-08-14,1.17894102645665,10.4125028885852,0.307689068144949,3.3248302727131,0.585016980030506,-5.00691592467595,-7.54864501404816,-3.25341929720631
2025-08-15,1.21970537559311,10.2290941853655,0.351254018660512,2.5127222061335,-0.308514031263563,-4.66996408133095,-6.24599975147409,-3.08829792168401
2025-08-18,0.752423151559249,9.74528466394389,1.43470535568397,2.65416662168518,-0.75021346321093,-4.69021316110337,-6.21699184568328,-2.9291613228747
2025-08-19,1.21546070472723,11.3501508785091,-0.527085944865298,2.85572439013649,-0.713752910829506,-4.24563725948532,-6.93149438649805,-3.00336547169463
2025-08-20,1.70182911730809,11.9773618954416,-0.257747802926175,2.11844157975693,-1.41326406737701,-4.39132043368256,-6.93408745441576,-2.8012128341051
2025-08-21,1.4078939060383,11.5562861230747,-0.171074700526571,1.5074515280636,-0.368398595667127,-4.52982637939836,-6.97637603449541,-2.42595584708915
2025-08-22,1.91671204034758,11.3588105458201,0.199081667524894,1.18943326230755,-0.874032813461856,-4.50133471050806,-7.137028873033,-2.15164111899718
2025-08-25,0.483314445755276,11.6391515948505,0.473411149417426,1.86541330777494,-0.827950321400959,-4.27180308780318,-7.07181965477344,-2.28971743382054
2025-08-26,-0.122594025800886,11.7640618223463,1.10220865444546,1.93587854815062,-1.15185595922251,-4.26967471762193,-6.99182453581054,-2.26619978648654
2025-08-27,0.674669093186786,11.5296701732853,0.834596593625015,2.00490433774522,-1.49681884439078,-4.19753570509315,-6.94223682779843,-2.40724882055998
2025-08-28,2.34789168338635,11.4109459645548,0.144386055569132,1.36094674902154,-1.34934867223668,-4.13514435858041,-7.01073965400704,-2.76893776770767
2025-08-29,2.76559557777176,11.2997296810658,0.777159977032881,-0.0890579872844199,-1.75495928750065,-3.91281675661479,-6.38172867618569,-2.70392252828492
2025-09-01,2.92227947560271,10.3466589103038,1.26550724945012,-0.582928568145974,-1.30853354788013,-4.21836884559079,-6.02808953764041,-2.39652513609936
2025-09-02,3.78576135961242,9.56361112984867,1.59692934048646,-0.578943894943286,-1.4009377293375,-4.23957108851837,-6.65540097256326,-2.07144814458514
2025-09-03,3.45685724433028,9.69035972271102,2.28125723369532,-1.79914605067788,-1.19039776310553,-3.97089780147336,-6.33470943524408,-2.13332315023577
2025-09-04,3.39800331711478,9.9965116094417,2.54548230130087,-1.90559121157645,-1.32680411164809,-3.94558167067511,-6.38773957419955,-2.37428065975816
2025-09-05,3.90235052866311,10.1699920208485,0.844069077570815,-1.56636417623895,-1.64881067999904,-3.9711190151218,-6.52904960337977,-1.20106815234287
2025-09-08,3.70764556343428,9.79871431444185,1.04860476825586,-1.45988075880051,-1.11577108041203,-4.12563094694772,-6.47265161138791,-1.38103024858381
2025-09-09,4.05233850431143,9.34826989041291,1.4020100671806,-1.57217647474372,-1.2509988423229,-4.13138321169996,-6.83884635994025,-1.00921357319811
2025-09-10,4.71655064600943,8.79408406999472,0.7404924449758,-1.08087949084815,-1.32508413268731,-4.32724238079613,-6.92722546669939,-0.590695689948973
2025-09-11,4.80876611625724,8.8733581735466,0.171789986886964,-0.801001356341438,-1.52179984616751,-4.302516881515,-6.88684473134229,-0.341751461324545
2025-09-12,4.67150965100591,8.89593820853829,0.398259632685392,-1.09828704079046,-1.51774823796459,-4.3087026027443,-7.0390528445325,-0.00191676619773773
2025-09-15,4.99931292403362,8.77590446734633,0.826827791715434,-1.36952944913462,-1.6312811843379,-4.24333768348914,-7.35374010383655,-0.00415676229718898
2025-09-16,4.80934313568752,8.99629375848932,1.0596566846415,-1.77825116015634,-1.76503777879809,-4.37912290864205,-6.92577176346026,-0.0171099677616109
2025-09-17,5.02134664394053,8.67421584400455,0.905186988090279,-1.6194737009933,-1.4809887984961,-4.5495816609076,-6.88858071740545,-0.0621245982329093
2025-09-18,5.17442558557562,8.76510625371782,1.02188724545382,-1.95885231467005,-1.30704767970432,-4.61062971333864,-6.91102113979114,-0.173868237243099
2025-09-19,4.99033861097256,9.29454453535413,0.557633720467472,-2.32798255683634,-1.00536431530151,-4.57963343046182,-6.86217546121628,-0.0673611029782215
2025-09-22,5.00703158457394,9.21657613618577,0.141272053988384,-2.11111698215074,-1.44646691846959,-4.63476481554531,-6.83407214281695,0.661541084234493
2025-09-23,5.40149051544099,9.53806083888251,0.408718859964676,-2.36860094746736,-1.82706067718692,-4.74173331666994,-6.99506552693542,0.584190253971478
2025-09-24,5.29861621170399,9.13950761396735,1.84471272912066,-2.70509609527403,-1.67644464080223,-5.11273979013128,-7.42556520664494,0.637009178060493
2025-09-25,6.61089942790743,8.54275213662837,0.946312415173455,-3.46108987220222,-2.34984525377648,-4.68238720173476,-7.54437643211311,1.9377347801173
2025-09-26,6.58128878867224,8.40971083128242,0.489011069418638,-3.62591929938888,-1.90994831210445,-4.40860951533638,-7.57844161304342,2.04290805049983
2025-09-29,6.43051602940563,8.48548223505281,0.506549286684162,-3.49211318030209,-2.17401242038344,-4.25190339648218,-7.54028153817569,2.0357629842008
2025-09-30,6.15004213112666,8.68505034071793,0.650157446055715,-3.72852298118275,-2.19114541498229,-4.2737439965586,-7.45826721022369,2.16642968504702
2025-10-01,6.65299121593116,8.78633267650521,-0.255436053534741,-3.86548536303992,-1.87625269925401,-4.40002677271015,-7.5294012366092,2.48727823271166
2025-10-02,8.22413077939694,9.19243315004013,-0.318390206907004,-3.33420375519382,-1.94066645153459,-3.62277610339159,-5.67956635478481,-2.52096105762526
2025-10-03,8.49268091550242,8.33911066005652,-3.19462753024211,-3.2508603481936,-1.73363773588761,-3.41597783220716,-5.11913214507597,-0.117555983952492
2025-10-06,7.84174860546344,8.908156590075,-5.98717821862475,-4.09842864164165,-0.558652776201811,-3.06134859688045,-4.99035619898223,1.94605923679245
2025-10-07,7.77744104308412,8.85822682164741,-6.12572295705758,-4.22746268664242,-0.528463413191776,-2.62492245579678,-5.11219065144799,1.98309429940504
2025-10-08,7.35393873146218,8.96569317696578,-5.58320895125339,-4.25324506576395,-0.534244158018545,-2.74620853473422,-5.15994557649791,1.95722037784005
2025-10-09,7.19238600730638,8.6884239865192,-5.14141883060469,-4.26885976219519,-0.183950385587959,-2.65309406083511,-5.40290802760813,1.7694210730055
2025-10-10,6.97893360598508,7.86872792641012,-4.99664512095504,-4.55753982757304,0.254727912776222,-2.61030523800045,-4.82112284764952,1.88322358900664
2025-10-13,7.68333337613194,8.21050971802716,-5.93401962177474,-4.72132142349043,0.00624597553056105,-2.379022440566,-4.53222068411658,1.6664951002581
2025-10-14,7.19911043281185,7.02193680148695,-4.95151058573781,-1.43870450425394,-0.116523410707025,-5.07434407782162,-6.5600140655696,3.92004940979119
2025-10-15,7.17892319313342,6.3905038552748,-4.5421561890369,-1.03141789989741,-0.665767200904007,-2.26584802332178,-6.89711155924499,1.83287382399686
2025-10-16,7.44836483303915,6.26238131637295,-2.91402133390895,-0.328997631841943,0.29299498269193,-2.9218147613894,-6.83071524240562,-1.00819216255811
2025-10-17,7.69667879935064,6.25234266993692,-3.18736527635969,-0.425951370418773,0.391089717107583,-2.79918881842685,-6.76109107561257,-1.16651464557727
2025-10-20,7.02995972327172,6.03489231062833,-2.60972026598009,-1.23061592104104,1.00061660032404,-2.6529696605972,-6.58661147581923,-0.98555131078653
2025-10-21,7.52408591851659,5.68621009621378,-2.60481803032142,-1.29929199359782,1.18519983242281,-2.55616538981951,-6.93113829944806,-1.00408213396638
2025-10-22,8.48417775177646,6.3571759558685,-2.92170759670039,-1.77595088074655,0.749885130642717,-2.68450296305781,-7.67242923964229,-0.536648158140657
2025-10-23,8.57547978174421,7.00210784450227,-3.70512328267895,-1.98764965671167,0.745763743422174,-2.70512375139073,-7.51053071993867,-0.414923958948638
2025-10-24,8.24095322259161,7.18222111823489,-4.25273749034953,-2.13378207683893,0.685088491119995,-2.99882235334096,-7.21442989139195,0.491508979974881
2025-10-27,8.65032185656413,7.23528780607082,-4.15873005133128,-2.46291517665501,0.559120684504581,-3.39758446525598,-6.91978611288367,0.494285458986418
2025-10-28,9.76015953221013,6.23387895559166,-3.81444486663384,-2.2919855980718,1.01706271608009,-3.47778023989734,-7.55176757154426,0.124877072265342
2025-10-29,9.13112968590317,6.21796297964165,-4.10802816762433,-2.57043680093505,0.649966002994315,-3.4548870435054,-6.8386509350785,0.97294427860415
2025-10-30,8.28421025873282,5.89924284727303,-2.84668152542206,-1.45576419483984,-0.200091769115211,-3.50271330682063,-5.96650323282371,-0.211699076984418
2025-10-31,8.66028848523021,5.65744173473556,-2.76056676875917,-1.66107095558396,-0.255091483477404,-3.51422701469909,-6.07202541295366,-0.0547485844925006
2025-11-03,8.25265455946005,6.07505846665822,-3.28065096514148,-1.49340438970936,-0.347165732730858,-3.46112823630929,-5.98874542133144,0.243381719104143
2025-11-04,7.10468562757519,5.89219121660665,-2.89304211104814,-1.78524804273165,-0.230965224733396,-3.12367809886585,-5.58006476335566,0.616121396552851
2025-11-05,7.23033319977591,6.33669734986275,-2.31568726441614,-2.51732848852576,-0.17855870020141,-3.33708279654037,-5.87100294411526,0.652629644160275
2025-11-06,7.51962701128637,5.82893848970304,-1.32879593784129,-2.91612022449337,-1.07272106336213,-3.04441291893087,-5.57090534562755,0.5843899892658
2025-11-07,7.61285866639315,6.4101741068918,-0.398311076960077,-3.74856514754671,-1.8979773898858,-3.37509998587978,-6.07961055988599,1.47653138687341
2025-11-10,7.25519098038171,5.95653132824158,-1.44367575895492,-3.18947383827677,-0.765633759121922,-3.14396878607781,-5.80971005753546,1.14073989134359
2025-11-11,6.42748811938338,7.2333129839662,-1.29542535799999,-3.74049966107461,-0.978956251848153,-3.1833085249007,-5.71980441042049,1.25719310289435
2025-11-12,4.8214523807744,7.55610478261469,-1.39771462978127,-4.02454138692801,-0.563404658620946,-3.8721751891877,-5.36543530005934,2.84571400118817
2025-11-13,4.9453697347132,7.39231290028556,-2.87131486093118,-4.29626568001473,0.855275174431306,-3.47009154692624,-5.7745721881143,3.21928646655639
2025-11-14,4.94624070228374,6.79063984588374,-2.72130951028139,-3.66292720115659,0.796818114770311,-3.54834880662468,-6.11449842147338,3.51338527659827
2025-11-17,4.90205130803997,6.48004544905925,-3.29053483325144,-3.18467229207795,0.699464120855566,-3.41854416953918,-5.52185064942784,3.33404106634163
2025-11-18,5.51179140992549,6.68970494960056,-3.70970444879546,-3.0465474385758,0.900067050472451,-3.06490115370572,-5.48993356850317,2.20952319958165
2025-11-19,6.09945892132712,7.45114835932753,-3.74690370372679,-2.74367991475946,0.777634087334526,-3.62909983017847,-5.6295855999043,1.42102768057986
2025-11-21,6.16767938088829,7.63051516012263,-3.59573805351184,-3.06844866801806,1.0269212957046,-4.10860891181894,-5.68803537558381,1.63571517221711
2025-11-24,6.74341778339514,7.32370455030465,-4.49433507433931,-2.95388148324282,0.941183472567637,-3.8023451476605,-6.005653336381,2.24790923535621
2025-11-25,5.86113130939206,8.73879853131712,-5.65125668991375,-3.37052690012072,1.70951737082112,-3.64214572353343,-5.76177690830407,2.11625901034167
2025-11-26,6.12968092431484,8.70054592143369,-5.67236727626849,-3.18358323172512,1.67803817478128,-3.58686465848147,-6.22012875640997,2.15467890235524
2025-11-27,5.83961905906429,9.09463896344721,-6.32878148120292,-1.73806787293652,0.782798006322764,-3.96069068140033,-6.10111692177106,2.41160092847656
2025-11-28,6.36180385972512,8.94966993090397,-5.93510973302162,-1.88485971827899,0.718528504264917,-3.67784781965723,-6.71557461098832,2.18338958705215
2025-12-01,5.66611976359909,9.17306138018444,-6.64780100560039,-0.818030970542658,1.07505831277259,-3.52482921235308,-6.57565361745709,1.6520753493971
2025-12-02,5.0767508838841,11.1007345687771,-7.40841939536128,-0.611693336286983,-0.758728175502505,-4.53604987817135,-6.82349228199208,3.96089761465297
2025-12-03,5.12460600518151,11.7625909028405,-6.45359561638115,0.175387118565681,0.14301774526389,-4.5019435373088,-6.71915505710898,0.469092438947321
2025-12-04,4.9873087049637,11.6935698166571,-5.94001440993105,-0.0541435197568845,0.399295030939861,-4.98410311682425,-6.51649201956321,0.414579513514663
2025-12-05,3.81235642235212,12.4888646843618,-5.01985840227837,0.551339289338152,0.161669374525331,-4.65713450792163,-6.50406225219469,-0.833174608182748
2025-12-08,3.0349916621878,12.5764049496601,-5.16629100020922,0.979294279717124,0.363017146707506,-4.30943077321126,-6.67621172814092,-0.80177453671115
2025-12-09,2.55828594235886,13.0517194776238,-5.99898644093711,1.67404736682357,0.404966067662855,-4.70595725739761,-6.54160889665176,-0.442466259482583
2025-12-10,2.68418526290612,13.1811803107732,-5.28411253863186,1.21180602654641,0.810692321908,-5.1171909303716,-6.89093256104043,-0.595627892089809
2025-12-11,2.47091340272036,13.5841233235431,-5.58121798427999,1.18662143474173,1.15186861480716,-5.16800451051752,-6.83776475599915,-0.806539525015687
2025-12-12,2.1759507351862,13.5513451036847,-5.54730445468737,1.4188177270012,1.26012756337646,-5.0685236821691,-6.84054169177265,-0.9498713006194
2025-12-15,2.14626004334169,13.2044692422689,-5.5869169289678,1.45872801277913,1.96399083409042,-5.14749000465229,-6.83148322585403,-1.20755797300605
2025-12-16,2.74058368063744,12.5032252250505,-6.56050574924266,0.453745869650312,2.06760758085469,-5.34476678248249,-6.92776263086907,1.06787280640132
2025-12-17,2.7315367145215,13.1472486511312,-5.73935011359445,0.769186122107186,3.74726592137439,-5.30055043376191,-7.3736568519421,-1.98168000983576
2025-12-18,2.60884802031526,13.4747775653918,-5.20472838715968,0.352435015779889,3.05407503134912,-5.02422277072587,-6.69500588410797,-2.56617859084259
2025-12-19,3.17875579752223,13.3084802399655,-4.85408325705778,0.29559801750019,2.49021119127695,-5.33738958594641,-6.58843512781307,-2.49313727544762
2025-12-22,3.63803117698237,13.3139812747102,-4.67946065839239,0.41810507966813,1.84372099383545,-5.2013635661651,-6.39258301012613,-2.94043129051248
2025-12-23,3.84900461215349,14.0645025166412,-5.86567830426204,0.126167604147327,1.87473663390497,-5.1014715140269,-6.10779086455607,-2.83947068400199
2025-12-26,4.10240608063413,14.1685783948704,-6.52935803229751,0.246907416891332,2.07104626128383,-5.20145498562014,-6.08314959270598,-2.77497554305609
2025-12-29,4.89289835942384,14.5567923722361,-7.27461268491078,-0.282620977194135,2.57502699967714,-5.05207218017617,-6.36952546056153,-3.04588642849447
2025-12-30,4.63638628017463,14.2368422586066,-7.19735192015597,-0.866892103416951,2.41096480219536,-5.05931754816748,-5.70219553974127,-2.45843622949494
