"data","TCI","W"
2019-08-07,33.9125623855421,"W = 150"
2019-08-08,34.1464239688486,"W = 150"
2019-08-09,33.9585457734065,"W = 150"
2019-08-12,34.4976627708575,"W = 150"
2019-08-13,34.5454828504787,"W = 150"
2019-08-14,34.5633150519865,"W = 150"
2019-08-15,34.9670836417306,"W = 150"
2019-08-16,35.2411771274978,"W = 150"
2019-08-19,35.8329217449175,"W = 150"
2019-08-20,35.9460127240577,"W = 150"
2019-08-21,36.3243294258964,"W = 150"
2019-08-22,36.6874818902466,"W = 150"
2019-08-23,37.2365204506604,"W = 150"
2019-08-26,37.904107267939,"W = 150"
2019-08-27,37.6673518285776,"W = 150"
2019-08-28,37.4337854202191,"W = 150"
2019-08-29,37.3395832980171,"W = 150"
2019-08-30,37.1304047757501,"W = 150"
2019-09-02,37.2754411171991,"W = 150"
2019-09-03,36.8987135121609,"W = 150"
2019-09-04,36.8463330606547,"W = 150"
2019-09-05,37.4411157761355,"W = 150"
2019-09-06,38.038047697094,"W = 150"
2019-09-09,37.3432349427203,"W = 150"
2019-09-10,37.8955211870393,"W = 150"
2019-09-11,37.9919848155631,"W = 150"
2019-09-12,37.5367027749601,"W = 150"
2019-09-13,37.6221907223077,"W = 150"
2019-09-16,37.2902733888159,"W = 150"
2019-09-17,37.4782116082148,"W = 150"
2019-09-18,37.8216094196,"W = 150"
2019-09-19,38.01286778426,"W = 150"
2019-09-20,38.2585615063534,"W = 150"
2019-09-23,38.1728356651719,"W = 150"
2019-09-24,38.1449651818074,"W = 150"
2019-09-25,38.1965503814833,"W = 150"
2019-09-26,38.4464858478534,"W = 150"
2019-09-27,38.7532655885229,"W = 150"
2019-09-30,39.7811969879176,"W = 150"
2019-10-01,39.7546916867834,"W = 150"
2019-10-02,39.7142720639026,"W = 150"
2019-10-03,39.8795136846595,"W = 150"
2019-10-04,39.5020491568826,"W = 150"
2019-10-07,39.943284344525,"W = 150"
2019-10-08,40.2067331907724,"W = 150"
2019-10-09,40.2464353214862,"W = 150"
2019-10-10,39.8761225991004,"W = 150"
2019-10-11,39.8604046135573,"W = 150"
2019-10-14,39.4815134019052,"W = 150"
2019-10-15,38.1441569178343,"W = 150"
2019-10-16,37.3217478390132,"W = 150"
2019-10-17,36.7736224848096,"W = 150"
2019-10-18,36.4743251253782,"W = 150"
2019-10-21,36.6673059305872,"W = 150"
2019-10-22,37.1767865401,"W = 150"
2019-10-23,37.0180111206226,"W = 150"
2019-10-24,36.3133057505584,"W = 150"
2019-10-25,36.1614221997406,"W = 150"
2019-10-28,36.127400183293,"W = 150"
2019-10-29,36.2637364957024,"W = 150"
2019-10-30,36.1021303657219,"W = 150"
2019-10-31,35.1614214203686,"W = 150"
2019-11-01,35.055823903947,"W = 150"
2019-11-04,34.592029185071,"W = 150"
2019-11-05,34.0607060253178,"W = 150"
2019-11-06,33.7251084926756,"W = 150"
2019-11-07,33.9769550668527,"W = 150"
2019-11-08,32.4189536752223,"W = 150"
2019-11-11,32.4579867926402,"W = 150"
2019-11-12,32.7259780481672,"W = 150"
2019-11-13,32.4052948857912,"W = 150"
2019-11-14,33.0664778689645,"W = 150"
2019-11-18,33.4803530125031,"W = 150"
2019-11-19,33.5644478783684,"W = 150"
2019-11-21,33.7992751945943,"W = 150"
2019-11-22,34.2456744976102,"W = 150"
2019-11-25,34.9216018802974,"W = 150"
2019-11-26,34.3482572234455,"W = 150"
2019-11-27,34.3588214413931,"W = 150"
2019-11-28,33.7917607120679,"W = 150"
2019-11-29,34.4633327625319,"W = 150"
2019-12-02,34.851635059769,"W = 150"
2019-12-03,34.8156795243199,"W = 150"
2019-12-04,36.0746613637011,"W = 150"
2019-12-05,37.0286745290242,"W = 150"
2019-12-06,36.9495456233019,"W = 150"
2019-12-09,36.9109500077181,"W = 150"
2019-12-10,37.5841932986032,"W = 150"
2019-12-11,37.5364517604717,"W = 150"
2019-12-12,38.4171609357933,"W = 150"
2019-12-13,37.1124875101963,"W = 150"
2019-12-16,36.1443884533183,"W = 150"
2019-12-17,36.9821327061758,"W = 150"
2019-12-18,36.712221658684,"W = 150"
2019-12-19,37.2223127997944,"W = 150"
2019-12-20,37.9546195814585,"W = 150"
2019-12-23,37.2687724078322,"W = 150"
2019-12-26,37.7955772919051,"W = 150"
2019-12-27,37.229382108335,"W = 150"
2019-12-30,37.0293460150407,"W = 150"
2020-01-02,36.9219275238072,"W = 150"
2020-01-03,37.1121561695983,"W = 150"
2020-01-06,37.5555612298432,"W = 150"
2020-01-07,37.9504229392405,"W = 150"
2020-01-08,38.2039208767729,"W = 150"
2020-01-09,34.6730819499053,"W = 150"
2020-01-10,34.3065432011539,"W = 150"
2020-01-13,34.2146486905356,"W = 150"
2020-01-14,34.4814914630305,"W = 150"
2020-01-15,34.5240018094944,"W = 150"
2020-01-16,34.3343549031301,"W = 150"
2020-01-17,34.2932319986698,"W = 150"
2020-01-20,34.2517530912217,"W = 150"
2020-01-21,34.287236977304,"W = 150"
2020-01-22,34.9766054511775,"W = 150"
2020-01-23,34.8056051650955,"W = 150"
2020-01-24,34.5026864960504,"W = 150"
2020-01-27,35.1893330301459,"W = 150"
2020-01-28,35.0059468688061,"W = 150"
2020-01-29,34.9533954897457,"W = 150"
2020-01-30,34.9967321953477,"W = 150"
2020-01-31,35.4013293933173,"W = 150"
2020-02-03,35.1225307350274,"W = 150"
2020-02-04,35.6206804607572,"W = 150"
2020-02-05,35.9968558476531,"W = 150"
2020-02-06,36.2334816908634,"W = 150"
2020-02-07,35.7579058360858,"W = 150"
2020-02-10,35.7177056402096,"W = 150"
2020-02-11,35.8519826536952,"W = 150"
2020-02-12,35.6249375309063,"W = 150"
2020-02-13,35.8600257402725,"W = 150"
2020-02-14,36.1394968301957,"W = 150"
2020-02-17,37.6484615736524,"W = 150"
2020-02-18,37.9355307588863,"W = 150"
2020-02-19,37.8961896792317,"W = 150"
2020-02-20,37.8333011865654,"W = 150"
2020-02-21,38.0179521001158,"W = 150"
2020-02-26,42.5316818208508,"W = 150"
2020-02-27,43.9847241819456,"W = 150"
2020-02-28,45.1326870003473,"W = 150"
2020-03-02,45.0445083611478,"W = 150"
2020-03-03,46.0155620271564,"W = 150"
2020-03-04,45.7506641483943,"W = 150"
2020-03-05,46.7297593629184,"W = 150"
2020-03-06,49.6315472761584,"W = 150"
2020-03-09,57.7481524782345,"W = 150"
2020-03-10,58.8386235653937,"W = 150"
2020-03-11,62.3480003369211,"W = 150"
2020-03-12,70.0603959999629,"W = 150"
2020-03-13,73.9962591098555,"W = 150"
2020-03-16,72.8640861636156,"W = 150"
2020-03-17,69.3062483477112,"W = 150"
2020-03-18,70.8592297223944,"W = 150"
2020-03-19,70.8315731676058,"W = 150"
2020-03-20,70.2036345382531,"W = 150"
2020-03-23,69.6731504728864,"W = 150"
2020-03-24,70.7683602940451,"W = 150"
2020-03-25,71.3931207920921,"W = 150"
2020-03-26,70.603513268631,"W = 150"
2020-03-27,71.6105779554718,"W = 150"
2020-03-30,71.5212309497751,"W = 150"
2020-03-31,71.2539750919398,"W = 150"
2020-04-01,71.6502277433661,"W = 150"
2020-04-02,71.5712455778833,"W = 150"
2020-04-03,71.9555212142334,"W = 150"
2020-04-06,73.1467280207909,"W = 150"
2020-04-07,73.5465724910547,"W = 150"
2020-04-08,73.1896484676127,"W = 150"
2020-04-09,72.9957098319174,"W = 150"
2020-04-13,73.1024823400371,"W = 150"
2020-04-14,73.1556458636979,"W = 150"
2020-04-15,73.1270899743305,"W = 150"
2020-04-16,73.1499438167455,"W = 150"
2020-04-17,73.2309792760577,"W = 150"
2020-04-20,73.1346661090671,"W = 150"
2020-04-22,72.9950751247691,"W = 150"
2020-04-23,73.2287206669308,"W = 150"
2020-04-24,74.256554672825,"W = 150"
2020-04-27,74.1601144429696,"W = 150"
2020-04-28,73.998989799613,"W = 150"
2020-04-29,73.9235174054724,"W = 150"
2020-04-30,74.1959840825454,"W = 150"
2020-05-04,73.9648971153159,"W = 150"
2020-05-05,73.9267989546529,"W = 150"
2020-05-06,73.524560149659,"W = 150"
2020-05-07,73.4868345810611,"W = 150"
2020-05-08,73.9413146056644,"W = 150"
2020-05-11,74.0541260495247,"W = 150"
2020-05-12,73.8907800106993,"W = 150"
2020-05-13,73.4708813584414,"W = 150"
2020-05-14,73.6561384818747,"W = 150"
2020-05-15,73.5445703837308,"W = 150"
2020-05-18,73.6492528748049,"W = 150"
2020-05-19,73.3533657338918,"W = 150"
2020-05-20,73.448532799043,"W = 150"
2020-05-21,73.2956068125004,"W = 150"
2020-05-22,73.4576494992318,"W = 150"
2020-05-25,74.0895771270159,"W = 150"
2020-05-26,74.0618764757532,"W = 150"
2020-05-27,74.1578098879928,"W = 150"
2020-05-28,74.2442285098541,"W = 150"
2020-05-29,74.3555545864167,"W = 150"
2020-06-01,74.1473271440006,"W = 150"
2020-06-02,74.0852533965155,"W = 150"
2020-06-03,74.6326935784435,"W = 150"
2020-06-04,74.4987935857396,"W = 150"
2020-06-05,75.0663303234419,"W = 150"
2020-06-08,75.1799658119735,"W = 150"
2020-06-09,75.8425065505236,"W = 150"
2020-06-10,75.7582249275748,"W = 150"
2020-06-12,75.6801659939004,"W = 150"
2020-06-15,75.7147669179724,"W = 150"
2020-06-16,75.1089512665106,"W = 150"
2020-06-17,75.2409952511067,"W = 150"
2020-06-18,75.2343603940337,"W = 150"
2020-06-19,75.325948119226,"W = 150"
2020-06-22,75.2825993192343,"W = 150"
2020-06-23,75.0084000852308,"W = 150"
2020-06-24,75.0860788663002,"W = 150"
2020-06-25,74.7376637307947,"W = 150"
2020-06-26,74.7157198158563,"W = 150"
2020-06-29,74.4114100148087,"W = 150"
2020-06-30,74.5872755080638,"W = 150"
2020-07-01,74.8951698235358,"W = 150"
2020-07-02,74.8305486157207,"W = 150"
2020-07-03,74.7079842539114,"W = 150"
2020-07-06,74.500443592711,"W = 150"
2020-07-07,74.67087345133,"W = 150"
2020-07-08,74.8478110011603,"W = 150"
2020-07-09,74.4843970914346,"W = 150"
2020-07-10,74.5202881909922,"W = 150"
2020-07-13,74.6542593337037,"W = 150"
2020-07-14,74.9384213224366,"W = 150"
2020-07-15,74.7800762832731,"W = 150"
2020-07-16,75.2171719070788,"W = 150"
2020-07-17,75.1628438242757,"W = 150"
2020-07-20,75.1862142553546,"W = 150"
2020-07-21,75.1244851011328,"W = 150"
2020-07-22,74.9684299353354,"W = 150"
2020-07-23,74.7775609356451,"W = 150"
2020-07-24,74.579857988688,"W = 150"
2020-07-27,74.6920846141772,"W = 150"
2020-07-28,74.5515566190655,"W = 150"
2020-07-29,74.1203909860423,"W = 150"
2020-07-30,74.4332734440408,"W = 150"
2020-07-31,74.2494496958786,"W = 150"
2020-08-03,74.3193494336498,"W = 150"
2020-08-04,74.4870096031061,"W = 150"
2020-08-05,74.47108562052,"W = 150"
2020-08-06,74.3247668775733,"W = 150"
2020-08-07,77.6431253968388,"W = 150"
2020-08-10,77.6330480986858,"W = 150"
2020-08-11,77.9191198103455,"W = 150"
2020-08-12,77.621764025873,"W = 150"
2020-08-13,77.6224579930943,"W = 150"
2020-08-14,77.7446456029526,"W = 150"
2020-08-17,77.7026149229792,"W = 150"
2020-08-18,77.6274811424302,"W = 150"
2020-08-19,78.0812815770162,"W = 150"
2020-08-20,78.0185061152101,"W = 150"
2020-08-21,78.3264764024724,"W = 150"
2020-08-24,78.2533411244395,"W = 150"
2020-08-25,78.1977784494242,"W = 150"
2020-08-26,78.234250474065,"W = 150"
2020-08-27,78.1575087294226,"W = 150"
2020-08-28,78.5526212821159,"W = 150"
2020-08-31,75.4819778531562,"W = 150"
2020-09-01,75.4861230322533,"W = 150"
2020-09-02,75.7044271673641,"W = 150"
2020-09-03,75.6890894587533,"W = 150"
2020-09-04,75.9083067556587,"W = 150"
2020-09-08,76.3711542085762,"W = 150"
2020-09-09,76.5002881774726,"W = 150"
2020-09-10,76.4193244623441,"W = 150"
2020-09-11,76.5269528543219,"W = 150"
2020-09-14,76.4868362145595,"W = 150"
2020-09-15,76.7462145818015,"W = 150"
2020-09-16,76.2462166422937,"W = 150"
2020-09-17,75.5854244479901,"W = 150"
2020-09-18,76.0272339086169,"W = 150"
2020-09-21,76.028273987337,"W = 150"
2020-09-22,76.1251141270637,"W = 150"
2020-09-23,76.5355456036325,"W = 150"
2020-09-24,76.2114006841254,"W = 150"
2020-09-25,76.3407717664015,"W = 150"
2020-09-28,76.3511782058929,"W = 150"
2020-09-29,76.4750387195319,"W = 150"
2020-09-30,76.7138578056642,"W = 150"
2020-10-01,76.5492434125813,"W = 150"
2020-10-02,76.4614826597481,"W = 150"
2020-10-05,76.3310754748842,"W = 150"
2020-10-06,75.3109561915944,"W = 150"
2020-10-07,75.6002064733974,"W = 150"
2020-10-08,74.7951718164465,"W = 150"
2020-10-09,73.2343333162647,"W = 150"
2020-10-13,70.7888907131569,"W = 150"
2020-10-14,70.4610359140279,"W = 150"
2020-10-15,71.4699584664408,"W = 150"
2020-10-16,71.1192107642054,"W = 150"
2020-10-19,70.0477992835979,"W = 150"
2020-10-20,69.8362313104227,"W = 150"
2020-10-21,70.2760578304191,"W = 150"
2020-10-22,68.2067348513279,"W = 150"
2020-10-23,66.6672121333292,"W = 150"
2020-10-26,66.4535206015397,"W = 150"
2020-10-27,66.0396555968442,"W = 150"
2020-10-28,66.1017427564966,"W = 150"
2020-10-29,66.9256171830963,"W = 150"
2020-10-30,66.4093083196611,"W = 150"
2020-11-03,66.2176858472055,"W = 150"
2020-11-04,65.932146338052,"W = 150"
2020-11-05,63.6483977416483,"W = 150"
2020-11-06,62.5530417529531,"W = 150"
2020-11-09,63.4015852818149,"W = 150"
2020-11-10,63.4633727031517,"W = 150"
2020-11-11,63.4384329001967,"W = 150"
2020-11-12,63.4854578935125,"W = 150"
2020-11-13,63.2943540065023,"W = 150"
2020-11-16,63.280563478458,"W = 150"
2020-11-17,62.6216674776323,"W = 150"
2020-11-18,62.6815816595113,"W = 150"
2020-11-19,63.4119190787624,"W = 150"
2020-11-20,62.3642362842344,"W = 150"
2020-11-23,60.3230866366777,"W = 150"
2020-11-24,60.1903221314512,"W = 150"
2020-11-25,60.7862709417924,"W = 150"
2020-11-26,60.1418260499365,"W = 150"
2020-11-27,59.3354241927234,"W = 150"
2020-11-30,59.6533535135794,"W = 150"
2020-12-01,60.518938245191,"W = 150"
2020-12-02,60.6163728914444,"W = 150"
2020-12-03,59.930369793489,"W = 150"
2020-12-04,59.3670064106854,"W = 150"
2020-12-07,58.9282186501662,"W = 150"
2020-12-08,59.2063821284509,"W = 150"
2020-12-09,59.2228707074498,"W = 150"
2020-12-10,58.1252744841675,"W = 150"
2020-12-11,58.0405983497788,"W = 150"
2020-12-14,57.5228867477775,"W = 150"
2020-12-15,57.800188093241,"W = 150"
2020-12-16,57.8197657451305,"W = 150"
2020-12-17,58.8404178392759,"W = 150"
2020-12-18,58.0431192369953,"W = 150"
2020-12-21,57.4191458141711,"W = 150"
2020-12-22,57.1228773673759,"W = 150"
2020-12-23,57.6768116431742,"W = 150"
2020-12-28,57.6960356474147,"W = 150"
2020-12-29,58.2243452378222,"W = 150"
2020-12-30,58.1096378042443,"W = 150"
2021-01-04,58.418692563824,"W = 150"
2021-01-05,57.2066314114182,"W = 150"
2021-01-06,56.0602698739607,"W = 150"
2021-01-07,55.0951656774779,"W = 150"
2021-01-08,55.032997992839,"W = 150"
2021-01-11,54.150149532163,"W = 150"
2021-01-12,54.2836861629051,"W = 150"
2021-01-13,52.5585113391485,"W = 150"
2021-01-14,50.9217996208742,"W = 150"
2021-01-15,49.7425971072169,"W = 150"
2021-01-18,49.9989998776735,"W = 150"
2021-01-19,49.9967909356064,"W = 150"
2021-01-20,49.2556988761011,"W = 150"
2021-01-21,49.2161012187626,"W = 150"
2021-01-22,49.0675330355114,"W = 150"
2021-01-26,49.7125298453344,"W = 150"
2021-01-27,49.7021658126836,"W = 150"
2021-01-28,49.7982900025391,"W = 150"
2021-01-29,50.1863213855244,"W = 150"
2021-02-01,50.9197841201165,"W = 150"
2021-02-02,50.9973853568784,"W = 150"
2021-02-03,49.5661877498927,"W = 150"
2021-02-04,49.1162623852029,"W = 150"
2021-02-05,48.5861956842522,"W = 150"
2021-02-08,48.7282132029114,"W = 150"
2021-02-09,47.5626111907036,"W = 150"
2021-02-10,47.5801212566362,"W = 150"
2021-02-11,47.3406760471663,"W = 150"
2021-02-12,47.5831783671398,"W = 150"
2021-02-17,47.6551497589246,"W = 150"
2021-02-18,47.422251780396,"W = 150"
2021-02-19,47.5791186035976,"W = 150"
2021-02-22,48.7419172078134,"W = 150"
2021-02-23,49.1655454597527,"W = 150"
2021-02-24,48.9997324820481,"W = 150"
2021-02-25,49.3904060328049,"W = 150"
2021-02-26,50.5606780726694,"W = 150"
2021-03-01,50.711789829238,"W = 150"
2021-03-02,52.6193173380323,"W = 150"
2021-03-03,53.9799767354328,"W = 150"
2021-03-04,54.1069478948034,"W = 150"
2021-03-05,54.1750179804238,"W = 150"
2021-03-08,55.6469273134954,"W = 150"
2021-03-09,55.2767107377643,"W = 150"
2021-03-10,55.1989820552499,"W = 150"
2021-03-11,55.1707517146805,"W = 150"
2021-03-12,55.3637815348346,"W = 150"
2021-03-15,55.3518314345387,"W = 150"
2021-03-16,55.4129709550242,"W = 150"
2021-03-17,55.0534794567591,"W = 150"
2021-03-18,54.5960429034558,"W = 150"
2021-03-19,54.1537014849842,"W = 150"
2021-03-22,54.2521084343462,"W = 150"
2021-03-23,53.9673771344798,"W = 150"
2021-03-24,54.4018071875412,"W = 150"
2021-03-25,53.6502920003193,"W = 150"
2021-03-26,52.7921259303571,"W = 150"
2021-03-29,52.4705046727966,"W = 150"
2021-03-30,53.2557310107766,"W = 150"
2021-03-31,53.5861553072842,"W = 150"
2021-04-01,52.6839509068452,"W = 150"
2021-04-05,52.7278559567105,"W = 150"
2021-04-06,51.4660007781592,"W = 150"
2021-04-07,55.3392559666979,"W = 150"
2021-04-08,56.1918907652914,"W = 150"
2021-04-09,56.141145136692,"W = 150"
2021-04-12,56.1530331976331,"W = 150"
2021-04-13,56.0382281840809,"W = 150"
2021-04-14,55.4470073542977,"W = 150"
2021-04-15,55.4452886232171,"W = 150"
2021-04-16,54.7753263364201,"W = 150"
2021-04-19,54.4168287887684,"W = 150"
2021-04-20,54.7361590731839,"W = 150"
2021-04-22,54.8511801124012,"W = 150"
2021-04-23,55.1445960025913,"W = 150"
2021-04-26,54.9071471089641,"W = 150"
2021-04-27,54.8115941672023,"W = 150"
2021-04-28,54.4472344078763,"W = 150"
2021-04-29,54.5520248997951,"W = 150"
2021-04-30,54.2425998938624,"W = 150"
2021-05-03,54.2859284365122,"W = 150"
2021-05-04,54.0865154519073,"W = 150"
2021-05-05,52.8083644439449,"W = 150"
2021-05-06,52.2770919955185,"W = 150"
2021-05-07,52.485726430387,"W = 150"
2021-05-10,52.7841167112978,"W = 150"
2021-05-11,52.2243022673739,"W = 150"
2021-05-12,52.0941185843127,"W = 150"
2021-05-13,52.0996413709462,"W = 150"
2021-05-14,51.7637113285922,"W = 150"
2021-05-17,51.8799715490819,"W = 150"
2021-05-18,51.3373251489411,"W = 150"
2021-05-19,51.3764784759966,"W = 150"
2021-05-20,52.032895615216,"W = 150"
2021-05-21,53.0184775768255,"W = 150"
2021-05-24,51.7244077162912,"W = 150"
2021-05-25,51.9180167872253,"W = 150"
2021-05-26,51.7967297543619,"W = 150"
2021-05-27,52.4185991326449,"W = 150"
2021-05-28,52.7869797875551,"W = 150"
2021-05-31,52.9585199236063,"W = 150"
2021-06-01,52.6331702021418,"W = 150"
2021-06-02,52.6781528375022,"W = 150"
2021-06-04,52.6384169487437,"W = 150"
2021-06-07,50.3936275052761,"W = 150"
2021-06-08,50.8442145066365,"W = 150"
2021-06-09,50.6661379619513,"W = 150"
2021-06-10,50.9671878771125,"W = 150"
2021-06-11,50.7543876678953,"W = 150"
2021-06-14,51.4023518431643,"W = 150"
2021-06-15,48.9957274990912,"W = 150"
2021-06-16,48.9820962739041,"W = 150"
2021-06-17,49.7550503872572,"W = 150"
2021-06-18,49.9632979162331,"W = 150"
2021-06-21,49.9581410815316,"W = 150"
2021-06-22,49.8236592401092,"W = 150"
2021-06-23,50.1623282466337,"W = 150"
2021-06-24,50.3100089110181,"W = 150"
2021-06-25,50.265117382068,"W = 150"
2021-06-28,50.5839589520035,"W = 150"
2021-06-29,50.4391390353782,"W = 150"
2021-06-30,50.937503118047,"W = 150"
2021-07-01,50.6505094147952,"W = 150"
2021-07-02,50.5898749597179,"W = 150"
2021-07-05,51.8255837642703,"W = 150"
2021-07-06,52.0734342500074,"W = 150"
2021-07-07,50.4641075887535,"W = 150"
2021-07-08,50.8726180853051,"W = 150"
2021-07-12,51.7553127593319,"W = 150"
2021-07-13,51.80356923663,"W = 150"
2021-07-14,51.5787447282227,"W = 150"
2021-07-15,51.3644742507522,"W = 150"
2021-07-16,51.809546635183,"W = 150"
2021-07-19,51.9253193629057,"W = 150"
2021-07-20,52.0366578431565,"W = 150"
2021-07-21,52.2568767450548,"W = 150"
2021-07-22,52.9537696173432,"W = 150"
2021-07-23,52.3324462876309,"W = 150"
2021-07-26,52.3235482137573,"W = 150"
2021-07-27,52.2781017424297,"W = 150"
2021-07-28,50.7625339733574,"W = 150"
2021-07-29,50.2512228190753,"W = 150"
2021-07-30,50.5385823682,"W = 150"
2021-08-02,51.0706951912628,"W = 150"
2021-08-03,50.8870810384744,"W = 150"
2021-08-04,50.6290138962643,"W = 150"
2021-08-05,50.6482505429267,"W = 150"
2021-08-06,50.6590498636068,"W = 150"
2021-08-09,50.7498292698478,"W = 150"
2021-08-10,50.1368377392758,"W = 150"
2021-08-11,49.9460394274455,"W = 150"
2021-08-12,49.6665758324563,"W = 150"
2021-08-13,49.9196031982321,"W = 150"
2021-08-16,49.9479799664935,"W = 150"
2021-08-17,50.78094540964,"W = 150"
2021-08-18,50.9844799562635,"W = 150"
2021-08-19,50.6581512137712,"W = 150"
2021-08-20,50.527156614438,"W = 150"
2021-08-23,50.5747890447453,"W = 150"
2021-08-24,50.336599068258,"W = 150"
2021-08-25,50.4621255493501,"W = 150"
2021-08-26,48.9712182252285,"W = 150"
2021-08-27,49.0272611822174,"W = 150"
2021-08-30,49.8294911061078,"W = 150"
2021-08-31,48.8170183332989,"W = 150"
2021-09-01,48.6837300351429,"W = 150"
2021-09-02,48.4739497047806,"W = 150"
2021-09-03,49.1935136932727,"W = 150"
2021-09-06,49.3993788509206,"W = 150"
2021-09-08,50.6127700789235,"W = 150"
2021-09-09,50.3161717695531,"W = 150"
2021-09-10,50.1280005371792,"W = 150"
2021-09-13,50.3530103313677,"W = 150"
2021-09-14,50.7805110119318,"W = 150"
2021-09-15,50.0276631353314,"W = 150"
2021-09-16,50.1975163956679,"W = 150"
2021-09-17,50.6891614519334,"W = 150"
2021-09-20,51.0854821829749,"W = 150"
2021-09-21,47.5492168848633,"W = 150"
2021-09-22,47.5569461499998,"W = 150"
2021-09-23,47.783775856268,"W = 150"
2021-09-24,47.0799036747412,"W = 150"
2021-09-27,46.4740718059077,"W = 150"
2021-09-28,47.1713616664801,"W = 150"
2021-09-29,43.70048240207,"W = 150"
2021-09-30,41.3683569302844,"W = 150"
2021-10-01,40.4293856557662,"W = 150"
2021-10-04,40.8344401594604,"W = 150"
2021-10-05,38.0465623087412,"W = 150"
2021-10-06,38.7278152076654,"W = 150"
2021-10-07,37.916028413404,"W = 150"
2021-10-08,37.9824596883108,"W = 150"
2021-10-11,37.4074922774493,"W = 150"
2021-10-13,37.6776122531159,"W = 150"
2021-10-14,38.1852072332372,"W = 150"
2021-10-15,38.0930903105813,"W = 150"
2021-10-18,37.3737907337158,"W = 150"
2021-10-19,37.4682971943447,"W = 150"
2021-10-20,37.4643354907075,"W = 150"
2021-10-21,40.7837198472184,"W = 150"
2021-10-22,45.9108603578591,"W = 150"
2021-10-25,45.9565050386973,"W = 150"
2021-10-26,45.9438293707904,"W = 150"
2021-10-27,46.5101493279166,"W = 150"
2021-10-28,46.6107774315368,"W = 150"
2021-10-29,46.3653754497207,"W = 150"
2021-11-01,46.8978717063264,"W = 150"
2021-11-03,47.4423097773543,"W = 150"
2021-11-04,48.2962578452621,"W = 150"
2021-11-05,48.3636826307703,"W = 150"
2021-11-08,48.3462371349393,"W = 150"
2021-11-09,49.2300545373761,"W = 150"
2021-11-10,49.463391902187,"W = 150"
2021-11-11,49.775995553653,"W = 150"
2021-11-12,50.3527651108737,"W = 150"
2021-11-16,50.4424442108858,"W = 150"
2021-11-17,50.7825501836352,"W = 150"
2021-11-18,51.0993828811922,"W = 150"
2021-11-19,50.4191543483269,"W = 150"
2021-11-22,50.3061054870979,"W = 150"
2021-11-23,50.4925076355771,"W = 150"
2021-11-24,50.5171668466467,"W = 150"
2021-11-25,50.7876937875505,"W = 150"
2021-11-26,52.9308927556866,"W = 150"
2021-11-29,52.9796157986972,"W = 150"
2021-11-30,54.0152371084105,"W = 150"
2021-12-01,54.7519493816823,"W = 150"
2021-12-02,54.5705551177843,"W = 150"
2021-12-03,55.441042426457,"W = 150"
2021-12-06,55.768360955095,"W = 150"
2021-12-07,55.9636383095957,"W = 150"
2021-12-08,56.1104542235763,"W = 150"
2021-12-09,56.1955721960847,"W = 150"
2021-12-10,56.3389933982756,"W = 150"
2021-12-13,56.5799161574229,"W = 150"
2021-12-14,56.408767520999,"W = 150"
2021-12-15,56.6823467365705,"W = 150"
2021-12-16,56.8990237885847,"W = 150"
2021-12-17,56.9288299237984,"W = 150"
2021-12-20,58.8752736549338,"W = 150"
2021-12-21,58.5417510299327,"W = 150"
2021-12-22,58.2361853452533,"W = 150"
2021-12-23,57.9129175960874,"W = 150"
2021-12-27,57.9455958731857,"W = 150"
2021-12-28,57.689710638897,"W = 150"
2021-12-29,57.7732325111232,"W = 150"
2021-12-30,57.6463729613339,"W = 150"
2022-01-03,58.3714905136419,"W = 150"
2022-01-04,58.0656834244595,"W = 150"
2022-01-05,57.8020544418536,"W = 150"
2022-01-06,57.5234563927271,"W = 150"
2022-01-07,57.4023120027498,"W = 150"
2022-01-10,57.740990226674,"W = 150"
2022-01-11,58.2435147843795,"W = 150"
2022-01-12,57.9969156667825,"W = 150"
2022-01-13,57.5944262695102,"W = 150"
2022-01-14,57.5799535642596,"W = 150"
2022-01-17,57.5101832798653,"W = 150"
2022-01-18,57.2822678613106,"W = 150"
2022-01-19,57.2965811245217,"W = 150"
2022-01-20,56.9430285242979,"W = 150"
2022-01-21,56.8305854087009,"W = 150"
2022-01-24,56.902780599424,"W = 150"
2022-01-25,56.981385749903,"W = 150"
2022-01-26,56.9590775446129,"W = 150"
2022-01-27,56.9382898643218,"W = 150"
2022-01-28,56.9889279722115,"W = 150"
2022-01-31,56.6628307022287,"W = 150"
2022-02-01,57.0156839411173,"W = 150"
2022-02-02,56.585067332271,"W = 150"
2022-02-03,54.3254259008856,"W = 150"
2022-02-04,53.9720474529289,"W = 150"
2022-02-07,55.0337109967049,"W = 150"
2022-02-08,55.0574224924059,"W = 150"
2022-02-09,53.947328019169,"W = 150"
2022-02-10,54.199187596966,"W = 150"
2022-02-11,54.0867434995558,"W = 150"
2022-02-14,53.8046728020938,"W = 150"
2022-02-15,52.3380658088851,"W = 150"
2022-02-16,52.240516960111,"W = 150"
2022-02-17,52.5580330554683,"W = 150"
2022-02-18,52.171146945063,"W = 150"
2022-02-21,50.6417051346923,"W = 150"
2022-02-22,50.5234692660393,"W = 150"
2022-02-23,49.9922059173022,"W = 150"
2022-02-24,52.8697765902849,"W = 150"
2022-02-25,53.18546689075,"W = 150"
2022-03-02,52.75789292051,"W = 150"
2022-03-03,52.4170878547762,"W = 150"
2022-03-04,52.0806169691887,"W = 150"
2022-03-07,52.2247200309948,"W = 150"
2022-03-08,52.011677005864,"W = 150"
2022-03-09,51.9700500976943,"W = 150"
2022-03-10,51.8472854807293,"W = 150"
2022-03-11,51.8467208045808,"W = 150"
2022-03-14,52.3820295877743,"W = 150"
2022-03-15,52.1720917749917,"W = 150"
2022-03-16,52.0242988050531,"W = 150"
2022-03-17,51.9581621942352,"W = 150"
2022-03-18,51.9745907445696,"W = 150"
2022-03-21,51.8425587378335,"W = 150"
2022-03-22,52.1819105136827,"W = 150"
2022-03-23,52.5056004965554,"W = 150"
2022-03-24,52.5007759230274,"W = 150"
2022-03-25,51.9861367060002,"W = 150"
2022-03-28,52.6581101155135,"W = 150"
2022-03-29,52.4362833789142,"W = 150"
2022-03-30,52.6884650507606,"W = 150"
2022-03-31,52.571290210655,"W = 150"
2022-04-01,51.8317450786322,"W = 150"
2022-04-04,51.6865382156953,"W = 150"
2022-04-05,52.189539012948,"W = 150"
2022-04-06,52.0554509963283,"W = 150"
2022-04-07,51.8429794216158,"W = 150"
2022-04-08,52.070764285576,"W = 150"
2022-04-11,53.0009989401628,"W = 150"
2022-04-12,52.2082227620641,"W = 150"
2022-04-13,52.4375763649207,"W = 150"
2022-04-14,53.5178722115693,"W = 150"
2022-04-18,54.0343391721891,"W = 150"
2022-04-19,54.0191599080309,"W = 150"
2022-04-20,54.3337447267191,"W = 150"
2022-04-22,54.5229682989811,"W = 150"
2022-04-25,53.8697032998651,"W = 150"
2022-04-26,53.9644249269011,"W = 150"
2022-04-27,53.8688500291477,"W = 150"
2022-04-28,53.8267330091326,"W = 150"
2022-04-29,53.7149681075324,"W = 150"
2022-05-02,54.15981365292,"W = 150"
2022-05-03,54.0228433937267,"W = 150"
2022-05-04,53.6329687661924,"W = 150"
2022-05-05,53.2395827845631,"W = 150"
2022-05-06,53.2576617645006,"W = 150"
2022-05-09,53.6301081587393,"W = 150"
2022-05-10,53.8016271356068,"W = 150"
2022-05-11,53.437594998149,"W = 150"
2022-05-12,53.8692701619371,"W = 150"
2022-05-13,52.6841556468376,"W = 150"
2022-05-16,52.0486783822691,"W = 150"
2022-05-17,51.8779274725416,"W = 150"
2022-05-18,51.8222613924302,"W = 150"
2022-05-19,52.0167515039876,"W = 150"
2022-05-20,51.6755550046269,"W = 150"
2022-05-23,51.6329508990761,"W = 150"
2022-05-24,51.5700173119368,"W = 150"
2022-05-25,47.9380649951882,"W = 150"
2022-05-26,44.696444941505,"W = 150"
2022-05-27,46.201527075008,"W = 150"
2022-05-30,45.8671999488004,"W = 150"
2022-05-31,46.170208495701,"W = 150"
2022-06-01,44.5145624534137,"W = 150"
2022-06-02,44.6821683911918,"W = 150"
2022-06-03,45.2802761941546,"W = 150"
2022-06-06,44.2481359354053,"W = 150"
2022-06-07,45.8566113928052,"W = 150"
2022-06-08,45.2833625967412,"W = 150"
2022-06-09,45.1634141240155,"W = 150"
2022-06-10,45.1968512595622,"W = 150"
2022-06-13,44.0015262257814,"W = 150"
2022-06-14,44.3564383439388,"W = 150"
2022-06-15,44.7403880159092,"W = 150"
2022-06-17,44.6314333449118,"W = 150"
2022-06-20,44.2901681492451,"W = 150"
2022-06-21,44.264760495966,"W = 150"
2022-06-22,44.319266559453,"W = 150"
2022-06-23,44.1860014641932,"W = 150"
2022-06-24,43.8741904959849,"W = 150"
2022-06-27,44.0568283655835,"W = 150"
2022-06-28,43.8663044837971,"W = 150"
2022-06-29,41.9181153094426,"W = 150"
2022-06-30,42.0396351592055,"W = 150"
2022-07-01,41.5051533507565,"W = 150"
2022-07-04,42.0917317431309,"W = 150"
2022-07-05,41.7576064727072,"W = 150"
2022-07-06,40.3366068062382,"W = 150"
2022-07-07,39.8592535435018,"W = 150"
2022-07-08,39.6257145693886,"W = 150"
2022-07-11,39.7914727201213,"W = 150"
2022-07-12,39.9655760528963,"W = 150"
2022-07-13,39.8667805694705,"W = 150"
2022-07-14,39.1146559668086,"W = 150"
2022-07-15,38.5621241826471,"W = 150"
2022-07-18,38.1623092429497,"W = 150"
2022-07-19,37.8326347278193,"W = 150"
2022-07-20,38.1195565220547,"W = 150"
2022-07-21,37.7586054046067,"W = 150"
2022-07-22,37.8961457028179,"W = 150"
2022-07-25,38.5626635730306,"W = 150"
2022-07-26,37.1414813104915,"W = 150"
2022-07-27,37.645571558545,"W = 150"
2022-07-28,37.1184025153527,"W = 150"
2022-07-29,36.7300332654522,"W = 150"
2022-08-01,37.2628122070245,"W = 150"
2022-08-02,36.8658460146438,"W = 150"
2022-08-03,36.9379161814697,"W = 150"
2022-08-04,36.8674733055916,"W = 150"
2022-08-05,37.0906425649679,"W = 150"
2022-08-08,37.1129374103798,"W = 150"
2022-08-09,37.0319582259732,"W = 150"
2022-08-10,35.8024336790243,"W = 150"
2022-08-11,35.6270651498118,"W = 150"
2022-08-12,36.0649222852457,"W = 150"
2022-08-15,36.0301528374809,"W = 150"
2022-08-16,36.0208738271122,"W = 150"
2022-08-17,36.5729012309054,"W = 150"
2022-08-18,36.6926481031821,"W = 150"
2022-08-19,36.4645327071073,"W = 150"
2022-08-22,35.9664925658049,"W = 150"
2022-08-23,36.9319521187178,"W = 150"
2022-08-24,36.8531252201097,"W = 150"
2022-08-25,36.4762024669277,"W = 150"
2022-08-26,36.1199024935596,"W = 150"
2022-08-29,36.1399868818558,"W = 150"
2022-08-30,36.0844720226426,"W = 150"
2022-08-31,35.8082097304865,"W = 150"
2022-09-01,36.4737650691119,"W = 150"
2022-09-02,36.2794309965569,"W = 150"
2022-09-05,36.2787706719282,"W = 150"
2022-09-06,35.469054815047,"W = 150"
2022-09-08,35.7073710076563,"W = 150"
2022-09-09,34.9727226656879,"W = 150"
2022-09-12,35.2275720464204,"W = 150"
2022-09-13,35.0877457369564,"W = 150"
2022-09-14,35.5478240697705,"W = 150"
2022-09-15,35.9373428063479,"W = 150"
2022-09-16,35.8155127363109,"W = 150"
2022-09-19,35.8718045756133,"W = 150"
2022-09-20,36.1656837206789,"W = 150"
2022-09-21,36.3241664773994,"W = 150"
2022-09-22,36.9157833576507,"W = 150"
2022-09-23,36.7151391387497,"W = 150"
2022-09-26,32.4374808964923,"W = 150"
2022-09-27,33.1576780880759,"W = 150"
2022-09-28,32.8191328031143,"W = 150"
2022-09-29,33.0407311772105,"W = 150"
2022-09-30,32.4777638693892,"W = 150"
2022-10-03,33.568448829171,"W = 150"
2022-10-04,33.1648019026995,"W = 150"
2022-10-05,32.6960542905503,"W = 150"
2022-10-06,32.732130114059,"W = 150"
2022-10-07,32.5796979715848,"W = 150"
2022-10-10,31.5843735753245,"W = 150"
2022-10-11,31.3947725693362,"W = 150"
2022-10-13,32.1875200809474,"W = 150"
2022-10-14,32.3463477126832,"W = 150"
2022-10-17,32.765042184899,"W = 150"
2022-10-18,33.1646632454536,"W = 150"
2022-10-19,33.4278453897112,"W = 150"
2022-10-20,33.2307578881994,"W = 150"
2022-10-21,33.0107002954348,"W = 150"
2022-10-24,32.6641447864699,"W = 150"
2022-10-25,33.1016094425765,"W = 150"
2022-10-26,35.6512341966148,"W = 150"
2022-10-27,34.8901738254179,"W = 150"
2022-10-28,34.6482998372498,"W = 150"
2022-10-31,36.555432146876,"W = 150"
2022-11-01,37.0994958058321,"W = 150"
2022-11-03,38.9892435597303,"W = 150"
2022-11-04,39.1006588028191,"W = 150"
2022-11-07,39.1138934293247,"W = 150"
2022-11-08,38.3643305349845,"W = 150"
2022-11-09,39.1685863008405,"W = 150"
2022-11-10,40.371074745128,"W = 150"
2022-11-11,40.9393257520223,"W = 150"
2022-11-14,40.6658302090603,"W = 150"
2022-11-16,40.4730730996012,"W = 150"
2022-11-17,41.6922522854696,"W = 150"
2022-11-18,41.4661414044895,"W = 150"
2022-11-21,41.4965667887032,"W = 150"
2022-11-22,41.4690675886362,"W = 150"
2022-11-23,41.2160056306333,"W = 150"
2022-11-24,41.5845678629343,"W = 150"
2022-11-25,41.559991370017,"W = 150"
2022-11-28,41.482340348037,"W = 150"
2022-11-29,41.6606785708672,"W = 150"
2022-11-30,42.0206879297227,"W = 150"
2022-12-01,42.1898090349818,"W = 150"
2022-12-02,41.885653109225,"W = 150"
2022-12-05,42.0322289536133,"W = 150"
2022-12-06,41.4398792999981,"W = 150"
2022-12-07,41.2331072075214,"W = 150"
2022-12-08,41.1525452082921,"W = 150"
2022-12-09,41.9783063591163,"W = 150"
2022-12-12,43.3076144055803,"W = 150"
2022-12-13,43.7011214747608,"W = 150"
2022-12-14,43.9180201070271,"W = 150"
2022-12-15,44.7908334591538,"W = 150"
2022-12-16,44.7815272210907,"W = 150"
2022-12-19,45.5185168048552,"W = 150"
2022-12-20,47.325471229096,"W = 150"
2022-12-21,47.1192858373776,"W = 150"
2022-12-22,47.2066000428018,"W = 150"
2022-12-23,47.0629866872525,"W = 150"
2022-12-26,46.603537070947,"W = 150"
2022-12-27,46.7920282098762,"W = 150"
2022-12-28,46.3050721093014,"W = 150"
2022-12-29,45.5307262031792,"W = 150"
2023-01-02,45.5358268355392,"W = 150"
2023-01-03,45.2312850270411,"W = 150"
2023-01-04,45.2224881902964,"W = 150"
2023-01-05,44.2190664158151,"W = 150"
2023-01-06,44.5813798373699,"W = 150"
2023-01-09,44.6022965024507,"W = 150"
2023-01-10,45.1602915447856,"W = 150"
2023-01-11,45.0672369721616,"W = 150"
2023-01-12,45.1243048555667,"W = 150"
2023-01-13,44.6891507879204,"W = 150"
2023-01-16,44.7375638780446,"W = 150"
2023-01-17,44.677028611315,"W = 150"
2023-01-18,44.925052861576,"W = 150"
2023-01-19,45.1378897501506,"W = 150"
2023-01-20,44.9304230014331,"W = 150"
2023-01-23,45.0370421242597,"W = 150"
2023-01-24,43.9981011426227,"W = 150"
2023-01-25,44.0108569457534,"W = 150"
2023-01-26,44.0120574381157,"W = 150"
2023-01-27,44.2077440252179,"W = 150"
2023-01-30,44.2673091862539,"W = 150"
2023-01-31,43.1766252294145,"W = 150"
2023-02-01,43.4483537407893,"W = 150"
2023-02-02,45.6444660909058,"W = 150"
2023-02-03,45.1090146130963,"W = 150"
2023-02-06,45.19208871686,"W = 150"
2023-02-07,44.952374666295,"W = 150"
2023-02-08,45.0757653872144,"W = 150"
2023-02-09,45.5361269262453,"W = 150"
2023-02-10,45.3010164740337,"W = 150"
2023-02-13,44.9138217097804,"W = 150"
2023-02-14,44.4074772903797,"W = 150"
2023-02-15,44.4102462839517,"W = 150"
2023-02-16,43.9889339374358,"W = 150"
2023-02-17,44.2039304629215,"W = 150"
2023-02-22,43.5297886049688,"W = 150"
2023-02-23,42.6329026475409,"W = 150"
2023-02-24,43.9384799698364,"W = 150"
2023-02-27,43.8743926416647,"W = 150"
2023-02-28,43.8882243390017,"W = 150"
2023-03-01,44.1129746882369,"W = 150"
2023-03-02,43.8330501302618,"W = 150"
2023-03-03,44.6130538040086,"W = 150"
2023-03-06,44.7021552002172,"W = 150"
2023-03-07,44.6299716752936,"W = 150"
2023-03-08,45.1298468263403,"W = 150"
2023-03-09,45.1065754820909,"W = 150"
2023-03-10,45.2322076035509,"W = 150"
2023-03-13,45.6315928029701,"W = 150"
2023-03-14,46.0858880632173,"W = 150"
2023-03-15,46.6276380854094,"W = 150"
2023-03-16,46.6767002496661,"W = 150"
2023-03-17,46.6869002368242,"W = 150"
2023-03-20,46.6644770863205,"W = 150"
2023-03-21,46.3066555333819,"W = 150"
2023-03-22,46.3816230961759,"W = 150"
2023-03-23,47.0038813086808,"W = 150"
2023-03-24,45.8993075802795,"W = 150"
2023-03-27,45.7902334086929,"W = 150"
2023-03-28,45.0501957782935,"W = 150"
2023-03-29,44.7329576208644,"W = 150"
2023-03-30,44.8704512827242,"W = 150"
2023-03-31,45.0990567272571,"W = 150"
2023-04-03,45.2779106709231,"W = 150"
2023-04-04,45.2474629781262,"W = 150"
2023-04-05,45.4928294001641,"W = 150"
2023-04-06,45.4558089720255,"W = 150"
2023-04-10,46.6593565075109,"W = 150"
2023-04-11,46.3907688862562,"W = 150"
2023-04-12,46.2041048975664,"W = 150"
2023-04-13,46.3677520128422,"W = 150"
2023-04-14,46.603730185864,"W = 150"
2023-04-17,46.7363610506986,"W = 150"
2023-04-18,46.5582293741316,"W = 150"
2023-04-19,47.4692749963114,"W = 150"
2023-04-20,47.811142933586,"W = 150"
2023-04-24,47.8866671962961,"W = 150"
2023-04-25,47.6281694217421,"W = 150"
2023-04-26,47.8509397750103,"W = 150"
2023-04-27,48.3037236799233,"W = 150"
2023-04-28,48.208569380216,"W = 150"
2023-05-02,48.2672729868788,"W = 150"
2023-05-03,47.6836917160015,"W = 150"
2023-05-04,47.6715873233435,"W = 150"
2023-05-05,47.5084267125942,"W = 150"
2023-05-08,46.5328234993738,"W = 150"
2023-05-09,46.5977023121608,"W = 150"
2023-05-10,46.4629308847049,"W = 150"
2023-05-11,45.7608447952138,"W = 150"
2023-05-12,45.8269850339711,"W = 150"
2023-05-15,46.28511668283,"W = 150"
2023-05-16,46.476361311493,"W = 150"
2023-05-17,47.5026831856635,"W = 150"
2023-05-18,48.482843164115,"W = 150"
2023-05-19,48.1519162481337,"W = 150"
2023-05-22,47.9091924655074,"W = 150"
2023-05-23,46.799745224703,"W = 150"
2023-05-24,47.0031037717987,"W = 150"
2023-05-25,46.8884729591691,"W = 150"
2023-05-26,47.2051596196708,"W = 150"
2023-05-29,48.7547981283938,"W = 150"
2023-05-30,47.2579618078898,"W = 150"
2023-05-31,46.6532962741153,"W = 150"
2023-06-01,46.8493333780669,"W = 150"
2023-06-02,45.5545539277032,"W = 150"
2023-06-05,44.7288453024385,"W = 150"
2023-06-06,45.1187753058265,"W = 150"
2023-06-07,46.2798132354506,"W = 150"
2023-06-09,46.3793637263367,"W = 150"
2023-06-12,46.5655044617577,"W = 150"
2023-06-13,46.1783381598448,"W = 150"
2023-06-14,44.4061425468434,"W = 150"
2023-06-15,43.9168654322548,"W = 150"
2023-06-16,44.239414524542,"W = 150"
2023-06-19,45.5177323610585,"W = 150"
2023-06-20,45.0806880921422,"W = 150"
2023-06-21,44.7450047347717,"W = 150"
2023-06-22,43.9971734624661,"W = 150"
2023-06-23,44.7995425262282,"W = 150"
2023-06-26,44.8258106029993,"W = 150"
2023-06-27,45.0392662219662,"W = 150"
2023-06-28,45.4257555951758,"W = 150"
2023-06-29,45.57384335131,"W = 150"
2023-06-30,45.1262433022239,"W = 150"
2023-07-03,44.5527903096119,"W = 150"
2023-07-04,45.9086898017,"W = 150"
2023-07-05,44.7886360238988,"W = 150"
2023-07-06,44.7499208811866,"W = 150"
2023-07-07,44.7045312761581,"W = 150"
2023-07-10,45.3994879940662,"W = 150"
2023-07-11,45.7308148068271,"W = 150"
2023-07-12,45.8106021457144,"W = 150"
2023-07-13,44.0004267142271,"W = 150"
2023-07-14,43.9282308074665,"W = 150"
2023-07-17,43.8252966233317,"W = 150"
2023-07-18,43.0358590215059,"W = 150"
2023-07-19,43.9158415754719,"W = 150"
2023-07-20,43.7650763554796,"W = 150"
2023-07-21,43.25417036655,"W = 150"
2023-07-24,43.3929361555552,"W = 150"
2023-07-25,43.5814229408559,"W = 150"
2023-07-26,44.1195369224912,"W = 150"
2023-07-27,44.2427649198952,"W = 150"
2023-07-28,44.58956234497,"W = 150"
2023-07-31,44.9800133766094,"W = 150"
2023-08-01,44.9104177247066,"W = 150"
2023-08-02,45.5329615793605,"W = 150"
2023-08-03,45.8308066929564,"W = 150"
2023-08-04,45.3888232011827,"W = 150"
2023-08-07,44.5255396747614,"W = 150"
2023-08-08,44.503279548374,"W = 150"
2023-08-09,44.092027837189,"W = 150"
2023-08-10,43.087466397387,"W = 150"
2023-08-11,43.9827740731563,"W = 150"
2023-08-14,42.1757590728414,"W = 150"
2023-08-15,42.3532120952126,"W = 150"
2023-08-16,42.553321443324,"W = 150"
2023-08-17,42.4895980181851,"W = 150"
2023-08-18,42.3359360062931,"W = 150"
2023-08-21,42.4076167574402,"W = 150"
2023-08-22,42.5935661824994,"W = 150"
2023-08-23,43.0605473146512,"W = 150"
2023-08-24,44.1735960381462,"W = 150"
2023-08-25,43.8030688813417,"W = 150"
2023-08-28,43.6351572282581,"W = 150"
2023-08-29,43.6783978006093,"W = 150"
2023-08-30,43.7907792247804,"W = 150"
2023-08-31,43.9466958458905,"W = 150"
2023-09-01,43.4229153162264,"W = 150"
2023-09-04,40.3937665087251,"W = 150"
2023-09-05,41.2831042043623,"W = 150"
2023-09-06,41.3731134205816,"W = 150"
2023-09-08,41.2361336370948,"W = 150"
2023-09-11,40.5463918053296,"W = 150"
2023-09-12,40.296787494453,"W = 150"
2023-09-13,39.1222308524809,"W = 150"
2023-09-14,39.6315110944823,"W = 150"
2023-09-15,40.2788742149255,"W = 150"
2023-09-18,39.6829663769143,"W = 150"
2023-09-19,39.4375484547988,"W = 150"
2023-09-20,39.1966013341014,"W = 150"
2023-09-21,39.2710911753097,"W = 150"
2023-09-22,39.0045888783003,"W = 150"
2023-09-25,39.4614349780593,"W = 150"
2023-09-26,39.990661244808,"W = 150"
2023-09-27,39.742490684583,"W = 150"
2023-09-28,38.0076952404697,"W = 150"
2023-09-29,37.978131911401,"W = 150"
2023-10-02,38.0625006689273,"W = 150"
2023-10-03,38.0015939370687,"W = 150"
2023-10-04,38.0551706318146,"W = 150"
2023-10-05,38.2953358929708,"W = 150"
2023-10-06,39.2328495513335,"W = 150"
2023-10-09,39.7113462133273,"W = 150"
2023-10-10,39.5358379405063,"W = 150"
2023-10-11,38.3843006176278,"W = 150"
2023-10-13,37.4412038000291,"W = 150"
2023-10-16,37.2446254441321,"W = 150"
2023-10-17,37.1104347796769,"W = 150"
2023-10-18,36.4435750081734,"W = 150"
2023-10-19,37.1667638385515,"W = 150"
2023-10-20,36.6592971457109,"W = 150"
2023-10-23,34.6190263624874,"W = 150"
2023-10-24,34.4775365389344,"W = 150"
2023-10-25,34.2065326231963,"W = 150"
2023-10-26,33.9307222647059,"W = 150"
2023-10-27,33.1634836204362,"W = 150"
2023-10-30,32.517118655182,"W = 150"
2023-10-31,32.4878366357716,"W = 150"
2023-11-01,32.5270425494773,"W = 150"
2023-11-03,34.3479428499663,"W = 150"
2023-11-06,34.0433324739388,"W = 150"
2023-11-07,34.202799061139,"W = 150"
2023-11-08,33.9061154251482,"W = 150"
2023-11-09,33.902993913465,"W = 150"
2023-11-10,32.3402829694235,"W = 150"
2023-11-13,32.2913791754249,"W = 150"
2023-11-14,32.0215802393374,"W = 150"
2023-11-16,31.5991648317331,"W = 150"
2023-11-17,31.6249509625435,"W = 150"
2023-11-20,31.1293786462162,"W = 150"
2023-11-21,31.396625249089,"W = 150"
2023-11-22,31.4284883018372,"W = 150"
2023-11-23,30.7038474131951,"W = 150"
2023-11-24,31.1019177372217,"W = 150"
2023-11-27,31.6163002922436,"W = 150"
2023-11-28,31.748342677929,"W = 150"
2023-11-29,31.6053115621992,"W = 150"
2023-11-30,31.3912760901211,"W = 150"
2023-12-01,31.1160899945339,"W = 150"
2023-12-04,31.0198871104642,"W = 150"
2023-12-05,31.6164706729949,"W = 150"
2023-12-06,31.2339417362314,"W = 150"
2023-12-07,31.8794160388523,"W = 150"
2023-12-08,30.8389561103377,"W = 150"
2023-12-11,31.2184800688558,"W = 150"
2023-12-12,31.00411503401,"W = 150"
2023-12-13,31.3497140218724,"W = 150"
2023-12-14,31.4437836890633,"W = 150"
2023-12-15,30.8479880678661,"W = 150"
2023-12-18,30.6340140444041,"W = 150"
2023-12-19,30.1764662976939,"W = 150"
2023-12-20,29.9593682450837,"W = 150"
2023-12-21,28.6778101136905,"W = 150"
2023-12-22,28.0943650047088,"W = 150"
2023-12-26,27.9631957990757,"W = 150"
2023-12-27,27.5026602389596,"W = 150"
2023-12-28,28.3371658510705,"W = 150"
2024-01-02,28.2880622547365,"W = 150"
2024-01-03,28.5167164084558,"W = 150"
2024-01-04,28.2734818392261,"W = 150"
2024-01-05,27.7221689565826,"W = 150"
2024-01-08,28.0967672339948,"W = 150"
2024-01-09,27.3737488570375,"W = 150"
2024-01-10,27.3909677075367,"W = 150"
2024-01-11,28.0309086196224,"W = 150"
2024-01-12,27.9989628160985,"W = 150"
2024-01-15,28.0629748813,"W = 150"
2024-01-16,28.486827501481,"W = 150"
2024-01-17,28.5122626305042,"W = 150"
2024-01-18,28.0626738757102,"W = 150"
2024-01-19,27.9255511037709,"W = 150"
2024-01-22,27.6614394313774,"W = 150"
2024-01-23,27.494719001015,"W = 150"
2024-01-24,27.2295160421713,"W = 150"
2024-01-25,27.6373413566401,"W = 150"
2024-01-26,26.5737847375047,"W = 150"
2024-01-29,26.8417281964051,"W = 150"
2024-01-30,27.4906280141882,"W = 150"
2024-01-31,26.9725625572089,"W = 150"
2024-02-01,27.0336923986039,"W = 150"
2024-02-02,26.5386734534582,"W = 150"
2024-02-05,26.6271369593655,"W = 150"
2024-02-06,26.4050352189657,"W = 150"
2024-02-07,26.811027431074,"W = 150"
2024-02-08,26.5270315501906,"W = 150"
2024-02-09,26.4775407215069,"W = 150"
2024-02-14,26.0341384707495,"W = 150"
2024-02-15,26.323971728668,"W = 150"
2024-02-16,27.1242003575194,"W = 150"
2024-02-19,26.7591001285414,"W = 150"
2024-02-20,26.3691368380556,"W = 150"
2024-02-21,26.2465746229161,"W = 150"
2024-02-22,27.1041039507954,"W = 150"
2024-02-23,26.7868249060459,"W = 150"
2024-02-26,27.2759595825661,"W = 150"
2024-02-27,26.7918423148459,"W = 150"
2024-02-28,26.9205382696179,"W = 150"
2024-02-29,27.2456495120878,"W = 150"
2024-03-01,27.6451577960157,"W = 150"
2024-03-04,27.6954320590763,"W = 150"
2024-03-05,27.6602570937127,"W = 150"
2024-03-06,27.7516314742686,"W = 150"
2024-03-07,26.7688000849473,"W = 150"
2024-03-08,26.7211779015208,"W = 150"
2024-03-11,28.1998574624841,"W = 150"
2024-03-12,28.2620347004275,"W = 150"
2024-03-13,28.04269185405,"W = 150"
2024-03-14,28.5472221819166,"W = 150"
2024-03-15,28.6733431670702,"W = 150"
2024-03-18,28.5436823549176,"W = 150"
2024-03-19,28.7704401289712,"W = 150"
2024-03-20,28.7944511912191,"W = 150"
2024-03-21,27.8981601533626,"W = 150"
2024-03-22,28.4001160324594,"W = 150"
2024-03-25,28.4893302037821,"W = 150"
2024-03-26,28.2686171897996,"W = 150"
2024-03-27,28.3856518722068,"W = 150"
2024-03-28,28.5061584033052,"W = 150"
2024-04-01,27.5183995617389,"W = 150"
2024-04-02,27.1925080195804,"W = 150"
2024-04-03,27.1189842005964,"W = 150"
2024-04-04,28.8619750234113,"W = 150"
2024-04-05,29.2252876244585,"W = 150"
2024-04-08,29.261031989032,"W = 150"
2024-04-09,29.71084791841,"W = 150"
2024-04-10,29.5347555200238,"W = 150"
2024-04-11,29.6489322061138,"W = 150"
2024-04-12,29.7341531642868,"W = 150"
2024-04-15,29.8161052412156,"W = 150"
2024-04-16,29.6376910655326,"W = 150"
2024-04-17,29.5975889731404,"W = 150"
2024-04-18,29.9328440263206,"W = 150"
2024-04-19,30.1025319317499,"W = 150"
2024-04-22,29.951739433549,"W = 150"
2024-04-23,29.6756721661944,"W = 150"
2024-04-24,29.8059120364614,"W = 150"
2024-04-25,29.2992924884331,"W = 150"
2024-04-26,29.2082267731586,"W = 150"
2024-04-29,29.5896629081902,"W = 150"
2024-04-30,29.4228734791223,"W = 150"
2024-05-02,28.4365829500661,"W = 150"
2024-05-03,28.6103025588724,"W = 150"
2024-05-06,28.8586260055502,"W = 150"
2024-05-07,28.8388272362345,"W = 150"
2024-05-08,28.7029236997513,"W = 150"
2024-05-09,28.7952059908356,"W = 150"
2024-05-10,28.2820341959111,"W = 150"
2024-05-13,26.5417724325605,"W = 150"
2024-05-14,26.2818844851968,"W = 150"
2024-05-15,26.157123614856,"W = 150"
2024-05-16,26.0638021533966,"W = 150"
2024-05-17,26.2373577163762,"W = 150"
2024-05-20,26.4440203963193,"W = 150"
2024-05-21,26.5470075191874,"W = 150"
2024-05-22,26.2258072899173,"W = 150"
2024-05-23,25.4938494384975,"W = 150"
2024-05-24,25.4630380953826,"W = 150"
2024-05-27,25.8131188803165,"W = 150"
2024-05-28,24.8675609784132,"W = 150"
2024-05-29,23.8403909560824,"W = 150"
2024-05-31,23.6841710093535,"W = 150"
2024-06-03,23.7976860130736,"W = 150"
2024-06-04,23.5849559695182,"W = 150"
2024-06-05,24.2614730306404,"W = 150"
2024-06-06,24.3764516797409,"W = 150"
2024-06-07,22.2656982366217,"W = 150"
2024-06-10,22.2305467368114,"W = 150"
2024-06-11,22.2081469521669,"W = 150"
2024-06-12,22.5995478621586,"W = 150"
2024-06-13,22.0792071458253,"W = 150"
2024-06-14,21.9773210405109,"W = 150"
2024-06-17,22.2346788805675,"W = 150"
2024-06-18,21.8651725810485,"W = 150"
2024-06-19,21.5253880339675,"W = 150"
2024-06-20,21.8882444427829,"W = 150"
2024-06-21,21.9004971452047,"W = 150"
2024-06-24,22.1303438804732,"W = 150"
2024-06-25,21.4275470552638,"W = 150"
2024-06-26,21.9780846521257,"W = 150"
2024-06-27,21.8807218974109,"W = 150"
2024-06-28,21.540429574363,"W = 150"
2024-07-01,21.5019497904132,"W = 150"
2024-07-02,21.8022791015741,"W = 150"
2024-07-03,21.8825994862211,"W = 150"
2024-07-04,21.8120449041989,"W = 150"
2024-07-05,21.8168760728482,"W = 150"
2024-07-08,21.7093592017317,"W = 150"
2024-07-09,21.643402465238,"W = 150"
2024-07-10,21.8428984425044,"W = 150"
2024-07-11,22.0910812958386,"W = 150"
2024-07-12,22.9761809314873,"W = 150"
2024-07-15,23.3970541784962,"W = 150"
2024-07-16,23.7266794315819,"W = 150"
2024-07-17,23.4336465155205,"W = 150"
2024-07-18,23.2823701559235,"W = 150"
2024-07-19,23.5008329750503,"W = 150"
2024-07-22,23.4525644072292,"W = 150"
2024-07-23,25.5897322596996,"W = 150"
2024-07-24,26.8943119795668,"W = 150"
2024-07-25,29.5865400934103,"W = 150"
2024-07-26,24.0941933087568,"W = 150"
2024-07-29,24.6241778759271,"W = 150"
2024-07-30,25.1902302989832,"W = 150"
2024-07-31,24.5704056194967,"W = 150"
2024-08-01,24.608117814305,"W = 150"
2024-08-02,24.706705920881,"W = 150"
2024-08-05,27.750048723316,"W = 150"
2024-08-06,28.4486340750314,"W = 150"
2024-08-07,28.5818286277757,"W = 150"
2024-08-08,28.3834960425078,"W = 150"
2024-08-09,27.9092452789256,"W = 150"
2024-08-12,27.7209796857296,"W = 150"
2024-08-13,27.7946606050448,"W = 150"
2024-08-14,27.8018559366683,"W = 150"
2024-08-15,27.6917905657645,"W = 150"
2024-08-16,28.5644198999458,"W = 150"
2024-08-19,28.6854009230988,"W = 150"
2024-08-20,28.4751284436657,"W = 150"
2024-08-21,29.2405706269458,"W = 150"
2024-08-22,29.2249940005035,"W = 150"
2024-08-23,28.9693639619128,"W = 150"
2024-08-26,28.7095027072218,"W = 150"
2024-08-27,29.6690418276911,"W = 150"
2024-08-28,29.0429101013746,"W = 150"
2024-08-29,29.2165709136763,"W = 150"
2024-08-30,28.8245601569703,"W = 150"
2024-09-02,28.4751836986527,"W = 150"
2024-09-03,29.3421449989228,"W = 150"
2024-09-04,28.9816229756607,"W = 150"
2024-09-05,29.0685253820869,"W = 150"
2024-09-06,28.6665508835585,"W = 150"
2024-09-09,29.3863880150782,"W = 150"
2024-09-10,29.5029324527594,"W = 150"
2024-09-11,29.70826181309,"W = 150"
2024-09-12,29.388822284684,"W = 150"
2024-09-13,29.339072943358,"W = 150"
2024-09-16,29.140613392036,"W = 150"
2024-09-17,29.8531844925549,"W = 150"
2024-09-18,29.4739514200676,"W = 150"
2024-09-19,29.6303186899144,"W = 150"
2024-09-20,29.4686028472558,"W = 150"
2024-09-23,29.670922380318,"W = 150"
2024-09-24,30.4021049975691,"W = 150"
2024-09-25,29.5594597461638,"W = 150"
2024-09-26,29.6311076946613,"W = 150"
2024-09-27,29.2294731196704,"W = 150"
2024-09-30,29.188248143667,"W = 150"
2024-10-01,29.1847037278252,"W = 150"
2024-10-02,29.8062772617276,"W = 150"
2024-10-03,30.1133327945876,"W = 150"
2024-10-04,29.3698443825587,"W = 150"
2024-10-07,29.515719866141,"W = 150"
2024-10-08,29.8139028141182,"W = 150"
2024-10-09,32.5580300064069,"W = 150"
2024-10-10,28.257536425018,"W = 150"
2024-10-11,26.7543334521161,"W = 150"
2024-10-14,26.7230657997185,"W = 150"
2024-10-15,26.9445237038176,"W = 150"
2024-10-16,27.0913976196859,"W = 150"
2024-10-17,27.4431228081631,"W = 150"
2024-10-18,26.9840416456602,"W = 150"
2024-10-21,26.8889226666456,"W = 150"
2024-10-22,26.7582858416451,"W = 150"
2024-10-23,27.0563667330752,"W = 150"
2024-10-24,27.3846071646421,"W = 150"
2024-10-25,27.4444447727963,"W = 150"
2024-10-28,27.406663629824,"W = 150"
2024-10-29,26.2197957314677,"W = 150"
2024-10-30,26.2113223827568,"W = 150"
2024-10-31,26.2408064074948,"W = 150"
2024-11-01,26.2167557692202,"W = 150"
2024-11-04,26.3219042103225,"W = 150"
2024-11-05,25.9603354649323,"W = 150"
2024-11-06,26.7083517306748,"W = 150"
2024-11-07,26.7753891762743,"W = 150"
2024-11-08,26.8291311402014,"W = 150"
2024-11-11,26.7604885212693,"W = 150"
2024-11-12,26.2843540128589,"W = 150"
2024-11-13,26.3397810200553,"W = 150"
2024-11-14,26.4735697303718,"W = 150"
2024-11-18,26.4327287898319,"W = 150"
2024-11-19,26.3087886770135,"W = 150"
2024-11-21,26.396370114948,"W = 150"
2024-11-22,26.5827311872604,"W = 150"
2024-11-25,26.0696272064591,"W = 150"
2024-11-26,26.4037369566016,"W = 150"
2024-11-27,26.8725984721153,"W = 150"
2024-11-28,26.393757504693,"W = 150"
2024-11-29,27.3024730158909,"W = 150"
2024-12-02,27.2532178847472,"W = 150"
2024-12-03,27.0351772563027,"W = 150"
2024-12-04,26.4858885385033,"W = 150"
2024-12-05,27.1665664575567,"W = 150"
2024-12-06,27.3281771652651,"W = 150"
2024-12-09,27.5446184967739,"W = 150"
2024-12-10,28.4565504481383,"W = 150"
2024-12-11,30.9204439006034,"W = 150"
2024-12-12,30.8424365410006,"W = 150"
2024-12-13,30.7148507596589,"W = 150"
2024-12-16,30.7873713588789,"W = 150"
2024-12-17,31.3759512380227,"W = 150"
2024-12-18,30.4648539600695,"W = 150"
2024-12-19,30.4475062949783,"W = 150"
2024-12-20,29.6684966092698,"W = 150"
2024-12-23,29.4155636106677,"W = 150"
2024-12-26,29.3920121136697,"W = 150"
2024-12-27,29.6316545802258,"W = 150"
2024-12-30,29.7210402076242,"W = 150"
2025-01-02,30.2360650808144,"W = 150"
2025-01-03,30.4299562062713,"W = 150"
2025-01-06,28.7270506412815,"W = 150"
2025-01-07,28.0168844983494,"W = 150"
2025-01-08,28.2723189410625,"W = 150"
2025-01-09,28.3539206218979,"W = 150"
2025-01-10,27.8739993301615,"W = 150"
2025-01-13,28.0374409255733,"W = 150"
2025-01-14,27.9716369343639,"W = 150"
2025-01-15,28.3160032651346,"W = 150"
2025-01-16,28.2401721132868,"W = 150"
2025-01-17,28.3334322413036,"W = 150"
2025-01-20,28.2784611526728,"W = 150"
2025-01-21,28.5764231320051,"W = 150"
2025-01-22,28.4864459305307,"W = 150"
2025-01-23,28.9714279160688,"W = 150"
2025-01-24,28.7957330736238,"W = 150"
2025-01-27,28.8600589864777,"W = 150"
2025-01-28,29.0334728310993,"W = 150"
2025-01-29,29.0518688073971,"W = 150"
2025-01-30,28.5821999976925,"W = 150"
2025-01-31,27.9060953299954,"W = 150"
2025-02-03,27.9131410399156,"W = 150"
2025-02-04,28.03652395585,"W = 150"
2025-02-05,29.196729280056,"W = 150"
2025-02-06,29.8333919785754,"W = 150"
2025-02-07,29.9237078973157,"W = 150"
2025-02-10,30.019242824018,"W = 150"
2025-02-11,29.6446146769839,"W = 150"
2025-02-12,30.4145691612319,"W = 150"
2025-02-13,30.3334887763333,"W = 150"
2025-02-14,30.2355678924825,"W = 150"
2025-02-17,30.324471493275,"W = 150"
2025-02-18,30.4425651197039,"W = 150"
2025-02-19,30.2523263717866,"W = 150"
2025-02-20,29.7894169632682,"W = 150"
2025-02-21,31.3984269526317,"W = 150"
2025-02-24,31.2415008188225,"W = 150"
2025-02-25,33.508547929226,"W = 150"
2025-02-26,33.2290816275148,"W = 150"
2025-02-27,33.0680509914615,"W = 150"
2025-02-28,33.1393016341768,"W = 150"
2025-03-05,32.9890499331265,"W = 150"
2025-03-06,32.7401071258424,"W = 150"
2025-03-07,31.0762180060056,"W = 150"
2025-03-10,31.486955065413,"W = 150"
2025-03-11,30.8946287886876,"W = 150"
2025-03-12,31.8163225426641,"W = 150"
2025-03-13,32.0132857480596,"W = 150"
2025-03-14,31.8607449439496,"W = 150"
2025-03-17,32.0654661618827,"W = 150"
2025-03-18,31.4898756201475,"W = 150"
2025-03-19,31.6624498360146,"W = 150"
2025-03-20,31.4363106938875,"W = 150"
2025-03-21,31.9878355475956,"W = 150"
2025-03-24,32.0404242387334,"W = 150"
2025-03-25,31.3856039829932,"W = 150"
2025-03-26,31.8205848744385,"W = 150"
2025-03-27,31.6834886268737,"W = 150"
2025-03-28,31.5754500411515,"W = 150"
2025-03-31,29.8688554696533,"W = 150"
2025-04-01,30.0419925247397,"W = 150"
2025-04-02,30.3728274379811,"W = 150"
2025-04-03,30.8107282446928,"W = 150"
2025-04-04,32.1109273369123,"W = 150"
2025-04-07,33.851373208465,"W = 150"
2025-04-08,34.3661834516223,"W = 150"
2025-04-09,36.3464885124329,"W = 150"
2025-04-10,36.3529343920621,"W = 150"
2025-04-11,35.7007033101664,"W = 150"
2025-04-14,35.669300081629,"W = 150"
2025-04-15,35.0810494839813,"W = 150"
2025-04-16,35.1167054385593,"W = 150"
2025-04-17,35.7355916409081,"W = 150"
2025-04-22,35.5084037373932,"W = 150"
2025-04-23,35.295792725086,"W = 150"
2025-04-24,35.466430205918,"W = 150"
2025-04-25,34.9257003550469,"W = 150"
2025-04-28,34.922445931183,"W = 150"
2025-04-29,34.889551689206,"W = 150"
2025-04-30,34.6355369256168,"W = 150"
2025-05-02,33.881360752289,"W = 150"
2025-05-05,33.7442640222652,"W = 150"
2025-05-06,34.4598044278218,"W = 150"
2025-05-07,34.6912903552435,"W = 150"
2025-05-08,36.699248114084,"W = 150"
2025-05-09,36.3084043679099,"W = 150"
2025-05-12,36.8545045335368,"W = 150"
2025-05-13,36.9967505956295,"W = 150"
2025-05-14,37.027266974323,"W = 150"
2025-05-15,37.0488139131354,"W = 150"
2025-05-16,36.940672519933,"W = 150"
2025-05-19,36.5322716608734,"W = 150"
2025-05-20,36.4490987575013,"W = 150"
2025-05-21,36.7692958765651,"W = 150"
2025-05-22,36.2211588909423,"W = 150"
2025-05-23,36.2329409900122,"W = 150"
2025-05-26,36.1046794396487,"W = 150"
2025-05-27,36.6649940950055,"W = 150"
2025-05-28,36.3169555036115,"W = 150"
2025-05-29,37.998889905237,"W = 150"
2025-05-30,36.8860802848526,"W = 150"
2025-06-02,30.3432866759197,"W = 150"
2025-06-03,29.5136522260312,"W = 150"
2025-06-04,29.3999221548544,"W = 150"
2025-06-05,29.1442863113337,"W = 150"
2025-06-06,28.6376005527188,"W = 150"
2025-06-09,29.0483259518192,"W = 150"
2025-06-10,28.8250270744592,"W = 150"
2025-06-11,29.2090617439972,"W = 150"
2025-06-12,29.5365692573417,"W = 150"
2025-06-13,28.7969925087085,"W = 150"
2025-06-16,28.6577503442251,"W = 150"
2025-06-17,28.9609521239015,"W = 150"
2025-06-18,28.7459726102312,"W = 150"
2025-06-20,29.1414435148547,"W = 150"
2025-06-23,29.5776432525343,"W = 150"
2025-06-24,29.9770621204838,"W = 150"
2025-06-25,29.9293127812293,"W = 150"
2025-06-26,29.2715877947055,"W = 150"
2025-06-27,29.51844387007,"W = 150"
2025-06-30,29.3213725957014,"W = 150"
2025-07-01,29.9385083806709,"W = 150"
2025-07-02,29.8394390158323,"W = 150"
2025-07-03,30.0456347069201,"W = 150"
2025-07-04,30.4809629403302,"W = 150"
2025-07-07,29.7924340584263,"W = 150"
2025-07-08,29.6826070631676,"W = 150"
2025-07-09,30.3533914461925,"W = 150"
2025-07-10,29.7369558795986,"W = 150"
2025-07-11,29.5368216762925,"W = 150"
2025-07-14,30.3823714077598,"W = 150"
2025-07-15,30.1592525231591,"W = 150"
2025-07-16,29.8875896594583,"W = 150"
2025-07-17,28.5155894010959,"W = 150"
2025-07-18,28.0945267577366,"W = 150"
2025-07-21,27.8967054068262,"W = 150"
2025-07-22,27.634859328189,"W = 150"
2025-07-23,27.5868175362428,"W = 150"
2025-07-24,28.1299832859002,"W = 150"
2025-07-25,28.498860654037,"W = 150"
2025-07-28,29.2118815165258,"W = 150"
2025-07-29,29.3038131379635,"W = 150"
2025-07-30,29.5774375061262,"W = 150"
2025-07-31,29.5158023383441,"W = 150"
2025-08-01,29.463232775698,"W = 150"
2025-08-04,29.3587262680226,"W = 150"
2025-08-05,30.2440959371932,"W = 150"
2025-08-06,30.5280967885771,"W = 150"
2025-08-07,30.299251810845,"W = 150"
2025-08-08,30.6015119096479,"W = 150"
2025-08-11,29.7003350603253,"W = 150"
2025-08-12,29.6166382544766,"W = 150"
2025-08-13,29.7776067441646,"W = 150"
2025-08-14,29.9147734783862,"W = 150"
2025-08-15,29.0772344503543,"W = 150"
2025-08-18,29.2251205166318,"W = 150"
2025-08-19,29.6790313774273,"W = 150"
2025-08-20,29.4514797253862,"W = 150"
2025-08-21,28.7073480810498,"W = 150"
2025-08-22,28.7758869720226,"W = 150"
2025-08-25,28.8739189453121,"W = 150"
2025-08-26,28.3921921890773,"W = 150"
2025-08-27,28.5467138815309,"W = 150"
2025-08-28,28.997231124126,"W = 150"
2025-08-29,29.0056640629385,"W = 150"
2025-09-01,29.4065299111059,"W = 150"
2025-09-02,30.2319347531805,"W = 150"
2025-09-03,30.292613024148,"W = 150"
2025-09-04,30.4575240506754,"W = 150"
2025-09-05,30.6379657082333,"W = 150"
2025-09-08,30.3007063831445,"W = 150"
2025-09-09,30.9737263982114,"W = 150"
2025-09-10,31.4149900372496,"W = 150"
2025-09-11,31.7197101869788,"W = 150"
2025-09-12,31.1758326321311,"W = 150"
2025-09-15,31.3892812388233,"W = 150"
2025-09-16,31.6276237645707,"W = 150"
2025-09-17,31.6206613405801,"W = 150"
2025-09-18,31.7393510555163,"W = 150"
2025-09-19,31.848289693602,"W = 150"
2025-09-22,31.8322019402469,"W = 150"
2025-09-23,31.9007286638106,"W = 150"
2025-09-24,32.1436916015337,"W = 150"
2025-09-25,31.8723019471266,"W = 150"
2025-09-26,32.0071891142675,"W = 150"
2025-09-29,31.9627017785649,"W = 150"
2025-09-30,31.7889940303579,"W = 150"
2025-10-01,32.0693434351453,"W = 150"
2025-10-02,32.1022965087569,"W = 150"
2025-10-03,32.1538907258337,"W = 150"
2025-10-06,31.8993968520174,"W = 150"
2025-10-07,31.8776697065474,"W = 150"
2025-10-08,31.5982944284355,"W = 150"
2025-10-09,31.8440273552293,"W = 150"
2025-10-10,32.1319807605694,"W = 150"
2025-10-13,32.2966518263272,"W = 150"
2025-10-14,32.4418287562871,"W = 150"
2025-10-15,32.3711871647715,"W = 150"
2025-10-16,32.266252477826,"W = 150"
2025-10-17,32.0245560418752,"W = 150"
2025-10-20,32.2444164234433,"W = 150"
2025-10-21,32.4570037617923,"W = 150"
2025-10-22,32.6267504993809,"W = 150"
2025-10-23,32.8103013938583,"W = 150"
2025-10-24,32.9865651420308,"W = 150"
2025-10-27,32.9097536265,"W = 150"
2025-10-28,33.2944891357086,"W = 150"
2025-10-29,32.840031345635,"W = 150"
2025-10-30,32.6290164487583,"W = 150"
2025-10-31,32.0361789183118,"W = 150"
2025-11-03,31.088773421993,"W = 150"
2025-11-04,30.743766079882,"W = 150"
2025-11-05,29.0864674378818,"W = 150"
2025-11-06,28.5161425545934,"W = 150"
2025-11-07,28.7071950922588,"W = 150"
2025-11-10,28.7154222782854,"W = 150"
2025-11-11,28.8732190011782,"W = 150"
2025-11-12,28.9173504945186,"W = 150"
2025-11-13,29.3051655292005,"W = 150"
2025-11-14,28.9611874503246,"W = 150"
2025-11-17,28.8704220024312,"W = 150"
2025-11-18,28.8333363045094,"W = 150"
2025-11-19,28.8634469112676,"W = 150"
2025-11-21,28.8210286453369,"W = 150"
2025-11-24,29.03403273237,"W = 150"
2025-11-25,29.5142227020663,"W = 150"
2025-11-26,29.5684392261786,"W = 150"
2025-11-27,30.2869770052286,"W = 150"
2025-11-28,30.1260419797817,"W = 150"
2025-12-01,30.6194398090931,"W = 150"
2025-12-02,29.782401760532,"W = 150"
2025-12-03,29.5810088607115,"W = 150"
2025-12-04,29.5327247816908,"W = 150"
2025-12-05,30.3349225762061,"W = 150"
2025-12-08,30.9720371994213,"W = 150"
2025-12-09,31.5066298155566,"W = 150"
2025-12-10,32.2331978343562,"W = 150"
2025-12-11,32.3767362978762,"W = 150"
2025-12-12,32.6951789463367,"W = 150"
2025-12-15,32.5993350149547,"W = 150"
2025-12-16,32.6684862479738,"W = 150"
2025-12-17,32.2773525923613,"W = 150"
2025-12-18,32.1091156392369,"W = 150"
2025-12-19,31.5181525137163,"W = 150"
2025-12-22,31.578452630339,"W = 150"
2025-12-23,31.3670957210477,"W = 150"
2025-12-26,31.4001337566629,"W = 150"
2025-12-29,31.4827760767153,"W = 150"
2025-12-30,30.9110254326528,"W = 150"
2019-10-16,33.957872463743,"W = 200"
2019-10-17,34.0320516214988,"W = 200"
2019-10-18,33.6222919137637,"W = 200"
2019-10-21,33.5361723785745,"W = 200"
2019-10-22,33.549666417574,"W = 200"
2019-10-23,33.4763144914316,"W = 200"
2019-10-24,33.6451443865956,"W = 200"
2019-10-25,33.8011591068746,"W = 200"
2019-10-28,34.0591104098466,"W = 200"
2019-10-29,34.1149797666065,"W = 200"
2019-10-30,34.4585879288966,"W = 200"
2019-10-31,34.5751648980125,"W = 200"
2019-11-01,34.5294870698808,"W = 200"
2019-11-04,34.742242013199,"W = 200"
2019-11-05,34.546329461282,"W = 200"
2019-11-06,34.4290248905532,"W = 200"
2019-11-07,35.073122776661,"W = 200"
2019-11-08,34.8344732289039,"W = 200"
2019-11-11,34.8473974803648,"W = 200"
2019-11-12,34.7997945002784,"W = 200"
2019-11-13,34.7689743072964,"W = 200"
2019-11-14,35.3123826884519,"W = 200"
2019-11-18,35.6424907421291,"W = 200"
2019-11-19,35.0328179046335,"W = 200"
2019-11-21,35.3295162039957,"W = 200"
2019-11-22,35.7589814551937,"W = 200"
2019-11-25,35.6624966531941,"W = 200"
2019-11-26,35.1150374748416,"W = 200"
2019-11-27,34.8029040391376,"W = 200"
2019-11-28,35.0232647914717,"W = 200"
2019-11-29,35.4637582749689,"W = 200"
2019-12-02,35.6443002835522,"W = 200"
2019-12-03,35.9235186362807,"W = 200"
2019-12-04,36.4520547330245,"W = 200"
2019-12-05,36.6630631963354,"W = 200"
2019-12-06,36.6994554979541,"W = 200"
2019-12-09,36.7055955244729,"W = 200"
2019-12-10,37.0478224790411,"W = 200"
2019-12-11,36.9871776304834,"W = 200"
2019-12-12,37.4156676187167,"W = 200"
2019-12-13,37.1411169720141,"W = 200"
2019-12-16,36.4924381403032,"W = 200"
2019-12-17,36.2341628658055,"W = 200"
2019-12-18,36.5775546589363,"W = 200"
2019-12-19,36.8203038854894,"W = 200"
2019-12-20,36.9776789831956,"W = 200"
2019-12-23,36.4178190737431,"W = 200"
2019-12-26,36.7896285216231,"W = 200"
2019-12-27,36.4734175961278,"W = 200"
2019-12-30,35.2910142354993,"W = 200"
2020-01-02,34.88193296248,"W = 200"
2020-01-03,34.3139929548354,"W = 200"
2020-01-06,34.0984745830265,"W = 200"
2020-01-07,34.1972145569274,"W = 200"
2020-01-08,33.5511316981122,"W = 200"
2020-01-09,31.177329699377,"W = 200"
2020-01-10,29.5595744045991,"W = 200"
2020-01-13,29.3893817042779,"W = 200"
2020-01-14,29.6238916954168,"W = 200"
2020-01-15,29.7256430672692,"W = 200"
2020-01-16,29.4029915978509,"W = 200"
2020-01-17,29.1996854414557,"W = 200"
2020-01-20,29.4489705714317,"W = 200"
2020-01-21,29.3542010348662,"W = 200"
2020-01-22,29.459665343644,"W = 200"
2020-01-23,29.2411969346995,"W = 200"
2020-01-24,28.8302994257485,"W = 200"
2020-01-27,28.1064104100181,"W = 200"
2020-01-28,28.3023532191701,"W = 200"
2020-01-29,28.3491073330157,"W = 200"
2020-01-30,28.2287349464384,"W = 200"
2020-01-31,28.4207167188729,"W = 200"
2020-02-03,28.6484440948297,"W = 200"
2020-02-04,28.7078665120122,"W = 200"
2020-02-05,29.2784391082488,"W = 200"
2020-02-06,29.1571138663835,"W = 200"
2020-02-07,29.0311424295447,"W = 200"
2020-02-10,29.1281556867335,"W = 200"
2020-02-11,29.2695428829616,"W = 200"
2020-02-12,29.3141302571106,"W = 200"
2020-02-13,30.0072402700002,"W = 200"
2020-02-14,30.2669381930757,"W = 200"
2020-02-17,30.8405201811,"W = 200"
2020-02-18,30.8711164369409,"W = 200"
2020-02-19,30.8480709628926,"W = 200"
2020-02-20,30.7987066053153,"W = 200"
2020-02-21,30.8057588037293,"W = 200"
2020-02-26,34.9356776374093,"W = 200"
2020-02-27,36.1557024753124,"W = 200"
2020-02-28,37.2935591771635,"W = 200"
2020-03-02,36.5528207395881,"W = 200"
2020-03-03,37.2851118924534,"W = 200"
2020-03-04,38.5955438495161,"W = 200"
2020-03-05,39.1134573274837,"W = 200"
2020-03-06,41.8719171441763,"W = 200"
2020-03-09,50.1600494946026,"W = 200"
2020-03-10,51.9780291633645,"W = 200"
2020-03-11,55.238899778033,"W = 200"
2020-03-12,63.283720877588,"W = 200"
2020-03-13,69.0070997611636,"W = 200"
2020-03-16,68.3468198795433,"W = 200"
2020-03-17,64.5872391747312,"W = 200"
2020-03-18,66.4689492111688,"W = 200"
2020-03-19,66.9137005658654,"W = 200"
2020-03-20,66.2403084542416,"W = 200"
2020-03-23,65.2759355138035,"W = 200"
2020-03-24,66.6791730780637,"W = 200"
2020-03-25,67.5812519769108,"W = 200"
2020-03-26,66.9941984550916,"W = 200"
2020-03-27,67.3059759793651,"W = 200"
2020-03-30,66.919398103015,"W = 200"
2020-03-31,66.7981051176197,"W = 200"
2020-04-01,67.0569203056917,"W = 200"
2020-04-02,66.8287879710983,"W = 200"
2020-04-03,67.1611406796865,"W = 200"
2020-04-06,68.3760491490719,"W = 200"
2020-04-07,69.0470576913807,"W = 200"
2020-04-08,68.5254772682623,"W = 200"
2020-04-09,68.441776084659,"W = 200"
2020-04-13,68.4284340632866,"W = 200"
2020-04-14,68.4551901842666,"W = 200"
2020-04-15,68.6678040047065,"W = 200"
2020-04-16,68.6178090311625,"W = 200"
2020-04-17,68.803160279738,"W = 200"
2020-04-20,68.8398258264812,"W = 200"
2020-04-22,68.642000673724,"W = 200"
2020-04-23,68.958086743823,"W = 200"
2020-04-24,70.2127927318983,"W = 200"
2020-04-27,70.0210710572741,"W = 200"
2020-04-28,69.8828432685383,"W = 200"
2020-04-29,69.8277152411009,"W = 200"
2020-04-30,70.054408383596,"W = 200"
2020-05-04,70.0192717804493,"W = 200"
2020-05-05,70.1037891838616,"W = 200"
2020-05-06,70.119043941123,"W = 200"
2020-05-07,70.018620759871,"W = 200"
2020-05-08,70.3500112071446,"W = 200"
2020-05-11,70.5789349846405,"W = 200"
2020-05-12,70.3948370659046,"W = 200"
2020-05-13,70.3497509913001,"W = 200"
2020-05-14,70.7919555003268,"W = 200"
2020-05-15,70.7760947401846,"W = 200"
2020-05-18,70.7062903877158,"W = 200"
2020-05-19,70.6143243241396,"W = 200"
2020-05-20,70.7584689202467,"W = 200"
2020-05-21,70.6894730023183,"W = 200"
2020-05-22,70.8204733398735,"W = 200"
2020-05-25,71.3304758726583,"W = 200"
2020-05-26,71.0961852834974,"W = 200"
2020-05-27,70.9642591821318,"W = 200"
2020-05-28,70.9534199362895,"W = 200"
2020-05-29,70.8933102786827,"W = 200"
2020-06-01,70.8860833860394,"W = 200"
2020-06-02,70.808776117548,"W = 200"
2020-06-03,71.2536775493807,"W = 200"
2020-06-04,71.4584632555673,"W = 200"
2020-06-05,71.9023810041392,"W = 200"
2020-06-08,71.6323069621417,"W = 200"
2020-06-09,71.8532323095146,"W = 200"
2020-06-10,72.0767471898088,"W = 200"
2020-06-12,72.3918470509704,"W = 200"
2020-06-15,72.3561458241016,"W = 200"
2020-06-16,72.6573018170868,"W = 200"
2020-06-17,72.6495281357355,"W = 200"
2020-06-18,72.8164145428026,"W = 200"
2020-06-19,72.9322380145352,"W = 200"
2020-06-22,72.8794781009403,"W = 200"
2020-06-23,72.9216412233572,"W = 200"
2020-06-24,72.8817496559065,"W = 200"
2020-06-25,72.9517290745983,"W = 200"
2020-06-26,72.8771000340589,"W = 200"
2020-06-29,72.7064739700386,"W = 200"
2020-06-30,72.6888854506447,"W = 200"
2020-07-01,72.6305908560334,"W = 200"
2020-07-02,72.6453610069095,"W = 200"
2020-07-03,72.7231981847387,"W = 200"
2020-07-06,72.6831776442164,"W = 200"
2020-07-07,72.7041657213424,"W = 200"
2020-07-08,72.9853205304373,"W = 200"
2020-07-09,72.8065819828268,"W = 200"
2020-07-10,72.8310078505215,"W = 200"
2020-07-13,72.8892159107783,"W = 200"
2020-07-14,72.8237832736835,"W = 200"
2020-07-15,72.7746061632885,"W = 200"
2020-07-16,72.4983349547441,"W = 200"
2020-07-17,72.6776608173327,"W = 200"
2020-07-20,72.6187259438366,"W = 200"
2020-07-21,72.7330751371101,"W = 200"
2020-07-22,72.7053829383285,"W = 200"
2020-07-23,72.0648023772992,"W = 200"
2020-07-24,71.9776204201211,"W = 200"
2020-07-27,72.0740537410974,"W = 200"
2020-07-28,71.9873353660792,"W = 200"
2020-07-29,71.7520499568442,"W = 200"
2020-07-30,71.778180193067,"W = 200"
2020-07-31,71.6311854325442,"W = 200"
2020-08-03,71.8336585060618,"W = 200"
2020-08-04,71.9270762614429,"W = 200"
2020-08-05,71.927717806883,"W = 200"
2020-08-06,72.0184180230435,"W = 200"
2020-08-07,72.0859219194121,"W = 200"
2020-08-10,72.118203246851,"W = 200"
2020-08-11,72.0995025329988,"W = 200"
2020-08-12,72.086520727811,"W = 200"
2020-08-13,72.2922874335982,"W = 200"
2020-08-14,72.2067155218463,"W = 200"
2020-08-17,72.4782325817828,"W = 200"
2020-08-18,72.6480799338665,"W = 200"
2020-08-19,73.7286025602612,"W = 200"
2020-08-20,73.6959284116047,"W = 200"
2020-08-21,73.8357388901232,"W = 200"
2020-08-24,73.7799107719544,"W = 200"
2020-08-25,73.1911222672503,"W = 200"
2020-08-26,73.3602843534706,"W = 200"
2020-08-27,73.3708793125764,"W = 200"
2020-08-28,73.6219336487477,"W = 200"
2020-08-31,70.9179945976328,"W = 200"
2020-09-01,70.0185783934392,"W = 200"
2020-09-02,69.812786055957,"W = 200"
2020-09-03,69.9563793507151,"W = 200"
2020-09-04,69.8821071780956,"W = 200"
2020-09-08,69.7497997981057,"W = 200"
2020-09-09,69.9092475434135,"W = 200"
2020-09-10,70.1837472153712,"W = 200"
2020-09-11,70.3222511269374,"W = 200"
2020-09-14,70.0458887629807,"W = 200"
2020-09-15,70.1193118060544,"W = 200"
2020-09-16,70.2324280384528,"W = 200"
2020-09-17,69.992655143078,"W = 200"
2020-09-18,70.0852168568782,"W = 200"
2020-09-21,70.0204484774174,"W = 200"
2020-09-22,70.2105658555309,"W = 200"
2020-09-23,70.7099173917161,"W = 200"
2020-09-24,70.6794200284742,"W = 200"
2020-09-25,71.0283734482546,"W = 200"
2020-09-28,71.2326463387197,"W = 200"
2020-09-29,71.6993304095026,"W = 200"
2020-09-30,72.0036451493524,"W = 200"
2020-10-01,71.7445185056401,"W = 200"
2020-10-02,71.7997310899004,"W = 200"
2020-10-05,71.5996358480423,"W = 200"
2020-10-06,71.4508100984071,"W = 200"
2020-10-07,71.7465437995058,"W = 200"
2020-10-08,71.5435684259525,"W = 200"
2020-10-09,71.9345417946487,"W = 200"
2020-10-13,71.9714011314856,"W = 200"
2020-10-14,72.2279306395831,"W = 200"
2020-10-15,72.4284995556949,"W = 200"
2020-10-16,72.7636422076909,"W = 200"
2020-10-19,72.3275970564717,"W = 200"
2020-10-20,75.3585308284756,"W = 200"
2020-10-21,75.3403508793236,"W = 200"
2020-10-22,75.401473967564,"W = 200"
2020-10-23,75.054753668702,"W = 200"
2020-10-26,74.8374278167477,"W = 200"
2020-10-27,74.8496620506098,"W = 200"
2020-10-28,74.765300338765,"W = 200"
2020-10-29,74.8484701087696,"W = 200"
2020-10-30,74.8156943499926,"W = 200"
2020-11-03,74.9545526231992,"W = 200"
2020-11-04,75.0062675315956,"W = 200"
2020-11-05,74.9755184645131,"W = 200"
2020-11-06,74.9832969650665,"W = 200"
2020-11-09,75.1575857372221,"W = 200"
2020-11-10,74.9833481744017,"W = 200"
2020-11-11,75.0757622957292,"W = 200"
2020-11-12,75.1238055728413,"W = 200"
2020-11-13,75.1533211211496,"W = 200"
2020-11-16,75.0947860163341,"W = 200"
2020-11-17,74.9636066294336,"W = 200"
2020-11-18,75.1570049311301,"W = 200"
2020-11-19,75.4672327517508,"W = 200"
2020-11-20,75.4041654131102,"W = 200"
2020-11-23,75.306781422765,"W = 200"
2020-11-24,75.2717195854025,"W = 200"
2020-11-25,75.2799317355581,"W = 200"
2020-11-26,75.4450008603356,"W = 200"
2020-11-27,75.1035270347414,"W = 200"
2020-11-30,74.5864896748111,"W = 200"
2020-12-01,74.7003370981333,"W = 200"
2020-12-02,74.9257758729082,"W = 200"
2020-12-03,74.6654749437895,"W = 200"
2020-12-04,74.6590140345641,"W = 200"
2020-12-07,74.4961451483088,"W = 200"
2020-12-08,74.4934300144646,"W = 200"
2020-12-09,74.6874590290054,"W = 200"
2020-12-10,74.6235457835634,"W = 200"
2020-12-11,74.6338366034048,"W = 200"
2020-12-14,74.759946009667,"W = 200"
2020-12-15,74.7273525813714,"W = 200"
2020-12-16,74.5280749789268,"W = 200"
2020-12-17,73.4655506755704,"W = 200"
2020-12-18,73.3782272614146,"W = 200"
2020-12-21,72.7416630291943,"W = 200"
2020-12-22,71.4943387747985,"W = 200"
2020-12-23,69.2572720768991,"W = 200"
2020-12-28,68.4010526107893,"W = 200"
2020-12-29,69.626254236132,"W = 200"
2020-12-30,68.972231964033,"W = 200"
2021-01-04,67.9351707282314,"W = 200"
2021-01-05,67.6809794223084,"W = 200"
2021-01-06,68.1971536258139,"W = 200"
2021-01-07,66.7697261573743,"W = 200"
2021-01-08,65.3042482851834,"W = 200"
2021-01-11,65.3086060834499,"W = 200"
2021-01-12,65.2171558236801,"W = 200"
2021-01-13,65.2796955026754,"W = 200"
2021-01-14,65.3267625246787,"W = 200"
2021-01-15,64.9174762294754,"W = 200"
2021-01-18,64.8163674085006,"W = 200"
2021-01-19,64.7692921363593,"W = 200"
2021-01-20,62.6603407711616,"W = 200"
2021-01-21,61.4038879372068,"W = 200"
2021-01-22,61.8818061261463,"W = 200"
2021-01-26,62.4884925573702,"W = 200"
2021-01-27,62.4760340118509,"W = 200"
2021-01-28,62.5117858187894,"W = 200"
2021-01-29,62.467378917332,"W = 200"
2021-02-01,62.5558852802359,"W = 200"
2021-02-02,61.9087736696381,"W = 200"
2021-02-03,61.2571909405934,"W = 200"
2021-02-04,60.9026687643213,"W = 200"
2021-02-05,60.263152541771,"W = 200"
2021-02-08,58.6261930825546,"W = 200"
2021-02-09,58.1414070112271,"W = 200"
2021-02-10,58.552784685196,"W = 200"
2021-02-11,57.7252995361879,"W = 200"
2021-02-12,57.1620039711639,"W = 200"
2021-02-17,57.4766665010898,"W = 200"
2021-02-18,57.4563450319438,"W = 200"
2021-02-19,57.5034697027582,"W = 200"
2021-02-22,58.044087915251,"W = 200"
2021-02-23,57.8510244690612,"W = 200"
2021-02-24,57.2022753817599,"W = 200"
2021-02-25,57.3511766497177,"W = 200"
2021-02-26,57.1533531485333,"W = 200"
2021-03-01,55.9541393638416,"W = 200"
2021-03-02,56.2766321067095,"W = 200"
2021-03-03,56.1343726649675,"W = 200"
2021-03-04,56.4139054329806,"W = 200"
2021-03-05,56.2771239461645,"W = 200"
2021-03-08,57.7353899538004,"W = 200"
2021-03-09,57.4040072374436,"W = 200"
2021-03-10,56.4111028217712,"W = 200"
2021-03-11,55.6706817010721,"W = 200"
2021-03-12,56.0398149676049,"W = 200"
2021-03-15,56.2588539296156,"W = 200"
2021-03-16,56.1164078048596,"W = 200"
2021-03-17,55.5922215542064,"W = 200"
2021-03-18,55.9476647172278,"W = 200"
2021-03-19,55.1092341114283,"W = 200"
2021-03-22,54.2289170502282,"W = 200"
2021-03-23,53.3705404225892,"W = 200"
2021-03-24,53.9193509265556,"W = 200"
2021-03-25,52.9666236188113,"W = 200"
2021-03-26,52.4433568985289,"W = 200"
2021-03-29,51.4837652319478,"W = 200"
2021-03-30,51.0191704543677,"W = 200"
2021-03-31,50.6766896340415,"W = 200"
2021-04-01,50.5755926109388,"W = 200"
2021-04-05,50.7177253116978,"W = 200"
2021-04-06,48.832739097847,"W = 200"
2021-04-07,48.8461785772449,"W = 200"
2021-04-08,49.2656934298877,"W = 200"
2021-04-09,48.7313761121022,"W = 200"
2021-04-12,49.0768758052955,"W = 200"
2021-04-13,49.240702817893,"W = 200"
2021-04-14,48.7941543354986,"W = 200"
2021-04-15,48.9792090515189,"W = 200"
2021-04-16,48.93002158739,"W = 200"
2021-04-19,48.2986737796611,"W = 200"
2021-04-20,48.6630017828511,"W = 200"
2021-04-22,48.6659005901583,"W = 200"
2021-04-23,48.888244912215,"W = 200"
2021-04-26,48.3775490247188,"W = 200"
2021-04-27,48.3738644443854,"W = 200"
2021-04-28,48.0072439752975,"W = 200"
2021-04-29,47.9751735319514,"W = 200"
2021-04-30,48.3332511087749,"W = 200"
2021-05-03,48.3866103062614,"W = 200"
2021-05-04,48.5760069641911,"W = 200"
2021-05-05,48.2734506181442,"W = 200"
2021-05-06,48.4043810791237,"W = 200"
2021-05-07,48.9872895309879,"W = 200"
2021-05-10,48.9940112066189,"W = 200"
2021-05-11,49.5578412727003,"W = 200"
2021-05-12,49.6295117153605,"W = 200"
2021-05-13,49.6150944129227,"W = 200"
2021-05-14,49.71012129139,"W = 200"
2021-05-17,49.8612921038325,"W = 200"
2021-05-18,49.9227105503198,"W = 200"
2021-05-19,49.9655409250125,"W = 200"
2021-05-20,49.5316266277841,"W = 200"
2021-05-21,49.8862043350144,"W = 200"
2021-05-24,49.7768587929848,"W = 200"
2021-05-25,49.7776888081252,"W = 200"
2021-05-26,49.5533639136123,"W = 200"
2021-05-27,49.6682208980323,"W = 200"
2021-05-28,49.7141740098177,"W = 200"
2021-05-31,49.476128716355,"W = 200"
2021-06-01,49.354473318868,"W = 200"
2021-06-02,49.4751381387399,"W = 200"
2021-06-04,49.3054736634367,"W = 200"
2021-06-07,49.2383274434768,"W = 200"
2021-06-08,48.9243619134047,"W = 200"
2021-06-09,48.5490906486621,"W = 200"
2021-06-10,48.3753901830296,"W = 200"
2021-06-11,48.5738813693964,"W = 200"
2021-06-14,49.0729609365383,"W = 200"
2021-06-15,48.6881630732937,"W = 200"
2021-06-16,48.788275147125,"W = 200"
2021-06-17,48.7754635480026,"W = 200"
2021-06-18,52.5108442497635,"W = 200"
2021-06-21,52.7951732604658,"W = 200"
2021-06-22,52.5976019208422,"W = 200"
2021-06-23,52.0869793917097,"W = 200"
2021-06-24,51.888699309429,"W = 200"
2021-06-25,51.8747845113706,"W = 200"
2021-06-28,51.9449596040501,"W = 200"
2021-06-29,51.9730753768566,"W = 200"
2021-06-30,52.4567850596466,"W = 200"
2021-07-01,52.241180011863,"W = 200"
2021-07-02,52.2095191241622,"W = 200"
2021-07-05,53.084773272351,"W = 200"
2021-07-06,53.3460250074335,"W = 200"
2021-07-07,53.1511344062125,"W = 200"
2021-07-08,52.9628590134666,"W = 200"
2021-07-12,53.2635885593224,"W = 200"
2021-07-13,52.9257067622501,"W = 200"
2021-07-14,52.9137167757206,"W = 200"
2021-07-15,52.7621071078517,"W = 200"
2021-07-16,52.0407869757495,"W = 200"
2021-07-19,52.0445505236516,"W = 200"
2021-07-20,51.9924395422503,"W = 200"
2021-07-21,52.4383309933424,"W = 200"
2021-07-22,52.640061317734,"W = 200"
2021-07-23,52.6197774485013,"W = 200"
2021-07-26,52.5087222532714,"W = 200"
2021-07-27,52.4223192044622,"W = 200"
2021-07-28,52.1143330303855,"W = 200"
2021-07-29,51.4481296824596,"W = 200"
2021-07-30,51.7403332905731,"W = 200"
2021-08-02,52.3456458052092,"W = 200"
2021-08-03,52.2646684714419,"W = 200"
2021-08-04,51.6357000737508,"W = 200"
2021-08-05,51.5496670135356,"W = 200"
2021-08-06,51.5518777655261,"W = 200"
2021-08-09,52.2538885641314,"W = 200"
2021-08-10,51.6268187790109,"W = 200"
2021-08-11,51.5505825938647,"W = 200"
2021-08-12,51.5906681971261,"W = 200"
2021-08-13,51.3465930775259,"W = 200"
2021-08-16,51.2078541232324,"W = 200"
2021-08-17,49.2287093314192,"W = 200"
2021-08-18,49.500031306873,"W = 200"
2021-08-19,49.4862656678065,"W = 200"
2021-08-20,49.5564906397604,"W = 200"
2021-08-23,49.3725411416806,"W = 200"
2021-08-24,49.3023160821828,"W = 200"
2021-08-25,47.6336284788632,"W = 200"
2021-08-26,47.5898599231949,"W = 200"
2021-08-27,47.9958733817781,"W = 200"
2021-08-30,48.8517342294279,"W = 200"
2021-08-31,48.8085521836262,"W = 200"
2021-09-01,48.9516296533136,"W = 200"
2021-09-02,49.1394945211141,"W = 200"
2021-09-03,49.2250522783512,"W = 200"
2021-09-06,49.2331386731273,"W = 200"
2021-09-08,49.9804412264159,"W = 200"
2021-09-09,49.767942760298,"W = 200"
2021-09-10,49.8280559302703,"W = 200"
2021-09-13,49.9192265925341,"W = 200"
2021-09-14,49.9322114002895,"W = 200"
2021-09-15,49.4514260754848,"W = 200"
2021-09-16,49.7097838809067,"W = 200"
2021-09-17,48.7077030819217,"W = 200"
2021-09-20,49.2004993367301,"W = 200"
2021-09-21,49.2911517959457,"W = 200"
2021-09-22,49.5070114782493,"W = 200"
2021-09-23,49.3128378778882,"W = 200"
2021-09-24,49.056350776833,"W = 200"
2021-09-27,48.7554890714745,"W = 200"
2021-09-28,49.404537918058,"W = 200"
2021-09-29,49.3528203371346,"W = 200"
2021-09-30,49.2149616116267,"W = 200"
2021-10-01,49.0095747003085,"W = 200"
2021-10-04,48.606726272727,"W = 200"
2021-10-05,48.6467683299964,"W = 200"
2021-10-06,49.3745688494781,"W = 200"
2021-10-07,48.2907468345002,"W = 200"
2021-10-08,48.4119780701029,"W = 200"
2021-10-11,48.030141989882,"W = 200"
2021-10-13,47.7925369129713,"W = 200"
2021-10-14,47.7945903765376,"W = 200"
2021-10-15,47.6631154503204,"W = 200"
2021-10-18,47.5762979257389,"W = 200"
2021-10-19,47.6000870943138,"W = 200"
2021-10-20,47.4482677299442,"W = 200"
2021-10-21,49.0289915324833,"W = 200"
2021-10-22,51.972440535139,"W = 200"
2021-10-25,51.100197707671,"W = 200"
2021-10-26,51.1087603590057,"W = 200"
2021-10-27,51.5024711021775,"W = 200"
2021-10-28,51.9189972137673,"W = 200"
2021-10-29,51.8330707532515,"W = 200"
2021-11-01,51.9322844791233,"W = 200"
2021-11-03,52.1884561563638,"W = 200"
2021-11-04,52.0777087554256,"W = 200"
2021-11-05,52.1905476485604,"W = 200"
2021-11-08,52.2532156127537,"W = 200"
2021-11-09,52.0584278775592,"W = 200"
2021-11-10,52.0920987469268,"W = 200"
2021-11-11,52.0202921204337,"W = 200"
2021-11-12,51.6139278032157,"W = 200"
2021-11-16,51.3481540591132,"W = 200"
2021-11-17,51.5228406329284,"W = 200"
2021-11-18,52.0303908437163,"W = 200"
2021-11-19,51.9483011782207,"W = 200"
2021-11-22,51.9967376688309,"W = 200"
2021-11-23,52.2857279561294,"W = 200"
2021-11-24,52.2262127578969,"W = 200"
2021-11-25,52.2344442609132,"W = 200"
2021-11-26,53.572941734625,"W = 200"
2021-11-29,53.347301844994,"W = 200"
2021-11-30,53.6779030617759,"W = 200"
2021-12-01,54.3198113132642,"W = 200"
2021-12-02,54.2242041293883,"W = 200"
2021-12-03,52.5718900781827,"W = 200"
2021-12-06,52.7520771814827,"W = 200"
2021-12-07,52.9685623413543,"W = 200"
2021-12-08,52.558884900809,"W = 200"
2021-12-09,52.2926739111961,"W = 200"
2021-12-10,52.3570566098168,"W = 200"
2021-12-13,50.6205899650953,"W = 200"
2021-12-14,49.1886680812347,"W = 200"
2021-12-15,49.2897784762742,"W = 200"
2021-12-16,49.4172454289865,"W = 200"
2021-12-17,48.1404172418481,"W = 200"
2021-12-20,48.2856646286871,"W = 200"
2021-12-21,47.7267804037105,"W = 200"
2021-12-22,47.6355434717195,"W = 200"
2021-12-23,47.0901638998959,"W = 200"
2021-12-27,47.0041703845259,"W = 200"
2021-12-28,47.1437693665164,"W = 200"
2021-12-29,47.4794355160274,"W = 200"
2021-12-30,47.4518479931472,"W = 200"
2022-01-03,47.7997886123287,"W = 200"
2022-01-04,47.7400390453413,"W = 200"
2022-01-05,48.5350400151228,"W = 200"
2022-01-06,48.7473607326998,"W = 200"
2022-01-07,48.8336661265082,"W = 200"
2022-01-10,49.2129382027228,"W = 200"
2022-01-11,49.6360614089694,"W = 200"
2022-01-12,49.6071626796292,"W = 200"
2022-01-13,49.4916172474532,"W = 200"
2022-01-14,49.4297366650096,"W = 200"
2022-01-17,49.2891381402113,"W = 200"
2022-01-18,49.9509676663518,"W = 200"
2022-01-19,49.9523787081261,"W = 200"
2022-01-20,49.6433338012499,"W = 200"
2022-01-21,49.7225833559754,"W = 200"
2022-01-24,49.4605758715356,"W = 200"
2022-01-25,49.62389793968,"W = 200"
2022-01-26,50.2602131256451,"W = 200"
2022-01-27,50.4119605848963,"W = 200"
2022-01-28,50.8457469215334,"W = 200"
2022-01-31,51.1731659804779,"W = 200"
2022-02-01,50.8219003828517,"W = 200"
2022-02-02,50.4472955117945,"W = 200"
2022-02-03,50.557194568037,"W = 200"
2022-02-04,50.4559423712361,"W = 200"
2022-02-07,51.3563050398336,"W = 200"
2022-02-08,51.782129114497,"W = 200"
2022-02-09,51.4663259957616,"W = 200"
2022-02-10,51.7599132280744,"W = 200"
2022-02-11,51.6518804761601,"W = 200"
2022-02-14,51.3234007469175,"W = 200"
2022-02-15,50.572447770682,"W = 200"
2022-02-16,50.4820046283003,"W = 200"
2022-02-17,50.7224357865691,"W = 200"
2022-02-18,50.8200017033578,"W = 200"
2022-02-21,50.2270168915124,"W = 200"
2022-02-22,50.3372338827276,"W = 200"
2022-02-23,50.0611717745593,"W = 200"
2022-02-24,52.3949756109569,"W = 200"
2022-02-25,52.5932569993246,"W = 200"
2022-03-02,52.4800407023641,"W = 200"
2022-03-03,52.3731769143394,"W = 200"
2022-03-04,53.5792414843134,"W = 200"
2022-03-07,53.515424540162,"W = 200"
2022-03-08,53.3638793272526,"W = 200"
2022-03-09,53.2190996568564,"W = 200"
2022-03-10,53.2620035404213,"W = 200"
2022-03-11,53.1749147583782,"W = 200"
2022-03-14,52.8500239025159,"W = 200"
2022-03-15,52.5474522857352,"W = 200"
2022-03-16,52.5278575805644,"W = 200"
2022-03-17,52.273196038065,"W = 200"
2022-03-18,52.0365880787668,"W = 200"
2022-03-21,51.775610345831,"W = 200"
2022-03-22,52.1217898212191,"W = 200"
2022-03-23,52.4944261409122,"W = 200"
2022-03-24,52.2383151651389,"W = 200"
2022-03-25,52.4237381691229,"W = 200"
2022-03-28,52.1480995419425,"W = 200"
2022-03-29,52.2602962666766,"W = 200"
2022-03-30,52.4093327108637,"W = 200"
2022-03-31,52.2235423014509,"W = 200"
2022-04-01,52.3208341214442,"W = 200"
2022-04-04,51.8721038203383,"W = 200"
2022-04-05,52.2630955947289,"W = 200"
2022-04-06,52.231093893063,"W = 200"
2022-04-07,52.2712520175208,"W = 200"
2022-04-08,52.6350910340735,"W = 200"
2022-04-11,52.4539918163349,"W = 200"
2022-04-12,52.3181780491426,"W = 200"
2022-04-13,52.0125095143856,"W = 200"
2022-04-14,52.8629859021784,"W = 200"
2022-04-18,53.2184328980365,"W = 200"
2022-04-19,51.7658584690422,"W = 200"
2022-04-20,52.091920674138,"W = 200"
2022-04-22,52.2453464389731,"W = 200"
2022-04-25,52.2944796195545,"W = 200"
2022-04-26,51.9810793533763,"W = 200"
2022-04-27,52.0237814267626,"W = 200"
2022-04-28,52.0621498995455,"W = 200"
2022-04-29,52.1143082488152,"W = 200"
2022-05-02,51.8350671285092,"W = 200"
2022-05-03,51.9140931714985,"W = 200"
2022-05-04,51.7912873082441,"W = 200"
2022-05-05,51.3025763582359,"W = 200"
2022-05-06,50.5697857359379,"W = 200"
2022-05-09,50.7456898332374,"W = 200"
2022-05-10,50.7779497255566,"W = 200"
2022-05-11,50.742500172383,"W = 200"
2022-05-12,50.8861217924113,"W = 200"
2022-05-13,50.7400927289482,"W = 200"
2022-05-16,50.4534942053998,"W = 200"
2022-05-17,50.2173606599847,"W = 200"
2022-05-18,50.2983848494993,"W = 200"
2022-05-19,50.3263297825994,"W = 200"
2022-05-20,49.6737902744343,"W = 200"
2022-05-23,49.6809491975584,"W = 200"
2022-05-24,49.4697321047594,"W = 200"
2022-05-25,49.9637552556572,"W = 200"
2022-05-26,50.3641900812648,"W = 200"
2022-05-27,50.7001233167142,"W = 200"
2022-05-30,50.3035136252277,"W = 200"
2022-05-31,50.8884234973326,"W = 200"
2022-06-01,49.6999567985899,"W = 200"
2022-06-02,49.4075844446727,"W = 200"
2022-06-03,49.8323857367475,"W = 200"
2022-06-06,50.0596247974202,"W = 200"
2022-06-07,50.0777919137953,"W = 200"
2022-06-08,50.2476399702674,"W = 200"
2022-06-09,50.1622049943985,"W = 200"
2022-06-10,50.2654273954848,"W = 200"
2022-06-13,50.2201406073195,"W = 200"
2022-06-14,49.7609859557931,"W = 200"
2022-06-15,49.8555185432966,"W = 200"
2022-06-17,49.721453704451,"W = 200"
2022-06-20,49.6026702435152,"W = 200"
2022-06-21,49.5829757480673,"W = 200"
2022-06-22,49.3368330563064,"W = 200"
2022-06-23,49.8721572315247,"W = 200"
2022-06-24,48.7659078880431,"W = 200"
2022-06-27,49.3268619895698,"W = 200"
2022-06-28,49.0887175575836,"W = 200"
2022-06-29,48.9409873817952,"W = 200"
2022-06-30,49.1516086540694,"W = 200"
2022-07-01,48.9435903621479,"W = 200"
2022-07-04,49.8002946330175,"W = 200"
2022-07-05,48.910568383852,"W = 200"
2022-07-06,48.8304703962636,"W = 200"
2022-07-07,48.7701344303323,"W = 200"
2022-07-08,48.5635999906884,"W = 200"
2022-07-11,48.4848660847644,"W = 200"
2022-07-12,48.7527600133857,"W = 200"
2022-07-13,48.56251735557,"W = 200"
2022-07-14,48.4106304008055,"W = 200"
2022-07-15,48.2020753695766,"W = 200"
2022-07-18,48.372889080797,"W = 200"
2022-07-19,48.3499166473918,"W = 200"
2022-07-20,48.9551669258948,"W = 200"
2022-07-21,48.6354229813021,"W = 200"
2022-07-22,49.0347546343294,"W = 200"
2022-07-25,49.0894992416423,"W = 200"
2022-07-26,47.6893461488222,"W = 200"
2022-07-27,47.6635389882894,"W = 200"
2022-07-28,47.5532121794731,"W = 200"
2022-07-29,47.9245262761828,"W = 200"
2022-08-01,48.0643759881193,"W = 200"
2022-08-02,48.0584958076234,"W = 200"
2022-08-03,48.0046412906761,"W = 200"
2022-08-04,45.2861601603143,"W = 200"
2022-08-05,41.3566924003671,"W = 200"
2022-08-08,42.2402671767172,"W = 200"
2022-08-09,42.2703680792512,"W = 200"
2022-08-10,41.3113315155398,"W = 200"
2022-08-11,40.6719253344208,"W = 200"
2022-08-12,41.1036249083041,"W = 200"
2022-08-15,40.7075166478001,"W = 200"
2022-08-16,39.7215330424935,"W = 200"
2022-08-17,40.3738471403051,"W = 200"
2022-08-18,40.156683727515,"W = 200"
2022-08-19,39.564563849884,"W = 200"
2022-08-22,39.2982857781644,"W = 200"
2022-08-23,39.6193158411638,"W = 200"
2022-08-24,39.782979057919,"W = 200"
2022-08-25,40.1150424012171,"W = 200"
2022-08-26,40.1925540328198,"W = 200"
2022-08-29,39.8981528085158,"W = 200"
2022-08-30,39.515727113798,"W = 200"
2022-08-31,39.3849889336948,"W = 200"
2022-09-01,39.6291454616845,"W = 200"
2022-09-02,39.3503372747783,"W = 200"
2022-09-05,39.4943034951363,"W = 200"
2022-09-06,39.4478020474006,"W = 200"
2022-09-08,37.9805548842459,"W = 200"
2022-09-09,38.1342792520448,"W = 200"
2022-09-12,37.3307065398117,"W = 200"
2022-09-13,36.1448875428917,"W = 200"
2022-09-14,36.0897238963182,"W = 200"
2022-09-15,35.0729389128792,"W = 200"
2022-09-16,34.5543984388259,"W = 200"
2022-09-19,34.6136129715411,"W = 200"
2022-09-20,34.8904007696144,"W = 200"
2022-09-21,34.9680921720317,"W = 200"
2022-09-22,34.9285562399279,"W = 200"
2022-09-23,34.515306208763,"W = 200"
2022-09-26,33.9595263704214,"W = 200"
2022-09-27,33.6630773038593,"W = 200"
2022-09-28,33.2464269701995,"W = 200"
2022-09-29,32.9623277943093,"W = 200"
2022-09-30,32.6217553759211,"W = 200"
2022-10-03,33.9409541166055,"W = 200"
2022-10-04,33.8778387147054,"W = 200"
2022-10-05,33.904838482058,"W = 200"
2022-10-06,34.0746926599868,"W = 200"
2022-10-07,33.74550533369,"W = 200"
2022-10-10,33.2748087811979,"W = 200"
2022-10-11,33.61511848743,"W = 200"
2022-10-13,33.8874188574728,"W = 200"
2022-10-14,33.9441044344725,"W = 200"
2022-10-17,33.5867455380496,"W = 200"
2022-10-18,33.5673436513637,"W = 200"
2022-10-19,34.4141815212298,"W = 200"
2022-10-20,34.2142634738033,"W = 200"
2022-10-21,33.6767928014472,"W = 200"
2022-10-24,33.5642814340166,"W = 200"
2022-10-25,33.8892037836085,"W = 200"
2022-10-26,35.8076368104648,"W = 200"
2022-10-27,35.3635019794836,"W = 200"
2022-10-28,35.2811482868106,"W = 200"
2022-10-31,36.7979790628858,"W = 200"
2022-11-01,37.7064269318251,"W = 200"
2022-11-03,38.6841298297534,"W = 200"
2022-11-04,38.440374562002,"W = 200"
2022-11-07,38.2152011114751,"W = 200"
2022-11-08,37.9550914578227,"W = 200"
2022-11-09,38.3465288818325,"W = 200"
2022-11-10,39.2839002334904,"W = 200"
2022-11-11,39.5218990920927,"W = 200"
2022-11-14,39.6279995874813,"W = 200"
2022-11-16,39.8540691763429,"W = 200"
2022-11-17,40.5382554530687,"W = 200"
2022-11-18,41.235861456554,"W = 200"
2022-11-21,40.8304273379307,"W = 200"
2022-11-22,40.8790187180934,"W = 200"
2022-11-23,40.8348320501255,"W = 200"
2022-11-24,41.0767850776292,"W = 200"
2022-11-25,41.0064273340183,"W = 200"
2022-11-28,41.201363127386,"W = 200"
2022-11-29,42.1197992255577,"W = 200"
2022-11-30,42.8286974020699,"W = 200"
2022-12-01,42.7731970652945,"W = 200"
2022-12-02,43.5795713109841,"W = 200"
2022-12-05,43.8456744427977,"W = 200"
2022-12-06,43.970242279793,"W = 200"
2022-12-07,43.6925803303424,"W = 200"
2022-12-08,41.1653408249535,"W = 200"
2022-12-09,41.7779031404905,"W = 200"
2022-12-12,42.7013667671684,"W = 200"
2022-12-13,42.9002327783255,"W = 200"
2022-12-14,43.0610322855198,"W = 200"
2022-12-15,43.4547108726343,"W = 200"
2022-12-16,43.1768212771938,"W = 200"
2022-12-19,43.2359022719511,"W = 200"
2022-12-20,44.4294050467426,"W = 200"
2022-12-21,44.2923223866813,"W = 200"
2022-12-22,43.7816158819395,"W = 200"
2022-12-23,43.972939833105,"W = 200"
2022-12-26,44.0102435102884,"W = 200"
2022-12-27,44.0065248576265,"W = 200"
2022-12-28,44.2509134393893,"W = 200"
2022-12-29,44.5450787798641,"W = 200"
2023-01-02,43.9801594276991,"W = 200"
2023-01-03,44.0132181288458,"W = 200"
2023-01-04,43.911450066708,"W = 200"
2023-01-05,43.5912006909543,"W = 200"
2023-01-06,43.665017876048,"W = 200"
2023-01-09,43.5757977457206,"W = 200"
2023-01-10,44.1554296636683,"W = 200"
2023-01-11,44.0628147609162,"W = 200"
2023-01-12,44.2991179751356,"W = 200"
2023-01-13,43.7824151645597,"W = 200"
2023-01-16,43.5064091560755,"W = 200"
2023-01-17,43.4693218270263,"W = 200"
2023-01-18,43.6797152376272,"W = 200"
2023-01-19,43.1880374816896,"W = 200"
2023-01-20,43.1483521608257,"W = 200"
2023-01-23,42.8540554861025,"W = 200"
2023-01-24,42.1224424996572,"W = 200"
2023-01-25,41.8295259001263,"W = 200"
2023-01-26,41.6593382726555,"W = 200"
2023-01-27,41.8379986184938,"W = 200"
2023-01-30,41.1236445490893,"W = 200"
2023-01-31,40.9056826787909,"W = 200"
2023-02-01,40.8711977786281,"W = 200"
2023-02-02,42.9598366178073,"W = 200"
2023-02-03,42.2023978666565,"W = 200"
2023-02-06,42.2840416721869,"W = 200"
2023-02-07,41.8472755904184,"W = 200"
2023-02-08,41.9724347311072,"W = 200"
2023-02-09,42.207429438582,"W = 200"
2023-02-10,41.867008906628,"W = 200"
2023-02-13,40.9223656831851,"W = 200"
2023-02-14,40.5015433011026,"W = 200"
2023-02-15,40.1701833683819,"W = 200"
2023-02-16,40.1848418271766,"W = 200"
2023-02-17,40.2624818629416,"W = 200"
2023-02-22,39.7631358585454,"W = 200"
2023-02-23,39.9536043490121,"W = 200"
2023-02-24,40.2474291050176,"W = 200"
2023-02-27,40.1820709736074,"W = 200"
2023-02-28,39.9533330910343,"W = 200"
2023-03-01,40.35843383494,"W = 200"
2023-03-02,40.881881653993,"W = 200"
2023-03-03,41.5218479181888,"W = 200"
2023-03-06,41.502853343732,"W = 200"
2023-03-07,41.6252795417892,"W = 200"
2023-03-08,41.4968709458075,"W = 200"
2023-03-09,40.9672870340207,"W = 200"
2023-03-10,41.0847000230479,"W = 200"
2023-03-13,40.8840187110938,"W = 200"
2023-03-14,40.430615110801,"W = 200"
2023-03-15,41.1181323526151,"W = 200"
2023-03-16,40.7150876838087,"W = 200"
2023-03-17,40.9286007200282,"W = 200"
2023-03-20,40.3298087519584,"W = 200"
2023-03-21,40.3855978926402,"W = 200"
2023-03-22,40.4547396124282,"W = 200"
2023-03-23,40.8526647823589,"W = 200"
2023-03-24,40.7163326502003,"W = 200"
2023-03-27,40.7072181899687,"W = 200"
2023-03-28,40.6542585881553,"W = 200"
2023-03-29,40.6782790933976,"W = 200"
2023-03-30,40.8382329118439,"W = 200"
2023-03-31,40.8712412801868,"W = 200"
2023-04-03,40.9747145915074,"W = 200"
2023-04-04,40.601099266882,"W = 200"
2023-04-05,40.9441039413201,"W = 200"
2023-04-06,40.5040062263389,"W = 200"
2023-04-10,41.1791173647514,"W = 200"
2023-04-11,40.975732965494,"W = 200"
2023-04-12,41.185454764189,"W = 200"
2023-04-13,41.2325920663801,"W = 200"
2023-04-14,40.5431974134129,"W = 200"
2023-04-17,40.964483680739,"W = 200"
2023-04-18,40.9264267776786,"W = 200"
2023-04-19,41.4829423025361,"W = 200"
2023-04-20,41.7560147813638,"W = 200"
2023-04-24,41.8029372966731,"W = 200"
2023-04-25,41.6004204017803,"W = 200"
2023-04-26,41.6694490544371,"W = 200"
2023-04-27,42.8548099266924,"W = 200"
2023-04-28,42.8138240912002,"W = 200"
2023-05-02,42.9647430039768,"W = 200"
2023-05-03,42.7748754109901,"W = 200"
2023-05-04,42.6619094313191,"W = 200"
2023-05-05,42.3795388863841,"W = 200"
2023-05-08,42.1650244802077,"W = 200"
2023-05-09,41.4436585011279,"W = 200"
2023-05-10,42.4580940439529,"W = 200"
2023-05-11,42.4953529407569,"W = 200"
2023-05-12,42.5545256452995,"W = 200"
2023-05-15,42.811763098593,"W = 200"
2023-05-16,42.8071537891548,"W = 200"
2023-05-17,43.472628796845,"W = 200"
2023-05-18,44.1725935065134,"W = 200"
2023-05-19,43.9837895214275,"W = 200"
2023-05-22,43.9679250011301,"W = 200"
2023-05-23,44.0930653304978,"W = 200"
2023-05-24,44.1083786634368,"W = 200"
2023-05-25,44.6604788159565,"W = 200"
2023-05-26,45.1650116059517,"W = 200"
2023-05-29,45.651883452994,"W = 200"
2023-05-30,45.6755026155696,"W = 200"
2023-05-31,45.8282998530786,"W = 200"
2023-06-01,45.7859439934258,"W = 200"
2023-06-02,45.6329893959236,"W = 200"
2023-06-05,45.6877433103502,"W = 200"
2023-06-06,46.2982214006214,"W = 200"
2023-06-07,45.9085141298843,"W = 200"
2023-06-09,45.3146112889179,"W = 200"
2023-06-12,44.875675654435,"W = 200"
2023-06-13,44.4469339070229,"W = 200"
2023-06-14,44.5518868542682,"W = 200"
2023-06-15,44.5085571463277,"W = 200"
2023-06-16,45.0450563061457,"W = 200"
2023-06-19,45.7489995819508,"W = 200"
2023-06-20,45.8945994552373,"W = 200"
2023-06-21,46.2435971893441,"W = 200"
2023-06-22,46.1333401163788,"W = 200"
2023-06-23,46.8003471009393,"W = 200"
2023-06-26,46.5925130533243,"W = 200"
2023-06-27,46.992461824886,"W = 200"
2023-06-28,47.5547074948704,"W = 200"
2023-06-29,47.7150085864256,"W = 200"
2023-06-30,47.5471521300634,"W = 200"
2023-07-03,47.4813796475932,"W = 200"
2023-07-04,48.397710464132,"W = 200"
2023-07-05,48.4389710370631,"W = 200"
2023-07-06,48.4224254177878,"W = 200"
2023-07-07,48.3038691837862,"W = 200"
2023-07-10,48.5579144496985,"W = 200"
2023-07-11,48.6573400572767,"W = 200"
2023-07-12,48.8351624581816,"W = 200"
2023-07-13,48.6617713903192,"W = 200"
2023-07-14,48.6170222934669,"W = 200"
2023-07-17,49.0935900271556,"W = 200"
2023-07-18,48.9249208868676,"W = 200"
2023-07-19,49.3430234651738,"W = 200"
2023-07-20,49.319704226615,"W = 200"
2023-07-21,49.1467758678177,"W = 200"
2023-07-24,49.2423977289705,"W = 200"
2023-07-25,49.2303001744692,"W = 200"
2023-07-26,49.592437181371,"W = 200"
2023-07-27,49.5589218920869,"W = 200"
2023-07-28,50.1969121597164,"W = 200"
2023-07-31,50.5513435932825,"W = 200"
2023-08-01,50.328894174232,"W = 200"
2023-08-02,50.1567761733008,"W = 200"
2023-08-03,50.3988320586454,"W = 200"
2023-08-04,50.0082207654596,"W = 200"
2023-08-07,49.8336176029927,"W = 200"
2023-08-08,50.4918534297358,"W = 200"
2023-08-09,49.6556497408961,"W = 200"
2023-08-10,49.1099975931698,"W = 200"
2023-08-11,49.7445541130279,"W = 200"
2023-08-14,48.1121616867733,"W = 200"
2023-08-15,47.305557088339,"W = 200"
2023-08-16,46.7666572410312,"W = 200"
2023-08-17,47.1114826052765,"W = 200"
2023-08-18,47.3147221934557,"W = 200"
2023-08-21,47.3671962191054,"W = 200"
2023-08-22,47.6357157656241,"W = 200"
2023-08-23,46.5997577551433,"W = 200"
2023-08-24,46.8368819276958,"W = 200"
2023-08-25,46.6192170405473,"W = 200"
2023-08-28,46.495625302087,"W = 200"
2023-08-29,45.7013840982909,"W = 200"
2023-08-30,44.8538961536483,"W = 200"
2023-08-31,44.592538898028,"W = 200"
2023-09-01,44.282712717481,"W = 200"
2023-09-04,44.7072373967329,"W = 200"
2023-09-05,44.11699209144,"W = 200"
2023-09-06,44.0519897348724,"W = 200"
2023-09-08,43.9701113196139,"W = 200"
2023-09-11,43.6394390305982,"W = 200"
2023-09-12,43.70072361305,"W = 200"
2023-09-13,43.8689199564928,"W = 200"
2023-09-14,42.7728299071124,"W = 200"
2023-09-15,43.1836231702137,"W = 200"
2023-09-18,42.9606190083858,"W = 200"
2023-09-19,43.1603664228223,"W = 200"
2023-09-20,43.0019882820499,"W = 200"
2023-09-21,42.9066706140669,"W = 200"
2023-09-22,41.8369397723939,"W = 200"
2023-09-25,41.9893180037936,"W = 200"
2023-09-26,41.3556748390822,"W = 200"
2023-09-27,40.3071314459034,"W = 200"
2023-09-28,40.8023316118327,"W = 200"
2023-09-29,40.6878968212465,"W = 200"
2023-10-02,39.7647049598053,"W = 200"
2023-10-03,40.1200785135383,"W = 200"
2023-10-04,40.1954674440824,"W = 200"
2023-10-05,40.3917004329727,"W = 200"
2023-10-06,41.255136211459,"W = 200"
2023-10-09,41.0193303302577,"W = 200"
2023-10-10,40.8730661214921,"W = 200"
2023-10-11,40.5246973041035,"W = 200"
2023-10-13,40.5355843162607,"W = 200"
2023-10-16,40.4315008894282,"W = 200"
2023-10-17,40.288459755983,"W = 200"
2023-10-18,40.1642133793373,"W = 200"
2023-10-19,40.6187536717991,"W = 200"
2023-10-20,40.4813343707477,"W = 200"
2023-10-23,39.4504535357528,"W = 200"
2023-10-24,39.6638416819285,"W = 200"
2023-10-25,38.5219013068261,"W = 200"
2023-10-26,38.267021511101,"W = 200"
2023-10-27,38.3511668316559,"W = 200"
2023-10-30,38.3805558931606,"W = 200"
2023-10-31,38.2158853165078,"W = 200"
2023-11-01,38.2059242129975,"W = 200"
2023-11-03,39.015635165793,"W = 200"
2023-11-06,39.2533992213466,"W = 200"
2023-11-07,39.6739105898318,"W = 200"
2023-11-08,39.4123195495214,"W = 200"
2023-11-09,39.7671896481163,"W = 200"
2023-11-10,39.5131858073179,"W = 200"
2023-11-13,39.4147648003191,"W = 200"
2023-11-14,39.3561238023887,"W = 200"
2023-11-16,38.707267717599,"W = 200"
2023-11-17,36.1589975361706,"W = 200"
2023-11-20,37.0788176048121,"W = 200"
2023-11-21,37.2925100520056,"W = 200"
2023-11-22,37.4019712237286,"W = 200"
2023-11-23,36.2019581331281,"W = 200"
2023-11-24,36.1229470346027,"W = 200"
2023-11-27,35.3029983493876,"W = 200"
2023-11-28,35.7174769303569,"W = 200"
2023-11-29,35.8394576824066,"W = 200"
2023-11-30,35.6976735852288,"W = 200"
2023-12-01,35.4758597448295,"W = 200"
2023-12-04,35.5006974147616,"W = 200"
2023-12-05,35.9434845961265,"W = 200"
2023-12-06,35.5438826346527,"W = 200"
2023-12-07,36.0352400062597,"W = 200"
2023-12-08,35.8192220916634,"W = 200"
2023-12-11,36.1667030147623,"W = 200"
2023-12-12,34.7314737401044,"W = 200"
2023-12-13,34.5577719310513,"W = 200"
2023-12-14,34.5862483791971,"W = 200"
2023-12-15,33.9367169667989,"W = 200"
2023-12-18,33.9310063832095,"W = 200"
2023-12-19,33.6609578260356,"W = 200"
2023-12-20,33.6454539227495,"W = 200"
2023-12-21,33.0771690831059,"W = 200"
2023-12-22,32.5264346678603,"W = 200"
2023-12-26,32.8214782280131,"W = 200"
2023-12-27,31.8149937410664,"W = 200"
2023-12-28,32.0943836648989,"W = 200"
2024-01-02,32.1565975769537,"W = 200"
2024-01-03,31.6953415874916,"W = 200"
2024-01-04,31.5470509284905,"W = 200"
2024-01-05,30.9286448152209,"W = 200"
2024-01-08,29.8155634081701,"W = 200"
2024-01-09,29.3135271592287,"W = 200"
2024-01-10,28.8949681870217,"W = 200"
2024-01-11,29.2440869784657,"W = 200"
2024-01-12,28.6981900921711,"W = 200"
2024-01-15,28.3746206272088,"W = 200"
2024-01-16,28.0733684060849,"W = 200"
2024-01-17,28.3297065441532,"W = 200"
2024-01-18,28.3051348619611,"W = 200"
2024-01-19,28.074663376899,"W = 200"
2024-01-22,27.9859895580553,"W = 200"
2024-01-23,27.7956425535396,"W = 200"
2024-01-24,27.6795280859332,"W = 200"
2024-01-25,26.6725754562853,"W = 200"
2024-01-26,26.9540990428539,"W = 200"
2024-01-29,27.2799053089428,"W = 200"
2024-01-30,27.2590363811835,"W = 200"
2024-01-31,27.0377549022373,"W = 200"
2024-02-01,26.9543308992036,"W = 200"
2024-02-02,27.089170998003,"W = 200"
2024-02-05,26.896565708589,"W = 200"
2024-02-06,26.3737475010241,"W = 200"
2024-02-07,26.8953436493677,"W = 200"
2024-02-08,26.8648697474419,"W = 200"
2024-02-09,26.7128885865867,"W = 200"
2024-02-14,26.5746868375828,"W = 200"
2024-02-15,26.3782201150786,"W = 200"
2024-02-16,26.0435262932815,"W = 200"
2024-02-19,25.7308527424419,"W = 200"
2024-02-20,25.6092934181203,"W = 200"
2024-02-21,25.1252572974878,"W = 200"
2024-02-22,25.6813201351358,"W = 200"
2024-02-23,25.1920193349066,"W = 200"
2024-02-26,25.4987061817157,"W = 200"
2024-02-27,25.5113480952331,"W = 200"
2024-02-28,25.5062590411228,"W = 200"
2024-02-29,25.5456101872398,"W = 200"
2024-03-01,25.665361390498,"W = 200"
2024-03-04,25.8024019836322,"W = 200"
2024-03-05,25.5922114382652,"W = 200"
2024-03-06,25.493044087551,"W = 200"
2024-03-07,25.2881630140054,"W = 200"
2024-03-08,24.9167333076989,"W = 200"
2024-03-11,25.6444374060113,"W = 200"
2024-03-12,26.0861440127719,"W = 200"
2024-03-13,25.7967938395468,"W = 200"
2024-03-14,26.2701149646383,"W = 200"
2024-03-15,26.3904162455492,"W = 200"
2024-03-18,26.1094442625893,"W = 200"
2024-03-19,26.0456144926006,"W = 200"
2024-03-20,26.3035030040025,"W = 200"
2024-03-21,25.4278155159204,"W = 200"
2024-03-22,25.8874230445164,"W = 200"
2024-03-25,26.1537196690829,"W = 200"
2024-03-26,26.05295311447,"W = 200"
2024-03-27,25.8042381095528,"W = 200"
2024-03-28,26.5987662400564,"W = 200"
2024-04-01,26.1308902685515,"W = 200"
2024-04-02,25.9337835820691,"W = 200"
2024-04-03,26.0440686816481,"W = 200"
2024-04-04,26.9121372409907,"W = 200"
2024-04-05,27.2294598437139,"W = 200"
2024-04-08,27.0097909747011,"W = 200"
2024-04-09,27.3908290730996,"W = 200"
2024-04-10,26.0696952614832,"W = 200"
2024-04-11,26.214564315356,"W = 200"
2024-04-12,26.4273522595635,"W = 200"
2024-04-15,26.2790978354312,"W = 200"
2024-04-16,26.2199995521591,"W = 200"
2024-04-17,25.9733691394816,"W = 200"
2024-04-18,26.167576147313,"W = 200"
2024-04-19,26.2685018240781,"W = 200"
2024-04-22,26.015757127296,"W = 200"
2024-04-23,25.803175566496,"W = 200"
2024-04-24,25.2737415789704,"W = 200"
2024-04-25,25.3406627525685,"W = 200"
2024-04-26,26.0562897900959,"W = 200"
2024-04-29,26.7036150138522,"W = 200"
2024-04-30,26.6731793645285,"W = 200"
2024-05-02,26.2716605534066,"W = 200"
2024-05-03,26.3107271284276,"W = 200"
2024-05-06,26.4010441302341,"W = 200"
2024-05-07,26.2055681107691,"W = 200"
2024-05-08,26.0308975098159,"W = 200"
2024-05-09,25.8571538760751,"W = 200"
2024-05-10,26.0693223685757,"W = 200"
2024-05-13,26.4189838169615,"W = 200"
2024-05-14,26.3988355087357,"W = 200"
2024-05-15,26.0477976313852,"W = 200"
2024-05-16,25.9917054938797,"W = 200"
2024-05-17,26.0408814728548,"W = 200"
2024-05-20,25.5817780898247,"W = 200"
2024-05-21,25.4434866995795,"W = 200"
2024-05-22,25.5032821796059,"W = 200"
2024-05-23,25.4030950871869,"W = 200"
2024-05-24,25.3215227244925,"W = 200"
2024-05-27,25.8637780288078,"W = 200"
2024-05-28,25.5733069826138,"W = 200"
2024-05-29,25.5660763454342,"W = 200"
2024-05-31,25.5478710119498,"W = 200"
2024-06-03,25.4971714850289,"W = 200"
2024-06-04,25.5022217491145,"W = 200"
2024-06-05,26.025710051677,"W = 200"
2024-06-06,26.1820520304473,"W = 200"
2024-06-07,26.03055817444,"W = 200"
2024-06-10,26.2125960505405,"W = 200"
2024-06-11,26.4483049391059,"W = 200"
2024-06-12,26.2733438223819,"W = 200"
2024-06-13,25.9962590732127,"W = 200"
2024-06-14,25.9467123894917,"W = 200"
2024-06-17,25.9524727246421,"W = 200"
2024-06-18,25.9491414201563,"W = 200"
2024-06-19,26.0167042149003,"W = 200"
2024-06-20,26.1844239843951,"W = 200"
2024-06-21,26.4278347171753,"W = 200"
2024-06-24,26.6688926143611,"W = 200"
2024-06-25,26.849222238153,"W = 200"
2024-06-26,27.0138906752977,"W = 200"
2024-06-27,26.8999526406962,"W = 200"
2024-06-28,26.3796712757459,"W = 200"
2024-07-01,26.4714259579294,"W = 200"
2024-07-02,27.0174649138835,"W = 200"
2024-07-03,27.1100972807685,"W = 200"
2024-07-04,27.0255008285235,"W = 200"
2024-07-05,26.8539152028761,"W = 200"
2024-07-08,26.5685307518561,"W = 200"
2024-07-09,26.5442610399105,"W = 200"
2024-07-10,26.4601022250644,"W = 200"
2024-07-11,26.5404538331973,"W = 200"
2024-07-12,26.5301439171288,"W = 200"
2024-07-15,26.831155717351,"W = 200"
2024-07-16,27.4918134439456,"W = 200"
2024-07-17,27.5209575373479,"W = 200"
2024-07-18,27.5753595699989,"W = 200"
2024-07-19,27.2517796924869,"W = 200"
2024-07-22,27.0363029935536,"W = 200"
2024-07-23,25.9396630590808,"W = 200"
2024-07-24,26.8141219816151,"W = 200"
2024-07-25,26.3520088311747,"W = 200"
2024-07-26,25.6469773118467,"W = 200"
2024-07-29,25.9940453048333,"W = 200"
2024-07-30,26.1512195807506,"W = 200"
2024-07-31,25.6024441905513,"W = 200"
2024-08-01,25.2314208799419,"W = 200"
2024-08-02,24.7225378266861,"W = 200"
2024-08-05,26.48435045062,"W = 200"
2024-08-06,26.314951294207,"W = 200"
2024-08-07,26.2988264439231,"W = 200"
2024-08-08,25.1733351177999,"W = 200"
2024-08-09,25.1420611896599,"W = 200"
2024-08-12,25.1506801391523,"W = 200"
2024-08-13,24.9077298184984,"W = 200"
2024-08-14,25.1859063379887,"W = 200"
2024-08-15,25.0939408924445,"W = 200"
2024-08-16,23.5424078491985,"W = 200"
2024-08-19,23.6656765967663,"W = 200"
2024-08-20,23.4499553897101,"W = 200"
2024-08-21,24.158626406566,"W = 200"
2024-08-22,23.4461223203806,"W = 200"
2024-08-23,23.3096048067847,"W = 200"
2024-08-26,23.4936795879385,"W = 200"
2024-08-27,24.2690154592197,"W = 200"
2024-08-28,23.6761264289037,"W = 200"
2024-08-29,23.9097068142906,"W = 200"
2024-08-30,24.111687358113,"W = 200"
2024-09-02,23.91130792904,"W = 200"
2024-09-03,23.5724663829356,"W = 200"
2024-09-04,23.8104305302387,"W = 200"
2024-09-05,23.800344156118,"W = 200"
2024-09-06,23.78400289797,"W = 200"
2024-09-09,23.9380215263366,"W = 200"
2024-09-10,23.937007112441,"W = 200"
2024-09-11,24.1325633834166,"W = 200"
2024-09-12,23.9471424098782,"W = 200"
2024-09-13,23.8073781414896,"W = 200"
2024-09-16,23.9619141365089,"W = 200"
2024-09-17,24.0542617560743,"W = 200"
2024-09-18,24.1453490266518,"W = 200"
2024-09-19,24.2976655268173,"W = 200"
2024-09-20,24.5498612129587,"W = 200"
2024-09-23,24.6974423451398,"W = 200"
2024-09-24,24.9117572248251,"W = 200"
2024-09-25,24.5635349358568,"W = 200"
2024-09-26,24.462922277323,"W = 200"
2024-09-27,24.3727838022308,"W = 200"
2024-09-30,24.2731614205045,"W = 200"
2024-10-01,25.1798251416317,"W = 200"
2024-10-02,25.5604363206865,"W = 200"
2024-10-03,25.3805226590245,"W = 200"
2024-10-04,25.0824342405626,"W = 200"
2024-10-07,25.1769141837325,"W = 200"
2024-10-08,25.4242447150343,"W = 200"
2024-10-09,28.2728601500834,"W = 200"
2024-10-10,25.3078609253445,"W = 200"
2024-10-11,23.4526729331963,"W = 200"
2024-10-14,23.8062437076117,"W = 200"
2024-10-15,23.8985289692153,"W = 200"
2024-10-16,23.9261460212062,"W = 200"
2024-10-17,23.9550700204744,"W = 200"
2024-10-18,23.7674151255827,"W = 200"
2024-10-21,23.5856057338726,"W = 200"
2024-10-22,23.5513222775348,"W = 200"
2024-10-23,23.7451092090716,"W = 200"
2024-10-24,23.9664486729338,"W = 200"
2024-10-25,24.3145399259969,"W = 200"
2024-10-28,24.2675123392684,"W = 200"
2024-10-29,24.1193962871798,"W = 200"
2024-10-30,24.3040805685546,"W = 200"
2024-10-31,24.1619107945944,"W = 200"
2024-11-01,24.0089973366931,"W = 200"
2024-11-04,23.8792110536482,"W = 200"
2024-11-05,23.7632455620666,"W = 200"
2024-11-06,24.1303397777992,"W = 200"
2024-11-07,24.1389630663896,"W = 200"
2024-11-08,23.7787433355834,"W = 200"
2024-11-11,23.6575120616989,"W = 200"
2024-11-12,23.9119689477751,"W = 200"
2024-11-13,23.7401731431667,"W = 200"
2024-11-14,23.4276345263262,"W = 200"
2024-11-18,23.0460345985733,"W = 200"
2024-11-19,23.701570471069,"W = 200"
2024-11-21,23.7590103213591,"W = 200"
2024-11-22,24.1498612087806,"W = 200"
2024-11-25,23.7028368948815,"W = 200"
2024-11-26,24.4024863146704,"W = 200"
2024-11-27,24.2707544045289,"W = 200"
2024-11-28,24.4088563274647,"W = 200"
2024-11-29,24.8313339375481,"W = 200"
2024-12-02,24.7945143195594,"W = 200"
2024-12-03,24.4795641128607,"W = 200"
2024-12-04,24.3984727073974,"W = 200"
2024-12-05,24.7953323409677,"W = 200"
2024-12-06,24.6033550388204,"W = 200"
2024-12-09,24.5473175134596,"W = 200"
2024-12-10,25.0820961694183,"W = 200"
2024-12-11,26.8139706439247,"W = 200"
2024-12-12,26.8258062745304,"W = 200"
2024-12-13,26.8474059268946,"W = 200"
2024-12-16,26.9148406284209,"W = 200"
2024-12-17,26.4851612676353,"W = 200"
2024-12-18,25.8838694954471,"W = 200"
2024-12-19,25.9127519317934,"W = 200"
2024-12-20,25.3555636398526,"W = 200"
2024-12-23,25.3431571543374,"W = 200"
2024-12-26,25.1724070541765,"W = 200"
2024-12-27,25.2655540029875,"W = 200"
2024-12-30,25.5079810411082,"W = 200"
2025-01-02,25.8579389122509,"W = 200"
2025-01-03,26.320235850403,"W = 200"
2025-01-06,25.6460898986384,"W = 200"
2025-01-07,24.9847527938794,"W = 200"
2025-01-08,25.1467403948139,"W = 200"
2025-01-09,25.2559852912872,"W = 200"
2025-01-10,25.1364367942845,"W = 200"
2025-01-13,25.2378519075529,"W = 200"
2025-01-14,25.3061809480669,"W = 200"
2025-01-15,24.7017595617467,"W = 200"
2025-01-16,24.5849182518535,"W = 200"
2025-01-17,24.8682627469246,"W = 200"
2025-01-20,24.9020476223013,"W = 200"
2025-01-21,25.3696975311633,"W = 200"
2025-01-22,25.2498491180078,"W = 200"
2025-01-23,25.6299376711206,"W = 200"
2025-01-24,25.7511410072074,"W = 200"
2025-01-27,25.8581724417884,"W = 200"
2025-01-28,25.451528991575,"W = 200"
2025-01-29,25.3834489954668,"W = 200"
2025-01-30,25.3234557415461,"W = 200"
2025-01-31,25.1818395061117,"W = 200"
2025-02-03,25.1230325687782,"W = 200"
2025-02-04,25.080906416148,"W = 200"
2025-02-05,26.0378438678842,"W = 200"
2025-02-06,26.570233942963,"W = 200"
2025-02-07,26.5429775873251,"W = 200"
2025-02-10,26.1336603052216,"W = 200"
2025-02-11,26.3357059890155,"W = 200"
2025-02-12,26.7483904501652,"W = 200"
2025-02-13,26.9092083692893,"W = 200"
2025-02-14,26.9274671968722,"W = 200"
2025-02-17,26.7546752700755,"W = 200"
2025-02-18,26.4419276377167,"W = 200"
2025-02-19,26.3848069170679,"W = 200"
2025-02-20,26.2277938775129,"W = 200"
2025-02-21,26.375739255094,"W = 200"
2025-02-24,26.4300101905081,"W = 200"
2025-02-25,26.3623782813359,"W = 200"
2025-02-26,26.3778040256697,"W = 200"
2025-02-27,26.3598732248219,"W = 200"
2025-02-28,26.5943169418997,"W = 200"
2025-03-05,26.7110851736071,"W = 200"
2025-03-06,26.731608777413,"W = 200"
2025-03-07,27.2031395310878,"W = 200"
2025-03-10,27.073317522416,"W = 200"
2025-03-11,26.9875401980711,"W = 200"
2025-03-12,27.316970993426,"W = 200"
2025-03-13,27.612831567911,"W = 200"
2025-03-14,27.6816641059886,"W = 200"
2025-03-17,27.7846423565987,"W = 200"
2025-03-18,27.4175877992637,"W = 200"
2025-03-19,27.2433387355025,"W = 200"
2025-03-20,27.1813531847733,"W = 200"
2025-03-21,27.4875650518544,"W = 200"
2025-03-24,27.2634959002807,"W = 200"
2025-03-25,26.9521302355403,"W = 200"
2025-03-26,27.0014000339324,"W = 200"
2025-03-27,26.8645358132176,"W = 200"
2025-03-28,26.9065310493298,"W = 200"
2025-03-31,26.9926623778114,"W = 200"
2025-04-01,27.0568632679543,"W = 200"
2025-04-02,27.0153128587391,"W = 200"
2025-04-03,27.2716610687653,"W = 200"
2025-04-04,27.8577425496836,"W = 200"
2025-04-07,29.4799600740542,"W = 200"
2025-04-08,29.5972991986052,"W = 200"
2025-04-09,31.1312157134923,"W = 200"
2025-04-10,31.5038187959981,"W = 200"
2025-04-11,31.2238485944763,"W = 200"
2025-04-14,30.8969972306574,"W = 200"
2025-04-15,30.7102183505253,"W = 200"
2025-04-16,30.765669698359,"W = 200"
2025-04-17,30.8707660844607,"W = 200"
2025-04-22,30.92523974449,"W = 200"
2025-04-23,30.9957355153109,"W = 200"
2025-04-24,30.9582842949501,"W = 200"
2025-04-25,31.0106322009808,"W = 200"
2025-04-28,30.6183507786352,"W = 200"
2025-04-29,30.4745752585035,"W = 200"
2025-04-30,30.3567778231186,"W = 200"
2025-05-02,30.4947805915512,"W = 200"
2025-05-05,30.5141016727293,"W = 200"
2025-05-06,30.6352433959079,"W = 200"
2025-05-07,30.4881849779434,"W = 200"
2025-05-08,31.754750041234,"W = 200"
2025-05-09,33.4505721715872,"W = 200"
2025-05-12,33.441769431322,"W = 200"
2025-05-13,34.8576039088421,"W = 200"
2025-05-14,34.495267184312,"W = 200"
2025-05-15,34.533932702276,"W = 200"
2025-05-16,33.3399560627866,"W = 200"
2025-05-19,33.0780951225752,"W = 200"
2025-05-20,32.9735070696004,"W = 200"
2025-05-21,31.5175767433645,"W = 200"
2025-05-22,31.6438935904759,"W = 200"
2025-05-23,31.7888655975825,"W = 200"
2025-05-26,31.823694746298,"W = 200"
2025-05-27,32.0978892223841,"W = 200"
2025-05-28,32.1141795092286,"W = 200"
2025-05-29,32.7121824675937,"W = 200"
2025-05-30,32.323486669283,"W = 200"
2025-06-02,28.1805910515024,"W = 200"
2025-06-03,28.1229068411567,"W = 200"
2025-06-04,28.1803357292715,"W = 200"
2025-06-05,28.3730768488717,"W = 200"
2025-06-06,28.1112918603627,"W = 200"
2025-06-09,28.5631836855244,"W = 200"
2025-06-10,28.4291593839001,"W = 200"
2025-06-11,28.6309707244133,"W = 200"
2025-06-12,27.3525530320632,"W = 200"
2025-06-13,27.1798592379643,"W = 200"
2025-06-16,27.4795366719439,"W = 200"
2025-06-17,27.4346189555929,"W = 200"
2025-06-18,27.4835037849274,"W = 200"
2025-06-20,27.1883791836973,"W = 200"
2025-06-23,27.2150914906079,"W = 200"
2025-06-24,27.2323569346698,"W = 200"
2025-06-25,27.3129369905169,"W = 200"
2025-06-26,27.0381099924567,"W = 200"
2025-06-27,27.013768096348,"W = 200"
2025-06-30,26.7303742941376,"W = 200"
2025-07-01,26.8037666286255,"W = 200"
2025-07-02,26.9938055353516,"W = 200"
2025-07-03,26.6940358335251,"W = 200"
2025-07-04,26.7726533648359,"W = 200"
2025-07-07,27.1405057782773,"W = 200"
2025-07-08,26.6934069900589,"W = 200"
2025-07-09,27.2618308634598,"W = 200"
2025-07-10,27.0907156600366,"W = 200"
2025-07-11,26.9323978504488,"W = 200"
2025-07-14,26.7615739304018,"W = 200"
2025-07-15,26.8252161965181,"W = 200"
2025-07-16,27.1025330793578,"W = 200"
2025-07-17,27.2356376304907,"W = 200"
2025-07-18,26.1526331748525,"W = 200"
2025-07-21,25.9743820052482,"W = 200"
2025-07-22,25.892467793297,"W = 200"
2025-07-23,25.9502878959517,"W = 200"
2025-07-24,26.0601399350473,"W = 200"
2025-07-25,26.0867484534855,"W = 200"
2025-07-28,26.7844782822581,"W = 200"
2025-07-29,26.8233762195345,"W = 200"
2025-07-30,27.1266761035207,"W = 200"
2025-07-31,27.1699596698002,"W = 200"
2025-08-01,27.4450883721813,"W = 200"
2025-08-04,27.3664675615085,"W = 200"
2025-08-05,27.358580287332,"W = 200"
2025-08-06,27.4524211292441,"W = 200"
2025-08-07,26.9201034732613,"W = 200"
2025-08-08,27.0768250264257,"W = 200"
2025-08-11,26.6469353191248,"W = 200"
2025-08-12,26.5244427251744,"W = 200"
2025-08-13,25.9740412458049,"W = 200"
2025-08-14,26.0841672606005,"W = 200"
2025-08-15,25.3500133776473,"W = 200"
2025-08-18,24.9765170204745,"W = 200"
2025-08-19,25.6315567220323,"W = 200"
2025-08-20,25.4539335864153,"W = 200"
2025-08-21,25.3700205148106,"W = 200"
2025-08-22,25.5531117113532,"W = 200"
2025-08-25,25.479040833791,"W = 200"
2025-08-26,25.462106959952,"W = 200"
2025-08-27,25.5470809637824,"W = 200"
2025-08-28,25.6944739824074,"W = 200"
2025-08-29,26.2060833665757,"W = 200"
2025-09-01,26.4626368442645,"W = 200"
2025-09-02,26.8383101137498,"W = 200"
2025-09-03,26.8394229541309,"W = 200"
2025-09-04,26.678188043644,"W = 200"
2025-09-05,27.2405385398138,"W = 200"
2025-09-08,27.1778233227935,"W = 200"
2025-09-09,27.8989544677223,"W = 200"
2025-09-10,27.9898555214033,"W = 200"
2025-09-11,28.3139233806994,"W = 200"
2025-09-12,28.3731401109868,"W = 200"
2025-09-15,27.8462050128228,"W = 200"
2025-09-16,27.8639260891583,"W = 200"
2025-09-17,27.866101553015,"W = 200"
2025-09-18,27.951805856533,"W = 200"
2025-09-19,27.9156508286431,"W = 200"
2025-09-22,28.1181931631417,"W = 200"
2025-09-23,28.1275896509564,"W = 200"
2025-09-24,28.1842771716742,"W = 200"
2025-09-25,27.1938377550579,"W = 200"
2025-09-26,27.3685020586502,"W = 200"
2025-09-29,27.2834842305105,"W = 200"
2025-09-30,27.1409339401328,"W = 200"
2025-10-01,27.2903858004631,"W = 200"
2025-10-02,27.8619842891951,"W = 200"
2025-10-03,28.2229091132308,"W = 200"
2025-10-06,28.5073764683539,"W = 200"
2025-10-07,28.4526732262278,"W = 200"
2025-10-08,28.4501136934773,"W = 200"
2025-10-09,28.6102144509157,"W = 200"
2025-10-10,28.389257489806,"W = 200"
2025-10-13,28.2747058241982,"W = 200"
2025-10-14,29.0905302280084,"W = 200"
2025-10-15,29.2479306729574,"W = 200"
2025-10-16,29.0710859572309,"W = 200"
2025-10-17,29.0912047109305,"W = 200"
2025-10-20,28.6103464964432,"W = 200"
2025-10-21,28.4745390978114,"W = 200"
2025-10-22,28.7609337037568,"W = 200"
2025-10-23,28.960046220636,"W = 200"
2025-10-24,29.0288296418286,"W = 200"
2025-10-27,28.9756496556719,"W = 200"
2025-10-28,29.3779466582275,"W = 200"
2025-10-29,28.9503604217632,"W = 200"
2025-10-30,28.6325612283202,"W = 200"
2025-10-31,28.5595443641834,"W = 200"
2025-11-03,28.4705105818927,"W = 200"
2025-11-04,28.2859368302663,"W = 200"
2025-11-05,28.1534468037761,"W = 200"
2025-11-06,28.0648009100729,"W = 200"
2025-11-07,27.9937962311347,"W = 200"
2025-11-10,28.1407750629319,"W = 200"
2025-11-11,28.6402926056257,"W = 200"
2025-11-12,28.7207288544477,"W = 200"
2025-11-13,29.0363780638689,"W = 200"
2025-11-14,28.5581165240598,"W = 200"
2025-11-17,28.239216048121,"W = 200"
2025-11-18,28.3274906176646,"W = 200"
2025-11-19,28.6366752066109,"W = 200"
2025-11-21,28.6654535307974,"W = 200"
2025-11-24,28.4573547809946,"W = 200"
2025-11-25,28.5303758860079,"W = 200"
2025-11-26,28.6686501987193,"W = 200"
2025-11-27,29.4003565951592,"W = 200"
2025-11-28,29.2840840730226,"W = 200"
2025-12-01,29.5765678030641,"W = 200"
2025-12-02,30.4028935525702,"W = 200"
2025-12-03,30.2118434068498,"W = 200"
2025-12-04,30.3104149366398,"W = 200"
2025-12-05,30.7808655784087,"W = 200"
2025-12-08,31.0577018967464,"W = 200"
2025-12-09,31.4112698580963,"W = 200"
2025-12-10,31.5301273201276,"W = 200"
2025-12-11,31.5674628678085,"W = 200"
2025-12-12,31.5847696219501,"W = 200"
2025-12-15,31.5373614693235,"W = 200"
2025-12-16,31.5083944495314,"W = 200"
2025-12-17,31.49672390384,"W = 200"
2025-12-18,30.9185487515504,"W = 200"
2025-12-19,30.9229689210268,"W = 200"
2025-12-22,31.0842870027812,"W = 200"
2025-12-23,31.0460730775049,"W = 200"
2025-12-26,31.1993443423599,"W = 200"
2025-12-29,31.233607662493,"W = 200"
2025-12-30,30.8224890527351,"W = 200"
2020-01-02,32.4718995790603,"W = 250"
2020-01-03,32.6275690502442,"W = 250"
2020-01-06,32.2386626905602,"W = 250"
2020-01-07,32.2863148298525,"W = 250"
2020-01-08,30.4774202216614,"W = 250"
2020-01-09,29.7699097230145,"W = 250"
2020-01-10,29.5281922367063,"W = 250"
2020-01-13,29.5185393122138,"W = 250"
2020-01-14,29.8327057894136,"W = 250"
2020-01-15,29.8899851392568,"W = 250"
2020-01-16,30.0219946727366,"W = 250"
2020-01-17,30.1449799382598,"W = 250"
2020-01-20,30.1678860530866,"W = 250"
2020-01-21,30.3624070682067,"W = 250"
2020-01-22,30.5298776409531,"W = 250"
2020-01-23,30.4708447856925,"W = 250"
2020-01-24,30.4390848524834,"W = 250"
2020-01-27,30.5839612249888,"W = 250"
2020-01-28,30.5792577939387,"W = 250"
2020-01-29,30.4009872192857,"W = 250"
2020-01-30,30.5059035734079,"W = 250"
2020-01-31,30.7497951262678,"W = 250"
2020-02-03,30.8664415179562,"W = 250"
2020-02-04,30.3161674550429,"W = 250"
2020-02-05,30.5760442743515,"W = 250"
2020-02-06,30.5980340814546,"W = 250"
2020-02-07,30.2493494172328,"W = 250"
2020-02-10,30.343372392669,"W = 250"
2020-02-11,29.8424536870985,"W = 250"
2020-02-12,29.9370580298634,"W = 250"
2020-02-13,29.9671735920591,"W = 250"
2020-02-14,30.0512533657707,"W = 250"
2020-02-17,30.6533770878391,"W = 250"
2020-02-18,30.531805915597,"W = 250"
2020-02-19,30.4982415210597,"W = 250"
2020-02-20,30.488431179782,"W = 250"
2020-02-21,30.3043289777104,"W = 250"
2020-02-26,32.7658242346708,"W = 250"
2020-02-27,33.7521122488063,"W = 250"
2020-02-28,34.3430636526812,"W = 250"
2020-03-02,34.3767425524713,"W = 250"
2020-03-03,34.7818841218283,"W = 250"
2020-03-04,35.071125072037,"W = 250"
2020-03-05,35.9453569377743,"W = 250"
2020-03-06,37.6698205231303,"W = 250"
2020-03-09,42.8526864019698,"W = 250"
2020-03-10,44.6073274619533,"W = 250"
2020-03-11,47.5576608360392,"W = 250"
2020-03-12,54.0906609282543,"W = 250"
2020-03-13,60.0035882780319,"W = 250"
2020-03-16,61.1236136424999,"W = 250"
2020-03-17,58.2883177084774,"W = 250"
2020-03-18,60.7111411058109,"W = 250"
2020-03-19,61.1777100148129,"W = 250"
2020-03-20,60.8286452417118,"W = 250"
2020-03-23,60.030107044919,"W = 250"
2020-03-24,61.257957812599,"W = 250"
2020-03-25,62.2955092932183,"W = 250"
2020-03-26,61.7901150415406,"W = 250"
2020-03-27,62.0183400627234,"W = 250"
2020-03-30,61.4887201954371,"W = 250"
2020-03-31,61.2725779131698,"W = 250"
2020-04-01,61.5602745589482,"W = 250"
2020-04-02,61.1353841357465,"W = 250"
2020-04-03,61.5277150103457,"W = 250"
2020-04-06,62.6312918192759,"W = 250"
2020-04-07,63.2892256668872,"W = 250"
2020-04-08,62.3695400685889,"W = 250"
2020-04-09,62.4302810074284,"W = 250"
2020-04-13,62.4326925574126,"W = 250"
2020-04-14,62.5644359815488,"W = 250"
2020-04-15,62.8163433570906,"W = 250"
2020-04-16,62.7770134242113,"W = 250"
2020-04-17,62.9616495749409,"W = 250"
2020-04-20,63.1950070039666,"W = 250"
2020-04-22,63.0373923109717,"W = 250"
2020-04-23,63.2867140398677,"W = 250"
2020-04-24,64.3874441052928,"W = 250"
2020-04-27,64.3238356742029,"W = 250"
2020-04-28,66.4050871806038,"W = 250"
2020-04-29,66.2052641394358,"W = 250"
2020-04-30,66.4972189411705,"W = 250"
2020-05-04,66.1513856246605,"W = 250"
2020-05-05,66.169591375824,"W = 250"
2020-05-06,66.072194158002,"W = 250"
2020-05-07,66.0078368112938,"W = 250"
2020-05-08,66.4556255288924,"W = 250"
2020-05-11,66.7774372933394,"W = 250"
2020-05-12,66.4805866475995,"W = 250"
2020-05-13,66.5813413028162,"W = 250"
2020-05-14,66.9094586530283,"W = 250"
2020-05-15,66.8132836305369,"W = 250"
2020-05-18,66.9751830273764,"W = 250"
2020-05-19,66.8602833878167,"W = 250"
2020-05-20,66.833164992981,"W = 250"
2020-05-21,66.8292515346769,"W = 250"
2020-05-22,66.8662106860243,"W = 250"
2020-05-25,67.4931771446719,"W = 250"
2020-05-26,67.4687516127134,"W = 250"
2020-05-27,67.1706915525602,"W = 250"
2020-05-28,67.3408465654717,"W = 250"
2020-05-29,67.5003782476675,"W = 250"
2020-06-01,67.6575338157046,"W = 250"
2020-06-02,67.6476599174072,"W = 250"
2020-06-03,68.1378735506073,"W = 250"
2020-06-04,68.1343659054423,"W = 250"
2020-06-05,68.7529717830982,"W = 250"
2020-06-08,68.536573790752,"W = 250"
2020-06-09,68.6916062727489,"W = 250"
2020-06-10,68.596349030065,"W = 250"
2020-06-12,68.7059403061832,"W = 250"
2020-06-15,68.9381190178492,"W = 250"
2020-06-16,69.0400418632439,"W = 250"
2020-06-17,68.8231175810929,"W = 250"
2020-06-18,68.9823579782158,"W = 250"
2020-06-19,69.1336213233872,"W = 250"
2020-06-22,69.1968167167341,"W = 250"
2020-06-23,69.2077457318046,"W = 250"
2020-06-24,69.275622473608,"W = 250"
2020-06-25,69.2269491513522,"W = 250"
2020-06-26,69.2173373861052,"W = 250"
2020-06-29,69.3186142876443,"W = 250"
2020-06-30,69.3264840761454,"W = 250"
2020-07-01,69.2468267310106,"W = 250"
2020-07-02,69.3832339661994,"W = 250"
2020-07-03,69.4093678862369,"W = 250"
2020-07-06,69.4477741563067,"W = 250"
2020-07-07,69.4903948537874,"W = 250"
2020-07-08,69.6009737819528,"W = 250"
2020-07-09,69.4829363783531,"W = 250"
2020-07-10,69.5504986440022,"W = 250"
2020-07-13,69.5028165696657,"W = 250"
2020-07-14,69.7045201854647,"W = 250"
2020-07-15,69.7587304184625,"W = 250"
2020-07-16,69.8883065661145,"W = 250"
2020-07-17,69.914371285323,"W = 250"
2020-07-20,69.8153607367034,"W = 250"
2020-07-21,69.9194327346454,"W = 250"
2020-07-22,69.9136787944277,"W = 250"
2020-07-23,69.703484918443,"W = 250"
2020-07-24,69.7909154645669,"W = 250"
2020-07-27,69.9184260160633,"W = 250"
2020-07-28,69.7171784093029,"W = 250"
2020-07-29,69.677816659991,"W = 250"
2020-07-30,69.7084672977133,"W = 250"
2020-07-31,69.6534070087227,"W = 250"
2020-08-03,69.7651006694231,"W = 250"
2020-08-04,69.7956386176406,"W = 250"
2020-08-05,69.5159003328128,"W = 250"
2020-08-06,69.5229387255929,"W = 250"
2020-08-07,69.560392605758,"W = 250"
2020-08-10,69.4381692705707,"W = 250"
2020-08-11,69.6003065582561,"W = 250"
2020-08-12,69.6448980241683,"W = 250"
2020-08-13,69.7041485385613,"W = 250"
2020-08-14,69.8423889541274,"W = 250"
2020-08-17,69.8848168275237,"W = 250"
2020-08-18,69.7269739932491,"W = 250"
2020-08-19,70.2506811864629,"W = 250"
2020-08-20,70.500311851255,"W = 250"
2020-08-21,70.8067209626731,"W = 250"
2020-08-24,70.6179445042354,"W = 250"
2020-08-25,70.8156372354547,"W = 250"
2020-08-26,70.9245482865129,"W = 250"
2020-08-27,71.0551560391022,"W = 250"
2020-08-28,71.269451971797,"W = 250"
2020-08-31,68.6806153897967,"W = 250"
2020-09-01,67.8015657898112,"W = 250"
2020-09-02,67.6454254401155,"W = 250"
2020-09-03,68.0890998496666,"W = 250"
2020-09-04,68.0820809448973,"W = 250"
2020-09-08,68.0548284576708,"W = 250"
2020-09-09,68.0721902776502,"W = 250"
2020-09-10,68.0856530081417,"W = 250"
2020-09-11,68.1494407598766,"W = 250"
2020-09-14,68.0865995340963,"W = 250"
2020-09-15,68.2045256965194,"W = 250"
2020-09-16,68.1473829238184,"W = 250"
2020-09-17,68.2806822477777,"W = 250"
2020-09-18,68.2944794470187,"W = 250"
2020-09-21,68.3820996334144,"W = 250"
2020-09-22,68.535507826757,"W = 250"
2020-09-23,68.6510992656557,"W = 250"
2020-09-24,68.6494228139749,"W = 250"
2020-09-25,68.4276727386577,"W = 250"
2020-09-28,68.8834875581457,"W = 250"
2020-09-29,69.084495189039,"W = 250"
2020-09-30,69.3951661680913,"W = 250"
2020-10-01,69.237855635793,"W = 250"
2020-10-02,69.1195129203174,"W = 250"
2020-10-05,69.0722266471928,"W = 250"
2020-10-06,69.0783295633338,"W = 250"
2020-10-07,69.2609631763277,"W = 250"
2020-10-08,69.1459517618488,"W = 250"
2020-10-09,69.3124044344403,"W = 250"
2020-10-13,69.2171941980401,"W = 250"
2020-10-14,69.5085528000739,"W = 250"
2020-10-15,69.6196565051149,"W = 250"
2020-10-16,69.8339639505479,"W = 250"
2020-10-19,69.7234641780506,"W = 250"
2020-10-20,69.78160573045,"W = 250"
2020-10-21,69.9100527356818,"W = 250"
2020-10-22,69.843642626074,"W = 250"
2020-10-23,69.8053207228291,"W = 250"
2020-10-26,69.8514488340389,"W = 250"
2020-10-27,69.6838038680161,"W = 250"
2020-10-28,69.8251891775803,"W = 250"
2020-10-29,70.2443024948674,"W = 250"
2020-10-30,70.7866630634673,"W = 250"
2020-11-03,70.8445975854216,"W = 250"
2020-11-04,70.8841848994279,"W = 250"
2020-11-05,70.9133988565749,"W = 250"
2020-11-06,70.4615492837405,"W = 250"
2020-11-09,70.7882132587964,"W = 250"
2020-11-10,70.6979580130456,"W = 250"
2020-11-11,70.6750778600436,"W = 250"
2020-11-12,70.6682692258501,"W = 250"
2020-11-13,70.3667025099115,"W = 250"
2020-11-16,70.429431702812,"W = 250"
2020-11-17,70.3237919666882,"W = 250"
2020-11-18,70.2900019237982,"W = 250"
2020-11-19,70.1212438728775,"W = 250"
2020-11-20,70.0657013546925,"W = 250"
2020-11-23,70.3110132547124,"W = 250"
2020-11-24,70.3414856259104,"W = 250"
2020-11-25,70.1737263577726,"W = 250"
2020-11-26,70.1488017775505,"W = 250"
2020-11-27,70.2529760507394,"W = 250"
2020-11-30,70.0817033190078,"W = 250"
2020-12-01,70.1281549895326,"W = 250"
2020-12-02,70.0030397360847,"W = 250"
2020-12-03,69.9349781774854,"W = 250"
2020-12-04,70.1269039673911,"W = 250"
2020-12-07,70.2010154254712,"W = 250"
2020-12-08,70.314964894327,"W = 250"
2020-12-09,70.4584492649648,"W = 250"
2020-12-10,70.6376307769739,"W = 250"
2020-12-11,70.6900624965206,"W = 250"
2020-12-14,70.7521769992009,"W = 250"
2020-12-15,70.6983205746451,"W = 250"
2020-12-16,70.5921184174732,"W = 250"
2020-12-17,70.3354389725246,"W = 250"
2020-12-18,70.3815978685653,"W = 250"
2020-12-21,70.3941143097116,"W = 250"
2020-12-22,71.0207583940746,"W = 250"
2020-12-23,71.1236388237124,"W = 250"
2020-12-28,71.1965136534934,"W = 250"
2020-12-29,71.4169967803237,"W = 250"
2020-12-30,71.4841627684694,"W = 250"
2021-01-04,71.2161551640878,"W = 250"
2021-01-05,74.17279052577,"W = 250"
2021-01-06,74.0535297918594,"W = 250"
2021-01-07,74.2436105858406,"W = 250"
2021-01-08,73.9879145816044,"W = 250"
2021-01-11,73.8232950904943,"W = 250"
2021-01-12,73.9575495377677,"W = 250"
2021-01-13,73.9089746674925,"W = 250"
2021-01-14,73.6681736023511,"W = 250"
2021-01-15,73.6441867866386,"W = 250"
2021-01-18,73.7979151270314,"W = 250"
2021-01-19,73.9457784812554,"W = 250"
2021-01-20,73.9801060397557,"W = 250"
2021-01-21,73.8730547606504,"W = 250"
2021-01-22,73.9250075961732,"W = 250"
2021-01-26,73.9592069879689,"W = 250"
2021-01-27,74.0478547101061,"W = 250"
2021-01-28,74.1281872955064,"W = 250"
2021-01-29,74.1843097758035,"W = 250"
2021-02-01,74.2244543968139,"W = 250"
2021-02-02,74.0965068325839,"W = 250"
2021-02-03,73.9764355681506,"W = 250"
2021-02-04,73.9278717761429,"W = 250"
2021-02-05,73.9571070957379,"W = 250"
2021-02-08,73.9099434682211,"W = 250"
2021-02-09,73.684845550388,"W = 250"
2021-02-10,73.8037178609199,"W = 250"
2021-02-11,73.881927589626,"W = 250"
2021-02-12,73.6737300102364,"W = 250"
2021-02-17,73.2790435469349,"W = 250"
2021-02-18,73.215187033936,"W = 250"
2021-02-19,73.3543786657036,"W = 250"
2021-02-22,73.5004014033758,"W = 250"
2021-02-23,73.4823575588872,"W = 250"
2021-02-24,73.2652820790792,"W = 250"
2021-02-25,73.1128149208628,"W = 250"
2021-02-26,73.0903240546154,"W = 250"
2021-03-01,72.872483384284,"W = 250"
2021-03-02,72.9588046764257,"W = 250"
2021-03-03,72.9999330611548,"W = 250"
2021-03-04,72.9415574077249,"W = 250"
2021-03-05,72.8434655712386,"W = 250"
2021-03-08,71.7406320868979,"W = 250"
2021-03-09,71.6885179747281,"W = 250"
2021-03-10,71.1468654593919,"W = 250"
2021-03-11,69.3513813791185,"W = 250"
2021-03-12,67.3609490535547,"W = 250"
2021-03-15,66.4797786126788,"W = 250"
2021-03-16,67.3315747399048,"W = 250"
2021-03-17,66.2984850192746,"W = 250"
2021-03-18,65.5447533735947,"W = 250"
2021-03-19,65.161960243423,"W = 250"
2021-03-22,65.6332048689001,"W = 250"
2021-03-23,63.9945689767498,"W = 250"
2021-03-24,63.0696931020711,"W = 250"
2021-03-25,62.7786728753634,"W = 250"
2021-03-26,62.0911591732811,"W = 250"
2021-03-29,62.4973919421298,"W = 250"
2021-03-30,62.8147430270448,"W = 250"
2021-03-31,62.6637007518029,"W = 250"
2021-04-01,61.9606298476413,"W = 250"
2021-04-05,62.0211733832642,"W = 250"
2021-04-06,58.9496952257744,"W = 250"
2021-04-07,57.9398726331134,"W = 250"
2021-04-08,58.7309954335754,"W = 250"
2021-04-09,58.8506931032736,"W = 250"
2021-04-12,59.2496392317866,"W = 250"
2021-04-13,59.4219297986945,"W = 250"
2021-04-14,59.022128019037,"W = 250"
2021-04-15,59.0388005511155,"W = 250"
2021-04-16,58.1945375095712,"W = 250"
2021-04-19,57.9161834763728,"W = 250"
2021-04-20,58.4710454149204,"W = 250"
2021-04-22,57.9687667000451,"W = 250"
2021-04-23,56.3952030468612,"W = 250"
2021-04-26,56.2701143390177,"W = 250"
2021-04-27,56.3780508027197,"W = 250"
2021-04-28,55.6705581267922,"W = 250"
2021-04-29,54.8745403910451,"W = 250"
2021-04-30,55.3372577399964,"W = 250"
2021-05-03,55.4336133892513,"W = 250"
2021-05-04,55.6896724335918,"W = 250"
2021-05-05,55.6051368471608,"W = 250"
2021-05-06,54.9962776614824,"W = 250"
2021-05-07,55.0285082638031,"W = 250"
2021-05-10,55.0708044872656,"W = 250"
2021-05-11,54.7912355457041,"W = 250"
2021-05-12,53.8702373825156,"W = 250"
2021-05-13,53.8566536567368,"W = 250"
2021-05-14,53.1983426608202,"W = 250"
2021-05-17,53.4235940650365,"W = 250"
2021-05-18,53.553061304111,"W = 250"
2021-05-19,54.0052348124787,"W = 250"
2021-05-20,53.4961753405269,"W = 250"
2021-05-21,52.9228125123503,"W = 250"
2021-05-24,52.1939746327438,"W = 250"
2021-05-25,52.3597046269775,"W = 250"
2021-05-26,52.5537842435595,"W = 250"
2021-05-27,52.5577225864979,"W = 250"
2021-05-28,52.3265906768229,"W = 250"
2021-05-31,52.7359461634756,"W = 250"
2021-06-01,51.4471859244078,"W = 250"
2021-06-02,50.5231961284643,"W = 250"
2021-06-04,49.6557858972879,"W = 250"
2021-06-07,49.8659797371474,"W = 250"
2021-06-08,49.1626334562852,"W = 250"
2021-06-09,49.0610713563025,"W = 250"
2021-06-10,48.215402963647,"W = 250"
2021-06-11,47.4887902908552,"W = 250"
2021-06-14,47.2029213251255,"W = 250"
2021-06-15,47.1864530292276,"W = 250"
2021-06-16,47.2682385826141,"W = 250"
2021-06-17,46.9202959632708,"W = 250"
2021-06-18,47.0538760406739,"W = 250"
2021-06-21,46.9101501957613,"W = 250"
2021-06-22,46.2954582950128,"W = 250"
2021-06-23,46.4314300973906,"W = 250"
2021-06-24,46.4955599017302,"W = 250"
2021-06-25,46.4280567476943,"W = 250"
2021-06-28,46.6054764730834,"W = 250"
2021-06-29,46.7412782333162,"W = 250"
2021-06-30,46.7727441168591,"W = 250"
2021-07-01,46.7759042657876,"W = 250"
2021-07-02,46.710909849294,"W = 250"
2021-07-05,47.5733714931808,"W = 250"
2021-07-06,47.5394639206255,"W = 250"
2021-07-07,47.4003905622554,"W = 250"
2021-07-08,47.4260135699194,"W = 250"
2021-07-12,47.6681446552369,"W = 250"
2021-07-13,47.6918463327633,"W = 250"
2021-07-14,47.6981302646436,"W = 250"
2021-07-15,47.8270274253354,"W = 250"
2021-07-16,48.2284616025729,"W = 250"
2021-07-19,48.4720585621855,"W = 250"
2021-07-20,48.4358682526679,"W = 250"
2021-07-21,48.6940733593703,"W = 250"
2021-07-22,49.8292007874248,"W = 250"
2021-07-23,49.870751366396,"W = 250"
2021-07-26,49.898082813004,"W = 250"
2021-07-27,50.2016047432094,"W = 250"
2021-07-28,50.1062617098748,"W = 250"
2021-07-29,50.1381268015408,"W = 250"
2021-07-30,50.2943943815711,"W = 250"
2021-08-02,50.3941820619539,"W = 250"
2021-08-03,50.0429951149307,"W = 250"
2021-08-04,50.1488848796745,"W = 250"
2021-08-05,50.0552578727217,"W = 250"
2021-08-06,49.8122788660736,"W = 250"
2021-08-09,49.9044583614971,"W = 250"
2021-08-10,49.4425906400854,"W = 250"
2021-08-11,49.0366620016429,"W = 250"
2021-08-12,49.0183446603543,"W = 250"
2021-08-13,49.0946582474585,"W = 250"
2021-08-16,48.8936485789963,"W = 250"
2021-08-17,48.8880020590202,"W = 250"
2021-08-18,48.5416705679189,"W = 250"
2021-08-19,48.3680315199087,"W = 250"
2021-08-20,48.2112319029975,"W = 250"
2021-08-23,48.5155444647388,"W = 250"
2021-08-24,48.2396718101441,"W = 250"
2021-08-25,48.1138387307839,"W = 250"
2021-08-26,47.9943881270238,"W = 250"
2021-08-27,47.9359857670382,"W = 250"
2021-08-30,51.9624868270258,"W = 250"
2021-08-31,52.1746325948665,"W = 250"
2021-09-01,52.2352068575193,"W = 250"
2021-09-02,51.6400065424586,"W = 250"
2021-09-03,51.4584205067874,"W = 250"
2021-09-06,51.4946407615822,"W = 250"
2021-09-08,51.5559829023225,"W = 250"
2021-09-09,51.9265601643416,"W = 250"
2021-09-10,51.9913320221117,"W = 250"
2021-09-13,52.0483677797994,"W = 250"
2021-09-14,52.0502888595959,"W = 250"
2021-09-15,51.7518167008037,"W = 250"
2021-09-16,51.7438037849078,"W = 250"
2021-09-17,51.5768697663371,"W = 250"
2021-09-20,51.489568815669,"W = 250"
2021-09-21,51.4532461833473,"W = 250"
2021-09-22,51.2813989624741,"W = 250"
2021-09-23,51.2404365123623,"W = 250"
2021-09-24,51.0621979630524,"W = 250"
2021-09-27,49.7949949551814,"W = 250"
2021-09-28,50.2949087081017,"W = 250"
2021-09-29,50.2299861908378,"W = 250"
2021-09-30,50.2675435015948,"W = 250"
2021-10-01,49.694954361288,"W = 250"
2021-10-04,49.6559087566144,"W = 250"
2021-10-05,49.7282933113006,"W = 250"
2021-10-06,50.0167050717392,"W = 250"
2021-10-07,49.929007063644,"W = 250"
2021-10-08,49.8078830341436,"W = 250"
2021-10-11,49.8796856981666,"W = 250"
2021-10-13,49.9629794831155,"W = 250"
2021-10-14,49.9896027343505,"W = 250"
2021-10-15,49.5139754671928,"W = 250"
2021-10-18,49.2766515188692,"W = 250"
2021-10-19,49.2727528497204,"W = 250"
2021-10-20,49.6929067630406,"W = 250"
2021-10-21,50.783765789633,"W = 250"
2021-10-22,52.9604279833886,"W = 250"
2021-10-25,52.4948667911687,"W = 250"
2021-10-26,52.3586727217169,"W = 250"
2021-10-27,52.4168953948744,"W = 250"
2021-10-28,51.1818380769192,"W = 250"
2021-10-29,51.057884139371,"W = 250"
2021-11-01,51.0855514407753,"W = 250"
2021-11-03,51.3759509542165,"W = 250"
2021-11-04,51.200108738379,"W = 250"
2021-11-05,51.3254653287492,"W = 250"
2021-11-08,49.9984280038389,"W = 250"
2021-11-09,50.3802369959573,"W = 250"
2021-11-10,50.741475341587,"W = 250"
2021-11-11,50.7915356341772,"W = 250"
2021-11-12,50.888890299534,"W = 250"
2021-11-16,50.9120254386543,"W = 250"
2021-11-17,51.1566660148971,"W = 250"
2021-11-18,51.1340218242474,"W = 250"
2021-11-19,50.9727604744788,"W = 250"
2021-11-22,51.0753320293623,"W = 250"
2021-11-23,51.1774616322157,"W = 250"
2021-11-24,51.1370552563863,"W = 250"
2021-11-25,51.1130814732247,"W = 250"
2021-11-26,51.9159683577909,"W = 250"
2021-11-29,51.8904084594232,"W = 250"
2021-11-30,52.1673950291756,"W = 250"
2021-12-01,51.7980800353098,"W = 250"
2021-12-02,51.9004268093829,"W = 250"
2021-12-03,52.5888129766397,"W = 250"
2021-12-06,52.8072496676615,"W = 250"
2021-12-07,52.8316742108635,"W = 250"
2021-12-08,52.7465387929529,"W = 250"
2021-12-09,52.6393673522896,"W = 250"
2021-12-10,52.7249559912263,"W = 250"
2021-12-13,52.8612011775945,"W = 250"
2021-12-14,52.6890163214352,"W = 250"
2021-12-15,52.7845303401298,"W = 250"
2021-12-16,52.5286814061924,"W = 250"
2021-12-17,52.5090926766468,"W = 250"
2021-12-20,52.6511151139439,"W = 250"
2021-12-21,51.7747255797847,"W = 250"
2021-12-22,51.8272997226639,"W = 250"
2021-12-23,51.5447455688327,"W = 250"
2021-12-27,51.1388709742358,"W = 250"
2021-12-28,51.1343166586013,"W = 250"
2021-12-29,51.2710167829419,"W = 250"
2021-12-30,51.2892872332977,"W = 250"
2022-01-03,51.4221974090605,"W = 250"
2022-01-04,51.3856458803288,"W = 250"
2022-01-05,51.3911394329471,"W = 250"
2022-01-06,51.3975622618329,"W = 250"
2022-01-07,51.136800050489,"W = 250"
2022-01-10,51.2561042652069,"W = 250"
2022-01-11,51.7016553674898,"W = 250"
2022-01-12,52.0149468930324,"W = 250"
2022-01-13,51.9798526423947,"W = 250"
2022-01-14,51.7385400752275,"W = 250"
2022-01-17,51.6875703227351,"W = 250"
2022-01-18,51.5999564297411,"W = 250"
2022-01-19,51.6947725534384,"W = 250"
2022-01-20,51.5741764873677,"W = 250"
2022-01-21,51.0188458518113,"W = 250"
2022-01-24,51.1367234309279,"W = 250"
2022-01-25,51.1085747454161,"W = 250"
2022-01-26,50.7225821225964,"W = 250"
2022-01-27,50.6019711260157,"W = 250"
2022-01-28,50.8143363859395,"W = 250"
2022-01-31,51.3151589025856,"W = 250"
2022-02-01,51.5458062752466,"W = 250"
2022-02-02,51.3127935494367,"W = 250"
2022-02-03,51.3955160310081,"W = 250"
2022-02-04,51.2533691949632,"W = 250"
2022-02-07,51.692283986107,"W = 250"
2022-02-08,51.913786426729,"W = 250"
2022-02-09,51.4972361750985,"W = 250"
2022-02-10,51.4340173883301,"W = 250"
2022-02-11,51.4766495819845,"W = 250"
2022-02-14,51.3485596372943,"W = 250"
2022-02-15,49.0475998270663,"W = 250"
2022-02-16,48.9240651999746,"W = 250"
2022-02-17,49.3866678835618,"W = 250"
2022-02-18,49.1689084476636,"W = 250"
2022-02-21,48.325809403379,"W = 250"
2022-02-22,48.2250650911277,"W = 250"
2022-02-23,46.3424853808584,"W = 250"
2022-02-24,46.9910338490851,"W = 250"
2022-02-25,46.9336211232502,"W = 250"
2022-03-02,46.815598441143,"W = 250"
2022-03-03,45.4880921703966,"W = 250"
2022-03-04,45.5773037263444,"W = 250"
2022-03-07,45.2933760607573,"W = 250"
2022-03-08,45.2878839055204,"W = 250"
2022-03-09,44.9813937741134,"W = 250"
2022-03-10,45.0685069790677,"W = 250"
2022-03-11,45.2760418217103,"W = 250"
2022-03-14,45.3831445697331,"W = 250"
2022-03-15,45.1417005819133,"W = 250"
2022-03-16,44.9778852407995,"W = 250"
2022-03-17,44.9223118300352,"W = 250"
2022-03-18,45.2684333143539,"W = 250"
2022-03-21,45.1680857563294,"W = 250"
2022-03-22,45.6791112078921,"W = 250"
2022-03-23,45.9927968800788,"W = 250"
2022-03-24,46.0662980895097,"W = 250"
2022-03-25,46.2988904175276,"W = 250"
2022-03-28,46.2200226002973,"W = 250"
2022-03-29,46.4719865997458,"W = 250"
2022-03-30,46.5183670663527,"W = 250"
2022-03-31,46.9450117658476,"W = 250"
2022-04-01,46.9362684607243,"W = 250"
2022-04-04,46.5295164428258,"W = 250"
2022-04-05,46.7604133515325,"W = 250"
2022-04-06,46.4125159804178,"W = 250"
2022-04-07,46.3276161206352,"W = 250"
2022-04-08,47.0207702521017,"W = 250"
2022-04-11,46.9558026151053,"W = 250"
2022-04-12,47.1755275750979,"W = 250"
2022-04-13,47.5729269393953,"W = 250"
2022-04-14,47.8292264104231,"W = 250"
2022-04-18,48.0309507037751,"W = 250"
2022-04-19,48.0072827005438,"W = 250"
2022-04-20,48.4971092950552,"W = 250"
2022-04-22,48.6531271987943,"W = 250"
2022-04-25,49.0849009507801,"W = 250"
2022-04-26,49.1514008549653,"W = 250"
2022-04-27,49.3365709801475,"W = 250"
2022-04-28,49.2776928875111,"W = 250"
2022-04-29,49.2022779999715,"W = 250"
2022-05-02,49.4187388418093,"W = 250"
2022-05-03,49.5940395686914,"W = 250"
2022-05-04,49.6843975761549,"W = 250"
2022-05-05,49.7369670366988,"W = 250"
2022-05-06,49.6394490455931,"W = 250"
2022-05-09,49.8391602120722,"W = 250"
2022-05-10,49.8684594995695,"W = 250"
2022-05-11,49.825390077791,"W = 250"
2022-05-12,49.8673733523727,"W = 250"
2022-05-13,49.94181579866,"W = 250"
2022-05-16,49.9071585914846,"W = 250"
2022-05-17,51.0636837420684,"W = 250"
2022-05-18,50.8782444394872,"W = 250"
2022-05-19,50.734927138618,"W = 250"
2022-05-20,49.9796799669801,"W = 250"
2022-05-23,49.9949680806402,"W = 250"
2022-05-24,49.8680572852537,"W = 250"
2022-05-25,49.5678612109988,"W = 250"
2022-05-26,49.6242007964005,"W = 250"
2022-05-27,49.9282014760648,"W = 250"
2022-05-30,49.5616821304189,"W = 250"
2022-05-31,49.884485952273,"W = 250"
2022-06-01,48.8074165030722,"W = 250"
2022-06-02,48.7074835615634,"W = 250"
2022-06-03,49.226544924604,"W = 250"
2022-06-06,49.2282862090899,"W = 250"
2022-06-07,49.7486480455209,"W = 250"
2022-06-08,49.3916098016898,"W = 250"
2022-06-09,49.3705535783807,"W = 250"
2022-06-10,49.3905386101261,"W = 250"
2022-06-13,49.2014043316188,"W = 250"
2022-06-14,49.3453494080766,"W = 250"
2022-06-15,49.3045388176283,"W = 250"
2022-06-17,49.2603166645921,"W = 250"
2022-06-20,49.2415574584479,"W = 250"
2022-06-21,49.4290349902689,"W = 250"
2022-06-22,49.3126145152671,"W = 250"
2022-06-23,49.2231652516226,"W = 250"
2022-06-24,48.9587435918855,"W = 250"
2022-06-27,49.0606524385609,"W = 250"
2022-06-28,49.0377980336956,"W = 250"
2022-06-29,48.9731605214338,"W = 250"
2022-06-30,47.7275667170208,"W = 250"
2022-07-01,47.5152500787952,"W = 250"
2022-07-04,48.4714502697104,"W = 250"
2022-07-05,48.2589598010464,"W = 250"
2022-07-06,48.023633455113,"W = 250"
2022-07-07,48.0132849401997,"W = 250"
2022-07-08,47.8731479879862,"W = 250"
2022-07-11,47.8880366775313,"W = 250"
2022-07-12,47.5655008927335,"W = 250"
2022-07-13,47.6870262385641,"W = 250"
2022-07-14,47.5531491375256,"W = 250"
2022-07-15,47.05966903002,"W = 250"
2022-07-18,46.7989437445163,"W = 250"
2022-07-19,46.8227477573293,"W = 250"
2022-07-20,47.1461260119034,"W = 250"
2022-07-21,47.0067462869015,"W = 250"
2022-07-22,47.1936186155453,"W = 250"
2022-07-25,47.7263588190901,"W = 250"
2022-07-26,46.3748697288752,"W = 250"
2022-07-27,46.1905233350186,"W = 250"
2022-07-28,46.0836382403645,"W = 250"
2022-07-29,46.1906897042559,"W = 250"
2022-08-01,46.362386945558,"W = 250"
2022-08-02,46.2831047588279,"W = 250"
2022-08-03,46.2622390694753,"W = 250"
2022-08-04,46.797184715348,"W = 250"
2022-08-05,46.810834191162,"W = 250"
2022-08-08,46.6251378656199,"W = 250"
2022-08-09,46.4663130357746,"W = 250"
2022-08-10,46.0128173220083,"W = 250"
2022-08-11,45.3262183929882,"W = 250"
2022-08-12,45.5167101099949,"W = 250"
2022-08-15,45.5517469741264,"W = 250"
2022-08-16,45.6311375440106,"W = 250"
2022-08-17,45.2852542511375,"W = 250"
2022-08-18,45.8105639982734,"W = 250"
2022-08-19,45.5832282951378,"W = 250"
2022-08-22,45.5463287282482,"W = 250"
2022-08-23,46.2313708499827,"W = 250"
2022-08-24,45.8110563983253,"W = 250"
2022-08-25,45.8693783344141,"W = 250"
2022-08-26,45.9468741322587,"W = 250"
2022-08-29,45.8760044333433,"W = 250"
2022-08-30,45.6258767387917,"W = 250"
2022-08-31,45.3216496587204,"W = 250"
2022-09-01,46.1277426032069,"W = 250"
2022-09-02,45.31068931027,"W = 250"
2022-09-05,45.2760907539481,"W = 250"
2022-09-06,45.0887226103109,"W = 250"
2022-09-08,45.1596945007997,"W = 250"
2022-09-09,45.5621954820032,"W = 250"
2022-09-12,45.2852803705811,"W = 250"
2022-09-13,44.989828367262,"W = 250"
2022-09-14,44.3768866750722,"W = 250"
2022-09-15,44.4101877573246,"W = 250"
2022-09-16,44.1034425647221,"W = 250"
2022-09-19,44.1318542425796,"W = 250"
2022-09-20,44.2897340188964,"W = 250"
2022-09-21,44.4685257139921,"W = 250"
2022-09-22,44.0987151113323,"W = 250"
2022-09-23,44.1986266571394,"W = 250"
2022-09-26,44.122785351205,"W = 250"
2022-09-27,44.2214534345714,"W = 250"
2022-09-28,44.0341534444471,"W = 250"
2022-09-29,44.2272791663602,"W = 250"
2022-09-30,43.7248790854681,"W = 250"
2022-10-03,44.749410358136,"W = 250"
2022-10-04,43.9706591715379,"W = 250"
2022-10-05,43.7337508843818,"W = 250"
2022-10-06,43.5323844372007,"W = 250"
2022-10-07,43.5650283101555,"W = 250"
2022-10-10,43.6045976483398,"W = 250"
2022-10-11,43.6327235000204,"W = 250"
2022-10-13,43.9879853424777,"W = 250"
2022-10-14,43.8636908513795,"W = 250"
2022-10-17,41.6252339153395,"W = 250"
2022-10-18,38.2419216310376,"W = 250"
2022-10-19,39.4517696762352,"W = 250"
2022-10-20,39.4901895515167,"W = 250"
2022-10-21,39.0250915854425,"W = 250"
2022-10-24,38.6255153635909,"W = 250"
2022-10-25,38.6743706257519,"W = 250"
2022-10-26,39.9082616220121,"W = 250"
2022-10-27,38.8971270947996,"W = 250"
2022-10-28,38.9133043310446,"W = 250"
2022-10-31,39.7090984507622,"W = 250"
2022-11-01,40.0672129400317,"W = 250"
2022-11-03,40.6510040285562,"W = 250"
2022-11-04,39.9610745370351,"W = 250"
2022-11-07,39.8971232835658,"W = 250"
2022-11-08,40.0799283781677,"W = 250"
2022-11-09,40.4679899090439,"W = 250"
2022-11-10,41.1494861840519,"W = 250"
2022-11-11,41.2749526209442,"W = 250"
2022-11-14,41.2795885427522,"W = 250"
2022-11-16,41.2759714935637,"W = 250"
2022-11-17,41.7455415835709,"W = 250"
2022-11-18,42.1694776669729,"W = 250"
2022-11-21,42.1995634696853,"W = 250"
2022-11-22,41.0855154571924,"W = 250"
2022-11-23,41.1203805804187,"W = 250"
2022-11-24,40.9639141968857,"W = 250"
2022-11-25,40.309481162108,"W = 250"
2022-11-28,40.2321312668497,"W = 250"
2022-11-29,39.970205841087,"W = 250"
2022-11-30,40.0438462616611,"W = 250"
2022-12-01,40.0590202065043,"W = 250"
2022-12-02,40.7400639222043,"W = 250"
2022-12-05,40.851553825334,"W = 250"
2022-12-06,40.7233503318483,"W = 250"
2022-12-07,40.2398236818066,"W = 250"
2022-12-08,40.0607881999244,"W = 250"
2022-12-09,40.1680696276389,"W = 250"
2022-12-12,40.8683727193073,"W = 250"
2022-12-13,40.7776867334178,"W = 250"
2022-12-14,40.9174811124151,"W = 250"
2022-12-15,41.4879196835817,"W = 250"
2022-12-16,41.3042042057231,"W = 250"
2022-12-19,41.403309415823,"W = 250"
2022-12-20,42.3892503651552,"W = 250"
2022-12-21,42.064899849305,"W = 250"
2022-12-22,41.8532764449724,"W = 250"
2022-12-23,42.1899738855935,"W = 250"
2022-12-26,42.1123643986919,"W = 250"
2022-12-27,42.1554320560126,"W = 250"
2022-12-28,41.926992781483,"W = 250"
2022-12-29,41.9980508913437,"W = 250"
2023-01-02,41.9104627354678,"W = 250"
2023-01-03,41.8002482001179,"W = 250"
2023-01-04,41.5415098031584,"W = 250"
2023-01-05,41.5219061790024,"W = 250"
2023-01-06,41.7530599967502,"W = 250"
2023-01-09,41.8134465121952,"W = 250"
2023-01-10,42.2450137849483,"W = 250"
2023-01-11,42.209487351991,"W = 250"
2023-01-12,42.4558035479829,"W = 250"
2023-01-13,42.0767775801139,"W = 250"
2023-01-16,41.8490359803272,"W = 250"
2023-01-17,41.5829231807176,"W = 250"
2023-01-18,41.5902497958,"W = 250"
2023-01-19,41.3729331212472,"W = 250"
2023-01-20,41.2882770901532,"W = 250"
2023-01-23,40.978678643647,"W = 250"
2023-01-24,40.6729088107122,"W = 250"
2023-01-25,40.8462524739144,"W = 250"
2023-01-26,41.1006861921371,"W = 250"
2023-01-27,41.1333070218279,"W = 250"
2023-01-30,41.2648016582827,"W = 250"
2023-01-31,40.6160588620192,"W = 250"
2023-02-01,40.6975680541548,"W = 250"
2023-02-02,42.684610916577,"W = 250"
2023-02-03,41.9060491885127,"W = 250"
2023-02-06,41.7189407315364,"W = 250"
2023-02-07,41.6656677066693,"W = 250"
2023-02-08,42.1252544575057,"W = 250"
2023-02-09,42.6968436682745,"W = 250"
2023-02-10,42.0585783283002,"W = 250"
2023-02-13,41.9230104755733,"W = 250"
2023-02-14,41.9944592104897,"W = 250"
2023-02-15,42.1497191320913,"W = 250"
2023-02-16,42.1395038906774,"W = 250"
2023-02-17,40.5103606761327,"W = 250"
2023-02-22,39.8813706335952,"W = 250"
2023-02-23,39.9510226792288,"W = 250"
2023-02-24,40.1038548398085,"W = 250"
2023-02-27,39.9813443819588,"W = 250"
2023-02-28,39.6018578634628,"W = 250"
2023-03-01,39.8687063150838,"W = 250"
2023-03-02,39.7415231109537,"W = 250"
2023-03-03,39.908813318416,"W = 250"
2023-03-06,39.8212131160811,"W = 250"
2023-03-07,39.4388441951774,"W = 250"
2023-03-08,39.5802298003572,"W = 250"
2023-03-09,39.5819056910193,"W = 250"
2023-03-10,39.5086191655851,"W = 250"
2023-03-13,39.7003839583327,"W = 250"
2023-03-14,39.7710261721712,"W = 250"
2023-03-15,40.0560445332816,"W = 250"
2023-03-16,39.9333949956759,"W = 250"
2023-03-17,40.1426983875316,"W = 250"
2023-03-20,40.1216434050814,"W = 250"
2023-03-21,40.0483968860521,"W = 250"
2023-03-22,39.9240216244872,"W = 250"
2023-03-23,40.5314131064064,"W = 250"
2023-03-24,40.3783598509794,"W = 250"
2023-03-27,40.4483163477058,"W = 250"
2023-03-28,40.4130601088832,"W = 250"
2023-03-29,40.1607798673184,"W = 250"
2023-03-30,40.2209120178841,"W = 250"
2023-03-31,40.2370670279679,"W = 250"
2023-04-03,40.0006497686171,"W = 250"
2023-04-04,39.8202745935929,"W = 250"
2023-04-05,39.8422075188482,"W = 250"
2023-04-06,39.8745902820172,"W = 250"
2023-04-10,40.144952116798,"W = 250"
2023-04-11,39.662540104113,"W = 250"
2023-04-12,39.8607433445542,"W = 250"
2023-04-13,39.1674266767589,"W = 250"
2023-04-14,39.0591141694134,"W = 250"
2023-04-17,39.1963368800977,"W = 250"
2023-04-18,39.0914158103897,"W = 250"
2023-04-19,39.4702100830986,"W = 250"
2023-04-20,39.6399371305077,"W = 250"
2023-04-24,39.5677272762568,"W = 250"
2023-04-25,39.4641010269036,"W = 250"
2023-04-26,39.4191882446048,"W = 250"
2023-04-27,40.0465138491929,"W = 250"
2023-04-28,39.5981855346405,"W = 250"
2023-05-02,39.5858052181452,"W = 250"
2023-05-03,38.9684414269563,"W = 250"
2023-05-04,39.0319439391505,"W = 250"
2023-05-05,38.6720840909662,"W = 250"
2023-05-08,38.5468349410782,"W = 250"
2023-05-09,38.594773118288,"W = 250"
2023-05-10,38.8662810833076,"W = 250"
2023-05-11,38.8717093892352,"W = 250"
2023-05-12,38.7159969871105,"W = 250"
2023-05-15,38.8789977160831,"W = 250"
2023-05-16,39.5244553395893,"W = 250"
2023-05-17,40.2416440416866,"W = 250"
2023-05-18,40.7556343149754,"W = 250"
2023-05-19,40.6972653207391,"W = 250"
2023-05-22,40.3862375499155,"W = 250"
2023-05-23,39.9720033523455,"W = 250"
2023-05-24,40.203500930983,"W = 250"
2023-05-25,40.1271121818266,"W = 250"
2023-05-26,40.1515093973238,"W = 250"
2023-05-29,40.9429994676009,"W = 250"
2023-05-30,40.6760715605354,"W = 250"
2023-05-31,40.8512770618127,"W = 250"
2023-06-01,40.3486417424499,"W = 250"
2023-06-02,40.3989989748853,"W = 250"
2023-06-05,40.4249928396192,"W = 250"
2023-06-06,40.7553200305628,"W = 250"
2023-06-07,41.2933965243769,"W = 250"
2023-06-09,40.8900215393553,"W = 250"
2023-06-12,40.7644454551117,"W = 250"
2023-06-13,40.5789689071207,"W = 250"
2023-06-14,40.6660062187795,"W = 250"
2023-06-15,40.4370018950596,"W = 250"
2023-06-16,40.7415645556537,"W = 250"
2023-06-19,41.2165159885096,"W = 250"
2023-06-20,41.5204404154793,"W = 250"
2023-06-21,41.5022232314775,"W = 250"
2023-06-22,41.3271695602019,"W = 250"
2023-06-23,41.8438931364562,"W = 250"
2023-06-26,41.7536246519587,"W = 250"
2023-06-27,42.039645987805,"W = 250"
2023-06-28,41.9256228031199,"W = 250"
2023-06-29,42.2007846517149,"W = 250"
2023-06-30,42.122372507114,"W = 250"
2023-07-03,42.0338222307409,"W = 250"
2023-07-04,42.8503342082532,"W = 250"
2023-07-05,42.867418613558,"W = 250"
2023-07-06,42.8382268902784,"W = 250"
2023-07-07,42.7325635662934,"W = 250"
2023-07-10,43.6018999967655,"W = 250"
2023-07-11,43.7217096794878,"W = 250"
2023-07-12,43.9342202877984,"W = 250"
2023-07-13,44.0857947214614,"W = 250"
2023-07-14,43.8726175756434,"W = 250"
2023-07-17,44.1824045018326,"W = 250"
2023-07-18,44.5329540910682,"W = 250"
2023-07-19,44.490507082772,"W = 250"
2023-07-20,45.3083126893541,"W = 250"
2023-07-21,45.409598705525,"W = 250"
2023-07-24,45.570349392202,"W = 250"
2023-07-25,45.6104330568584,"W = 250"
2023-07-26,45.7980742516327,"W = 250"
2023-07-27,45.7010649067188,"W = 250"
2023-07-28,46.1866370537836,"W = 250"
2023-07-31,46.6673587063533,"W = 250"
2023-08-01,46.7109753629609,"W = 250"
2023-08-02,46.9961392218751,"W = 250"
2023-08-03,47.0673872199737,"W = 250"
2023-08-04,47.0523829673528,"W = 250"
2023-08-07,46.8827163200888,"W = 250"
2023-08-08,46.8095900157019,"W = 250"
2023-08-09,46.8017743021625,"W = 250"
2023-08-10,46.852080841225,"W = 250"
2023-08-11,47.1936321050668,"W = 250"
2023-08-14,46.8957998896644,"W = 250"
2023-08-15,46.7781254243137,"W = 250"
2023-08-16,46.8383987549926,"W = 250"
2023-08-17,46.3404804812038,"W = 250"
2023-08-18,46.1925764124798,"W = 250"
2023-08-21,46.0397714943629,"W = 250"
2023-08-22,46.3830766932937,"W = 250"
2023-08-23,46.5756097826858,"W = 250"
2023-08-24,47.0655333091901,"W = 250"
2023-08-25,47.1585656464418,"W = 250"
2023-08-28,46.8194328865532,"W = 250"
2023-08-29,46.8268329561932,"W = 250"
2023-08-30,46.98204215403,"W = 250"
2023-08-31,47.1954484607855,"W = 250"
2023-09-01,47.2125001898689,"W = 250"
2023-09-04,47.1705387358154,"W = 250"
2023-09-05,47.1123404629681,"W = 250"
2023-09-06,47.1563215763772,"W = 250"
2023-09-08,47.2520559452558,"W = 250"
2023-09-11,47.1294753571857,"W = 250"
2023-09-12,47.5033089850112,"W = 250"
2023-09-13,47.5147791521986,"W = 250"
2023-09-14,47.4783264373792,"W = 250"
2023-09-15,47.8429769181348,"W = 250"
2023-09-18,47.5465043943221,"W = 250"
2023-09-19,47.3710065491469,"W = 250"
2023-09-20,47.3279834533609,"W = 250"
2023-09-21,47.2583009964168,"W = 250"
2023-09-22,47.291986216459,"W = 250"
2023-09-25,47.3981323061736,"W = 250"
2023-09-26,47.5995757261161,"W = 250"
2023-09-27,46.6952807340353,"W = 250"
2023-09-28,46.8063120497987,"W = 250"
2023-09-29,46.8436892257286,"W = 250"
2023-10-02,46.6047491617098,"W = 250"
2023-10-03,46.744921500683,"W = 250"
2023-10-04,46.77315985986,"W = 250"
2023-10-05,46.8117681876997,"W = 250"
2023-10-06,47.2041669260212,"W = 250"
2023-10-09,47.3042592059246,"W = 250"
2023-10-10,47.3232509993208,"W = 250"
2023-10-11,47.0374410591162,"W = 250"
2023-10-13,46.7101550257108,"W = 250"
2023-10-16,46.8468237657049,"W = 250"
2023-10-17,46.7151968975341,"W = 250"
2023-10-18,46.9582311843538,"W = 250"
2023-10-19,47.6144007483818,"W = 250"
2023-10-20,46.8866843092794,"W = 250"
2023-10-23,46.2840596924666,"W = 250"
2023-10-24,46.4986026820169,"W = 250"
2023-10-25,45.1823003789995,"W = 250"
2023-10-26,44.6563800496751,"W = 250"
2023-10-27,44.2168868070748,"W = 250"
2023-10-30,44.3891271706494,"W = 250"
2023-10-31,44.7654214123039,"W = 250"
2023-11-01,44.8398990779642,"W = 250"
2023-11-03,45.0472462220699,"W = 250"
2023-11-06,44.0711569441316,"W = 250"
2023-11-07,43.8516756593411,"W = 250"
2023-11-08,43.7028977889385,"W = 250"
2023-11-09,43.7597325613641,"W = 250"
2023-11-10,42.7206973849972,"W = 250"
2023-11-13,41.8194714010231,"W = 250"
2023-11-14,41.5568211527628,"W = 250"
2023-11-16,41.0591623105668,"W = 250"
2023-11-17,41.329303882392,"W = 250"
2023-11-20,40.8826157359128,"W = 250"
2023-11-21,40.9999256500456,"W = 250"
2023-11-22,40.9423192025059,"W = 250"
2023-11-23,40.194143365749,"W = 250"
2023-11-24,40.2718855585983,"W = 250"
2023-11-27,40.3609452026237,"W = 250"
2023-11-28,39.5744665748692,"W = 250"
2023-11-29,39.5958277814541,"W = 250"
2023-11-30,39.6409427312567,"W = 250"
2023-12-01,39.7329578997477,"W = 250"
2023-12-04,39.7042663322924,"W = 250"
2023-12-05,39.9103752217354,"W = 250"
2023-12-06,39.0207245622904,"W = 250"
2023-12-07,39.3938793220332,"W = 250"
2023-12-08,38.5742618399202,"W = 250"
2023-12-11,38.0298401661401,"W = 250"
2023-12-12,38.5202828856495,"W = 250"
2023-12-13,38.2243513197669,"W = 250"
2023-12-14,37.2007353334758,"W = 250"
2023-12-15,37.1196466685995,"W = 250"
2023-12-18,37.1506210193387,"W = 250"
2023-12-19,37.0313918179151,"W = 250"
2023-12-20,37.2767024214452,"W = 250"
2023-12-21,36.3926062252742,"W = 250"
2023-12-22,35.8315657902761,"W = 250"
2023-12-26,36.4315968163742,"W = 250"
2023-12-27,36.2471561221933,"W = 250"
2023-12-28,36.4543030334249,"W = 250"
2024-01-02,36.4194939364043,"W = 250"
2024-01-03,36.3918252759471,"W = 250"
2024-01-04,36.4504754240016,"W = 250"
2024-01-05,36.0533016884131,"W = 250"
2024-01-08,35.3024137276347,"W = 250"
2024-01-09,35.0583477096001,"W = 250"
2024-01-10,34.2456007732413,"W = 250"
2024-01-11,34.3917652867839,"W = 250"
2024-01-12,34.212526105016,"W = 250"
2024-01-15,34.5189243269723,"W = 250"
2024-01-16,34.2706840422555,"W = 250"
2024-01-17,34.4876866635756,"W = 250"
2024-01-18,34.3661803624643,"W = 250"
2024-01-19,34.469354454604,"W = 250"
2024-01-22,34.7256019929462,"W = 250"
2024-01-23,34.4391089660168,"W = 250"
2024-01-24,34.5936978701953,"W = 250"
2024-01-25,34.9069408280481,"W = 250"
2024-01-26,35.1207780739527,"W = 250"
2024-01-29,35.1620155391978,"W = 250"
2024-01-30,35.003171551843,"W = 250"
2024-01-31,32.5138348354393,"W = 250"
2024-02-01,33.1765994492836,"W = 250"
2024-02-02,33.1472603229474,"W = 250"
2024-02-05,32.9900217811939,"W = 250"
2024-02-06,32.1781416128685,"W = 250"
2024-02-07,32.0153115823651,"W = 250"
2024-02-08,30.9473336111724,"W = 250"
2024-02-09,31.0296233372136,"W = 250"
2024-02-14,31.1270863901542,"W = 250"
2024-02-15,30.8377119728954,"W = 250"
2024-02-16,30.6952987367019,"W = 250"
2024-02-19,30.4929209903807,"W = 250"
2024-02-20,30.4516708343955,"W = 250"
2024-02-21,30.0718478807665,"W = 250"
2024-02-22,30.650024682017,"W = 250"
2024-02-23,30.6131589597492,"W = 250"
2024-02-26,30.8567831848071,"W = 250"
2024-02-27,29.8302764247878,"W = 250"
2024-02-28,29.7424379254031,"W = 250"
2024-02-29,29.8224889724272,"W = 250"
2024-03-01,29.8032926452028,"W = 250"
2024-03-04,29.9134844097527,"W = 250"
2024-03-05,29.895685698014,"W = 250"
2024-03-06,29.9128744586512,"W = 250"
2024-03-07,29.8994497692842,"W = 250"
2024-03-08,29.6334204943154,"W = 250"
2024-03-11,30.7110106404468,"W = 250"
2024-03-12,29.9919259592765,"W = 250"
2024-03-13,29.7130600031542,"W = 250"
2024-03-14,30.2638905820405,"W = 250"
2024-03-15,29.7268323207968,"W = 250"
2024-03-18,29.5027340388722,"W = 250"
2024-03-19,29.498946858859,"W = 250"
2024-03-20,28.5123664887868,"W = 250"
2024-03-21,27.8531805887837,"W = 250"
2024-03-22,27.85231754376,"W = 250"
2024-03-25,27.805898426595,"W = 250"
2024-03-26,27.442988724342,"W = 250"
2024-03-27,26.9182270020866,"W = 250"
2024-03-28,27.0272284036291,"W = 250"
2024-04-01,26.8633731735656,"W = 250"
2024-04-02,27.0305733474104,"W = 250"
2024-04-03,27.0100955187434,"W = 250"
2024-04-04,27.6986927644556,"W = 250"
2024-04-05,27.9220520138345,"W = 250"
2024-04-08,27.6801900867267,"W = 250"
2024-04-09,27.1871112153212,"W = 250"
2024-04-10,27.0123165293396,"W = 250"
2024-04-11,26.9969618480684,"W = 250"
2024-04-12,27.0698274130005,"W = 250"
2024-04-15,27.1039039899181,"W = 250"
2024-04-16,26.9351753831634,"W = 250"
2024-04-17,26.9807938050514,"W = 250"
2024-04-18,26.9964059189952,"W = 250"
2024-04-19,26.9534072804752,"W = 250"
2024-04-22,26.7690526393933,"W = 250"
2024-04-23,27.022174970114,"W = 250"
2024-04-24,27.0436866132711,"W = 250"
2024-04-25,26.8508005635208,"W = 250"
2024-04-26,26.7492701948468,"W = 250"
2024-04-29,26.6790704681852,"W = 250"
2024-04-30,26.4466808224622,"W = 250"
2024-05-02,26.103233195342,"W = 250"
2024-05-03,26.0868833792857,"W = 250"
2024-05-06,26.0194003994768,"W = 250"
2024-05-07,25.6530838249061,"W = 250"
2024-05-08,25.4748438361038,"W = 250"
2024-05-09,25.6124599809458,"W = 250"
2024-05-10,25.6472686441311,"W = 250"
2024-05-13,25.6794147983094,"W = 250"
2024-05-14,25.6209878472714,"W = 250"
2024-05-15,25.3972952039514,"W = 250"
2024-05-16,25.2566070643553,"W = 250"
2024-05-17,25.0795628135612,"W = 250"
2024-05-20,25.0936282495629,"W = 250"
2024-05-21,24.6732367797956,"W = 250"
2024-05-22,24.1152242817892,"W = 250"
2024-05-23,24.303633365161,"W = 250"
2024-05-24,24.2600720156154,"W = 250"
2024-05-27,24.6929376980994,"W = 250"
2024-05-28,24.4472286003808,"W = 250"
2024-05-29,24.2668372635023,"W = 250"
2024-05-31,23.9958273819945,"W = 250"
2024-06-03,24.1012367526837,"W = 250"
2024-06-04,24.2428276838352,"W = 250"
2024-06-05,24.7804035948352,"W = 250"
2024-06-06,25.0929300696669,"W = 250"
2024-06-07,25.0535297111184,"W = 250"
2024-06-10,24.8891483966004,"W = 250"
2024-06-11,25.3349204475873,"W = 250"
2024-06-12,25.4139406531536,"W = 250"
2024-06-13,25.3156078229702,"W = 250"
2024-06-14,25.4412868354876,"W = 250"
2024-06-17,25.4997058009037,"W = 250"
2024-06-18,25.3937736095243,"W = 250"
2024-06-19,25.2622395977185,"W = 250"
2024-06-20,25.3163056511613,"W = 250"
2024-06-21,24.3453599124268,"W = 250"
2024-06-24,24.6059188734893,"W = 250"
2024-06-25,24.8734827579244,"W = 250"
2024-06-26,24.7380865697858,"W = 250"
2024-06-27,24.7859645508978,"W = 250"
2024-06-28,24.2037991567581,"W = 250"
2024-07-01,24.2675348868035,"W = 250"
2024-07-02,24.7420381755143,"W = 250"
2024-07-03,24.6782135492355,"W = 250"
2024-07-04,24.6401140302467,"W = 250"
2024-07-05,23.9991579081598,"W = 250"
2024-07-08,24.1435504297684,"W = 250"
2024-07-09,24.7763542349844,"W = 250"
2024-07-10,24.8943575402458,"W = 250"
2024-07-11,25.0266044831735,"W = 250"
2024-07-12,25.4959190580198,"W = 250"
2024-07-15,25.7314896747044,"W = 250"
2024-07-16,26.3425528507876,"W = 250"
2024-07-17,26.2700987450112,"W = 250"
2024-07-18,26.1767815618359,"W = 250"
2024-07-19,25.6622236247832,"W = 250"
2024-07-22,26.1550358273851,"W = 250"
2024-07-23,26.8439950220452,"W = 250"
2024-07-24,27.8773172648082,"W = 250"
2024-07-25,27.3674016483419,"W = 250"
2024-07-26,26.7559408331559,"W = 250"
2024-07-29,27.1008526671405,"W = 250"
2024-07-30,26.610661067034,"W = 250"
2024-07-31,26.0215836511603,"W = 250"
2024-08-01,26.0370668626552,"W = 250"
2024-08-02,25.9741581824768,"W = 250"
2024-08-05,27.5512764130427,"W = 250"
2024-08-06,27.3750137598377,"W = 250"
2024-08-07,27.6288450481504,"W = 250"
2024-08-08,27.3258279339282,"W = 250"
2024-08-09,27.2800063883415,"W = 250"
2024-08-12,27.2185655925281,"W = 250"
2024-08-13,27.2386558104947,"W = 250"
2024-08-14,27.3002937464697,"W = 250"
2024-08-15,27.1595122751368,"W = 250"
2024-08-16,27.2956882908611,"W = 250"
2024-08-19,27.4375469401805,"W = 250"
2024-08-20,27.4625329592517,"W = 250"
2024-08-21,27.5840929987031,"W = 250"
2024-08-22,26.9837435688502,"W = 250"
2024-08-23,26.8840406131459,"W = 250"
2024-08-26,26.9038964245341,"W = 250"
2024-08-27,27.8159028751102,"W = 250"
2024-08-28,27.5886591337926,"W = 250"
2024-08-29,27.7850098116421,"W = 250"
2024-08-30,28.0161356679364,"W = 250"
2024-09-02,27.8540772730433,"W = 250"
2024-09-03,28.0912091947276,"W = 250"
2024-09-04,28.0938778620711,"W = 250"
2024-09-05,28.1295057735175,"W = 250"
2024-09-06,27.9928989723196,"W = 250"
2024-09-09,28.214838350266,"W = 250"
2024-09-10,28.3333550071693,"W = 250"
2024-09-11,28.6074810021317,"W = 250"
2024-09-12,28.4548607411863,"W = 250"
2024-09-13,28.0747876404939,"W = 250"
2024-09-16,28.0865566988971,"W = 250"
2024-09-17,28.2592898337986,"W = 250"
2024-09-18,27.98284955138,"W = 250"
2024-09-19,28.060215888722,"W = 250"
2024-09-20,27.5828384060091,"W = 250"
2024-09-23,27.5752330285195,"W = 250"
2024-09-24,27.9154170641753,"W = 250"
2024-09-25,27.8459221791619,"W = 250"
2024-09-26,27.9160035741186,"W = 250"
2024-09-27,27.5379760754075,"W = 250"
2024-09-30,27.0812898763965,"W = 250"
2024-10-01,25.8140018772611,"W = 250"
2024-10-02,25.9847635919617,"W = 250"
2024-10-03,25.9920008193346,"W = 250"
2024-10-04,25.8743804876904,"W = 250"
2024-10-07,25.872317227946,"W = 250"
2024-10-08,25.8756002908639,"W = 250"
2024-10-09,27.7276991615518,"W = 250"
2024-10-10,25.8814064624833,"W = 250"
2024-10-11,23.5501731410939,"W = 250"
2024-10-14,23.452658135726,"W = 250"
2024-10-15,23.4655206410943,"W = 250"
2024-10-16,23.329953766688,"W = 250"
2024-10-17,22.844716322545,"W = 250"
2024-10-18,22.5570846779764,"W = 250"
2024-10-21,22.5038977712327,"W = 250"
2024-10-22,22.3321280429753,"W = 250"
2024-10-23,22.649702999164,"W = 250"
2024-10-24,22.7399400753734,"W = 250"
2024-10-25,21.5750006507813,"W = 250"
2024-10-28,21.519208408388,"W = 250"
2024-10-29,21.3413281536301,"W = 250"
2024-10-30,21.6482241429836,"W = 250"
2024-10-31,20.9842656001287,"W = 250"
2024-11-01,20.9491369100896,"W = 250"
2024-11-04,21.080304209142,"W = 250"
2024-11-05,20.6969386541495,"W = 250"
2024-11-06,21.0425168023885,"W = 250"
2024-11-07,21.2160340275279,"W = 250"
2024-11-08,21.2269678255895,"W = 250"
2024-11-11,21.2681337620573,"W = 250"
2024-11-12,20.8956560078209,"W = 250"
2024-11-13,20.8995114149108,"W = 250"
2024-11-14,20.7672823039279,"W = 250"
2024-11-18,20.7478116775338,"W = 250"
2024-11-19,20.8540015039251,"W = 250"
2024-11-21,20.8434578263804,"W = 250"
2024-11-22,21.0663085205199,"W = 250"
2024-11-25,20.6616749572379,"W = 250"
2024-11-26,21.0180477847964,"W = 250"
2024-11-27,21.0758030037993,"W = 250"
2024-11-28,21.0455046728764,"W = 250"
2024-11-29,21.779741707655,"W = 250"
2024-12-02,21.6310458644417,"W = 250"
2024-12-03,21.5823659393046,"W = 250"
2024-12-04,21.5483991976493,"W = 250"
2024-12-05,21.7021993429411,"W = 250"
2024-12-06,21.6931715426609,"W = 250"
2024-12-09,21.656853961305,"W = 250"
2024-12-10,22.0352177561112,"W = 250"
2024-12-11,23.2778706883914,"W = 250"
2024-12-12,24.0190284906779,"W = 250"
2024-12-13,24.0099471661632,"W = 250"
2024-12-16,23.8735976764413,"W = 250"
2024-12-17,23.856301129656,"W = 250"
2024-12-18,23.4126704852031,"W = 250"
2024-12-19,23.4023230428304,"W = 250"
2024-12-20,23.0331120840852,"W = 250"
2024-12-23,23.0814396581749,"W = 250"
2024-12-26,23.0081281902292,"W = 250"
2024-12-27,23.2778239070781,"W = 250"
2024-12-30,23.4190761902093,"W = 250"
2025-01-02,23.6838543539611,"W = 250"
2025-01-03,23.8837955687237,"W = 250"
2025-01-06,23.3796433148548,"W = 250"
2025-01-07,22.914456331093,"W = 250"
2025-01-08,22.9039285465484,"W = 250"
2025-01-09,22.9877935350416,"W = 250"
2025-01-10,22.9962527114513,"W = 250"
2025-01-13,23.0931857897425,"W = 250"
2025-01-14,23.0817454252361,"W = 250"
2025-01-15,23.1951226851291,"W = 250"
2025-01-16,23.1425056820047,"W = 250"
2025-01-17,23.2984875766335,"W = 250"
2025-01-20,23.1674136068769,"W = 250"
2025-01-21,23.3383204993956,"W = 250"
2025-01-22,23.2283076942473,"W = 250"
2025-01-23,23.4230830610897,"W = 250"
2025-01-24,23.2939391965943,"W = 250"
2025-01-27,23.1613464048429,"W = 250"
2025-01-28,22.8230325861422,"W = 250"
2025-01-29,23.17304373441,"W = 250"
2025-01-30,23.2239978646939,"W = 250"
2025-01-31,22.8135747366766,"W = 250"
2025-02-03,22.7067820569988,"W = 250"
2025-02-04,23.2680216407684,"W = 250"
2025-02-05,23.8938764003056,"W = 250"
2025-02-06,24.359024041446,"W = 250"
2025-02-07,24.4193387493005,"W = 250"
2025-02-10,24.5419789421658,"W = 250"
2025-02-11,24.3502365357334,"W = 250"
2025-02-12,24.9668976791218,"W = 250"
2025-02-13,24.7683899347582,"W = 250"
2025-02-14,24.6954792621052,"W = 250"
2025-02-17,24.5718841013032,"W = 250"
2025-02-18,24.6278448611668,"W = 250"
2025-02-19,24.5976739692662,"W = 250"
2025-02-20,24.4270272602129,"W = 250"
2025-02-21,24.3483311252425,"W = 250"
2025-02-24,24.3043003464123,"W = 250"
2025-02-25,24.3279976585359,"W = 250"
2025-02-26,24.3946220598706,"W = 250"
2025-02-27,24.470503728942,"W = 250"
2025-02-28,24.6012699208891,"W = 250"
2025-03-05,24.2093969261294,"W = 250"
2025-03-06,24.229608572017,"W = 250"
2025-03-07,24.6331958097718,"W = 250"
2025-03-10,24.4842706287882,"W = 250"
2025-03-11,24.4358008506515,"W = 250"
2025-03-12,24.5691934354241,"W = 250"
2025-03-13,24.6424037664812,"W = 250"
2025-03-14,24.729042045446,"W = 250"
2025-03-17,24.8364618988867,"W = 250"
2025-03-18,24.9025322185606,"W = 250"
2025-03-19,24.9002022332092,"W = 250"
2025-03-20,24.8982055537537,"W = 250"
2025-03-21,25.1216561495285,"W = 250"
2025-03-24,24.949465820911,"W = 250"
2025-03-25,24.9486186315386,"W = 250"
2025-03-26,25.1507768803411,"W = 250"
2025-03-27,25.119017026119,"W = 250"
2025-03-28,24.4606344809955,"W = 250"
2025-03-31,24.4682799270395,"W = 250"
2025-04-01,24.6411228094125,"W = 250"
2025-04-02,24.6088587127487,"W = 250"
2025-04-03,25.0414968253564,"W = 250"
2025-04-04,25.5751383317699,"W = 250"
2025-04-07,26.9337112600443,"W = 250"
2025-04-08,27.2882155952032,"W = 250"
2025-04-09,28.7691827128427,"W = 250"
2025-04-10,28.7000369029027,"W = 250"
2025-04-11,28.2704880183338,"W = 250"
2025-04-14,28.267617071728,"W = 250"
2025-04-15,28.3169330228026,"W = 250"
2025-04-16,28.2960576928653,"W = 250"
2025-04-17,28.2357985093702,"W = 250"
2025-04-22,28.3218541861976,"W = 250"
2025-04-23,28.3088433828886,"W = 250"
2025-04-24,28.1319665097777,"W = 250"
2025-04-25,28.0008200087002,"W = 250"
2025-04-28,28.2426551697705,"W = 250"
2025-04-29,27.8235598107667,"W = 250"
2025-04-30,28.0584328467859,"W = 250"
2025-05-02,28.1992376381635,"W = 250"
2025-05-05,28.0492282176572,"W = 250"
2025-05-06,27.8761118878513,"W = 250"
2025-05-07,27.8874327358797,"W = 250"
2025-05-08,29.2820693461269,"W = 250"
2025-05-09,29.4495905521172,"W = 250"
2025-05-12,29.4758125140387,"W = 250"
2025-05-13,29.3500836901363,"W = 250"
2025-05-14,29.3823910036131,"W = 250"
2025-05-15,29.4071272458017,"W = 250"
2025-05-16,28.5487928324012,"W = 250"
2025-05-19,28.4089973546769,"W = 250"
2025-05-20,28.4738312191044,"W = 250"
2025-05-21,28.5891836052978,"W = 250"
2025-05-22,28.3059332767738,"W = 250"
2025-05-23,28.383021465899,"W = 250"
2025-05-26,28.3448622134882,"W = 250"
2025-05-27,28.7625736383808,"W = 250"
2025-05-28,28.8116009063498,"W = 250"
2025-05-29,28.2777324246194,"W = 250"
2025-05-30,27.9689304342919,"W = 250"
2025-06-02,27.3391560781814,"W = 250"
2025-06-03,27.3411931547298,"W = 250"
2025-06-04,27.5053975596654,"W = 250"
2025-06-05,27.3386009795616,"W = 250"
2025-06-06,27.2175921905256,"W = 250"
2025-06-09,27.3041154823426,"W = 250"
2025-06-10,27.2366252591992,"W = 250"
2025-06-11,27.5043846382936,"W = 250"
2025-06-12,27.5017618263241,"W = 250"
2025-06-13,27.2810391901695,"W = 250"
2025-06-16,27.3147309858024,"W = 250"
2025-06-17,27.3245095671903,"W = 250"
2025-06-18,27.3439474919977,"W = 250"
2025-06-20,27.2355859675397,"W = 250"
2025-06-23,27.1105183361356,"W = 250"
2025-06-24,27.1248441553901,"W = 250"
2025-06-25,27.484035851241,"W = 250"
2025-06-26,27.4961362259737,"W = 250"
2025-06-27,27.2129553239467,"W = 250"
2025-06-30,27.1901403576716,"W = 250"
2025-07-01,27.3077842210265,"W = 250"
2025-07-02,27.444071586325,"W = 250"
2025-07-03,27.4221647235293,"W = 250"
2025-07-04,27.5794652969663,"W = 250"
2025-07-07,27.6380477395988,"W = 250"
2025-07-08,27.6506082184904,"W = 250"
2025-07-09,27.6292540187918,"W = 250"
2025-07-10,27.3188063092832,"W = 250"
2025-07-11,27.1739644823429,"W = 250"
2025-07-14,27.4153489169525,"W = 250"
2025-07-15,27.4626450939733,"W = 250"
2025-07-16,27.3743869307318,"W = 250"
2025-07-17,27.2064721309328,"W = 250"
2025-07-18,26.2183743020464,"W = 250"
2025-07-21,26.1324916481412,"W = 250"
2025-07-22,26.1522451131485,"W = 250"
2025-07-23,26.3055121999327,"W = 250"
2025-07-24,26.0709424447799,"W = 250"
2025-07-25,26.1805773813808,"W = 250"
2025-07-28,26.0826891390601,"W = 250"
2025-07-29,26.1632314341942,"W = 250"
2025-07-30,26.3464711011811,"W = 250"
2025-07-31,25.1429390323987,"W = 250"
2025-08-01,25.7276709122082,"W = 250"
2025-08-04,25.6771653929591,"W = 250"
2025-08-05,25.8216341114846,"W = 250"
2025-08-06,25.8226169573826,"W = 250"
2025-08-07,25.6195707670099,"W = 250"
2025-08-08,25.6697475671258,"W = 250"
2025-08-11,25.6016669452453,"W = 250"
2025-08-12,25.6534533524636,"W = 250"
2025-08-13,25.5694072872796,"W = 250"
2025-08-14,25.8682511535948,"W = 250"
2025-08-15,25.3052103819253,"W = 250"
2025-08-18,25.0215756686,"W = 250"
2025-08-19,25.7600249908024,"W = 250"
2025-08-20,25.6432092447417,"W = 250"
2025-08-21,25.3902267643721,"W = 250"
2025-08-22,24.4333123024312,"W = 250"
2025-08-25,24.674245332715,"W = 250"
2025-08-26,24.7682256083233,"W = 250"
2025-08-27,24.6553563607788,"W = 250"
2025-08-28,24.9055143133706,"W = 250"
2025-08-29,24.9945436605788,"W = 250"
2025-09-01,24.9692649791786,"W = 250"
2025-09-02,25.1107002405752,"W = 250"
2025-09-03,25.1465803614542,"W = 250"
2025-09-04,25.0702136125458,"W = 250"
2025-09-05,25.4166007956754,"W = 250"
2025-09-08,25.2313776382891,"W = 250"
2025-09-09,25.4949510389695,"W = 250"
2025-09-10,25.7911537505198,"W = 250"
2025-09-11,25.7686457446337,"W = 250"
2025-09-12,25.6783262966806,"W = 250"
2025-09-15,25.9164857777571,"W = 250"
2025-09-16,25.7036914881656,"W = 250"
2025-09-17,25.6872628283059,"W = 250"
2025-09-18,25.7833843116103,"W = 250"
2025-09-19,25.8165785997051,"W = 250"
2025-09-22,25.3805377948431,"W = 250"
2025-09-23,25.4711680001198,"W = 250"
2025-09-24,25.6646466110472,"W = 250"
2025-09-25,25.8228534780079,"W = 250"
2025-09-26,25.9436601006709,"W = 250"
2025-09-29,25.9037723846746,"W = 250"
2025-09-30,25.9624485990342,"W = 250"
2025-10-01,26.220278777004,"W = 250"
2025-10-02,26.0905898101581,"W = 250"
2025-10-03,26.1352253104635,"W = 250"
2025-10-06,26.8849225101564,"W = 250"
2025-10-07,26.7691298789593,"W = 250"
2025-10-08,26.8076955223124,"W = 250"
2025-10-09,26.8682473259683,"W = 250"
2025-10-10,26.7230591162075,"W = 250"
2025-10-13,26.6419829335519,"W = 250"
2025-10-14,26.7463767306245,"W = 250"
2025-10-15,26.8335928270746,"W = 250"
2025-10-16,26.6062130407658,"W = 250"
2025-10-17,26.6310576442261,"W = 250"
2025-10-20,26.4540975238047,"W = 250"
2025-10-21,26.2105973056975,"W = 250"
2025-10-22,25.9965182490888,"W = 250"
2025-10-23,26.2415921386043,"W = 250"
2025-10-24,26.2666750681704,"W = 250"
2025-10-27,26.0169433874952,"W = 250"
2025-10-28,26.535117575842,"W = 250"
2025-10-29,26.1453653323297,"W = 250"
2025-10-30,26.2755109010795,"W = 250"
2025-10-31,26.271527722203,"W = 250"
2025-11-03,26.0282819711563,"W = 250"
2025-11-04,26.0698127463412,"W = 250"
2025-11-05,26.0267141186184,"W = 250"
2025-11-06,25.7041990180856,"W = 250"
2025-11-07,25.8346915119281,"W = 250"
2025-11-10,25.9812288042147,"W = 250"
2025-11-11,26.2815093706519,"W = 250"
2025-11-12,26.189792798097,"W = 250"
2025-11-13,26.2082152252121,"W = 250"
2025-11-14,26.1246348811909,"W = 250"
2025-11-17,25.997922996097,"W = 250"
2025-11-18,26.1941620758288,"W = 250"
2025-11-19,26.300934942847,"W = 250"
2025-11-21,26.5000895243813,"W = 250"
2025-11-24,26.6880884300156,"W = 250"
2025-11-25,26.1746501814999,"W = 250"
2025-11-26,26.2074165172312,"W = 250"
2025-11-27,26.8591152474119,"W = 250"
2025-11-28,26.79526667846,"W = 250"
2025-12-01,26.8580110449558,"W = 250"
2025-12-02,27.6927491112882,"W = 250"
2025-12-03,27.4832561171463,"W = 250"
2025-12-04,27.3843401834532,"W = 250"
2025-12-05,27.1326055001897,"W = 250"
2025-12-08,27.3991146178613,"W = 250"
2025-12-09,27.5935163913512,"W = 250"
2025-12-10,27.6405036214327,"W = 250"
2025-12-11,27.6541123876216,"W = 250"
2025-12-12,28.3358167879504,"W = 250"
2025-12-15,28.459495490673,"W = 250"
2025-12-16,28.8823954882488,"W = 250"
2025-12-17,28.8585135439216,"W = 250"
2025-12-18,28.6074445445798,"W = 250"
2025-12-19,28.5323001101901,"W = 250"
2025-12-22,28.2853730184596,"W = 250"
2025-12-23,28.1177659347741,"W = 250"
2025-12-26,28.6936952575912,"W = 250"
2025-12-29,28.9285347821901,"W = 250"
2025-12-30,28.5300020131392,"W = 250"
