"data","ITUB4","BBDC4","BBAS3","SANB11","BPAC11","BRSR6","ABCB4"
2018-05-10,42.9405526674316,23.1100653119869,-14.1001192011443,3.93757269093777,-3.10925889294303,-6.37456270438791,-46.404249871881
2018-05-11,44.2928295450281,22.2970225054381,-15.0171283226194,2.90175519407303,-2.4803351038451,-6.04595267410991,-45.9481911439647
2018-05-14,46.1741545911942,20.2886457504901,-14.6943378814472,0.99515093685217,-2.33974076361772,-7.17256966788973,-43.2513029655818
2018-05-15,47.8217379126476,20.0781963964803,-15.7189608941933,-2.36878416960354,-0.970179450559289,-7.11160147103536,-41.7304083237364
2018-05-16,43.1042838126995,21.5066287238565,-9.66700416150314,-5.98264370329797,-1.03688273523361,-5.39030542616943,-42.5340765103518
2018-05-17,45.6668977722787,20.9700915247567,-14.5535964965681,-3.0326365605336,-0.708707641044747,-5.86411484518646,-42.4779337537024
2018-05-18,51.0413339084767,19.9787973798898,-21.6671559064057,-0.573418811910557,0.286548702652436,-6.47952650083278,-42.5865787718699
2018-05-21,53.4583642294278,20.4533505655215,-18.7666839078932,-6.52262871746051,-2.01751887949347,-5.59882662877889,-41.0060566613233
2018-05-22,55.3893186967359,19.394420592806,-19.6876354281,-5.00005335783038,-3.17787395659173,-5.70565892271453,-41.2125176243053
2018-05-23,54.0697801747451,19.4743162400917,-19.3229523906956,-5.25405332321223,-1.94050642492887,-6.00476714668065,-41.0218171293194
2018-05-24,55.7880244670316,20.1126372830326,-21.136037178169,-6.00158994084912,-2.4075750770618,-6.60197731736207,-39.7534822366222
2018-05-25,56.9334114015422,19.178369875816,-22.3582768652883,-2.59577993904916,-2.0818152787005,-7.432253841275,-41.6436553530452
2018-05-28,58.2805452858851,18.4940310647393,-19.9803939920525,-5.6013486416463,-3.207391867204,-7.30932512112556,-40.676116728596
2018-05-29,58.5178250073709,16.6811190741005,-19.3625340538637,-4.72694586686733,-3.68486852871129,-7.45644704644161,-39.9681485855875
2018-05-30,57.0449850162348,19.0728700369446,-20.4939291907231,-4.2281457357583,-3.75205613630121,-8.31940075275481,-39.3243232376419
2018-06-01,57.4406889875964,14.7585323627019,-13.3588469719026,-6.12108012146289,-5.6350048738328,-7.91348671823927,-39.1708026648608
2018-06-04,58.0822736048136,13.7719752917367,-19.1836185755425,-5.24589305339175,-3.21665527410835,-6.53079897386407,-37.6772830196436
2018-06-05,58.2847005736706,13.5809910193218,-13.6063627732348,-6.39549633808414,-5.90610736311459,-6.44836529449782,-39.509359824061
2018-06-06,59.2020829640718,11.4919431650492,-11.5057959940811,-5.69048301151817,-5.4997302952447,-8.75429208747034,-39.2437247408066
2018-06-07,57.053188677125,10.7003517458198,0.117219354113985,4.05775914388591,-19.7041411895068,-7.13380828201664,-45.0905694494213
2018-06-08,59.636932808011,6.9512925646913,0.846170626929371,2.97696394559919,-13.5153692990705,-11.5820961784172,-45.3138944677431
2018-06-11,64.8744395753285,9.23158087077985,8.14293069518617,4.69899309268261,-27.4570041160622,-14.9736252595567,-44.5173148583582
2018-06-12,67.073218902765,12.0740099552556,4.75210808068999,5.51347948991774,-28.1155137608044,-19.3575417744476,-41.9397608933764
2018-06-13,66.6706608883154,12.0399227714461,3.66604371040844,4.79534554052467,-25.3964633061439,-20.2010568044119,-41.5744528001388
2018-06-14,70.8098482202804,16.0507399615936,-3.43152524112815,6.15808812323768,-27.3232551159592,-23.4973973730203,-38.766498575004
2018-06-15,69.1256360331095,13.5901202607903,3.25330158167457,2.1480960973179,-28.1686086121715,-21.8269674361026,-38.1215779246181
2018-06-18,69.0738964094756,17.499092624873,0.0399452716397164,4.95067090626507,-29.2611680691502,-22.7391415819088,-39.5632955611943
2018-06-19,68.2745194735449,14.2781454210785,4.53071966726387,4.81618653606617,-30.573779387969,-21.6834653440388,-39.6423263659457
2018-06-20,68.2130328158045,14.8709010151675,4.18838479872957,4.7963268823821,-29.6052470962801,-23.2729469988818,-39.1904514169218
2018-06-21,68.126814317704,15.2450040373426,3.0459881285811,4.81107877249874,-28.6770220134617,-23.1283661819611,-39.4234970607036
2018-06-22,68.9917245198375,15.6983469729784,3.52474682286017,7.39774043724213,-32.1206642683998,-22.9880381175772,-40.5038563669412
2018-06-25,70.7485012478851,16.2364770639996,2.37404607839989,8.50227432736305,-33.7938860398613,-23.1824635856035,-40.8849490921828
2018-06-26,73.1175286584472,17.6509684590729,1.41386115857615,9.28549344232691,-36.5844259092535,-23.0381254075438,-41.8453004016259
2018-06-27,71.8631630576848,16.054073656039,2.63232487843019,8.12230358057109,-36.0093086105209,-22.484111450424,-40.1784451117802
2018-06-28,71.0638102169298,15.7708794587346,2.2518721802652,8.05777749737246,-35.0041776552418,-22.3073194981924,-39.8328421998678
2018-06-29,70.325470025551,15.5767626830468,4.01685415494875,8.15971313412022,-34.5702746566027,-22.3754304528845,-41.1330948881796
2018-07-02,71.173194325468,16.5802079404531,5.79255980914517,8.89366508693833,-36.5823947962645,-22.7599143761388,-43.0973179896012
2018-07-03,71.2492440889986,16.7703403813976,4.87853107392255,8.84100475736265,-36.3974653697581,-22.5784894834759,-42.7631654484475
2018-07-04,71.1644139528013,16.8082216446797,4.87721196862421,8.52123442949214,-36.4223272358778,-22.7573599340883,-42.1913948256313
2018-07-05,71.1631380657765,16.7381739239889,4.91725562196643,8.493328098772,-36.2067137131731,-23.2362305628589,-41.8689514344718
2018-07-06,67.4191967208153,17.0721945480044,5.18191927928187,16.2906949638285,-40.0986429084406,-25.390110909779,-40.4752516937105
2018-07-10,67.6904831528091,17.7138696693347,4.06625707933723,14.0994236508304,-37.5822429436624,-26.8697987654894,-39.1179918431597
2018-07-11,65.3763599671158,15.3021956123616,6.55735441040738,13.5766450866418,-37.2229147363534,-28.8271669376077,-34.7624734025655
2018-07-12,65.4568617420101,15.3502148952618,6.03730792623723,14.0996547389524,-36.9954371421827,-29.5306893320787,-34.4179128282001
2018-07-13,64.0814957434563,17.1872060449195,6.49344842939291,12.6819242153726,-36.5627870391505,-28.2975971490374,-35.5836902449534
2018-07-16,65.029767462947,20.1693526354999,8.61847363290667,10.5000041178381,-36.2624564433606,-30.5095873501032,-37.5455540557278
2018-07-17,65.0177434906686,19.5598012011146,9.8375123902976,9.7705542096121,-35.9217514069075,-31.7099551900016,-36.5539046947837
2018-07-18,63.8468381872989,19.2485859886237,9.86574799489929,8.57778040761696,-35.605478463489,-30.8165702463024,-35.1169038686474
2018-07-19,61.1637456009393,12.2659366978292,13.6210702019454,9.45251882684832,-34.9061392973236,-31.6332589726614,-29.9638730575772
2018-07-20,60.6220078678102,18.7171291376766,11.3083421004684,9.25735661912375,-35.0207794045254,-30.5340655680852,-34.3499907524684
2018-07-23,58.5879454424307,14.89207493986,11.8429248469574,6.74154140387724,-34.4519307074025,-29.7348310901218,-27.877724835601
2018-07-24,55.246780155681,13.8971649953572,11.31194754033,6.76313060238937,-33.8688757154426,-29.7763718697379,-23.5737757085769
2018-07-25,54.0488204413083,12.674403964085,11.7693543106073,5.29066340358031,-33.2582456841016,-29.9452702262722,-20.5797262092072
2018-07-26,54.7252212163658,13.8635216731721,10.5970409699524,6.59544098861542,-33.4987800320928,-30.0064705701476,-22.2759742458653
2018-07-27,52.3980052288789,10.0225767403272,11.7393603433783,4.82897688893561,-32.173913068563,-30.1773292067259,-16.6376769262312
2018-07-30,52.9720161127743,12.1692566586695,9.66335585591443,5.60560077534544,-32.5938543199979,-29.916023898979,-17.9003511837268
2018-07-31,52.7796003623185,15.8704816097997,7.2110711833965,7.42486745343442,-33.3289177875876,-28.6242145012755,-21.332888320086
2018-08-01,43.7186028234283,13.3203400949136,7.55185649813825,2.62479781626941,-28.5791242791378,-24.9546701300616,-13.6818028235501
2018-08-02,48.29745449953,14.5661152783335,11.178338396703,5.13106211876573,-32.5899373470999,-30.8825587953351,-15.7004741508972
2018-08-03,50.0994312685043,15.3447214985601,11.6059353962231,5.70560225164856,-33.2602041471038,-32.6060042558975,-16.8894820119347
2018-08-06,46.0184989227901,13.5458426413573,15.6355460117189,4.00839510355928,-32.8713074759918,-36.5796847118888,-9.75729049154489
2018-08-07,49.8089603872553,15.3042525507913,13.4217724193121,8.22266982231251,-33.4649934773988,-35.4812091346326,-17.8114525676397
2018-08-08,50.7154322895243,15.0532165460236,21.083440061821,8.37707185693324,-35.2759856237153,-45.2084371733885,-14.7447379571984
2018-08-09,53.2400360328453,16.7195203710035,24.6689967804897,12.2835852115815,-36.1868732751673,-53.0026088024392,-17.7226563183136
2018-08-10,57.2257857593877,18.3522588331377,26.1433699397889,14.2572542221291,-37.2037218356325,-58.1423780190081,-20.6325688998027
2018-08-13,58.4999563221414,19.988962767672,20.6149727640601,12.208221945361,-38.3578260998736,-48.6305558529618,-24.323731846399
2018-08-14,55.7445379842449,15.8668331429372,1.88991539405117,13.2456317603696,-39.1638167801745,-16.7400081563489,-30.8430933450794
2018-08-15,53.0539702708751,15.8829200831929,8.18291206318709,8.9073147688328,-40.6069853410728,-11.9150213810959,-33.5051104639192
2018-08-16,53.8218355865328,15.6543287932646,6.63511666284711,10.053010865713,-40.4601972451778,-12.200734240367,-33.5033604228127
2018-08-17,52.1485081807065,15.9140485134127,9.2354781208635,6.7748317165407,-39.7677161963208,-11.6313432580087,-32.6738070771939
2018-08-20,45.8484444806596,17.0556189715964,16.1005172225323,0.989898312475034,-38.7163260923118,-10.375994133134,-30.9021587618174
2018-08-21,49.5341589893423,15.6733968362271,12.5051198358483,2.90407224536783,-39.1687419645375,-11.9809591221973,-29.4670468200508
2018-08-22,49.70894589461,16.3928544165476,12.6263813666968,1.10144867094498,-38.5261909036704,-11.7115450974677,-29.5918943476613
2018-08-23,49.9879628119737,14.1087089148777,10.2946194028983,3.36392397832115,-38.4662810656986,-10.7618970468625,-28.5270369955097
2018-08-24,54.1458255454635,16.5240416115338,13.4664440074411,-1.29055230314715,-39.2848346850259,-13.4825238546518,-30.0784003216137
2018-08-27,54.4174590488342,18.7656303499958,13.2590226208357,-5.78761808940887,-38.6003945714555,-11.2928662305928,-30.7612331282086
2018-08-28,54.4041110515423,19.982806986239,13.2198647281069,-9.52431562831674,-38.1382146143103,-8.90485969767884,-31.0393928255824
2018-08-29,53.7756329388781,18.8225662398992,11.9648977234186,-5.83623059733067,-38.8494994121393,-10.2698625725118,-29.6075043202141
2018-08-30,53.3295476245184,21.0044095221282,13.3850002508173,-9.12466529330771,-38.3566064168847,-8.84863045373897,-31.3890552335325
2018-08-31,52.1797513505997,20.0234493037307,11.9339254618579,-8.5771308767669,-39.0054371681105,-7.82584279883073,-28.7287152724802
2018-09-03,51.9215295529442,19.4715343617329,11.5730151518047,-6.39953967308419,-39.3805115807187,-9.15292371650038,-28.0331040961786
2018-09-04,52.4859117203154,19.8744326109803,12.3486167091257,-7.97529798712397,-39.1183638561335,-8.32299297779922,-29.2923062193646
2018-09-05,52.1007057560949,19.5620154822342,10.9665584461532,-7.29360148642918,-39.243057080488,-7.3180581734976,-28.7745629440676
2018-09-06,52.2978890068472,20.1841517612535,12.2803192209894,-8.67845239257906,-39.2526403508753,-8.48701002582236,-28.3442572198133
2018-09-10,51.040248482802,19.7130461558037,10.7569858070172,-7.51374201526146,-38.6670324430542,-9.15988297931452,-26.1696230079927
2018-09-11,51.2304218329594,19.1249377349053,10.3905913299309,-8.16012762410224,-38.7162919734688,-8.53470019583308,-25.3348311043915
2018-09-12,54.1136705803034,19.1397765864755,8.6761683297937,-10.7971208094114,-39.6190270688908,-5.70472178369642,-25.808745834574
2018-09-13,52.8422307903687,17.7899493708097,9.16817585256696,-10.7302415142085,-39.2283654009905,-6.21622836776294,-23.6255207307835
2018-09-14,58.7156813637044,19.3637643744304,3.90056380031423,-13.5710144704851,-41.6298748887421,-3.36172441891345,-23.4173957603084
2018-09-17,60.4547114970517,20.3088412288107,4.45139145219268,-13.4660004189996,-41.907116410342,-4.70666639224159,-25.1351609564719
2018-09-18,59.8409071639945,20.8878974761188,4.60408510427818,-13.5607043889639,-40.9618318893887,-3.56407528515743,-27.2462781808814
2018-09-19,62.1471944127948,18.5173907419464,7.60799499086605,-12.9526664411237,-43.0754181681065,-3.28112535859977,-28.9633701777773
2018-09-20,60.1507135757385,18.2378381947141,5.143159837497,-13.3220643738079,-42.2208916357619,-4.26446768138054,-23.7242879169992
2018-09-21,59.8394910075687,17.6658668793174,4.9709149840568,-13.5024656928791,-41.6934925893576,-3.52948413759847,-23.7508304511076
2018-09-24,62.1158556388225,17.3236659513312,5.29394569681762,-10.3200802604498,-44.6536607302212,-8.83733511382125,-20.9223911824791
2018-09-25,61.8244861331893,17.687544093638,5.43925306906921,-10.2946767387384,-44.5149331226806,-8.88397376436952,-21.2576996701079
2018-09-26,59.6430970963034,18.9106053665131,4.53977815268914,-11.8988023981357,-43.1188953046311,-4.20542309418828,-23.8703598185506
2018-09-27,60.0869803213248,18.3233035099878,4.35499185836368,-11.4539655921297,-44.1471912292285,-2.10410688311939,-25.0600119851987
2018-09-28,62.9480239260423,17.5598831988329,5.91373727200893,-8.88164294109421,-47.4745629074502,-5.96808269543553,-24.0973558529043
2018-10-01,62.4264352814114,17.5920649634013,5.54248550085168,-9.43489433176086,-47.3945922917069,-4.29740607295573,-24.4340930492409
2018-10-02,62.9065691551002,14.4847580605862,6.62499789831608,-9.524434887787,-48.8519711384052,1.31699727903144,-26.9569163668418
2018-10-03,69.7020665525454,21.171411438795,31.5737779769007,-15.9359178275588,-61.8296683578558,-11.1235360578233,-33.5581337250032
2018-10-04,59.5559643326183,11.1366406560415,12.5067900006585,-2.77091009500393,-41.1489640779274,3.09809847725162,-42.3776192936385
2018-10-05,60.3633746338046,11.498013977343,12.3910343109478,-2.51652633905825,-44.0499849881579,3.84117330622274,-41.527084901102
2018-10-08,62.1636436918497,22.544445829284,65.6390691966095,-11.0183811478033,-60.1829069693633,-49.2021487360233,-29.9437218645533
2018-10-09,54.8518543163637,17.3712758761288,46.5353031303563,-11.6918424673308,-44.7968856570473,-31.0762541586446,-31.1934510398261
2018-10-10,54.1510991982888,17.387952257486,43.7038428242583,-10.7646615841416,-45.3476740383018,-27.5806524043726,-31.5499062532171
2018-10-11,52.6650250756837,16.6904700590684,42.2186685522158,-10.9788723517133,-42.4531994520961,-26.5071720765868,-31.6349198065717
2018-10-15,52.0175238287736,16.2288257138631,39.9461089478279,-10.5765285370859,-41.2141450954024,-24.2283437932375,-32.1734410647386
2018-10-16,48.6378537161425,17.0885340310842,38.0070093833913,-11.0276617349536,-42.182642816098,-19.5169835045186,-31.0061090750477
2018-10-17,48.0139327183081,17.8076910823228,37.9365043944136,-10.772240214811,-40.9006067456475,-21.4412863330475,-30.6439949015385
2018-10-18,47.1189177584193,17.7676639734579,36.1711419916877,-10.725626936432,-39.3508856473739,-19.8163730577818,-31.1648380819772
2018-10-19,42.688476850053,15.276983954997,31.8027416595282,-8.49017181585805,-36.4346166543401,-15.5130564770212,-29.3303575173588
2018-10-22,43.5545062941272,15.458364969555,32.1845568263845,-8.93452200423202,-36.0043196931759,-15.9457811243471,-30.3128052683117
2018-10-23,43.1012039382463,15.028815161582,32.5815958616654,-8.45638601169695,-35.6579452655997,-16.6798316013017,-29.9174520828954
2018-10-24,41.0009712258881,14.5272156613769,30.8831303129729,-6.06009012306622,-35.2277336493995,-16.0597308233692,-29.0637626044029
2018-10-25,38.0872237623438,13.9587175890176,28.5693373105678,-4.37948443330156,-34.6468709437271,-13.4641518400134,-28.1247714448871
2018-10-26,35.4169164227926,11.2308333888652,27.3376879874476,-1.44251360955101,-33.7405104885107,-12.6422222389267,-26.160191462117
2018-10-29,33.7380666141104,10.0309400567236,26.4912491595388,1.74378695302786,-31.7676858652063,-15.1094813473427,-25.1268755708516
2018-10-30,30.8172317658528,8.33795996323472,25.5990464597961,2.81680248062965,-28.3720396161046,-16.4385871172525,-22.7604139361562
2018-10-31,31.8780541713529,8.37312174637917,25.7283699044555,3.27564522379743,-28.658423576872,-17.5931938689638,-23.0035736001492
2018-11-01,30.4323409155022,8.08837470965967,26.0729994870248,2.19851581258349,-27.8419875722782,-16.5474888011706,-22.4027545513214
2018-11-05,26.9759004490494,11.5812897271937,28.2772786582645,-2.73146317115149,-27.9954826035984,-13.9278876075779,-22.1796354521798
2018-11-06,26.7602196911895,11.1225879470348,28.5653826435861,-1.89324377275088,-27.4749302552777,-14.1322777653722,-22.9477384884096
2018-11-07,27.8776603167498,10.5962893208983,27.5195507781778,0.269134012197867,-27.909641289041,-14.7579297291264,-23.5950634098564
2018-11-08,25.3729976884149,15.3555253063244,29.2544431952351,-4.90328850886097,-32.2674821616258,-12.2139378517332,-20.5982576677544
2018-11-09,19.9308105318195,12.7305854279155,23.6164455221606,-6.67116703082129,-24.5896069336474,-12.0027551888308,-13.0143123285961
2018-11-12,20.0161180897814,13.115110898078,24.0864357307843,-7.80098776073417,-24.8513661121444,-11.4908228765329,-13.0744879692323
2018-11-13,18.7530242142621,12.1769680964749,24.5388893362025,-7.98182984558133,-24.8804820074684,-10.2771637933793,-12.3294060005104
2018-11-14,19.4836753416728,12.865940531194,23.0572245533487,-6.68768940578167,-26.1556426224856,-10.24290459973,-12.3206037982183
2018-11-16,18.3779770246194,12.8955415039925,22.6889778055795,-5.56144565699796,-25.450487857336,-10.9378255339452,-12.0127372859122
2018-11-19,18.1247511714164,12.7344715694936,22.6174893997726,-5.58188893909978,-25.3439022716238,-10.6655115873251,-11.885409342634
2018-11-21,19.3762008288968,12.5963514910031,21.745985429469,-6.71494054615177,-25.6967958979018,-9.71684153576784,-11.5899597695475
2018-11-22,19.8108765297595,14.1177729403907,20.9672524122099,-8.61928232124514,-26.3023787231699,-7.45982725193944,-12.5144135860057
2018-11-23,19.3625043656829,14.3950353953211,20.9304881370564,-8.18367467717455,-26.3718403020934,-7.75895080822861,-12.3735621105637
2018-11-26,20.1006260572142,14.298920931505,20.7286222947301,-8.59359225407742,-27.422122119734,-5.8138762806192,-13.2985786290187
2018-11-27,20.7839906635434,14.5208630249276,21.0911099848497,-9.26438316410818,-27.0390928267927,-3.47578305434295,-16.6167046280769
2018-11-28,21.8861320492833,14.7073693417602,21.4151714648031,-9.95897883025944,-26.474306547052,-2.44289282321947,-19.1324946553156
2018-11-29,22.2014105881404,13.7020713672119,21.0075273927371,-8.87528489886961,-25.8966297166205,-2.04037353807833,-20.0987211945209
2018-11-30,22.2630732122299,12.5486227220814,20.9508761443124,-8.38788631133758,-25.4226542876386,-0.855162490558449,-21.096868989089
2018-12-03,23.3472207718538,11.3253879368579,20.5903938083054,-7.7721034857383,-24.5730205605449,1.11487047167723,-24.0327489424112
2018-12-04,23.6130739269475,10.3907589251995,20.282868679918,-5.78871883492975,-23.4066040534997,0.423746889752259,-25.5151255333878
2018-12-05,23.7666610283168,8.9206191887057,20.2680074843338,-6.03951181671584,-21.6547471786028,1.4921503028053,-26.753179008843
2018-12-06,24.2147641165069,8.35357479775573,22.9856362428008,-8.48834564511078,-21.3644732875187,2.4475814919999,-28.1487377164338
2018-12-07,24.5512867458884,8.41130748831539,22.2221784662178,-8.72986650215901,-21.4207797788451,3.33810561190369,-28.3722320313212
2018-12-10,24.7764624508597,8.34840056506479,21.6618499966266,-8.40751062264313,-21.4777682609507,3.53819089168627,-28.4396250206435
2018-12-11,24.1935535885552,8.58751500150106,22.2327927351257,-8.34310127594773,-21.8383179781887,3.71302656056861,-28.5454686316141
2018-12-12,22.9940638862598,8.58262523290138,23.4789155088053,-9.07414729300852,-22.0842726848027,4.82520374906886,-28.722388399224
2018-12-13,23.0157437489283,8.79298046506052,23.1592022426504,-9.04185350960145,-21.9047573945334,4.65016702535964,-28.6714825778639
2018-12-14,22.4372356458678,8.13689820208589,23.0583150428522,-10.0319733741811,-19.798669805189,6.89600597871958,-30.6978116901554
2018-12-17,21.1071823220896,8.25314174680936,23.5370008198175,-10.1855244403978,-19.2373097980944,6.09292660885409,-29.5674172590784
2018-12-18,20.0190847460096,8.26794754765309,24.0592790892576,-10.1596616326798,-19.1893967936167,6.58346701370009,-29.580719970324
2018-12-19,19.1308168544206,8.46102707924803,24.5057826709246,-10.2195512882229,-19.2266657265816,6.89848760018465,-29.5498971899733
2018-12-20,19.2428473152407,8.20931958091798,24.5973071379312,-11.2147064064306,-19.0983604207089,7.62125276531908,-29.3576599722696
2018-12-21,16.0842762686639,11.7078040209655,27.102912130208,-13.6243306490849,-21.7800236422867,8.33914336403966,-27.8297814925055
2018-12-26,16.9350144076938,13.2866253275372,24.6569858805392,-12.2307892379971,-20.5565752764799,7.2045590072511,-29.2958201085444
2018-12-27,13.5513851198634,13.7484562350854,28.3977202878178,-15.3855645729993,-19.2665315766472,5.60238053546887,-26.647846028589
2018-12-28,11.2200516261577,12.0728518105423,31.5687584726234,-17.1199213091,-18.1920711442517,5.2381105516824,-24.7877800076541
2019-01-02,15.0877581048871,11.6928164183854,29.0406083778599,-12.6640338399314,-18.620207781768,2.06382309694742,-26.6007643763804
2019-01-03,14.6336078820655,12.0195231130467,29.6998528235796,-12.9564674440221,-18.3040835869376,1.58788969074368,-26.6803224784759
2019-01-04,14.6986536063996,11.576740218618,29.3169610368198,-12.3843185972757,-18.3141794599738,1.97526176743359,-26.8691185720215
2019-01-07,14.4316300665389,9.24187775277846,29.9983853238992,-11.8953829772443,-18.3979641846428,1.85520688117077,-25.2337528625002
2019-01-08,17.6163679373081,8.19265239211738,33.4233961226965,-7.94309246686906,-27.9624977986244,0.36869195474754,-23.695518141376
2019-01-09,18.3736328597425,10.0102529367121,32.6700280922559,-5.76817532198687,-30.8447730931518,1.13845354448092,-25.5794190180528
2019-01-10,17.6911140206717,6.30274516507542,32.9181347051331,-4.33948880790314,-31.1920686189814,-2.80365023179974,-18.576786232196
2019-01-11,17.4831459813362,7.54024435296819,34.886608012768,-4.53291698428353,-36.32061965072,-0.806034173403702,-18.2504275386651
2019-01-14,17.5957074292317,8.89067352231524,35.2133854604388,-4.58914561157005,-37.6835176407714,-0.447037980572986,-18.9800651790713
2019-01-15,17.8383667378893,8.64265808034064,36.0890620987516,-5.21604659434374,-38.5540564056155,-3.70175850905822,-15.0982254079642
2019-01-16,18.1783081564787,8.96751910173087,36.4619542914615,-4.98394365880964,-40.6679974708786,-2.38794050039996,-15.5678999195829
2019-01-17,18.0047740727022,9.29232078813014,36.8309489467228,-4.89724447488555,-41.7662612403162,-2.82859385296844,-14.6359442393849
2019-01-18,17.4415466718694,8.55549204080447,36.6396779596934,-6.31332397173202,-38.2421412470747,-4.29157323103998,-13.7896782225206
2019-01-21,17.3523881898337,10.275966070447,36.7040002814208,-6.52720001600545,-39.0946597158632,-3.48355407239995,-15.2269407374329
2019-01-22,16.2989894034315,11.0954501011003,35.5183690314017,-5.81792074936587,-38.6513893864264,-1.86880979181232,-16.5746886083289
2019-01-23,16.0345049451415,10.4505217975243,35.9085308485115,-6.27805123877009,-37.7992087622547,-2.17206212819057,-16.144235461962
2019-01-24,16.1413390271361,10.9580305622323,35.6743401251884,-7.01153868704361,-36.677577230309,-2.92611868638089,-16.1584751108232
2019-01-28,15.9453683275206,10.5138578142252,35.5659818480048,-6.61636732368024,-35.5582290571114,-3.12110608706603,-16.7295055218929
2019-01-29,15.9082198385936,11.2886659842694,35.0603515830972,-8.16328334385376,-34.0613204331115,-3.24384196322924,-16.7887916657657
2019-01-30,16.0210032446267,10.9034309808913,36.7219464186351,-10.1618776373719,-34.6249629602219,-3.38693097058093,-15.4726090759783
2019-01-31,17.3102656218572,6.31515233496013,39.1169859180877,-11.098624437556,-36.4492734775932,-1.20733668515554,-13.9871692746004
2019-02-01,17.8330173466767,4.1153767214182,39.9128422148427,-12.5217883029772,-38.4200560606113,1.18361721848282,-12.103009137832
2019-02-04,17.3783888547194,3.94888467938696,40.5913029017458,-13.1574442970713,-37.0503337737641,1.56347374094358,-13.2742721059604
2019-02-05,15.2778650256678,4.16732887737682,41.5845367302415,-13.1259876806911,-38.1289216513738,1.71590297759302,-11.4907242788143
2019-02-06,16.4073500430011,3.91039160456339,41.5694143780799,-12.9512062228613,-38.8480682700265,2.03809033378501,-12.1259718665415
2019-02-07,15.2948450271538,3.25755444035015,41.7280652172414,-18.1257276790925,-34.2164178082525,1.61446857554245,-9.55278777294281
2019-02-08,14.9954482961771,2.90483214124534,43.0040885949107,-20.0319952013254,-34.9344123677129,0.846556929746143,-6.78451839304093
2019-02-11,14.8426967077688,3.02715553194018,43.2623201496478,-20.2875393551179,-35.9608469752655,2.30714288371823,-7.19092894269168
2019-02-12,13.2771474482657,2.80278077878697,43.711982215682,-22.024050839382,-36.2200883435724,3.66850672026436,-5.21627798004457
2019-02-13,11.9619005038305,2.26387830483276,44.76882592031,-23.1449111773563,-34.9737335083848,3.2437538726426,-4.11971391587478
2019-02-14,11.2468984384348,2.93231799772957,45.9625155896421,-25.2079228113,-34.1983482946045,4.51655709656718,-5.25201801646928
2019-02-15,10.5058773764154,2.07959624793577,46.1817709516086,-25.488076733844,-33.1454283958783,3.97367759194154,-4.107417038179
2019-02-18,10.2988202710916,1.77402472259004,46.2168767904989,-26.4338275805195,-32.0045626586984,4.73445873796062,-4.58579028292328
2019-02-19,10.5298154972965,2.13982005070652,46.2717847431613,-24.9933946942151,-33.1569079643877,3.90119472418857,-4.69231235675007
2019-02-20,8.48765930762279,1.87504578047083,47.5020681243952,-28.4645488992234,-33.5548528274899,5.23486767310857,-1.08023915888408
2019-02-21,4.81279027798412,0.393425221905602,48.7913102777402,-30.4429857737012,-34.3278416535929,5.58192056617767,5.1913810834865
2019-02-22,4.44416838462948,-0.674187267146053,49.1482774226322,-29.6946558263778,-34.7626656270538,5.02332172638714,6.51574118692879
2019-02-25,0.598693806746653,-3.36081622627307,50.6805485157429,-32.1378011998038,-31.9377301393893,4.08929388383244,12.0678113591443
2019-02-26,-2.15977573466701,-6.29710261247686,51.2552167832062,-32.4690938176099,-29.9922729904529,1.39085505363713,18.2721733183632
2019-02-27,-3.68891727416822,-8.98874121883352,52.1841270365047,-32.3832064056102,-28.5453966279197,-1.22503214171891,22.6471666317459
2019-02-28,0.224400636246486,-6.37050157993674,52.74491736961,-27.874395887092,-35.3567633354251,-2.97513940122008,19.6074821978174
2019-03-01,-0.960036522164728,-10.7837501443233,53.2293406295042,-30.6553569671267,-33.3604090341715,-0.956423789865397,23.4866358281475
2019-03-06,-1.37038065059497,-11.158003338944,52.9953421046407,-30.5336472454309,-33.5578189848971,-1.56697558692318,25.1914837021495
2019-03-07,-1.00573545409348,-11.490556509033,51.9701062858578,-29.0114525912114,-33.3581789697951,-1.4125341851656,24.3083514234408
2019-03-08,-11.0922567707726,-13.0204927337607,53.2561449546533,-32.4069179664211,-30.3919259702697,-2.03868309448836,35.6941315810591
2019-03-11,-2.20675727922183,-9.00502357873256,52.8415914962397,-25.645391732666,-32.084335252868,0.544183896283563,15.5557324509652
2019-03-12,4.89754082914963,-3.70114044223708,47.6988978895928,-19.4715110460379,-31.3340839380996,1.47135118221918,0.438945525413018
2019-03-13,8.56639979554687,-1.2071929125847,47.3902148963941,-15.2096417503505,-35.2576807683531,0.898565744180011,-5.18066500483265
2019-03-14,11.7219274501127,2.09214304906197,47.1788981501526,-8.69417931555223,-32.9448693859788,-0.579740618332394,-18.7741793294638
2019-03-15,14.2513123993072,6.75778044901431,45.014630433682,-6.38988795567423,-37.9303639092533,3.90660201038946,-25.6100734274655
2019-03-18,13.1743617744859,5.44239114403865,44.2595176042463,-6.98004424282335,-30.9540127583468,1.18213323657116,-26.1243467581718
2019-03-19,14.3659443669007,7.5812948836729,41.498789357415,-4.66383529523317,-28.4887763619363,2.49566986496067,-32.7890868157798
2019-03-20,13.8868379018178,6.76923124852429,41.4168858408714,-5.11551512889058,-27.988384785855,1.7739775662349,-30.7430326427029
2019-03-21,13.9289002846324,2.31681409503392,40.9965360891043,-1.28617344201021,-26.1773724118601,-3.5395260752062,-26.239178539694
2019-03-22,12.6376919136632,0.665697564490301,43.763381097407,-1.73891287628761,-28.6029583620475,-2.6837844474245,-24.0411148898009
2019-03-25,11.1574199670669,-1.36140541219083,42.5159217319555,-1.86792893238446,-27.0790511883091,-3.45422602205933,-19.9107301440787
2019-03-26,9.35832023932574,-3.16809247864853,43.2221418984659,-1.81143203234502,-27.3170008749964,-4.27833104622241,-16.0056057055793
2019-03-27,10.2127655677068,-6.76376210095094,48.5284789034916,-0.00322329656542308,-18.1186376908064,-18.9011401681537,-14.9544812147219
2019-03-28,11.2480829444334,-6.34459397065334,50.2180477521296,-4.00389178101118,-14.684801176287,-24.4946924628793,-11.9381513057322
2019-03-29,10.6680881591935,-7.63349689579036,48.4045520561021,-5.74794692947575,-5.03784138679779,-30.2068967577897,-10.446458245442
2019-04-01,11.6045286136626,-7.4262214768944,48.829197561542,-5.29681285951693,-2.84707138097578,-31.8048414711727,-13.0587789866448
2019-04-02,11.6948889854035,-7.22475395813011,49.0351016889697,-5.18029208612534,-3.41162543871862,-31.8640004185319,-13.0493187728673
2019-04-03,11.4896654074631,-7.04180840111374,48.3216352064644,-6.22513512705299,-3.07053026915883,-32.4253976611197,-11.0484291554822
2019-04-04,11.7472390311638,-6.34328714210912,48.1563774927025,-6.91109546984272,-2.73760451635667,-33.0084604840959,-10.9031689114619
2019-04-05,11.8157172576664,-5.786448904975,47.8583340229425,-7.16757160625098,-2.3030560007822,-33.6504532463917,-10.7665215222091
2019-04-08,11.947222347661,-2.90982546063942,46.2613807719083,-8.57477809246507,-2.13498255418545,-31.6972788222446,-12.8917381900347
2019-04-09,12.1261012860243,-2.35836208052888,46.6561328742653,-8.39925798653427,-1.67835495927537,-32.4288635385547,-13.9173955953963
2019-04-10,12.0901540291632,-1.61058671478045,46.7784145645767,-8.79954110731613,-2.19496482919335,-32.6515352584336,-13.6119406840164
2019-04-11,11.8041597083183,-0.591728528696066,46.6078220972451,-9.73360992653265,-1.51118309114224,-33.0123366206575,-13.563123638535
2019-04-12,13.5222275687591,-1.39225197601206,46.0703683085017,-9.13000048580551,-2.03184352708073,-34.6859547709335,-12.352545117429
2019-04-15,13.2595853422328,-0.289325386239383,46.035220278753,-10.5274802413094,-0.306336838115874,-36.494784761598,-11.6768783937231
2019-04-16,13.1871028411976,1.29793719941192,46.3104486841374,-12.1475462982372,0.678933237837244,-38.8465557874207,-10.4803198769263
2019-04-17,13.121378867621,2.2147271733198,46.3188011938265,-12.820159806142,1.10079169663827,-39.6938828348111,-10.2416562904525
2019-04-18,12.9944547886365,3.68804490846621,46.0743527341111,-13.7241268572363,3.05268892520714,-42.557460333378,-9.52795416580669
2019-04-22,12.759200281028,4.05641119136702,45.7987350310255,-13.9057861611164,2.75203814553007,-42.7416823329925,-8.71891615484166
2019-04-23,11.3621374700505,6.4391912353591,46.9854744104682,-15.4877649232219,5.06233021295687,-44.8433130406626,-9.51805536495026
2019-04-24,10.6164220160295,8.74884662101603,47.3359600102585,-17.6363731276652,7.46533911203003,-46.9021370036686,-9.62805762800031
2019-04-25,9.5817728616064,9.49347105704932,48.0988547450436,-19.2657155853803,9.48501767896738,-49.0776803627027,-8.31572039458374
2019-04-26,10.2237880673088,6.57961417428984,49.0119543232963,-16.8571551268076,5.11701496830561,-46.3158329179903,-7.75938348840256
2019-04-29,12.1547805693772,6.105573184249,48.6380834955144,-16.341154329343,2.38409512130082,-42.7396461916798,-10.2017318494186
2019-04-30,5.42992948526573,7.883618780951,52.2823742880205,-22.2732457579092,1.94657454650959,-36.8916768891416,-8.3775744536961
2019-05-02,4.24766694047526,7.5394791711179,52.2742230211077,-23.3165584683602,2.85070104753716,-37.6485761657575,-5.94693554612031
2019-05-03,4.60847179987715,6.83311289454458,52.7237508522785,-22.8080070316514,0.736214719770313,-36.3771644284821,-5.71637880633709
2019-05-06,5.19257721793502,6.60939460936687,53.4251512202492,-21.8910595332223,-3.40807041014773,-34.5587978774103,-5.36919522677076
2019-05-07,5.43145147744775,6.73423365417706,53.5294637763041,-21.59392733307,-5.52483797048863,-32.8086248258085,-5.76775877856178
2019-05-08,6.29732108218779,6.46307556733991,54.9406677385693,-20.2469129357842,-9.23023397071552,-32.0574606948136,-6.16645678678371
2019-05-09,5.3930854290012,6.97496668735309,53.1069658330409,-20.3517757120982,-10.0111959417814,-28.6331939686081,-6.47885232690754
2019-05-10,8.06385958090186,4.84164521358308,56.2131392444772,-20.6408271753182,-8.49487078995288,-33.2004057404766,-6.78254033321443
2019-05-13,7.86423869331709,5.13004446754159,55.8841404190711,-21.6143060754308,-5.97140840509981,-35.1093521717424,-6.18335692765672
2019-05-14,8.13898518427551,4.76361090632302,55.4562403923287,-21.5733911566465,-6.36364688901673,-34.2169324998022,-6.2048659374619
2019-05-15,11.1325181342566,2.13816223302913,55.8728335813185,-21.4269681421987,-12.2031054788607,-27.0237703449335,-8.48966998261141
2019-05-16,11.2757605648867,1.78536152414806,55.0829843020703,-22.3305037791024,-9.94854388586507,-27.2879914316134,-8.57706729452434
2019-05-17,8.03936212168063,3.67962928102041,53.0491095571003,-20.6161009183387,-9.29680225282345,-26.9477134197325,-7.90748436890662
2019-05-20,8.96750242179135,3.30658712523035,53.5120267159239,-21.0298252905195,-9.14833294337727,-27.198834705766,-8.40912332328283
2019-05-21,10.2727531245923,3.0493172800569,53.5511023943671,-21.1462759791188,-10.7643237475943,-26.7146829774881,-8.24789009481515
2019-05-22,10.0978983164569,3.35933990039484,53.1477887347682,-20.8714048668829,-11.1646601670164,-26.8300214161143,-7.73894050160622
2019-05-23,11.0739549917583,3.28891780514235,53.0426133436073,-20.9808019749022,-10.9888271460559,-26.9533430745861,-8.48251394496376
2019-05-24,10.5304009334483,3.49926957215632,52.722562868585,-20.8434951716388,-11.1320714713137,-26.9455964757069,-7.83107025553019
2019-05-27,9.80401510471712,2.0170254162319,52.3022446479612,-20.4333191938561,-10.7995524654009,-27.2144593758027,-5.67595413385054
2019-05-28,10.3652516883853,2.04763508927458,51.8993918755844,-20.9808323119372,-8.61837233539986,-28.211284149701,-6.50178985620621
2019-05-29,9.84139687983549,1.98677805921152,51.7752239951329,-21.5849440714747,-5.61613149524483,-28.9245243595232,-7.47779900793726
2019-05-30,10.2421566270245,2.25527042409249,52.3497202182458,-21.9682815967929,-6.21491696160002,-29.2042735629474,-7.45967514802253
2019-05-31,12.3855761224907,1.61457767673355,54.4367965117691,-23.0496880340841,-6.94475773003927,-30.9960280355949,-7.44647651127513
2019-06-03,12.6383187662471,1.17545974525824,54.3518272956466,-23.3907216812855,-5.14561112398083,-32.2890315281686,-7.340241473717
2019-06-04,12.4778217340908,1.4484742050477,54.8111379610571,-24.2618409623228,-4.71964681626188,-32.0294904784747,-7.72645564313613
2019-06-05,11.6583310992087,1.22002387937739,55.0975705779879,-25.2266783580927,-3.42431220655325,-32.0328630845099,-7.2920719074182
2019-06-06,11.9351530304668,1.01830522916109,55.5407354488926,-25.7230649413185,-1.48470238512345,-33.1706300958779,-8.11579628620058
2019-06-07,11.5214211885981,1.19113950801092,55.2030803942487,-26.0392545160379,-1.1250271984657,-32.6435948385085,-8.10776453784565
2019-06-10,11.9990035617578,1.14644826779742,54.7009443115982,-25.2624279420496,-1.96614617014309,-33.0835965651626,-7.53422546379814
2019-06-11,9.89147155674995,1.1893268235373,55.0839903596866,-26.6244598354001,-1.16138243927356,-30.0815524318363,-8.29739403346387
2019-06-12,10.0561287310694,1.12926510344835,55.7068467977657,-26.3886514267706,-1.87792641367365,-29.7251456749255,-8.90051711691378
2019-06-13,9.14986985803897,-0.272510572232179,54.4936980387639,-23.5458829836719,-1.45741412916183,-29.5649412159318,-8.80281899580513
2019-06-14,8.07144927709732,-1.28727299149277,53.4688735753696,-20.9892428812955,-1.20061605685093,-28.9906195127516,-9.07257141007607
2019-06-17,8.76936187277029,-2.12948037993119,53.8660849612263,-21.7194997946266,-0.9392386232262,-27.6322612816214,-10.2149667545912
2019-06-18,8.61657598990924,-2.26041532531642,53.658408380789,-21.6688664240909,-0.167727153690122,-28.0182460128624,-10.1597294547384
2019-06-19,8.71191251043093,-2.86219585620252,52.9321295763738,-21.3387782479175,-1.00386597768019,-26.218054056414,-10.2211479485905
2019-06-21,8.85640611502981,-2.3575454983192,52.7729031001929,-21.6912802061201,-0.690798283552205,-27.6128677221572,-9.27681750507413
2019-06-24,9.0363466304258,-1.78589050728122,53.1658862634504,-21.8825265492526,-1.05314033350637,-29.0241054773825,-8.45657002645338
2019-06-25,8.5394481540617,-1.90457877373159,53.0140842816255,-22.5521819699309,-1.36667422968591,-29.4551823780135,-6.27491508432527
2019-06-26,8.25093905580424,-2.01834849701231,53.1079926826526,-22.4957021602958,-1.31162658352925,-29.2227487640152,-6.31050573360435
2019-06-27,7.64607159102968,-2.10839387381115,52.6685114950334,-22.1256389183425,-0.936135488991846,-28.9578415751613,-6.18657322975632
2019-06-28,6.76519130791009,-2.54433748360061,52.1593909987155,-21.057416076863,-0.483256274871296,-28.1259163099376,-6.71365616135303
2019-07-01,6.56191816327012,-1.9252508065339,52.7044392566008,-21.0570454028425,-0.286673930384652,-28.5104170987699,-7.48697018134001
2019-07-02,6.71506290914792,-2.36521681445296,52.6567664272523,-19.8883928243004,-0.620330460908794,-27.7669456642316,-8.73094357250638
2019-07-03,6.8849218071111,-1.67782948012108,52.5985339017263,-22.1597580550133,-0.0809032566376962,-27.8928284729877,-7.67213644407763
2019-07-04,7.1042918375226,-1.57827004967548,53.0990995036001,-22.2203955217491,-0.130419175602,-28.1121347298916,-8.16217186420462
2019-07-05,6.90322165476351,-1.96178459658114,53.3203586723613,-22.8930103990248,0.812286227020016,-28.9830056722747,-7.19806588626415
2019-07-08,7.22304198971014,-2.2852055971502,52.9543009200805,-22.4305080566522,0.555926954111392,-28.6127726978235,-7.40478351227619
2019-07-10,7.24277728818036,-2.0569383123221,53.0521155523961,-23.1021644471638,0.748721068077442,-28.9022672819748,-6.98224386719323
2019-07-11,6.90212734083505,-2.66834185841236,52.0353879801192,-22.5884205676475,0.818816417803538,-28.5761104374,-5.92345887529789
2019-07-12,6.67950471725311,-2.46256368575665,52.0819533972189,-22.8552950076861,1.01522834378299,-28.490033333528,-5.96879443128416
2019-07-15,6.39729193537956,-2.46999130692969,52.7331394381579,-23.1443640406596,1.04787440393422,-29.1783718950171,-5.38557853486529
2019-07-16,6.36187058878104,-2.70942181060053,52.4486509165498,-21.9314540854974,1.25138258220889,-28.3344447043056,-7.08658348713626
2019-07-17,6.02708531867668,-3.03943612676495,51.9733361137504,-20.73761552769,1.28035317012138,-26.8354325582365,-8.66829038985696
2019-07-18,6.08712983284124,-2.68594135056013,52.3523556162887,-20.791722118413,1.37497595642453,-26.5793393021977,-9.75745863438369
2019-07-19,6.15022418178467,-2.39695879649113,52.3706893172686,-20.7743600699851,1.22448250686396,-26.1666177188948,-10.4074594205463
2019-07-22,5.2514355335223,-4.47049813581107,51.7969739191245,-19.9384986988107,1.29138367197826,-23.1379195128666,-10.7928767771367
2019-07-23,6.81659632339387,-0.517567276886311,51.6863162021977,-19.6448873673217,0.403795743903097,-23.165749406208,-15.5785042190787
2019-07-24,9.04124977336211,3.90337531832536,49.192320262868,-20.1635292926894,-3.16241723424733,-25.4929846580424,-13.3180141695763
2019-07-25,10.4215954881574,-2.11693401216388,41.9339395008479,-13.4582758970507,-6.56300791865902,-23.020188161356,-7.19712899977571
2019-07-26,9.98484821814711,-2.78788915993752,38.5532619909969,-12.68563244899,-6.25513058937204,-22.5890968615799,-4.22036114926448
2019-07-29,9.29247814734983,-3.26478159726672,40.1122721808735,-13.5046935083645,-6.20932718802461,-22.3226995247581,-4.1032485098093
2019-07-30,11.9668685612343,-8.98945526972381,30.3302250416213,-3.57629236251892,-6.22926983819403,-19.8404533745945,-3.66162275782437
2019-07-31,12.3226250446428,-9.50730613535946,30.2350678061776,-4.10841389162434,-5.36567237816222,-20.0350837509886,-3.54121669468577
2019-08-01,11.3334250891587,-7.89708295149831,29.5499449108975,-3.31559607854614,-3.39352920956459,-21.0134539478503,-5.2637078125968
2019-08-02,8.90314063632971,-9.36430864493393,29.3349659119544,-2.64891545840955,-2.37192709233898,-20.236328695889,-3.61662665671267
2019-08-05,13.9170051836963,-7.04254587196232,27.6501007784207,-2.91819926274648,-3.68024689671106,-21.8835113902947,-6.04260254040242
2019-08-06,15.3084534759939,-6.45087387246764,27.5490104174435,-2.85695446205033,-3.86278913008799,-21.9601746064991,-7.72667182233225
2019-08-07,19.536246195518,-5.25420678957855,25.6766157062386,-2.52456841158689,-3.80311975723978,-24.3708762021325,-9.26009074121891
2019-08-08,18.4441370216667,-6.03558963343424,25.0474655313807,-1.90027645823525,-4.0613398326749,-23.7077800245769,-7.78661660412602
2019-08-09,17.1309761594573,-6.79663512350081,24.6556232856365,-1.84525102418561,-4.43540579599291,-22.8396157735996,-5.86969172781478
2019-08-12,23.2680805856094,-5.09683512431937,23.4601871799014,-1.22119449690425,-2.27250623029016,-25.5041712629902,-12.6335606510069
2019-08-13,23.141686590238,-6.00205277882939,21.152622643923,1.3198470729693,-4.47972313760506,-23.9705940457425,-11.1617863449534
2019-08-14,24.8887094527471,-5.41922422431782,18.7187705768454,1.5513304715023,-3.29662559572329,-24.3803780535641,-12.0625826274896
2019-08-15,26.4610978496372,-4.89206797243362,17.903645944793,2.70525530261216,-2.70941293202171,-24.8314311061251,-14.6370870864619
2019-08-16,26.5100124376349,-5.09700567998249,14.9279940654313,4.29335709838088,-1.02807680527245,-22.6213247799029,-16.9849563362892
2019-08-19,26.3416619697927,-5.78159791972644,10.6829597397391,6.50787424704748,-0.454180690230848,-20.5683810248048,-16.7283363218173
2019-08-20,24.787901788004,-7.13955655403841,5.81237327186557,10.6007824301956,-0.630530582741898,-17.1765303427194,-16.2544400105655
2019-08-21,21.2257274910447,-7.74085662807796,-0.591603111835539,15.1352738276951,2.21606051001463,-12.8947654650282,-17.3498366238127
2019-08-22,18.0268354257972,-8.26678665768193,-4.27964099500699,17.5023000119918,2.95648213562021,-8.33393052474468,-17.6052593959757
2019-08-23,24.0128810121166,-9.3261828414195,-1.25487043508318,16.2284073094313,1.83657618010937,-12.2412694597777,-19.2555417653768
2019-08-26,23.7215206573711,-9.28998708081815,-1.91569527504812,14.0275282494049,13.582556566386,-13.7479022598969,-26.3780208573989
2019-08-27,21.6731834433202,-11.7159830857007,-4.82290929764737,12.9618719560291,13.3985189724419,-10.9475260153627,-20.5471559730805
2019-08-28,38.5997539460654,-32.1867776349109,-9.98576581355291,27.2352840659824,11.2530968022467,-26.5543513455521,-8.36124002027861
2019-08-29,42.0871155907239,-26.4322953265592,-2.28381460984296,23.9432301873449,5.26874180159942,-28.8430204806963,-13.7399571625698
2019-08-30,37.435180551737,-22.048490720384,-2.99993209332662,27.4212107672696,1.33278719529852,-31.3468070574348,-9.79394864315971
2019-09-02,37.786242241876,-22.6742336209345,-2.7354581603207,28.089350414461,1.37509002508001,-31.2880136519236,-10.5529772482382
2019-09-03,37.1058487735972,-21.0801381582617,-2.7402112869685,28.0505023550379,-0.45078988826875,-30.8678592235259,-10.0173525716102
2019-09-04,37.8605585480567,-20.9396775914035,-2.71167299301341,28.2102802738041,-1.45946592805705,-30.5883426023266,-10.3716797070602
2019-09-05,37.853774542798,-21.2241565614182,-2.9042899636013,28.3144541008698,-1.96345124457443,-30.334570689911,-9.74176018416276
2019-09-06,39.1691045471092,-21.5478170191461,-2.96990835702951,27.638482282098,-1.4887900852722,-29.9075112969672,-10.8935600707923
2019-09-09,39.9638527104944,-21.8823719374601,-3.13289577611694,27.9160981434995,-1.20723376538247,-29.8480442356115,-11.8094051394229
2019-09-10,40.0296354316727,-21.0247259848543,-3.18852700944578,26.6862622079752,-3.04518143544949,-29.6868676946875,-9.77059551521086
2019-09-11,40.2615984579383,-21.3494915545726,-3.58221023676923,25.9203290573236,-2.44450035081173,-28.75226992577,-10.0534554473383
2019-09-12,41.3405960753539,-21.5577264333949,-4.84647235656318,25.8057866779393,-3.49064337277089,-27.8365753725467,-9.41496521801743
2019-09-13,43.4799579076068,-22.23725333583,-4.78506872082684,25.1078099343251,-3.40748776564092,-28.6248443513944,-9.53311366823976
2019-09-16,43.3965253516352,-22.3920364092126,-4.7509969809232,25.8486426645723,-4.43557788157186,-29.1172888417833,-8.54926790271657
2019-09-17,42.6889550048632,-21.5648135994226,-5.25882783209359,26.1677401673503,-4.76826292211502,-29.6801272357973,-7.58466358278498
2019-09-18,41.6098877702902,-21.6361096772031,-5.69857980829656,26.5593995979207,-4.8520132515247,-27.4555934494708,-8.52699118171579
2019-09-19,38.1924655129794,-20.5774082343271,-7.3517631944928,27.1359513245572,-4.86482167017693,-25.30161500572,-7.23280873281979
2019-09-20,38.08148916986,-20.4932658769111,-7.85989769824896,26.8908426792816,-4.60916375027853,-24.5716482666815,-7.43835625702147
2019-09-23,37.8135947204335,-19.5893732351985,-6.02596855337753,26.8591352365959,-8.46189281074398,-29.4472864704687,-1.14820888724073
2019-09-24,38.6670719313796,-17.3592112144597,-4.20962918822377,29.5319478837274,-22.306176395439,-28.325722604404,4.00171958741948
2019-09-25,38.7458359519913,-16.6620630559129,-3.79230827997321,29.9286246990074,-24.1908891555949,-29.3563764611754,5.32717630165763
2019-09-26,38.8808551185603,-17.440793630238,-2.89481755825091,29.3318205612827,-19.8033000401419,-29.8360988748166,1.76233442360442
2019-09-27,41.1035024278524,-16.0122714559609,-4.89664903479625,29.9396948175218,-23.7126612481305,-29.6803697201274,3.25875421364083
2019-09-30,39.7597092556343,-15.7549016942621,-4.23912651125337,29.710242280198,-21.7292534307464,-31.2825292185908,3.53585931902038
2019-10-01,40.3549290677973,-15.1158097735613,-4.13985833625655,30.5107472242453,-22.3085065985845,-31.9436116039429,2.64211002030271
2019-10-02,40.4007423801196,-15.3112417019615,-5.64634983229313,30.8236024915239,-21.3748079814158,-31.8730195904564,2.98107423448333
2019-10-03,42.9480385444699,-17.674315491783,-9.7985559573058,29.418082717842,-16.1685994518747,-30.6756600136096,1.95100965226127
2019-10-04,40.0042004393198,-13.3448706526997,-7.25372581960674,31.0099258418368,-19.0427039930424,-32.6522828978594,1.27945708205167
2019-10-07,39.7813108143828,-13.1007484490951,-6.36456789812546,31.4312916009586,-20.1575569002701,-33.5253679748519,1.93563880700115
2019-10-08,37.6732214379076,-12.162507915443,-7.07404457197833,33.5404244784236,-20.5922211889598,-33.7414691219771,2.35659688202701
2019-10-09,36.8320852992886,-13.288410206156,-3.69030682533882,31.5870003363567,-19.5763703983088,-33.8932216483136,2.02922344247179
2019-10-10,42.3133169763481,-12.7417619206435,-10.5324496853318,33.7510219488057,-20.6411293767951,-31.7072286570793,-0.441769285304026
2019-10-11,42.6226977968604,-13.4129767760548,-11.1608400891093,33.4211839135336,-20.9068322151352,-29.9889603144579,-0.57427231563684
2019-10-14,38.98304924513,-13.8862026368505,-4.45586802494432,28.6566098218933,-23.4787435949189,-27.2720106808097,1.45316587050013
2019-10-15,38.0447619095892,-14.6707810518893,-4.37438777591905,28.8813466314722,-22.5129082407841,-27.2877759484761,1.91974447600723
2019-10-16,38.7717704108257,-14.181159135503,-4.45007451064717,28.3762939215204,-22.6653717254595,-27.3227356370554,1.47127667631896
2019-10-17,39.2602794931631,-16.5604079864764,-6.28594403615357,30.5443940772478,-23.5024148396687,-25.8334733194278,2.37756661131556
2019-10-18,37.1131388993478,-16.5740387537967,-9.11146877410306,31.5238421699894,-23.6190470753338,-22.5926904032173,3.26026393711369
2019-10-21,36.9744390268525,-16.7723201086118,-8.9685476934333,30.9605495670988,-23.5721047618622,-22.9334423550891,4.31142632504514
2019-10-22,38.7688489800303,-18.2225459745496,-9.47343776405842,32.2477700628009,-24.1449365435426,-22.4655942550126,3.28989549433197
2019-10-23,39.3588199975818,-20.1809062099331,-10.2362036808423,32.6039309001163,-23.0953830867721,-21.0333193278927,2.58306140774206
2019-10-24,38.3098528221348,-21.043903458086,-11.8795821992669,33.3580378273234,-23.0911354489504,-18.6026657677211,2.94939622456612
2019-10-25,36.5793505438026,-22.5713084322487,-12.8627792337671,34.9079570600034,-22.511120188027,-15.6605496927968,2.11844994303362
2019-10-28,35.3126065274902,-22.5934356597021,-14.0421692742492,36.429878525784,-22.9231745211133,-15.3285675275478,3.14486192933818
2019-10-29,36.5506356357693,-21.9173797197075,-12.5066260015668,33.566369284219,-22.8787695513616,-16.3375996110865,3.52336996373395
2019-10-30,37.0610731612118,-21.6500151766504,-8.77441731884352,31.8703897334373,-22.8317460047374,-18.9338057130307,3.25852131861292
2019-10-31,36.7908439141505,-23.0054609179463,-8.53745423997136,31.1788486183306,-22.4693183237273,-18.1761707155313,4.21871166469523
2019-11-01,33.7196200511726,-24.2583979552306,-9.84997200842757,30.8512196822732,-21.551130712329,-17.0322370299229,8.12089797246428
2019-11-04,33.2693739756229,-24.8619195938709,-9.84067261645896,31.8148370698245,-22.0419072787054,-16.7810298390415,8.44131828262933
2019-11-05,32.0491680926805,-26.2429305752053,-8.23185063518932,31.7291037932394,-23.0035960845182,-14.7509382368926,8.45104364588557
2019-11-06,33.6468978752329,-24.8910209116603,-10.3633335434537,31.5286638508361,-22.5589406527304,-16.1934770350409,8.83121041681639
2019-11-07,30.0932316399557,-26.2598499798282,-7.70824721236978,32.4192521842999,-22.6328257613448,-14.6836895574132,8.77212868670038
2019-11-08,33.0676393550957,-20.573159478273,-13.0046540013538,27.2184483481504,-22.3169298275532,-13.9342008574456,9.54285646137955
2019-11-11,30.3961347665549,-16.5931351738547,-12.3845708650773,27.5956476091724,-22.5169677118666,-15.1062395795095,8.60913095458088
2019-11-12,26.6832074287519,-12.6343533773002,-8.71385332304202,29.2852788274785,-24.0496830337744,-16.7133836635304,6.14278714141665
2019-11-13,27.9562923326555,-13.4385423352722,-9.28732894163574,27.36425137277,-24.8019092931755,-15.7108318013039,7.91806866596187
2019-11-14,26.1178092661617,-12.9259520503415,-9.08142208999278,25.8992185685653,-25.1675486867938,-14.2043821674109,9.36227715981199
2019-11-18,23.9416511865172,-12.2859313363213,-8.38016340757695,21.9406487893632,-24.9250939003479,-10.4175672102017,10.1264558785676
2019-11-19,22.8068311116952,-12.0388700741794,-9.38137969776498,22.3342211923725,-25.0606599125245,-9.31198151032462,10.6518388907257
2019-11-21,22.7989744553252,-11.5196937582196,-10.9428923437388,21.9608092332748,-25.8599996206196,-7.68586733124474,11.2486693652227
2019-11-22,22.6194791402395,-12.4639868365407,-10.3591569133704,22.0322912922719,-25.9642648881641,-8.04994559432068,12.1855837998845
2019-11-25,23.4118175884333,-13.5259911085506,-11.3532595684621,22.0669569347185,-26.5776993295688,-6.9451486302851,12.9233241137147
2019-11-26,24.4854924610952,-13.4163285386598,-12.7851805015187,22.9411831048378,-26.063035073521,-7.95983644510249,12.7977049928689
2019-11-27,26.4797058795762,-16.1023604862925,-17.8562892186465,23.9136485284289,-25.0175553748798,-10.1861611324964,18.7690118043101
2019-11-28,28.1725025172039,-14.6010160722169,-19.0024585107461,24.3623000310129,-25.4752723753792,-10.1962350260614,16.7401794361868
2019-11-29,27.4659988845652,-16.5774836321627,-19.8818758895276,23.4628253010975,-24.4983544428099,-10.6327910124021,20.6616807912396
2019-12-02,25.6891693760725,-17.5857948909772,-18.7642205323216,24.0694149060661,-25.5863558484775,-8.6918873771856,20.8696743668233
2019-12-03,24.650870193769,-20.0047256481877,-19.2535721271786,26.197453238095,-26.9276570525192,-8.60922781404058,23.946859210062
2019-12-04,23.0995348622711,-15.6349368093007,-22.5171930544063,31.0121221828116,-27.762675062719,-10.9876827164238,22.7908305977672
2019-12-05,24.1754095224994,-15.3820141650352,-22.4014986775165,30.56171154692,-27.5637016038355,-11.3584996166782,21.968592993646
2019-12-06,17.8672833863438,-11.9112947469148,-26.4289621349489,35.4676995205302,-30.7072369060781,-8.58876122063842,24.3012721017063
2019-12-09,20.9293935343925,-7.99261911448881,-28.2404003426434,32.3619477114348,-30.4009035317393,-8.31743886315801,21.6600206062022
2019-12-10,22.0619320157322,-10.9849197322397,-27.593464830611,29.5856875626649,-24.6934963950027,-9.444014395267,21.0682757747232
2019-12-11,21.2250798563891,-3.83033338280794,-21.1951667665422,22.5176065735298,-24.1069215566784,-8.89928881136933,14.2890240874789
2019-12-12,20.8722875222619,-4.63032173223186,-23.0972272740532,23.9681364869411,-23.3813550064411,-9.16825861611157,15.4367386196348
2019-12-13,23.2858198119734,-7.01713395061959,-27.9733214102035,26.1413999104682,-22.1273577625022,-14.6385980728684,22.3291914737521
2019-12-16,24.8483879461836,-6.86337208761726,-28.9595789900237,26.5600863648868,-22.080975727226,-15.9064899497492,22.4019424435459
2019-12-17,30.9165060972467,-10.2098141561078,-32.0424199497276,27.9755643904626,-22.874232383598,-19.4855776178547,25.7199736195789
2019-12-18,30.7483577012382,-10.1136037210311,-31.626774454718,27.6242433815814,-21.8516502480532,-20.4483316230594,25.667758964042
2019-12-19,29.043849835898,-9.79882002088586,-30.220693189451,24.4437967170149,-21.6600080427226,-19.1554277541377,27.3473024542841
2019-12-20,30.965984494625,-11.2845076791196,-32.0295351048165,28.5219643689769,-22.1949019861195,-20.1757693239172,26.196765230371
2019-12-23,30.9075539928539,-10.3490928614391,-31.547681551917,27.5364244545276,-22.0644806742168,-20.1017597536029,25.6190363937944
2019-12-26,29.360916116233,-7.42211871859141,-29.0722110460406,23.0599747490081,-22.5361319303056,-18.0060295297613,24.615600359458
2019-12-27,28.7116481020282,-2.62432708498876,-29.2145967662926,21.0915929346367,-23.2521100794888,-18.41778890658,23.7055818006852
2019-12-30,26.2585280424327,0.0387446445472222,-31.1474491614146,2.12495295654507,-22.1982222553893,-15.2796468143128,40.2030925875917
2020-01-02,27.7604695022511,-3.52447972984347,-32.1346199674527,2.13481702045625,-21.7417947587014,-15.6237433886996,43.1293513219897
2020-01-03,29.055764016325,-6.346712327001,-33.7463642265752,9.05050135023721,-22.0684786551036,-17.5962903509399,41.6515801930575
2020-01-06,30.3997478368562,-4.21948041211988,-35.0613643991879,9.28263808625142,-22.8784416489438,-18.486602173874,40.9635027110179
2020-01-07,28.8902958862146,-5.14625120422994,-34.3858128043875,9.22234124322352,-22.9149229026538,-16.4803312908305,40.8146810726637
2020-01-08,29.3387659882294,-5.01265161193442,-36.6575021938652,10.3402343463819,-23.1113542524462,-16.2601343999247,41.3626421235592
2020-01-09,30.2219117427077,-0.599812330457141,-40.3337236959781,11.6149634571272,-22.7347391310331,-17.0341463224837,38.8655462801172
2020-01-10,30.0583995963729,5.29708341133282,-42.1828078645929,12.1727777876805,-21.2598155961268,-19.5229804475423,35.4373431128757
2020-01-13,26.9342690126381,9.06398037059253,-42.7274809312631,14.6125275803229,-19.1158612549119,-20.9014672916421,32.1340325142636
2020-01-14,26.7708333957263,10.6609340489519,-42.6084013529373,15.7780514658743,-21.8803824972455,-21.3594429601066,32.6384078997368
2020-01-15,26.5994324858675,11.697366251136,-41.2235482289122,14.0825979571138,-19.9780577015035,-21.6500367083974,30.4722459446957
2020-01-16,26.3237945033355,12.88645321,-40.0895665781014,13.43338604903,-18.820439316093,-22.3415834981834,28.6079556300122
2020-01-17,23.9697797048868,13.6940542645301,-39.2678653671708,14.1454299914515,-17.3599429347934,-22.5875445154873,27.406088856583
2020-01-20,25.1257926726761,13.2813305288248,-38.7788175786173,13.1199974487367,-19.699436866313,-21.7970089729006,28.7481427675933
2020-01-21,30.8143076621968,5.58431206763859,-44.9121056078167,19.0354754327,-23.4954720540562,-18.9113405227688,31.8848230221064
2020-01-22,30.6560897865072,4.69131466490064,-43.1055673610636,17.8753804261071,-23.881820971598,-17.7183861972835,31.4829896524301
2020-01-23,32.1269953357718,0.212844009048084,-46.9426009409524,19.7046726146833,-24.2184854489827,-16.8788913081678,35.9954657385997
2020-01-24,32.2945017668961,-0.260482996459402,-45.9800125054133,20.9716336950184,-24.6293626540215,-16.9932424673927,34.5969651613724
2020-01-27,35.4018757034708,5.09859339804758,-51.376033885539,17.4322979039726,-25.1578089760538,-17.419442311249,36.0205181673509
2020-01-28,34.9740957023621,5.84906030597314,-51.4800741374928,16.9560295104464,-24.2654843958007,-17.2008092781448,35.1671822926567
2020-01-29,34.9528060391358,6.21447028929876,-55.9520153949547,19.7946084543695,-21.8463936688314,-18.526535526718,35.3630598077
2020-01-30,34.7366621941725,12.9299281866731,-58.4785343813606,18.7450565727969,-20.5131760960455,-18.2811638042745,30.8612273280381
2020-01-31,33.2305208898058,17.2882234403416,-59.1859936856751,19.7469414967982,-20.2427240977461,-19.816589425976,28.9796213824516
2020-02-03,31.8902235544713,18.0888575035519,-55.9383864370767,18.4667440735991,-21.1501750989209,-19.7665326796258,28.409269084001
2020-02-04,32.6497077487884,16.2050632466227,-54.3974054865756,15.979402115666,-20.1033127008509,-19.4943712499884,29.1609163263378
2020-02-05,33.6621902504574,11.4319904758341,-55.1700842268528,16.0080662819672,-20.138848583248,-18.4924914310152,32.6991772328574
2020-02-06,32.381834916579,11.7714772529894,-55.824414107566,16.8757556812002,-20.7909558616741,-16.8185160032507,32.4048181217221
2020-02-07,33.1207636412939,14.7340466665419,-55.3605028493174,14.7465260219681,-21.1022652433684,-16.9740042647234,30.8354360276054
2020-02-10,31.3652303683983,18.3815033218459,-53.6600786878407,10.6036428130299,-18.6325095061875,-18.1657643334906,30.1079760242446
2020-02-11,28.8262252050196,21.0089844799906,-53.1927980366399,11.7268341462759,-18.508344572502,-19.7193936173308,29.8584923951866
2020-02-12,27.4699846207965,21.2762393942812,-52.54352639731,12.0332753200909,-16.7788187131564,-20.0001161282331,28.542961903531
2020-02-13,27.2922964402702,20.8409517572484,-52.6628332568895,11.420646680644,-16.2273801614622,-20.1943826278728,29.5307011680619
2020-02-14,26.6740923599127,22.4051678622611,-51.739365186291,13.18315102763,-16.5995991808299,-19.6643126498499,25.7408657671671
2020-02-17,25.5178493967933,25.1195090596296,-51.0875261231152,17.2860000878613,-18.22276963048,-20.2552770159527,21.6422142252637
2020-02-18,25.4112935395727,25.9626305438536,-52.8731148509845,18.0165369862811,-17.6133966303674,-20.3915558698806,21.4876062815251
2020-02-19,26.1830404542527,24.2014869865076,-55.1819442005103,21.1481870274588,-16.6442455931988,-20.5881979609643,20.8816732864543
2020-02-20,26.94469337386,22.526357199118,-56.5512900600536,24.8273854488782,-17.1643053869241,-20.3374277951617,19.7545872202831
2020-02-21,29.7102993187933,20.6555342897487,-61.4190100658264,30.9448111003221,-17.8713811978642,-20.1417944653396,18.1215410201661
2020-02-26,42.1412660433645,20.9370039143467,-67.5027905376817,13.1082405423747,-20.4088607438816,-20.1914689884222,31.9166097698997
2020-02-27,37.880371343099,16.7140956402332,-63.1432578325838,9.31155075838848,-19.0485004292002,-15.5765494454395,33.8622899655029
2020-02-28,43.6516696501505,20.1114925605548,-62.1259550206107,3.49903642373227,-21.6465388273424,-18.6878225830399,35.1981177965554
2020-03-02,41.8227033763426,19.2644339562768,-62.5494679100573,7.10961272671269,-19.5996455278707,-18.7328662827128,32.6852296613086
2020-03-03,42.2992593941521,19.656575364863,-62.7241686366629,4.4565555470291,-18.0228765490406,-18.7208455980083,33.0555004776676
2020-03-04,42.0533469637791,20.3554977403544,-63.4769290603631,2.42834338062935,-15.6061651712878,-17.9294560626752,32.1753622095631
2020-03-05,41.9138803484539,19.5726574024937,-65.1393955236067,4.16662239094654,-14.8524897659893,-19.1768200067318,33.5155451544336
2020-03-06,49.6694496520763,25.9026749415322,-62.2015586370761,-13.1557469884384,-24.088705403599,-13.2363253631486,37.1102117986536
2020-03-09,45.3193150902651,28.3185614328867,-41.3099208330168,-13.5010959210549,-36.0818873190211,-8.09389698360189,25.3489245335429
2020-03-10,39.3240501469559,25.7608274841388,-28.7896150738899,-4.70595910584294,-29.6152013657932,-5.11273357748145,3.13863149191275
2020-03-11,41.6044407846986,19.8117188387352,-23.3425401351498,-6.45298059798945,-33.5350851410337,4.78672619123934,-2.87227994050026
2020-03-12,34.4524558858396,12.4254945935833,-3.1036748027761,3.51703706018634,-61.6293861812953,34.0700564059193,-19.7319829614571
2020-03-13,33.7909007110951,10.9986540918477,9.64971911791142,14.5433146345274,-77.4747723815308,37.4605753331803,-28.9683915070312
2020-03-16,33.9035384823978,1.08456705004551,5.15100767778385,-3.22348892576288,-63.9653596850939,50.7740201497094,-23.7242847490798
2020-03-17,23.5871718922422,1.19255704273208,7.28534996048059,-16.0203567530389,-52.8485154686703,49.4578038734752,-12.6540105472209
2020-03-18,21.5060242603912,0.554425173262644,8.60899090522098,-16.9237164641333,-51.5877445222054,49.3278150139147,-11.4857943664508
2020-03-19,19.0733385587176,-0.0368931063601821,10.6963730911277,-17.3559703034847,-49.714188248932,47.6108200126297,-10.2734800036981
2020-03-20,19.7062572214944,0.831436436053608,10.0313543920571,-19.751997659939,-49.4886752036068,46.4499196232589,-7.7782948093183
2020-03-23,18.1838485617899,0.370177409729123,13.0007235786917,-19.9754352952308,-48.2138203656031,43.9550258715567,-7.32051976093354
2020-03-24,19.8143700599415,0.891934966194938,11.202420124906,-21.1339382707469,-48.393116375681,44.1925468267229,-6.57421733133732
2020-03-25,16.9108500086085,0.328424320483961,16.2836455658652,-17.7050248222019,-47.3832962725616,39.9803367064691,-8.41493550666328
2020-03-26,17.7406297682965,-0.294492040989269,15.8946998992261,-20.4899061105108,-47.0722717803518,40.2443440125264,-6.02300374819714
2020-03-27,18.3331835274762,-0.761899066664711,15.6879443881503,-22.0044844724929,-46.8749723585265,40.1238444878698,-4.50361650581222
2020-03-30,19.3496639914003,-1.26229214974582,15.0796763121928,-23.7820247547587,-46.826509413432,40.113843126366,-2.6723571120225
2020-03-31,15.3616127367181,-0.594094647454952,17.9976538037902,-20.3477528092104,-46.5022671965328,38.4862606740529,-4.40141256136307
2020-04-01,17.116300901606,-2.53064994907351,16.4894882190288,-23.1065174052768,-46.6426929405529,41.91526388708,-3.2411927128117
2020-04-02,17.5689005016386,-3.1695750698443,16.3396101564347,-24.0925070007417,-46.7074782702859,42.7555981160238,-2.69454843322517
2020-04-03,19.6064774528675,-5.22163847407469,15.1041686223206,-26.1002684955695,-46.5762837354652,43.8712911232402,-0.683746493318978
2020-04-06,23.7187962594075,-7.13818424970124,14.3239597852332,-28.6363279248163,-46.3891776616082,47.9528946516657,-3.83196086018076
2020-04-07,22.4728868216539,-7.26422458255961,15.1232408764926,-28.3981424306069,-46.3751504460518,47.8986552668684,-3.45726550579654
2020-04-08,21.8814049412837,-7.42441142468702,16.2589488037372,-28.3788073883157,-46.7632041461266,47.8806178508978,-3.45454863678945
2020-04-09,21.2142319222081,-7.28593098661905,16.9906492471889,-28.4697086852897,-47.2743712693115,48.1497782079273,-3.32464843610411
2020-04-13,19.0249473405513,-8.24797134889742,19.8266579599475,-28.2126754839297,-48.7356109247496,50.7964716462879,-4.45181918920996
2020-04-14,19.0433898971415,-10.5507473542071,23.189056132583,-26.3117654103207,-48.9088336973663,50.0128530740815,-6.47395264191179
2020-04-15,18.2025825896985,-9.23933890139458,23.7323680412884,-25.398293432152,-50.5315877467606,49.8469897339057,-6.61272028458536
2020-04-16,19.6569637592513,-9.36427023617989,19.077391691161,-26.2592412978299,-47.6286869018647,49.838290468332,-5.32044748286989
2020-04-17,18.6206936490361,-8.52324712873855,25.5605704010465,-25.7605695423429,-49.4158102504161,46.2963674462155,-6.77800457480069
2020-04-20,17.7425490885419,-8.58457533062636,27.2813832852421,-26.5554404263156,-49.7261040087589,46.9817743928349,-7.13958700091796
2020-04-22,15.1996853882565,-8.51092883958746,27.279176063359,-29.0886361907658,-50.8214418281488,51.8982892272955,-5.95614382040895
2020-04-23,17.2700672867405,-7.54535296063456,24.7950656741698,-28.4866229631306,-50.0902712879756,50.0731966948082,-6.01608244397767
2020-04-24,16.5053445222619,-9.07260376859809,27.8625651720104,-28.8939677035079,-51.2987666176711,51.3504618018824,-6.4530334063776
2020-04-27,16.1039316757454,-10.3895719154045,29.9868029187419,-28.181506710697,-51.5995565165003,51.6633953533985,-7.58349480528396
2020-04-28,15.6712755232979,-8.75108649995948,25.3868068137266,-29.0159461016678,-52.8277739614272,54.3600275560136,-4.8233033299836
2020-04-29,11.3357218300592,-11.296338912854,29.8752636351917,-29.7523551812803,-52.4157550161635,56.3913138975247,-4.13785025247776
2020-04-30,12.6337747574401,-8.73605702545218,24.2345399509269,-31.3127693787395,-52.8635380126507,56.7174140527739,-0.673364344298605
2020-05-04,11.5874794890041,-10.1996957803055,24.788452566579,-32.0080987148796,-53.3533839837657,58.4215774471798,0.763668976187859
2020-05-05,9.25105129569302,-14.0726453967125,27.1465376766884,-31.8116486934443,-52.5908446489532,60.2663614011808,1.81118836554786
2020-05-06,8.39524984506538,-14.7131436950633,27.4803191746707,-32.2384353465651,-53.0042634630575,61.2090560591667,2.8712174257832
2020-05-07,4.12522949291694,-20.8913999265719,29.9307442453921,-30.209389319686,-52.0810840982222,64.5241010118154,4.60179859435563
2020-05-08,1.34846968666942,-26.5338625126093,33.7706198193902,-27.8056982325657,-51.0027044971043,69.9440119460717,0.27916379014809
2020-05-11,1.67227220517586,-19.1290424166273,31.5213069200956,-32.8890395254908,-51.7174321411325,70.758167931147,-0.216232973167749
2020-05-12,2.69811620096092,-16.5803231539536,29.3652302410515,-36.5035086222737,-52.649429596382,71.7954863610629,1.87442856953406
2020-05-13,1.28295342449785,-16.8387996690545,29.2471906629136,-35.347611930391,-52.8298349412989,72.8032065584048,1.68289589492818
2020-05-14,3.05303856100598,-17.006376974952,28.9127334887953,-37.0703433214265,-52.1733652988157,71.8946217718617,2.38969177353128
2020-05-15,-0.0165702233229439,-19.1815931443107,31.7017631888904,-33.0293357934799,-51.1919471698103,72.0057446641325,-0.288061522099042
2020-05-18,2.65291510825904,-21.3878234617699,33.368959672316,-33.8652232904805,-50.7679905826624,68.5224153081987,1.47674724613903
2020-05-19,2.45245852025715,-21.0333710177418,32.4137862203788,-31.8652416698992,-50.1170970521841,70.0900244466587,-1.94055944746964
2020-05-20,2.55396566317611,-25.5091569163318,36.9262399557077,-33.4007003305656,-50.2501253539288,69.6733456224875,0.00643135945479401
2020-05-21,2.25270567891522,-25.7844933034917,35.2557249381345,-34.7472885488166,-49.9854159213625,71.9507656293745,1.05800152724656
2020-05-22,2.90398131655138,-28.4298346235672,35.7630128678481,-36.6308102649855,-48.8965007102345,74.7548088002671,0.535342614120651
2020-05-25,2.92095701001273,-27.6000470495072,34.9720293026137,-36.5435143871428,-49.2505400704011,75.6508451462901,-0.149729951865396
2020-05-26,1.04224900472785,-30.0216074308915,36.6537447821016,-34.0466018590237,-47.0631582295361,73.1039662537223,0.331407478899521
2020-05-27,1.76257549755647,-30.8913444084755,36.182218152063,-36.2861796933991,-47.9069626873883,73.823211246399,3.31648189324439
2020-05-28,0.927725600291396,-31.7126980968931,36.6938945739863,-35.8555880152058,-46.4478874870065,73.1973791947023,3.19717423012538
2020-05-29,1.43631896927148,-32.195694315866,37.3205339564681,-35.9895307334625,-46.7978032379417,73.1979755137027,3.02819984782795
2020-06-01,1.86186695492849,-36.5581811270443,39.0348284144568,-36.3175241742817,-46.1923767706402,74.1410356377512,4.03035106482974
2020-06-02,2.59138691233638,-36.426671995096,39.6480829148088,-36.7873187147417,-46.3251883939566,73.9539741258554,3.34573515079377
2020-06-03,2.76923482682186,-36.9316046413658,39.1654192426733,-37.5272598481652,-46.3123719599216,75.268073477857,3.56850890210052
2020-06-04,2.71061865481751,-37.4971852162342,39.8195397077885,-37.5575030646562,-46.2326718795162,75.8687958278746,2.88840596992596
2020-06-05,3.71410119047067,-37.9527628233339,39.5783935648271,-37.1880073245315,-46.3619413698234,76.6783540615897,1.53186270080136
2020-06-08,3.3176808079313,-37.8401779513471,39.249319344658,-37.1067346088274,-45.9963197926129,75.7401355908682,2.63609660932987
2020-06-09,4.08744885226074,-36.5390299886174,38.3138753400817,-36.4150920489656,-47.9937377080151,76.0506938563826,2.49584169687323
2020-06-10,4.40841849045235,-36.8917790259565,39.2600231642355,-36.055928862827,-50.5913329859093,76.3857441187548,3.48485510125013
2020-06-12,4.15951925666751,-36.3869327351042,40.6535743133658,-35.8316815943766,-50.1350003285361,75.1650625651914,2.37545852279217
2020-06-15,4.28791655305915,-37.3343443000917,39.8912988200703,-35.6231222525549,-48.5247216082665,72.90407820187,4.39889458591361
2020-06-16,4.07232812176244,-37.7496351103125,41.2979065327047,-35.5341609229026,-49.5168257562099,73.5987663206132,3.83162081434465
2020-06-17,5.08649302504162,-36.8615232445167,39.8565588214051,-35.5075948415182,-49.4047275997236,73.3762677692279,3.45452607008394
2020-06-18,6.14023596248457,-35.8223446791759,38.4438039219349,-35.7257410938897,-50.3090925722202,74.1036016476315,3.16953681323488
2020-06-19,6.0258099175372,-36.0492777365012,38.0084589864865,-35.6939916342512,-49.8502893796824,73.413718551005,4.14557129540599
2020-06-22,5.25995380099558,-35.4245887137092,35.284576192998,-35.3157366022648,-48.0549627539423,71.3958150424242,6.85494303349859
2020-06-23,4.6150528870331,-34.6024698524638,34.9345014621804,-34.9886920820904,-47.0004065598779,69.0523492307935,7.98966491442508
2020-06-24,5.46147182390257,-34.6605844457215,34.7730658231452,-35.9867908655922,-48.832969528817,72.4174306531182,6.82837653996478
2020-06-25,6.98070481544663,-33.1164578448232,34.1628942358665,-38.3719438636488,-49.9138259973922,73.844303872923,6.4143247816282
2020-06-26,5.07103049415966,-33.3082639523786,33.8212055919799,-37.41929263431,-47.0062175998215,70.0168780372456,8.82466006312488
2020-06-29,5.88632910902498,-33.1697113369282,33.6689180877087,-38.0102754712353,-50.150112689487,72.6632486611341,9.11160363978271
2020-06-30,7.44956677527733,-32.8218514226799,33.3814603543189,-37.9388730539585,-52.1416673345854,74.0790829427213,7.99228173890634
2020-07-01,6.38120577063822,-33.1516337184438,33.6265811950766,-37.0502985992675,-50.0879709402476,71.4211600465911,8.86095624565294
2020-07-02,6.52278468164137,-33.5760313339199,33.8330145358351,-36.3894545834517,-51.0168531672316,71.8205887024722,8.80595116465469
2020-07-03,6.76493722424806,-32.1670895053548,34.1986497342767,-37.1073745703023,-50.491889376934,70.6186090555298,8.18415743853664
2020-07-06,9.482334362798,-31.5966978888334,34.5628273804558,-37.9587056716746,-57.1962610180466,75.5516058277353,7.15489700756561
2020-07-07,7.16249000198668,-29.4998774121892,33.7180528315203,-37.0020958413454,-54.2732055699598,74.0964138303638,5.79822215962361
2020-07-08,5.83340731581291,-30.7271934448246,33.0650715295317,-37.0879433551837,-50.4304990521461,73.4831009230254,5.86405608378433
2020-07-09,2.91457776585739,-30.1609740907472,34.6452165416754,-38.509822365151,-44.1908773232277,70.534427329231,4.7674521423621
2020-07-10,-5.15271431137923,-31.8571507343935,31.6965262908223,-37.5788720542281,-31.8041242563235,66.9970114380971,7.69932362740485
2020-07-13,-8.4458991521398,-31.0701190831523,33.2307008601934,-37.6217675117447,-33.1708258504282,67.4840828796009,9.59382785767077
2020-07-14,-9.03128921322298,-30.1055985466941,33.4808869288165,-37.8148564825885,-32.8536222713237,66.3228335159765,10.0016460690363
2020-07-15,-9.78339427604996,-30.9551628770263,33.2564615171944,-38.012468620675,-31.3166204348862,68.2192281961099,8.59195649533312
2020-07-16,-10.3205860619935,-31.580830417439,31.43249571232,-37.8019743572814,-32.187719881651,69.9405069278693,10.5181080781757
2020-07-17,-10.0873713468768,-31.2311971449348,31.5131216381535,-37.8556469684177,-32.0693873904751,70.3917960790123,9.33868513353863
2020-07-20,-9.91757231889972,-31.9649175613333,29.689494630556,-37.0153186512374,-29.8943797286774,66.5831572456121,12.5195363839798
2020-07-21,-5.60343533990905,-29.105582188233,32.0657510413631,-33.0499833607878,-28.6363185772489,52.9824155923395,11.3471528324762
2020-07-22,-6.45136640085359,-29.3092338115032,30.3647864605276,-34.5599426156461,-27.2437524058234,55.6473779611107,11.552130812188
2020-07-23,-6.69381435374207,-29.4264740339053,32.1887658189203,-34.4952471263085,-29.0721067125926,57.4747195472562,10.024156860372
2020-07-24,-7.37926530312296,-30.3977602476577,27.7698932260363,-36.1017292608046,-24.7398431715061,57.8383303579907,13.0103743990644
2020-07-27,-7.67591148364627,-30.5511918184631,27.8680850101038,-35.5908955489263,-25.0086909093132,56.2724655772001,14.6861391730449
2020-07-28,-7.92207883990989,-31.2622935744122,28.3335279686042,-35.911439307339,-24.7833862754462,56.8199007453062,14.7257692831969
2020-07-29,-8.98941315757001,-32.829634589888,29.0778679152668,-37.801043577345,-27.1819882454438,62.1642887162773,15.5599229387027
2020-07-30,-8.80825945083555,-32.414003952515,29.1264960024972,-36.9200718268858,-26.0038219839175,60.2686762375934,14.7509849740633
2020-07-31,-8.17971873860408,-34.2823796812437,32.875516725505,-38.4857616745513,-31.3609891779495,63.0518874020444,16.3814451447992
2020-08-03,-6.99694358696598,-28.908511459635,33.5353387668877,-33.2642045931504,-26.4917036312075,48.5526418299778,13.5733826740933
2020-08-04,-10.8254430896578,-32.6261700002986,28.9134991871853,-36.2826197596453,-24.5464059565834,60.7943485920935,14.5727910269063
2020-08-05,-9.383658668577,-30.7686209451795,27.1922831943153,-33.1982127970171,-25.3581694183785,58.4007872674415,13.1155913673952
2020-08-06,-4.57538670212237,-27.6730556954631,24.0378967884493,-30.0102666940205,-24.8272958992587,51.0763744511405,11.9717337512748
2020-08-07,-3.28977424878772,-26.2574998554886,23.2081063920612,-29.5464750494606,-24.734934362778,49.0415998236995,11.5789773007542
2020-08-10,-4.62024053606127,-27.0083385031024,23.4636292815148,-29.7758805279694,-24.2882423153309,50.283897153459,11.9451754474902
2020-08-11,-7.24836762164165,-28.3509096854205,24.0354372626713,-31.5367741098981,-24.0424210385898,54.0790043362195,13.0640308566594
2020-08-12,-3.17851757193543,-26.6450573008182,22.732754706684,-30.7292023149955,-24.6823023141751,51.3432319007485,11.1590928944917
2020-08-13,-2.92961818337565,-26.911639193009,22.3563801355033,-32.9184916882995,-26.3618488119709,54.6696420093794,12.0955757317724
2020-08-14,1.44791903246804,-25.4375224978987,22.7994518388496,-30.4156276170332,-25.8788895315435,48.6056982374354,8.8789705377224
2020-08-17,1.20965787637209,-25.0463367664571,22.9853366829648,-26.1326341852921,-22.5013095048266,40.6119472274137,8.87333866982523
2020-08-18,-7.37723991655797,-25.8331136103552,26.5802199685817,-24.220803555025,-17.1772344611055,41.8558237687509,6.17234780571115
2020-08-19,-15.5811438311462,-21.3200743929994,34.5961091559515,-23.0747812180271,-19.1026573045815,48.6310935093177,-4.1485459185149
2020-08-20,-12.6707924756923,-20.5809311815162,34.4946931870292,-20.5833666181679,-15.8264129307272,40.8792213708393,-5.71241135176474
2020-08-21,-11.0240980563731,-22.3684628005175,32.7814934586154,-22.807982399438,-15.3598330166621,42.4339997862895,-3.65511697191408
2020-08-24,-9.68992900725068,-21.3421686587718,33.071989580478,-20.8313843251751,-15.2493063390912,39.1559919177667,-5.11519316795585
2020-08-25,-9.43395562863493,-21.0973310493723,33.4499157861134,-20.2349254249427,-15.6495152190187,38.7381685266861,-5.77235699083081
2020-08-26,-7.68768893636863,-21.2408698463814,32.6862689715089,-17.9475863697963,-13.8541698216353,33.4073739957126,-5.36332799303995
2020-08-27,-8.55226595562578,-22.3481711763562,31.2851831887906,-17.034635642901,-13.0546880828824,32.5935611563655,-2.88898348739077
2020-08-28,-10.0060963913883,-23.027265455476,30.5885768429514,-16.7744992784703,-11.8670907208875,33.6222146238794,-2.53583962060856
2020-08-31,-7.03642095185677,-22.6758089566915,30.8221316157583,-16.1268240788052,-12.0417440875231,29.0905314597096,-2.0318650005913
2020-09-01,-7.94997412575017,-21.9991614871587,32.7533368775153,-18.3670647932238,-13.7258834816797,34.5304574384168,-5.24171042811965
2020-09-02,-11.1783709067018,-22.7508518475528,31.7308950564651,-17.3562758819658,-12.5862365997798,35.6251696341745,-3.48432945463938
2020-09-03,-9.99544759926519,-21.3075099543264,31.3062763579168,-17.4899126395611,-13.4789387732218,34.907530281093,-3.9419976726354
2020-09-04,-10.1937548335357,-20.514075784028,31.3035209416942,-17.7385769342478,-14.2217828727438,35.6086070229549,-4.2439375400938
2020-09-08,-10.6267098765929,-19.9886842134382,31.5959431639001,-18.2446541509289,-15.5111200330749,37.3340003074123,-4.55877519727755
2020-09-09,-10.341112930251,-19.211620430406,31.964414647357,-17.8643511987743,-15.5395288102274,37.421099144722,-6.42890042242026
2020-09-10,-10.3248417158214,-19.9568564486745,31.9048067775522,-17.870173619333,-14.7842379258516,36.7033178168146,-5.67201488468639
2020-09-11,-10.2658933879735,-21.3995385023947,32.2183084878713,-18.8347677436758,-14.7445947695008,36.8680931031508,-3.84160718747735
2020-09-14,-11.5659942999813,-20.7231232186294,33.0782103026845,-18.1422905648516,-15.241967595483,37.4240035394848,-4.82883816322398
2020-09-15,-10.6748882588417,-18.9927462518627,34.4238349182942,-18.1533629518268,-15.4375581471581,37.9709966793245,-9.13627598792922
2020-09-16,-12.2857214226208,-19.6286650291688,34.4044643373598,-17.0444603588015,-14.8069939104579,35.8282235731278,-6.46684718943857
2020-09-17,-10.819494956025,-15.0751631687066,31.656457207335,-16.0681917601895,-18.4004963969009,33.0519196382992,-4.34503056381213
2020-09-18,-10.9724463853233,-17.2138195604488,34.3798937139332,-18.9170616003723,-17.8103144008934,37.7493972523172,-7.21564901921249
2020-09-21,-10.5442033244997,-17.1312658419912,34.0198846753048,-18.9710017452694,-17.9265202657459,37.5426532075716,-6.98954670537017
2020-09-22,-4.61473219465979,-18.0095746164217,34.0482829635421,-20.8035004812474,-18.9296611014811,37.9645399517921,-9.65535452152432
2020-09-23,-6.48557571955345,-17.3957731193483,34.0788262719775,-19.8319962794918,-19.4318821288335,35.7755655165225,-6.70916454127304
2020-09-24,-6.03434989578193,-17.7300787010543,34.4826775279413,-20.6999731318435,-19.9916944052471,37.1570153225121,-7.18359671652664
2020-09-25,-8.06909532906286,-15.9879398095448,35.1179083760976,-19.516596279902,-16.7879997901472,33.6238616103415,-8.38013877778216
2020-09-28,-6.13229937165694,-16.71416731298,35.9872733672428,-19.8119363763389,-20.1297157761612,38.4095632129379,-11.6087177430436
2020-09-29,-8.94266115946851,-15.6726671491415,37.1217921517914,-20.3351830509175,-18.8158558722954,36.9004520085678,-10.2558769285362
2020-09-30,-10.0928445746279,-15.7831598977011,38.18078402285,-21.3399574352491,-18.7039045565546,37.6567908966209,-9.91770845533823
2020-10-01,-9.88130953400271,-16.9278707328181,37.1890184556396,-20.8559433102703,-18.8462209892969,38.2158665702609,-8.89354045951242
2020-10-02,-10.3090798578805,-17.4313260419752,39.3218406665433,-21.5655367534669,-19.0451253843875,42.6528626648971,-13.6236352937304
2020-10-05,-10.8597378490752,-17.2417133662384,39.6786969121883,-22.3987221379056,-18.3365642954335,42.9165421772943,-13.7585014408299
2020-10-06,-10.8359450061042,-17.0183554867595,39.2292467714742,-22.2503835446131,-18.8407087163066,43.2644525711079,-13.5483065887987
2020-10-07,-10.1890917224364,-16.5246030333084,39.055645848808,-21.7934790142748,-19.8540449943365,42.6906695051263,-13.3850965895783
2020-10-08,-10.9382998838384,-16.472265565164,41.6944719272036,-21.7197528765289,-20.0334536646304,43.2565167364691,-15.787216673511
2020-10-09,-12.7722300711849,-16.9223432226755,43.4092919968098,-23.8040688925572,-18.2439943431543,45.2374068418254,-16.9040623090634
2020-10-13,-13.8614084628874,-19.5413112323387,55.5469296165177,-31.2555965905,-18.538965455439,52.0393392045715,-24.3889870799241
2020-10-14,-13.4826450623583,-20.0157296557345,58.2623769412671,-30.8030991113945,-19.0480003894204,49.8213365022539,-24.7342392246133
2020-10-15,-13.2492381750126,-19.5886216065707,58.2976509100783,-30.9152457986288,-19.3664713940172,49.2041032855772,-24.3821772214262
2020-10-16,-12.817571904434,-17.6943124664553,58.662892008339,-29.9252883443788,-22.6365540557352,47.7653106768823,-23.3544759142179
2020-10-19,-13.301095146172,-16.67738080381,59.7587048315341,-28.7669707534237,-23.5418289322088,46.6939567126902,-24.1653859086098
2020-10-20,-13.3672287364125,-16.9230343800891,59.0330587531871,-29.4742613782557,-23.5410528294461,47.7341901775756,-23.4616716065594
2020-10-21,-14.2461156133975,-18.3298274679726,58.135710508186,-31.068350075033,-23.3315582124269,51.2485409238312,-22.4084000631872
2020-10-22,-15.8111878713435,-20.4639795336267,57.8025731885943,-31.4820588973773,-21.8216753847234,53.0598277558107,-21.2834992573341
2020-10-23,-14.0633972424959,-18.2965296317932,58.2139187300372,-28.4153016959154,-22.7984588128093,48.4373536882839,-23.0775850353075
2020-10-26,-13.6272384042227,-16.5288054836018,58.4475812079794,-26.5068210549362,-24.7478793291259,47.9461541698175,-24.9829911059103
2020-10-27,-13.16215089865,-15.8148239456556,59.2186136694001,-26.0618860994671,-24.3124924789355,45.5571154154987,-25.4243756621907
2020-10-28,-13.5845837514636,-16.9911783844358,60.106583032304,-29.3257973718074,-25.6982655546973,50.8883715569327,-25.3951295268327
2020-10-29,-14.3644062155137,-12.1442867923569,51.4090945939176,-19.8209755610736,-16.4755586001183,30.7905285342445,-19.3943959590997
2020-10-30,-14.7148670597113,-11.9905943782944,52.617187429269,-19.9695876283464,-17.2743203948995,31.7964900093182,-20.4643079773356
2020-11-03,-15.4751189789941,-11.3641713060964,51.0343469838047,-16.6820642322987,-16.7994845147986,30.2731437265866,-20.9866516782036
2020-11-04,-23.5767390822035,-9.99645192098167,55.1213610193998,-17.8454393773582,-17.1472140351396,32.5552313595128,-19.1107479632298
2020-11-05,-18.5455301563599,-9.23169504847483,54.2745718513095,-13.2638504131746,-15.3574410241468,24.9931305753326,-22.8691857844861
2020-11-06,-14.6451210338075,-8.02155548355293,47.1835885178673,-13.4577344409179,-15.2266971077756,24.9842524166281,-20.8167328684414
2020-11-09,-5.40676878662948,-6.63361215276099,35.3811033743247,-12.0175944324171,-10.7427127221453,15.7373557036843,-16.3177709840562
2020-11-10,-5.29187932561244,-6.60097810080543,34.8539904656506,-12.2877111199805,-11.2103575273822,16.3765124089585,-15.8395768008285
2020-11-11,-5.28037717450017,-5.8050459129775,33.2057071118358,-10.1566108180549,-11.2045593877164,14.5145331285083,-15.2736469470952
2020-11-12,-4.55005307642858,-4.75298356777178,33.6564935829914,-10.3317252241078,-9.38987890770045,13.0514492332821,-17.6833020402649
2020-11-13,-4.40819258128461,-3.62757013581857,33.5560787236687,-10.1450871968741,-9.0318884737915,11.7596037371979,-18.1029440730979
2020-11-16,-4.0597148039986,-3.13697052461205,33.2964120880819,-10.3706753467065,-9.13654120983868,11.7648457551818,-18.3573559581078
2020-11-17,-3.907171787924,-3.01269126156288,32.7353601733548,-10.2695302084035,-9.18351444018069,11.8146118951782,-18.177064370462
2020-11-18,-4.33966884774669,-3.30761652242202,33.5267451881969,-10.6448832062283,-6.32732058587641,9.78375873412946,-18.6910147600528
2020-11-19,-3.6198203408004,-3.41076472006071,32.516826744557,-10.7998384467737,-5.27653346590014,8.72182858326396,-18.131698354286
2020-11-23,-4.52039958129743,-3.50616792869906,32.8102599607344,-10.7912771636558,-6.06854587592507,9.24079923670492,-17.164668647862
2020-11-24,-4.57886493051825,-2.75534618173545,32.6158934478357,-10.3997348808276,-6.33732540806888,8.90751720788379,-17.4521392545694
2020-11-25,-3.56805748932155,-3.07974330656147,31.7254431816173,-10.6451242827404,-4.52438371983278,8.30991422641473,-18.2180486095759
2020-11-26,-4.21059637427344,-3.65942172552641,32.4172092509899,-10.9772594664701,-5.11330091767091,9.09693166269761,-17.5535624297466
2020-11-27,-3.50550828427157,-2.94312505918211,33.7227327454295,-15.5178627370497,-4.94659906397732,9.64109262089731,-16.4507302218461
2020-11-30,-3.61344625650756,-4.15458170725248,33.3393172973751,-13.7554769372335,-4.9837473951391,9.31430004463085,-16.1463650458733
2020-12-01,-7.62672969911641,-8.44008749685128,33.6998474924436,-12.6519689990508,-2.45754665945084,11.1742566194775,-13.6977712574518
2020-12-02,-6.2590765292981,-6.67386925017237,35.1499411270643,-12.865194524886,-3.31439275017389,10.1918318434136,-16.2292399159475
2020-12-03,-5.99833333292031,-5.75004557565606,36.5241472985805,-13.2545803022172,-4.01083479054033,9.73299112915623,-17.2433444264028
2020-12-04,-8.56432972331046,-8.31321094188726,36.4709498811618,-11.6760575944464,-4.60888436114685,9.88477525818027,-13.1932425185511
2020-12-07,-13.944621092451,-6.86741238772882,41.0368463526535,-12.3540154114555,-3.2664052551616,11.1237263984436,-15.7281186043002
2020-12-08,-4.93901432937609,-9.57243353964384,36.6095361215842,-13.5127934726789,-8.02327841207602,13.7330580705319,-14.2950744383412
2020-12-09,-0.0855495493138534,-13.5003563052633,27.6504254099396,-14.5939107740065,-7.07559681394197,9.84464181152997,-2.23965377894395
2020-12-10,-3.19529645295249,-12.2586601650793,26.2751292664817,-10.4277386904626,-6.47386335228276,13.909199064796,-7.82876967050055
2020-12-11,-1.13187301956853,-14.7263793277079,26.5940757969214,-13.4516387904941,-6.84037029500392,9.14036684047838,0.41581879537469
2020-12-14,-2.17791716154343,-14.265360223345,27.5537149513392,-14.0701632271197,-6.43894396981341,8.42235176305557,0.976317867426772
2020-12-15,-1.27198595788956,-14.7236932790322,27.8568331796881,-16.5521966937035,-6.81901289513725,5.85150899407154,5.65854665200288
2020-12-16,-3.30254848273778,-13.8944812815683,28.496537445102,-14.6149397414508,-5.89762354256297,6.81185385117836,2.40120175203954
2020-12-17,-2.4425052593399,-15.4528559366248,26.0774541456986,-15.0225000399232,-3.82253972107772,7.80357481031434,2.85937200095265
2020-12-18,-2.57822527361679,-13.0558654101003,25.8562024072972,-13.5827205730192,-17.9399613011853,27.2290155606747,-5.92844541005032
2020-12-21,-10.5292794362669,-12.9809042286978,24.7253202424283,-7.19045420744061,-15.9024358755144,25.7278231585175,-3.85006965302621
2020-12-22,-6.99641716463506,-14.4759063970476,24.9275593187767,-2.64157685372973,-17.9846307454916,23.9903654992513,-6.81939365712401
2020-12-23,-2.92549437083204,-5.73076171805931,25.1429243339714,17.8084032507782,-18.288586666978,1.48118885180752,-17.4876736806877
2020-12-28,-1.59632273664468,-1.26325019401361,18.7729412678589,16.7463524197072,-16.2125347933682,1.35544965000133,-17.802635613541
2020-12-29,-1.32541740822354,0.659062852210823,16.8396710837736,15.9431155448091,-15.4820918608263,0.36365324673848,-16.9979934584822
2020-12-30,-1.01102303496118,0.547302575663068,16.7945132870287,16.265691827477,-15.6840504942951,0.236696536158973,-17.1491306970715
2021-01-04,-3.01063787004472,-0.353571766602357,15.8068890327674,16.9223960534834,-16.2930157757599,2.30558497088364,-15.3776446447275
2021-01-05,2.20458535843875,-1.43296982501482,13.9881642642828,18.2601818386078,-19.9903963917397,1.75501750238192,-14.7845827469568
2021-01-06,-2.30695588196446,-0.727248589843001,14.4738284886736,16.898771605195,-19.6427057289853,4.6066030177187,-13.3022929107945
2021-01-07,0.661965145059426,-1.07712613751123,12.9147537924312,19.0624886878603,-21.1803153777375,3.46969019639005,-13.8514563064922
2021-01-08,-3.36183925814389,-0.597705600994146,14.9562567971197,19.2112433738619,-23.2372675096373,3.11994583773834,-10.0906336399446
2021-01-11,1.68267605548327,-2.09672705597991,13.0296993767582,22.0662714745985,-25.8845933856445,3.32637671304211,-12.1237031782576
2021-01-12,1.80884643316162,-2.50223558996538,12.8713125973695,22.3253275861978,-26.2926552238059,3.25816475643774,-11.4687605593953
2021-01-13,-2.86184213814305,-0.68666905924411,14.6705314336449,19.4787023509355,-24.433587040804,-0.125469969968719,-6.04166557642054
2021-01-14,-2.17687192474831,-1.07017137687028,13.7095699498232,19.5675204153308,-25.7207600863232,0.483917818204461,-4.79320479541676
2021-01-15,-2.46518062211783,-0.734710639542413,13.4971290973154,19.0883130737206,-26.4025574010891,-0.449733616823565,-2.53325989146313
2021-01-18,-2.53706061321184,-0.682763817132638,12.8449803343126,18.6083825107004,-27.4159721258773,-1.48223483108455,0.664668542293398
2021-01-19,-2.96858756236624,-0.587616877731179,12.3032216048289,17.8206789854583,-27.9811775919798,-2.67852522651981,4.09200666830988
2021-01-20,-1.70370051981499,-0.372577583826313,11.2850588854769,17.8987850647641,-30.0615258061836,-2.97950069513884,5.93346065472281
2021-01-21,-1.65675179551738,-0.922767267889995,10.1743676368954,17.1880901288255,-31.9835320883037,-4.91914566362777,12.1197390496179
2021-01-22,-1.18513584519467,-0.748718281886724,9.11065020956654,17.102438523728,-33.6568036446662,-5.56706566620703,14.9446347046601
2021-01-26,-1.8756417996841,-0.691353197805711,8.47173311231106,16.2484826346377,-35.4301993765772,-7.58340840974482,20.8603870368631
2021-01-27,0.689717459115073,-0.276763763494941,5.34323246319623,14.850224190701,-38.3134555327644,-6.6452761233127,24.3523213065598
2021-01-28,0.777594198406618,1.41438704023105,6.45611103206467,16.5530308726333,-36.1830003608725,-8.17515626475372,19.1570334822906
2021-01-29,2.29546995333008,4.44500600659262,7.0013906098453,20.109830020192,-32.2209340496947,-11.2139552308089,9.58319269054365
2021-02-01,1.75147474060762,2.6085263711885,10.5522385055646,21.7956817758834,-30.490544441048,-12.5910693009735,6.37369234877727
2021-02-02,3.22901032474287,2.05969721470495,9.27676988734072,21.3575370767957,-33.0702045267619,-13.5994287029488,10.7466187261265
2021-02-03,-0.263356365699934,0.890443634956185,10.515124839142,22.9543748799988,-28.2593914047155,-12.4785675590671,6.64137197538551
2021-02-04,-0.970001772923226,-2.23995666362026,12.5099128406628,20.6173314040916,-28.1223501313179,-7.89495078746728,6.1000151105742
2021-02-05,-1.23190402761126,-1.60746038442559,12.0514683727781,22.0517069169171,-27.9840842109909,-8.38940215745558,5.10967549078809
2021-02-08,-0.593539475131934,-1.62735845393449,12.9498864442826,19.9023436618152,-28.7866541859656,-7.8005758896942,5.95589789862832
2021-02-09,-2.55252119753557,-2.4367552833032,11.3558896736516,21.9080964912038,-25.76654917852,-7.90224889512267,5.39408838962601
2021-02-10,-5.51832999768266,-2.1755791785164,7.68887623166883,26.3082837306431,-18.7461875053939,-9.20641114867489,1.64934786795595
2021-02-11,-4.49340648940446,-1.52951302112002,8.18317081299244,24.2420706044624,-19.0461698791775,-10.4058264440312,3.04967441627842
2021-02-12,-3.87301776709629,-1.00136361573135,9.42290888711703,25.0631677708745,-19.2545702125928,-11.4970895806988,1.13996451812773
2021-02-17,-2.26008708824629,0.142242381868797,10.4259050587647,22.4600907743155,-21.3395323264794,-10.9548197958451,1.52620099562189
2021-02-18,-0.698443148870126,-2.377027016927,11.3030934306742,21.7121127611219,-22.7834908206781,-10.4728789816624,3.31663377634149
2021-02-19,-1.03461699823966,-1.45677475836231,11.7468457847601,21.9916339992674,-21.8641266493671,-11.0602600948924,1.677298716834
2021-02-22,0.881870890104082,-1.851921121552,-15.0447035465489,32.4912941449541,-19.6349458628397,-6.44805638106281,9.6064618769453
2021-02-23,2.41018482048487,-0.227990425269098,-19.2131636288683,33.5270152827564,-19.7259039369909,-6.2271770915516,9.45703497943865
2021-02-24,1.62576804097927,0.750181343836871,-17.4554347981564,34.2096266788588,-17.1325707714892,-9.54728667195416,7.54971617792482
2021-02-25,0.0313150504359072,2.6918273581753,-13.5146653378387,32.005090680746,-15.685859192988,-10.8028226221781,5.27511406364762
2021-02-26,1.16989288646795,0.88950746157505,-11.0099097142722,36.1647402896771,-15.4410286292427,-15.2544939747044,3.48129168049918
2021-03-01,-1.0289534471879,0.782495055729314,-0.166123379431824,32.1274843499032,-14.8292302842969,-20.8832169176431,3.99754462292719
2021-03-02,-7.70196525780601,-2.24787500283863,13.0734263468575,24.398882883607,-16.6165345070239,-25.9649415973293,15.0590071345334
2021-03-03,-8.08141209533493,-2.96199576757246,11.841518451271,26.8821188609373,-15.9984865849485,-25.0964606905999,13.4147178262477
2021-03-04,-7.84039263212321,-3.94442406815207,12.0822425324824,29.6906325866336,-15.8629920791173,-25.0528988130173,10.9278324732939
2021-03-05,-7.47475869347059,-4.60760265103634,11.5044457273594,30.8668727279875,-15.977867785922,-24.3456378341804,10.0345485092625
2021-03-08,-9.05314520950498,-6.99040104480588,11.7164374071933,36.5270455381094,-14.7539055796608,-26.3369458766847,8.89091476535364
2021-03-09,-6.57888174346778,-9.51845086394979,20.8003345669397,22.1020731799856,-16.6163460727621,-26.121617796161,15.9328887294154
2021-03-10,-7.20796542534373,-9.67930508955621,19.5885478566944,26.8395230817735,-16.0705707115272,-25.0621837136055,11.5919540015647
2021-03-11,-6.6391173137859,-11.4937749568463,21.8819638533491,27.8798479138481,-17.1181139333672,-26.1364400486052,11.6256344854074
2021-03-12,-5.75162595019802,-7.75192532968322,17.7868868303521,27.9773479622413,-15.9799325204887,-24.9823979180568,8.70164692583326
2021-03-15,-7.17841403542315,-9.90484805279246,18.2156359061584,27.2953262046122,-11.5387641973836,-25.9613585035859,9.07242267841451
2021-03-16,-6.66077389602758,-9.43106617687107,18.5002249499714,26.595053424048,-11.9015423490379,-27.1495685733007,10.0476726212178
2021-03-17,-6.668334145759,-9.62295961354424,18.9132968922727,26.7737086458932,-12.0418704900594,-26.9785566987792,9.62471540997599
2021-03-18,-6.96228804401856,-5.22241553591547,17.5809508681196,24.0774218968616,-13.2834353907453,-27.5876303809646,11.3973965866628
2021-03-19,-7.35187174059145,-8.30964925383503,16.8715436061272,23.6013011949557,-14.7624639305072,-27.3129306157678,17.2640707396185
2021-03-22,-5.95793467820212,-8.3074871485112,19.5485098776842,25.8522513343756,-14.086847072297,-30.1382059789306,13.0897136658811
2021-03-23,-4.46909283257932,-7.48177042041387,19.3286471312173,32.2687568304338,-12.0339908596826,-29.141203494727,1.52865364575166
2021-03-24,-3.11028689237588,-7.76033990854772,23.5540322148224,33.343873480989,-11.313137705001,-32.0641672320899,-2.64997395779686
2021-03-25,-2.70865867428761,-8.59218339467002,23.7921258999223,32.8873160069984,-10.1396801078086,-33.5387746490485,-1.70014508110594
2021-03-26,-2.26587240888152,-9.25927302360232,23.8874069285186,34.0246869045915,-10.5140422160995,-33.8059913132869,-2.06691487123989
2021-03-29,-2.25683807605195,-9.2190453988534,24.7759230891994,34.7263371853094,-10.0576993761379,-33.8582972046309,-4.11038021883461
2021-03-30,-1.96274584839304,-11.49725210442,27.090776192676,37.0954394012268,-5.88040357101568,-34.938413054031,-9.90740101604313
2021-03-31,-4.36236456742833,-9.44880350221912,26.3065208009604,31.4895743862824,-7.99064931303145,-35.1896963084503,-0.804581496113656
2021-04-01,-4.01701316643499,-9.0835608035671,25.1277936370831,32.0264342051841,-8.57817215430438,-35.6847714964506,0.209289778489818
2021-04-05,-4.05974797970467,-9.19317061319086,25.4236650755925,31.9768428641045,-8.69163072849234,-35.7483887362957,0.292430117986498
2021-04-06,-3.67136161746937,-9.26337255390446,24.2334114403635,32.4688535319492,-7.84153280593469,-36.9483255173032,1.02232752229899
2021-04-07,-4.16309679660159,-10.7541088742192,23.0330192945706,32.8941175328421,-5.58243864939558,-36.4135388344348,0.986046327238498
2021-04-08,-0.508221063144049,-8.76566463002821,19.7261558475076,28.8365434233088,-6.58044993977962,-34.8091809882781,2.10081735041346
2021-04-09,0.595339296619045,-9.0287852699457,18.4285261009407,27.8913489273922,-7.61674168976233,-35.4136875090249,5.14400014378101
2021-04-12,2.20186588411691,-8.86892721886828,17.4243231991661,25.5191373915932,-7.43684924523367,-35.4711994500862,6.63164943931187
2021-04-13,2.54343374122473,-8.66895531742678,17.0608442701551,25.5710191421257,-7.03233971839301,-36.06081978714,6.58681766945433
2021-04-14,3.72811308938039,-8.37125035789501,16.5677812781788,23.8682705860221,-6.6588209476772,-37.3937100376183,8.25961638960916
2021-04-15,5.24708167841692,-8.27377695446957,16.556272030271,20.8166452390621,-7.24015922138318,-37.315470969261,10.2094081973637
2021-04-16,6.97386923114482,-7.52131048150711,15.7590824341582,17.7737844373874,-7.22615392307493,-37.4497524688128,11.6904807707044
2021-04-19,9.26912818145843,-5.79300185493689,16.4899347966685,15.1428145474276,-9.36639280151149,-37.9696174479343,12.2271345788282
2021-04-20,13.255160640916,-3.7858994044504,16.5612950689486,13.265426969072,-11.5052805813872,-41.7442476868515,13.9535449937525
2021-04-22,12.9886072992884,-3.21488992144874,16.9432125904342,10.270297487423,-12.7742905841476,-37.5213053761587,13.3083685046095
2021-04-23,14.4414894230636,-1.38885032443147,16.2404450311979,9.70381405026198,-15.2312606560225,-34.9568878362604,11.191250312191
2021-04-26,12.6298695908318,-2.42489549196664,15.7378557472726,10.8514473816484,-13.8913215932439,-32.7603427663435,9.85738713180122
2021-04-27,15.63995621822,-0.675963935811055,16.750891764188,9.2635392621538,-14.1606326899934,-34.9600736955275,8.14228307677025
2021-04-28,15.6663116699052,-0.0442618140698841,14.6306489312603,14.5546515219218,-16.1947933794691,-36.6642401754387,8.05168324589046
2021-04-29,14.0906487739931,-1.0659445732398,16.3547266862559,11.6598007378917,-16.0731200163434,-33.8286924082768,8.86258079971918
2021-04-30,7.9882375015067,-6.03291080050299,17.8686983774327,15.695685626167,-15.6420713195011,-28.6735929212087,8.7959535361064
2021-05-03,2.5427626814776,-8.40134789103439,17.003520170065,20.5266569480937,-7.79912483061623,-29.3769918750218,5.50452479703614
2021-05-04,-1.96096152771889,-9.33330309816043,16.4819571530349,22.8776958291704,-4.33475319925495,-27.4029837397881,3.67234858271709
2021-05-05,-3.67229295184021,-11.1867476067649,16.7398453400411,24.7046018181392,-3.62138861892929,-26.5748526772764,3.61083469663055
2021-05-06,-2.82766882573148,-10.7860582991807,15.6231364932948,23.580899936283,-3.71146813232268,-27.2693004081492,5.3904592358063
2021-05-07,-4.74509731292238,-11.4712728227045,14.9895441962977,24.1415551395684,-2.67213404100649,-27.5668956189963,7.32430045976362
2021-05-10,-5.35298761376248,-12.1298988210273,13.9802885920099,22.3339709213419,0.114437363403965,-29.1650584049879,10.2192479630219
2021-05-11,-6.96887626399938,-12.1670442780347,11.5741795052963,20.1175193856565,1.77897916870111,-29.9717415304054,15.6369840127856
2021-05-12,-10.5158446711089,-13.6644459879595,8.19946404896645,17.593333619518,6.8885958275151,-30.3623638276926,21.8612609907614
2021-05-13,-6.02025546672289,-11.5601108442234,11.6191116295214,20.6934776947234,1.12600565437459,-34.48710395917,18.6288752914969
2021-05-14,-9.07806527611407,-13.7079416171703,9.90472522081692,16.2431504797645,5.48336496539064,-32.8084312909714,23.9631975182838
2021-05-17,-10.4019915933771,-13.0581200083669,9.13166403130304,17.6286135820948,5.32001948908805,-31.0815736888011,22.4613881880592
2021-05-18,-5.40075133629541,-11.8596844914818,13.4997358769839,18.4061763359129,-1.61225341661604,-33.3279984388727,20.2947754703691
2021-05-19,-3.31856770436902,-10.6157313863724,16.2615453044646,19.337246693466,-5.41631116273782,-34.2015465797939,17.9533648353425
2021-05-20,-6.29534965819428,-10.3934582622308,10.80946546628,15.8176067833729,0.736019572863832,-35.0084493418774,24.3341654397856
2021-05-21,-3.39708600210754,-10.4077568378381,16.7799747198088,22.0273262361576,-6.94158383290958,-30.5071407480644,12.4462664649532
2021-05-24,-1.25387227576917,-10.0543210441302,18.6111875639259,23.4293758064407,-12.5520112430631,-30.5461844452771,12.365825637873
2021-05-25,-1.1836425325812,-11.8586699093114,18.4369236736336,22.0996749786335,-11.408376911471,-30.4547057022965,14.368796403393
2021-05-26,-0.889392620691154,-10.5493812312017,20.3816831849703,24.6817952214595,-13.9363875272956,-30.4674842105266,10.7791671832853
2021-05-27,1.52861280482929,-8.22242677638364,22.3016917488744,29.2202705234284,-16.8198155912989,-29.5666670087099,1.55833429926041
2021-05-28,1.44404359439017,-8.2431881415223,21.9225694533146,31.6431253651419,-17.2188132622378,-29.9393521293099,0.391615120223292
2021-05-31,1.384739616753,-8.470889210975,21.4663858997004,30.1167118106534,-17.3234536844523,-30.1551378003404,2.98164336866088
2021-06-01,1.33390584637445,-9.83764310810861,22.6425084986688,28.8842036740162,-21.1003927675645,-29.8083563174713,7.88577417408489
2021-06-02,-0.183015362331233,-9.56378727503599,23.3212570479014,29.9420670145429,-20.7680911983702,-31.4669971273329,8.71856690062615
2021-06-04,-3.68640521729148,-14.4060536757633,23.4963830318295,30.4266673096405,-21.4066334243462,-27.1980551857386,12.7740971616697
2021-06-07,-4.35338214434861,-15.4488230883055,23.3252785588671,29.7687168991477,-20.5091418011888,-27.1900588725158,14.4074104483439
2021-06-08,-4.49237737938549,-15.5408382484012,23.688088545684,30.0557676858534,-22.3642358800782,-26.6487864393792,15.3023817157066
2021-06-09,-4.67551587977876,-16.7741480690527,19.6043282414714,28.0611673642445,-18.1394095622346,-27.9182884053834,19.8418663107336
2021-06-10,-5.84169641242131,-16.0528858202893,20.9187977286826,28.8175955238064,-21.0395261811816,-27.1925983885171,20.3903135499204
2021-06-11,-4.89299401112007,-15.8311329328929,20.4816002877721,30.1447914033103,-18.027579814077,-28.5456231046147,16.6709381716224
2021-06-14,-5.44826599555302,-15.8394533631784,21.1154378133242,31.6122559271147,-15.9860101155854,-29.8946178404191,14.4406535742971
2021-06-15,-6.82242573720741,-16.1804432641204,21.2863837308618,32.0797808839984,-14.0014832654635,-29.0295034688236,12.6676911207547
2021-06-16,-5.79672294597592,-15.3982486299411,21.6621097152284,31.0609600009067,-17.3606145520054,-28.433198273608,14.2657146853954
2021-06-17,-0.0951781447329125,-15.7869606044741,23.5729203409181,29.0118106531444,-19.6879927087106,-28.6754009505824,11.6608014144376
2021-06-18,0.0195909156704914,-16.2268576688152,24.8988693966253,29.7487438268374,-17.7322047135027,-29.8520699589494,9.14392820213406
2021-06-21,-0.465603081907645,-17.4998850430443,24.3775006085012,30.8051696370755,-12.3228548657093,-31.3552709350157,6.46094368010031
2021-06-22,6.10339860611705,-16.9572321383664,25.135939415435,29.081475280141,-20.5512387330136,-25.8591948093113,3.04685237899834
2021-06-23,9.50913855601488,-18.0866105210659,25.4540952950869,28.7361565528393,-19.0957710620087,-25.8937343386675,-0.623274482199058
2021-06-24,7.80106671322653,-17.7159711992454,25.0110488854413,28.7880371565442,-18.4005817799153,-26.2166061919314,0.733006415880013
2021-06-25,11.4469248913164,-16.4122341835843,24.3990885782357,27.3976564445611,-23.8897309922142,-23.8483110208938,0.906606282579034
2021-06-28,11.9362547757165,-18.4077863718482,24.0900158254483,27.4785105591193,-19.5821766478928,-25.0798302241183,-0.434987916424795
2021-06-29,11.8217283161101,-16.7428257312033,24.1041800616934,26.8233034981042,-21.8993617975356,-25.3890672172896,1.28204287012083
2021-06-30,10.8073890694511,-18.1938476994615,23.8199347920534,27.2843057204293,-19.165184335912,-24.2519997115869,-0.300597834973374
2021-07-01,10.7489775399623,-19.7542053796237,23.8716506470615,26.8936648531431,-17.606752598428,-21.4344283138806,-2.71890674823455
2021-07-02,11.5099225802217,-19.3775769825577,24.3441537368758,26.7926525244809,-17.9984986531422,-23.6164803575394,-1.65417284833909
2021-07-05,10.7827975993432,-20.3123261726568,23.9575572072373,24.8376777500021,-14.4228521362206,-20.7803605561315,-4.06249369157369
2021-07-06,9.04317258437563,-21.5781859826027,23.6529773016697,25.5412625139809,-10.6812426191453,-19.2929870449522,-6.684996753326
2021-07-07,11.4607789797255,-21.2303701273298,23.1711301422346,21.0445069463989,-9.51448734089563,-16.8812356888289,-8.0503229113046
2021-07-08,10.0539505908555,-20.65142426537,23.7574797132024,22.551750002027,-11.880020396176,-17.341214006462,-6.49052163807689
2021-07-12,9.23924581289653,-20.5472094886082,23.3985246074429,22.482496933345,-10.7286417299235,-17.9534860071376,-5.89093012801511
2021-07-13,9.48428422384001,-19.8257615150131,22.966994559972,24.3302499046529,-13.7020944912953,-18.9885000139255,-4.26517266823088
2021-07-14,9.71483064816483,-20.5045823948393,22.3779215668323,21.5248954079379,-10.9860797331617,-17.9548518440539,-4.17213365088013
2021-07-15,9.68454884671009,-20.6894598185974,22.5353123948937,22.1753056184176,-11.2021452747794,-18.5332796028218,-3.97028216382286
2021-07-16,11.0961188452864,-24.401875159383,22.7855355719916,19.0030993623375,-5.24808053190949,-15.6972173479594,-7.53758074036367
2021-07-19,11.3374231879692,-30.8795191538645,29.1506589938671,31.3412792345796,-18.3328233467373,-20.4735514295673,-2.14346748624678
2021-07-20,10.2712620950908,-25.6882243106042,26.735576075404,26.0649168561038,-14.9008325191973,-21.6555929216157,-0.827105275181211
2021-07-21,10.3500938185843,-24.2093279396256,26.3946103699508,25.6706638143162,-16.6915309367032,-21.7770364009395,0.262527274416996
2021-07-22,10.233991656597,-26.2048790431035,27.2545442420515,26.8600476657466,-15.1110344898478,-22.369376583258,-0.663293448185847
2021-07-23,11.598117734015,-21.3975739663287,27.1207415710195,26.0993028704438,-21.3074540600544,-25.5708758214955,3.45774167240044
2021-07-26,10.2111624380981,-23.456402329923,27.8042654785664,22.7878255101093,-14.0723090752412,-23.3185258291764,0.0439838075668746
2021-07-27,9.48566082802678,-27.4028549398535,28.8487591356941,22.7312720109434,-10.8135156346495,-21.0649490782001,-1.78437232196117
2021-07-28,9.88750621145537,-25.4843193635769,28.3482679197593,21.4772191057087,-10.5917957073577,-21.3378077834499,-2.29907038253884
2021-07-29,10.5215000906898,-23.793155413039,27.1480284059727,21.3416838629399,-11.1015361635269,-23.3337060320533,-0.782814750983199
2021-07-30,12.209534898108,-16.7246572436091,23.9702640367354,17.2614314569844,-8.57927436836173,-26.16658686077,-1.97071191908697
2021-08-02,13.3871229381652,-17.0236785799254,24.3793385630814,15.9897796601723,-6.5705042283536,-25.9567313587195,-4.2053269944204
2021-08-03,17.0088352009885,-14.048780897855,23.4451898909743,13.4794959656461,-4.35511470289668,-26.1680997140999,-9.36152574275739
2021-08-04,14.9908295034273,-14.607304414549,23.4228697153599,13.6745232936762,-5.87716872840588,-25.6946000992932,-5.90914927021542
2021-08-05,18.9164989296991,-13.9103229212281,24.2456663254126,13.7929305290951,-3.31358178826362,-26.9064244664231,-12.8247666082919
2021-08-06,20.1162375809225,-9.49824717937108,21.6895312795962,8.61252432440851,-4.89241271766348,-26.6203952472373,-9.40723804065543
2021-08-09,11.2328035729658,-13.209812672617,20.051044786138,12.2534036605661,-8.62494466811351,-23.029847533452,1.32735285451275
2021-08-10,15.2408606300573,-14.0362277310895,23.9402133192947,12.5456814341875,-4.62932863150079,-24.9797559048554,-8.08144311609365
2021-08-11,14.6547031091697,-14.4172645406584,24.1354691076353,14.2909633564559,-5.87273147583374,-24.7429971333724,-8.04814242339639
2021-08-12,9.97533591042735,-14.3104994715387,22.953638369238,17.8254673221667,-10.3916737101474,-23.2443241367109,-2.80794428343498
2021-08-13,10.8487236165251,-14.3234013020853,22.4343494287854,15.5706826410157,-8.2016809205556,-23.513643806208,-2.81502965747728
2021-08-16,12.1976102542395,-14.7305473722123,20.2854571723445,6.05860019045316,-0.027368960539917,-22.5050487757553,-1.27870250852967
2021-08-17,13.1417255867925,-20.3442831272866,19.9274681341427,11.6197453211615,-0.0384502043310562,-22.3578756848647,-1.94833002561429
2021-08-18,16.4093854799261,-14.4125273252095,19.5879899211766,-1.35018269253798,7.63059955468566,-19.8650689233745,-8.00019601466641
2021-08-19,13.8989995559934,-16.0068988767734,20.3774979311109,1.44967887982025,5.66272315827468,-19.595426775631,-5.78657387279481
2021-08-20,13.146157567268,-14.3721047763096,21.818067779245,1.87253373396946,0.986140863241872,-19.5918156036146,-3.85897956380011
2021-08-23,14.6484985674783,-13.2229955374268,22.5891111302163,1.55244941938185,-2.74544251511251,-19.8164212684599,-3.00519979607736
2021-08-24,13.7581776024645,-12.63617090779,23.724753841048,1.03862443168757,-2.75531508606046,-20.0429213855828,-3.08714849576685
2021-08-25,13.5879425217489,-11.3357059526345,24.7188415054685,0.824216745431592,-5.07271574777559,-20.1932661441426,-2.52931292809624
2021-08-26,11.3084717727452,-6.99096152092217,35.4563746971855,-8.29314075501483,-10.1780714036272,-18.5414094027477,-2.76126338761877
2021-08-27,11.0351521767706,-6.3106679133389,33.7787132111537,-7.35646355463457,-9.58577253476638,-19.3538331601035,-2.20712822508096
2021-08-30,11.3992561570403,-5.46022713130635,32.2360244146875,-0.0923241406543696,-16.2926646491697,-19.4782680673423,-2.31179658325508
2021-08-31,10.1555512560055,-5.86196620054237,34.668555715705,-0.553955723400115,-16.9531628273919,-19.427977745307,-2.02704447506923
2021-09-01,8.71861465700331,-4.52358342124406,36.2119059393078,1.76311084956355,-19.9976681068531,-19.2737433462756,-2.89863657150188
2021-09-02,7.28138712112377,-6.48164006293446,36.5370210207022,1.80317176415457,-19.4905086254383,-18.6378675268081,-1.01156369079978
2021-09-03,7.83629463202236,-4.89512550929007,37.1675259756252,1.93964698410585,-20.7196704231395,-19.0113151513099,-2.3173565080139
2021-09-06,9.41072619909025,-3.35645196415672,35.0289828105765,2.83155209449027,-22.791232723883,-18.9450436275019,-2.17853278861537
2021-09-08,6.50963777557291,-6.23881193431727,38.074622771702,1.00425127237474,-20.1825155539921,-17.6846710989079,-1.48251323243233
2021-09-09,4.74329070619801,-6.6610304777202,38.073920951057,-0.727193651867736,-18.220538215566,-16.4006486710959,-0.80780064100523
2021-09-10,3.12565450050569,-6.4264380904058,38.5939183218225,-2.64776565962305,-16.3310063604151,-15.1711233114623,-1.14323940042197
2021-09-13,1.41276857119155,-6.26884895714473,37.7562678942791,-4.58510863645428,-13.6608244164438,-14.3519076605646,-0.302346794863212
2021-09-14,2.8249229966179,-6.47577843590652,38.2400984853153,-2.17425361552093,-15.6091528101831,-15.7228323103172,-1.08300431000549
2021-09-15,5.5081818726003,-6.2255404585506,33.1824075786994,-2.89242739008792,-15.5896205480904,-15.6691984006,1.68619734602926
2021-09-16,9.22237970100073,-5.65208050172699,32.0866123547134,-2.18630276645028,-18.7001426768429,-15.151964576207,0.381498465513019
2021-09-17,16.4269704352917,-0.0565622211790213,27.6029593656961,-1.8005345839716,-23.3242907181431,-16.9419650980669,-1.90657717962709
2021-09-20,4.2004344428339,-2.35302546071532,30.3624713465139,-5.33017268763512,-14.3128678370082,-15.4216756772625,2.85483587327331
2021-09-21,0.716311474365924,-6.01502326869388,32.6277872182239,-3.42163139643392,-13.3525901410314,-14.2522962295021,3.69744234307142
2021-09-22,0.915376443724156,-2.53585917464909,31.3512354326651,-7.33070133716563,-11.729244471276,-13.9153792789402,3.24457238564161
2021-09-23,2.2445575983452,-4.29545238108084,32.2094419303986,-6.83779763063116,-12.6328272589665,-13.7651188432978,3.0771965852325
2021-09-24,1.68589053664834,-4.14508533130874,32.5530322781502,-6.55500992473106,-12.9023416722979,-13.9858780116186,3.34939212515776
2021-09-27,4.24665050402999,7.34313221702418,31.1398881408322,-14.871996406188,-25.1086321166512,-6.36889547833416,3.61985313928694
2021-09-28,2.11588035899794,10.0344227265396,31.123122204766,-15.752016929958,-24.8972259923951,-8.81095685371741,6.18677448576698
2021-09-29,2.2035105152035,10.6920054411538,30.7805554402306,-16.1537450181489,-24.8868096279442,-8.07486191624381,5.43934516574894
2021-09-30,2.94832391578848,8.83945706934399,31.633172195204,-15.0580052366268,-24.6291786698387,-7.79224575489661,4.05847648102565
2021-10-01,2.78628616898939,11.802800820194,32.2356255780571,-16.8153038738557,-25.5543049829396,-6.49719528654969,2.04209157610455
2021-10-04,-36.5692353263407,19.3704033932881,41.7981368754763,-6.37564856483901,-22.9583110922686,-6.67119665299491,11.4058513676788
2021-10-05,-29.2205896521422,21.4121417049795,30.9901129714868,-13.6652694631005,-19.517536352771,0.566823555652626,9.43431723589472
2021-10-06,-15.4202564213181,26.8732956276967,16.4845577469365,-19.0755445062181,-20.3462528591221,-0.677366048501966,12.1615664605271
2021-10-07,-26.9195195404069,26.6850968051222,24.0705254539295,-16.1706288795184,-15.418194299912,-2.95762860751399,10.7103490682996
2021-10-08,-29.2337570495175,26.3949769495625,24.9892954233687,-21.6409349526551,-14.6132389459155,2.29273815567779,11.8109204194792
2021-10-11,-35.4109827264676,25.1118532469663,31.2094731537971,-21.5702458647223,-13.5556374420905,3.55740385103558,10.6581357814815
2021-10-13,-32.1582054311446,25.1564111451203,29.0437119832613,-22.519075104684,-13.4406004646304,3.54352705212551,10.3742308199519
2021-10-14,-29.6010149025174,25.3486816487006,25.8246201199422,-22.6193483706435,-12.6867378984232,3.17593541282651,10.5578639901146
2021-10-15,-28.1279710355127,25.3103891073654,23.4672861507842,-23.9596632663516,-11.9178715098179,3.87967474044747,11.3481558130851
2021-10-18,-24.1365052707116,25.4604852898685,20.4797272859933,-23.5178818706448,-12.1064382179538,2.07711624927065,11.7434965341777
2021-10-19,-25.9234006620244,24.3591977524129,19.3300397351877,-27.4492052280525,-9.87528036867378,7.96257077481172,11.5960779963384
2021-10-20,-30.765885998022,27.3849421400865,24.044911625053,-25.1058004256462,-10.5346242177468,2.87290832589439,12.1035485503811
2021-10-21,-21.134442044322,24.5682713613467,13.1104068300245,-24.5001338109659,-11.5716110611082,6.53761674880802,12.9898919762168
2021-10-22,-15.9976628338234,23.3334486866818,1.55124258039288,-22.6689613956022,-6.19395761073545,2.95907311723445,17.0168174558519
2021-10-25,-19.8204199798203,25.8273347972009,9.15561106269138,-22.8836558173373,-12.1238178657497,6.31124438909032,13.5337034139247
2021-10-26,-20.7172579538527,26.0734088023815,9.97025749108041,-23.8862434474811,-11.9357758652859,7.00556393904199,13.4900470341158
2021-10-27,-16.5214562492828,25.6032508223611,9.23858222926114,-21.2960963045404,-13.7289329135004,3.14855275587038,13.5560996598309
2021-10-28,-18.0273485422493,26.5363679315087,10.394369699883,-21.5985357311604,-14.3195986230634,3.85993222896218,13.1548130361191
2021-10-29,-17.3551411063542,26.3064399580139,10.2380644392832,-21.6039454623738,-14.0419772783765,2.90211667732146,13.554442772486
2021-11-01,-15.80952235283,24.7186061656348,9.23409638465065,-21.0817683474579,-13.0283670481557,2.62704508890651,13.3399101092516
2021-11-03,-14.4650668452498,25.5071536570738,10.0963406511844,-21.1498569086884,-14.1130318976847,1.2259651980269,12.8984961453379
2021-11-04,-17.3751774798086,24.7240319825832,11.7206774192914,-22.3741668887521,-12.5485362053098,4.48849193688329,11.3646792351126
2021-11-05,-18.8779584336067,26.4705034776899,11.9792065580197,-20.9539352096865,-13.2271848436629,3.77882775605863,10.8305406951879
2021-11-08,-17.9683048478643,25.9594790629571,12.1490535971727,-21.4077245936538,-13.7160760024037,3.10973187856635,11.8738409052258
2021-11-09,-21.5941565209738,26.7365402356296,7.23318733978331,-21.9429178879035,-12.4476048984488,3.28995627625672,18.7249954556564
2021-11-10,-21.1371188742523,25.6228633905892,7.04296130399619,-23.8469942017471,-10.2026411101096,-1.34219191731751,23.8631214088411
2021-11-11,-20.5694305425673,26.0313525867233,5.99943981212006,-23.6222279272152,-10.0594620699131,-3.20615126416439,25.4264794050167
2021-11-12,-17.8670288824081,27.926648841352,5.79495424077733,-22.7255859739653,-11.0183796904482,-8.81015656479565,26.6995480294878
2021-11-16,-16.0619685679567,29.2293155494217,5.27180627303975,-22.8788229892918,-12.1270403096884,-9.95486565696456,26.52157570144
2021-11-17,-14.4157907846336,29.9890166261879,5.91519608224088,-21.9089467669421,-14.4924854972337,-11.2431392226685,26.1561495630491
2021-11-18,-15.7777907407552,29.5841301220204,4.7657549597007,-18.8196336483587,-14.3983568498798,-11.2671356879629,25.9130318452355
2021-11-19,-15.6809110827703,31.1706998479254,5.00283696024786,-20.4139557691677,-13.9742594818366,-11.6465500250612,25.5421395506626
2021-11-22,-16.7706734901557,32.0947196524408,3.70163941454842,-20.3327156737988,-13.3901070384184,-11.2130178811059,25.9101550164895
2021-11-23,-9.44047036653917,29.5226604757031,9.1044624251099,-17.2920852664956,-14.7410031723193,-16.0531984847726,18.8996343893137
2021-11-24,-4.43519325644014,25.5098121268987,14.7564695491768,-13.671802752287,-17.497406061584,-17.4580633793248,12.7961837735604
2021-11-25,-8.73041654466233,30.5065470570617,7.90527846107047,-18.0138992796192,-18.620717088503,-13.3910388720716,20.3442462667239
2021-11-26,-17.0901725347367,32.6657406689601,3.10313048853819,-22.2683864281413,-16.370065798622,-9.2187862088256,29.1785398128273
2021-11-29,-13.5782311765855,30.1520190832974,0.773624847731668,-17.8109242450923,-17.0046824319269,-8.53924878776248,26.0074427103381
2021-11-30,-14.0460799849264,30.1075385589003,-0.553827420789908,-17.1227569780428,-17.0293651973788,-8.12711016461402,26.7716011868516
2021-12-01,-20.0813667241263,30.7541792773784,-3.29593986456091,-18.2152415492497,-10.646395136716,-7.04150022101113,28.5262642182856
2021-12-02,-17.1340651606511,30.0953889789036,-2.33434304720465,-15.9140439693542,-12.0850354760928,-8.3563318915994,25.7284305659986
2021-12-03,-17.3364375567534,35.1942779587209,5.28797982623372,-28.0370482987631,-10.2997644861481,-13.7287038318277,28.9196963885378
2021-12-06,-15.0383113379001,35.0412875869963,5.11697266853197,-27.9330388474596,-11.5091559060777,-14.1251747923195,28.4474206282287
2021-12-07,-13.5911508904917,34.4123222480352,6.94669795742689,-27.3432638056811,-12.4047087272855,-14.2657551176309,26.2458583356271
2021-12-08,-12.8171047715597,35.6232245013721,6.09769147768489,-27.431436408444,-13.0339260563137,-15.410313715964,26.9718649732244
2021-12-09,-13.1907945359118,36.4904524769964,3.67711611500511,-27.308039115765,-13.4611500040357,-14.0986203148927,27.8910353786037
2021-12-10,-10.3812959567438,44.0872115005656,-3.17841983681506,-25.0551202966011,-15.2112278068592,-15.8395005696614,25.578352966115
2021-12-13,-7.50664699395404,46.0085474460806,-5.59496578510804,-25.7107933051339,-7.69067841486918,-16.4932932377286,16.9878302907131
2021-12-14,-7.31542276769972,46.3220005186349,-4.82235603655943,-24.9655487102411,-8.47101699322831,-18.1602884643663,17.4126324534599
2021-12-15,-7.98493522912628,45.376753456691,-4.06387869519595,-25.1956580251637,-7.47446632814635,-18.189966867381,17.5321516883223
2021-12-16,-8.2463038263883,45.4106806294939,-4.9695620195597,-25.8564676150581,-6.38812764039975,-17.7936481173102,17.8434285892223
2021-12-17,-6.47946021600647,44.327572563098,-10.7482203730195,-21.5330917753448,-7.08969249760803,-16.2308046358323,17.7536969347132
2021-12-20,-7.92985958211309,43.3309876591227,-9.26318578612474,-21.960441780249,-7.06482620116894,-15.8447589721705,18.7320846627036
2021-12-21,-7.53102705386111,44.9396064538916,-11.4926374143016,-21.8861281754308,-5.3217080284436,-15.5497622007066,16.8416564188521
2021-12-22,-6.77552648874976,44.9195226685189,-14.4424819367123,-21.9442656648742,-3.70448934279442,-14.9477012417807,16.8949420063925
2021-12-23,-6.6597282673952,46.5864102429079,-12.5437711610076,-22.6630250411615,-5.65105013899155,-15.3700361488235,16.3012005144715
2021-12-27,-6.20970263172745,45.9640783717925,-15.1005952396637,-22.3709459749881,-4.19981956946918,-14.6986851492286,16.6156701932845
2021-12-28,-5.65246761759846,47.6250775853721,-16.5024300584859,-23.7868179676157,-5.29227657355833,-15.4543609541953,19.0632755860816
2021-12-29,-4.67612496245251,43.8097275811034,-23.0488240978761,-23.1964408975995,-0.367305776364155,-10.6662021201671,18.1451702733559
2021-12-30,-2.77228036452206,43.2171656161067,-26.8334283071541,-21.7336961596594,-0.875733622120187,-9.56995254048133,18.5679253778304
2022-01-03,-0.941184240962652,39.6199539783922,-32.4183699809251,-21.7704596909242,5.43295401628743,-8.10907935832192,18.1861852764543
2022-01-04,-0.685919134720724,35.8241729005809,-39.2846247722065,-20.1246120880911,10.6455411578317,-4.79974798189377,18.4251899184994
2022-01-05,0.101730555573507,37.6105527863718,-27.3859442639869,-20.3468589705274,8.23091883339457,-10.1030506742455,11.89265173342
2022-01-06,0.104243333074219,34.2977539685606,-26.6640012556286,-20.1575799604359,9.66617052506624,-7.47860833521544,10.2320217245788
2022-01-07,1.60776133442584,26.6606836290839,-31.1485542445663,-21.4943219111583,19.2004892371197,-0.701697798134191,5.87563975322929
2022-01-10,1.8168518523943,26.4287132618089,-32.1169694279375,-20.4353497575941,20.1849567693344,0.153080559862211,3.96871674213189
2022-01-11,2.10013457811401,28.0731003104619,-31.9302980076507,-20.0645746658158,18.7907094477559,-0.677914224767704,3.70884256190227
2022-01-12,1.63461735346208,30.1076040987505,-29.0609819405081,-17.7519909706416,17.190850902786,-6.1424488471789,4.02234940333013
2022-01-13,2.17877877590082,40.4029646956967,-19.672118682332,-11.7736615071917,18.3705306235369,-19.1100228858273,-10.3964710197834
2022-01-14,3.12246197811232,41.6293062257573,-18.694002932119,-15.588921270824,18.5904025711143,-19.3514863586082,-9.70776021343275
2022-01-17,4.36600301463511,42.301644640037,-20.20937917616,-14.7442533383835,17.9866407845055,-18.933498031665,-10.767157892969
2022-01-18,3.93161952443204,43.6606556957054,-18.5555921413646,-15.200486950116,17.1108153787123,-19.832324767288,-11.1146867400812
2022-01-19,2.68418614599935,48.6862610759068,-6.89957393994587,-9.85357188287432,5.66328257263662,-25.8660844537146,-14.414499518008
2022-01-20,2.04038921159395,49.7458907094742,-4.04348407566508,-11.9980928985244,3.31944462886281,-26.7571962182089,-12.3069513575326
2022-01-21,2.85765856887219,44.7534969854549,-4.36359279274029,-8.83497004330221,7.64816817511832,-24.4874446322782,-17.5733162611247
2022-01-24,3.24289541619432,37.6750316773466,-7.1186035898487,-5.74753657192723,12.4755886980306,-20.9204573641937,-19.6069182656018
2022-01-25,4.66869021983233,27.5604113456024,-13.2811976340388,-6.59117680235746,25.6629171385036,-17.322771595422,-20.69687267212
2022-01-26,5.53554315812935,24.5062013904411,-15.430917341066,-7.54216555871384,30.0958876464971,-15.5039538010127,-21.6605954942751
2022-01-27,6.08442102428733,20.4396171495736,-15.2862837473709,-6.54661088987662,32.3412819493234,-14.3449444791909,-22.687481006746
2022-01-28,5.73754948307835,21.1059044653744,-13.4321501726617,-6.08916978356981,30.8891149831977,-15.1024023830157,-23.1088465924033
2022-01-31,5.97750944435935,19.9091512952398,-13.5809706641486,-5.79877196089647,30.8447309455521,-14.2366098527042,-23.1150392074021
2022-02-01,3.04492117520386,23.5181924985985,-8.84658487907446,-6.79502246272105,26.0419514509578,-14.756420336731,-22.2070374462336
2022-02-02,5.01709626136088,17.802059786322,-10.0762788319279,-0.201806495643147,29.2388589871694,-16.1753611860355,-25.6045685212457
2022-02-03,4.94528055594454,15.706311166167,-7.97050442140831,0.190869416483366,28.8209828834156,-15.5439978250678,-26.1489417755343
2022-02-04,5.11597051540593,17.9376467284228,-6.17498443168675,-2.45423586693616,27.0157779178946,-17.3245258063192,-24.1156490567813
2022-02-07,2.10947962435079,22.7087395361781,-6.82901811476805,-3.8127734938187,26.352375785436,-17.4882243568057,-23.0405789805724
2022-02-08,1.49091550837414,19.4885895438814,-6.5880066706822,-7.61599774258492,26.41406872749,-11.3853366659401,-21.8042327005383
2022-02-09,3.26938911437737,20.3231294105232,-8.66497304091946,-6.82162681170588,26.7667254238707,-9.56811095389483,-25.304533142251
2022-02-10,4.28454476957585,14.6306692624688,-7.12711396122241,0.309431490930045,26.7685924619424,-10.9427722817357,-27.923351741959
2022-02-11,5.41661770406127,16.5323153648846,-10.207728977748,-1.86795706083713,25.386842845837,-9.63345836957598,-25.6266315066217
2022-02-14,4.47281541696453,15.0069861516236,-6.76616311628671,0.235372546184557,25.7067013621716,-11.4382749192474,-27.2174374414101
2022-02-15,5.01268476409305,19.951345706171,-25.7683973302794,2.3731301168877,30.894218147486,-8.68252458592421,-23.7804568184341
2022-02-16,5.31475983293914,22.2062671286236,-27.7826102802594,4.50028450985889,29.3146166521409,-9.52555381772625,-24.0277640255769
2022-02-17,5.97517275093627,23.9789895777806,-27.489577463908,6.68126085503201,25.2364384339565,-10.4485058144408,-23.9337783393566
2022-02-18,5.91073604916583,24.3145228878256,-27.4889447687214,6.34881437025642,24.8314410459335,-10.0828967047112,-23.8336728797486
2022-02-21,5.95613380713572,24.1629365024677,-27.7039549051726,4.40525780456741,24.6817369118912,-8.20314318997914,-23.2989669309103
2022-02-22,6.35888284229946,23.9334920058978,-27.9641806738606,3.09949620157118,24.4457575014333,-6.71748487625445,-23.1559630010867
2022-02-23,7.12290061478938,23.1334546876088,-27.983039990342,0.127138375418326,24.0727379929501,-3.17590547072396,-23.2972862097006
2022-02-24,2.77895001567046,17.5745796259101,-26.6074401798079,1.67338093421863,26.2728649173358,-2.59411669382113,-19.098218619506
2022-02-25,6.03929181277221,17.7765465329297,-27.6112699295344,2.97728984420896,24.2192576079168,-5.43990034053069,-17.9612155277626
2022-03-02,5.76127498610973,17.2705191933896,-27.113997001398,2.09758390122882,26.430515207935,-5.81948951860458,-18.6264067686606
2022-03-03,5.44700227762034,17.3553984160978,-27.07533075694,2.29024840882008,26.2164488251015,-5.9268464784771,-18.3069206922226
2022-03-04,5.18736929549429,16.8623446788822,-26.5893566718392,0.676807785631929,27.4776649846023,-4.67865637576718,-18.9361736970043
2022-03-07,4.83121517364627,16.5013507744281,-27.0413164756469,2.74089937312083,26.9733667031291,-8.07098671278458,-15.9345288358928
2022-03-08,5.08482628112667,18.3335239329255,-27.0505065255221,3.15290979857248,25.9787097306689,-10.0029490389102,-15.4965141788613
2022-03-09,3.09311872556107,24.2571844519367,-28.1493889160996,1.77404481405204,24.008273736293,-8.87174244529626,-16.111490366447
2022-03-10,3.91603961281033,24.3785890019024,-27.6501274508386,3.78462036707126,22.9568002386468,-13.5823088929656,-13.8036128766267
2022-03-11,4.56320487346301,26.38086815843,-26.9550941645594,9.40079054723487,19.839999629082,-21.6046256978178,-11.6251433458327
2022-03-14,6.99320099927445,37.8788124495405,-27.2510741254621,-0.0113733922151766,18.3410148380404,-31.4067471033317,-4.54383366584631
2022-03-15,7.19107456115659,40.0535039083812,-27.3492730802628,-0.930244962855646,17.6780608916205,-34.0351067655407,-2.60801455249915
2022-03-16,6.55128299526357,47.5781042250852,-29.80637942904,-3.67440230556574,12.9883869371848,-38.6046677438512,4.96767532092336
2022-03-17,4.76739356005655,39.9663521688188,-26.6715217559151,-2.01938006790986,14.973900267334,-32.4384812852923,1.42173711290788
2022-03-18,2.91551120853695,42.190183287105,-32.9741588763994,-0.7305393223754,14.1507909364573,-29.3654509599138,3.81366372658943
2022-03-21,3.62620643019425,40.1023347850272,-33.840246504041,1.69438103853837,15.3893606444265,-26.7321293030218,-0.239907091123477
2022-03-22,3.84909437174368,37.3087289415404,-32.9571912401798,1.97536079684357,16.0140771268232,-23.4503653994969,-2.73970459727418
2022-03-23,3.9080154536101,36.0483481409794,-32.736533106009,2.21921689720164,17.7659641466347,-20.7894643022503,-6.41554723016652
2022-03-24,4.67690679389044,36.4414360207183,-31.7526256363993,1.25261610012864,14.5311703189232,-20.1652172813486,-4.98428631591271
2022-03-25,5.11550994286336,36.9074391626948,-31.2331885631627,1.15301276278541,12.7052083622753,-20.657601566773,-3.99038010068318
2022-03-28,5.92790494229841,37.1455107696055,-30.7420681975359,1.89050193877177,9.4919918000397,-21.4349507960302,-2.27889045714934
2022-03-29,4.81067869160158,42.7895392372836,-29.0199462408899,-1.50716246019041,7.34740689266964,-31.2770375813524,6.8565214608779
2022-03-30,6.64996082785618,39.8369842271387,-29.1597519594548,0.112389092399432,7.21270641792901,-29.79832222746,5.14603362159151
2022-03-31,6.62492238302804,40.6906234215145,-30.901711158811,-2.0788432841586,8.83881951431652,-28.6054941484485,5.43168327255913
2022-04-01,5.23796583639468,40.7138440942509,-29.5546124061807,1.00199228139934,4.91205472880382,-27.7118771709862,5.40063263631814
2022-04-04,5.03420404902969,40.6668849865489,-27.5177225454687,0.721818268207969,1.59171662456285,-28.1626698233095,7.66576844042867
2022-04-05,5.6485775799039,42.1590156495943,-29.9095554131731,-1.83395226663234,3.38827888079899,-29.1585815812775,9.70621715078573
2022-04-06,5.03211506184993,41.8110096234915,-29.7428555117714,-1.06033571863882,2.06053545260583,-28.0131044138167,9.91263550627976
2022-04-07,5.84633892280578,49.6615846619006,-31.6702506354987,-2.99677833742165,-4.35073318176453,-30.7259557770136,14.2357943469921
2022-04-08,5.99845173467514,49.4317269337192,-33.4445736279694,-4.76146328114169,0.726030034551137,-33.0428559168337,15.0926841229993
2022-04-11,5.91864031755585,49.043379806398,-33.5129326971075,-4.35931411837861,0.292741072928266,-32.6504984045989,15.2679840232029
2022-04-12,6.32371997566949,51.5230224723196,-34.0354613427052,-5.14156294057759,0.312132643262139,-35.6369707146653,16.6551199066968
2022-04-13,6.8802815872086,51.0485177234307,-33.4106588123245,-4.82652895561917,-0.73227635186764,-35.5205571565365,16.5612219657085
2022-04-14,7.01167675588611,51.5105047031897,-35.1413712021234,-4.70802919127904,0.58736894395215,-36.0118019398101,16.7516519301845
2022-04-18,6.85193197747635,52.9087823111332,-36.2079321355162,-5.70160413572901,2.23204857257952,-35.0348148693602,14.9515882794163
2022-04-19,6.90302466175052,51.9290536919442,-35.1120889250402,-6.02114275089422,2.54305097907845,-35.2738865415259,15.0319888846872
2022-04-20,6.90776954166701,51.3854594199971,-35.1381699256596,-4.76062762935018,0.224710721735832,-36.336509228767,17.7173671003769
2022-04-22,6.16266348424112,48.2704098589118,-34.3068145857816,-3.12947143672077,0.799439409042193,-35.7295574049692,17.9333306752764
2022-04-25,4.66593031131429,45.9132573142074,-33.7330652719432,-3.23080332006212,5.09090452134084,-36.1764339652342,17.470210410377
2022-04-26,2.34794570190764,42.1806233916658,-31.6727309691071,-4.67559195950992,3.44902481656232,-30.2430782959367,18.6138073144179
2022-04-27,2.33459593906979,41.3929470508707,-31.0107273942622,-4.25824218772864,4.04165966374791,-29.8181614610531,17.3179283893555
2022-04-28,2.90130763541809,43.1764894990617,-32.4758122822671,-4.6843483213922,5.85321984661429,-30.5265753295222,15.7557189520874
2022-04-29,0.62008270155787,39.7190787482621,-28.8573665995326,-1.4157407723954,5.22645079500727,-26.808526752534,11.5160218796348
2022-05-02,-1.09721995159358,36.7391044473484,-27.1000791731223,-0.256557631255362,2.45189984145674,-23.4123331138085,12.6751855809745
2022-05-03,-1.42863913125527,37.6331421965277,-26.5934248196824,-0.222870713501671,0.528724990867481,-22.6179583508292,12.7010258278733
2022-05-04,-3.52035010737134,30.0687328378086,-20.7060715642047,-1.35307688989581,-0.5564436253811,-17.8122631396921,13.8794724887365
2022-05-05,-4.55878127557589,28.7042354580824,-20.1691318906381,-2.50803968662451,-0.809561964890669,-15.5869617733402,14.9282411329869
2022-05-06,-6.97743392820036,31.4145256615254,-18.3855528965047,-2.86470749508065,-4.17218498084631,-10.774179701394,11.7595333405006
2022-05-09,-8.25464616279633,32.8418495641711,-16.7169217107521,-3.58639486761585,-5.70631509976308,-9.73410351265997,11.1565317894163
2022-05-10,-8.87689115360104,36.3536840806148,-17.2194513533323,-3.2159788877536,-8.22424288222489,-10.1133964084543,11.2962766047513
2022-05-11,-10.6346175335515,41.8938169537517,-18.2366563653219,-1.92992282708154,-10.5405394839039,-11.89543642916,11.3433556852672
2022-05-12,-10.8164377626914,42.7278535655014,-18.2141732451175,-3.82026198238454,-11.2168344583603,-11.2028658922656,12.542719775318
2022-05-13,-11.7215283284961,47.9371588816255,-20.5828775150041,-2.41551761253892,-13.1849420188897,-12.7056802854186,12.6733868787219
2022-05-16,-11.1676722215463,42.0331114269379,-17.4840173528161,-4.56735244415442,-11.3656722111918,-10.5989070187274,13.1505098214981
2022-05-17,-11.9699656440283,41.0961958266153,-17.2373011934814,-5.91759143785466,-9.89179536059757,-7.90947344668201,11.8299312560287
2022-05-18,-11.8534778393011,40.0983016720282,-17.380073749786,-6.7270869726657,-9.10832035404182,-6.91254475402052,11.883201997787
2022-05-19,-12.0530121336752,42.7441449177042,-18.1761462948976,-6.49389531624151,-8.52499791502851,-6.78964928680885,9.2935560289475
2022-05-20,-12.3702959409473,39.8115325287862,-17.1092471430544,-8.15872000335521,-7.19462880896148,-5.82734005819589,10.8486994257281
2022-05-23,-12.782435971084,44.2755525491175,-17.0667807301162,-7.34450272869958,-9.03874379334842,-6.5657949561343,8.52270563026491
2022-05-24,-13.31571970884,52.0124950352368,-17.1107322367903,-4.22674329644828,-11.9038040402394,-9.14268034519166,3.68718459227276
2022-05-25,-13.6802938498955,51.6703165844457,-18.2446334679178,-1.78818717682606,-12.0254348507724,-10.4928140551247,4.56104681609078
2022-05-26,-13.6888538327005,51.681019146761,-17.8727808064614,-1.96697281841558,-11.8774785317835,-10.6522134903101,4.37728033291009
2022-05-27,-15.0495966358627,60.5021617262249,-18.6298056493019,0.734187366002367,-14.1892025688532,-16.0836374378458,2.71589319963621
2022-05-30,-15.8864460807147,62.4826353081195,-19.4756872976753,3.09891021529845,-15.3593893522581,-17.6857723259751,2.82574953320529
2022-05-31,-15.8641565440526,63.1180333940343,-18.6390306206928,1.66765555008336,-14.5241775608479,-17.6517541247259,1.89342990620154
2022-06-01,-16.2486479386578,62.0094777588154,-18.3539327642933,-1.37353476097483,-12.1723805495221,-15.9988785207954,2.13789677542807
2022-06-02,-16.2410940406241,63.5777943619511,-19.6250408738046,0.0150502777419561,-13.7472787021801,-17.4822544801649,3.5028234570806
2022-06-03,-16.2172429495961,62.9933626414573,-20.3267736625958,0.209298461344765,-13.7808494541771,-17.3879068960282,4.51011185959517
2022-06-06,-16.9104647585939,66.6772376896422,-21.4106584538336,1.83555412238663,-14.9368549711526,-20.1572585114154,4.90244488296672
2022-06-07,-17.0138229750747,70.9710626017963,-22.5156298442054,2.47305395492032,-16.9443180543013,-22.7019800140092,5.73163433087397
2022-06-08,-16.4996679155662,66.7904883618765,-20.9558904480991,1.54602761686768,-17.7474074626608,-16.9548774518403,3.8213272994222
2022-06-09,-16.4429223551364,67.4595864608539,-20.8809788283398,1.81948229312103,-17.1024712928458,-18.3027394794197,3.45004320176679
2022-06-10,-15.8498616043912,67.6448176562081,-20.306204910394,0.67109635812789,-16.2278334354017,-19.103385811986,3.17137174783689
2022-06-13,-15.4847342960158,68.4355375352544,-19.4215756669444,1.53787000882706,-17.3238709340236,-21.9344752933034,4.19124864620573
2022-06-14,-13.5735817323575,69.9467044209174,-18.949552610309,-1.40765149335081,-14.1954154805143,-26.1871564543897,4.36665335000389
2022-06-15,-12.3944514668284,70.0787555979411,-17.5203198316723,-2.35351012805252,-13.2556664760592,-28.6155153465934,4.06070765126482
2022-06-17,-10.8431387505587,67.5821488092105,-14.4940511988038,-3.87484035882542,-12.690017957377,-32.5975553850429,6.91745484139739
2022-06-20,-10.6682314756378,67.9158137313587,-14.5611258312487,-3.38415175010881,-13.2133764338718,-32.3720817218346,6.28315348134304
2022-06-21,-10.8161344446843,65.7997055387133,-11.2655899581855,-3.24738023743934,-13.1607039054294,-33.5895324610412,6.27963546806645
2022-06-22,-10.1558367098148,64.963755607381,-11.3081558870053,-3.96828714549041,-13.6247136156251,-33.2678393693959,7.36107711995061
2022-06-23,-10.9155617593609,68.5031687064967,-15.5344738854791,-2.66421547214566,-14.3364937374806,-29.9791024835305,4.9266786315001
2022-06-24,-10.9091768664441,68.632860321815,-14.006056710418,-0.856288974076243,-14.5153532270547,-31.7827347745441,3.4367502307221
2022-06-27,-11.2174091809562,68.729720267219,-13.6283824289386,-0.659722365005202,-14.8123280279704,-31.5713159597459,3.15943769539736
2022-06-28,-11.251273457301,68.8437951056052,-13.2428635353821,0.104474366873006,-15.1201552666905,-32.6048710275107,3.27089381440598
2022-06-29,-11.117667160195,69.7471550326341,-14.4982052241205,-1.78139114454311,-14.9383291067618,-31.0596287594674,3.64806636245373
2022-06-30,-10.9971055404105,69.477232162839,-13.3378626387436,-2.40522382169155,-15.1657744795303,-31.9356093909439,4.36434370848072
2022-07-01,-10.830813408391,70.8296351237413,-13.7182898696901,-4.56390166771538,-14.2798558463006,-33.2966380343419,5.85986370269776
2022-07-04,-10.6683540042213,74.0455581914935,-14.5101843484373,-4.49903144462154,-17.4705805367133,-30.9515496151317,4.05414175763163
2022-07-05,-10.0033820031503,71.6691475442858,-13.9073115246576,-3.86507323138378,-17.2385336828647,-31.9564626571863,5.30161555495688
2022-07-06,-10.8522887392058,72.0361529651417,-12.6104610686435,-3.96909250743423,-17.158931929818,-32.4990985338633,5.05371981382313
2022-07-07,-10.6517810276282,70.477724748723,-12.6371682531064,-2.88268691480155,-16.7252065848752,-32.1234064999837,4.54252453167196
2022-07-08,-10.9491834218447,71.0660725395572,-12.5103685198746,-2.57481526706218,-16.7899345048999,-31.0148096985004,2.77303887262459
2022-07-11,-10.9007606951564,71.1526827720804,-12.3979071669901,-2.73525746458541,-17.2044576002497,-31.2915227937711,3.37722294867236
2022-07-12,-9.64480525954168,66.1056159996545,-12.4485147001297,-3.98340264587367,-13.2632887811412,-29.9100497506527,3.14444513768441
2022-07-13,-8.7467484955357,63.4804855261266,-14.1623054126184,-3.77963007182326,-10.2710255688447,-27.8887419626466,1.36796598534205
2022-07-14,-9.33947440843027,65.1310333779405,-12.87880548358,-4.16872553218795,-11.4430466475813,-28.5720310768716,1.27104977071074
2022-07-15,-10.5742510766126,69.1019734895915,-12.5661451093216,-3.26399955694554,-13.933155238671,-29.2908573660206,0.526434857979829
2022-07-18,-10.0718700196224,67.0021540500857,-14.4712949778102,-3.4320954699408,-11.3927207533044,-27.2783249619318,-0.355847867476136
2022-07-19,-6.86843181728177,60.7302000548969,-14.709796747748,-1.61199185148404,-10.0669324112748,-31.1962348740882,3.72318764697985
2022-07-20,-12.289726865468,58.4702940065419,-12.5123062043883,-0.147065112933859,-8.70112870826779,-29.9134469501491,5.09337983466511
2022-07-21,-13.2668102773295,56.8880554135846,-12.3706349887216,1.53782373894931,-9.09679168365455,-30.1603090155191,6.46866681269091
2022-07-22,-11.0881579208971,60.8779645149823,-13.4536860014891,-2.01328810208167,-7.05961766922115,-29.6462852788792,2.38307045758597
2022-07-25,-11.1762439423488,57.8116709932937,-13.750047803959,-2.43469705758928,-4.71745988213856,-28.4502269929418,2.71700468568371
2022-07-26,-7.81976004948493,63.7924888271065,-17.0243179407839,-4.97974180135113,-5.53779345617463,-29.091288220628,0.6604126413161
2022-07-27,-8.02824902908879,63.0218142904735,-17.5971653115435,-4.85851537694339,-3.64404693376657,-28.8391435609417,-0.0546940781894492
2022-07-28,-7.4796378841702,65.8018556555618,-19.1222819651612,-5.49463939502903,-3.47113567650903,-29.8402885120192,-0.393872222673188
2022-07-29,-7.35717245195677,63.2716582553509,-19.1420953025489,-7.33501138633508,-0.680116560126017,-28.9267992919735,0.16953673758934
2022-08-01,-8.13301686717265,62.0934997059037,-19.3539582371331,-9.23665521921422,3.33847692026104,-28.9054160898719,0.197069787227086
2022-08-02,-8.40956088321702,64.9050877448522,-19.2535384520738,-8.39720615013977,0.098157061727612,-28.500250596411,-0.442688724738254
2022-08-03,1.48926599792414,66.2342871492743,-25.1265501433028,-13.1359972122041,2.3001882154601,-28.3514506063764,-3.40974340077524
2022-08-04,-15.9003437875128,61.3314372390703,-18.4635481766404,-7.74954505406401,8.95007460698199,-28.3598628977046,0.191788069869538
2022-08-05,-24.7283540055205,63.0740815203196,-12.1117357729013,0.934242864412752,10.4509092256201,-30.6510722133603,-6.96807161857034
2022-08-08,-18.0222414262365,58.3489691075723,-14.9178788752035,-3.27132409668584,13.0747316388286,-28.9507186260418,-6.26153772223316
2022-08-09,-17.4120149344181,63.3098950260686,-16.7169184653479,-4.86651917584222,15.5270610330219,-29.4098097170099,-10.4316937664724
2022-08-10,-18.6148050183673,63.3913510555505,-16.4750104326169,-4.35359314078435,15.7591407836226,-29.522460735423,-10.1846225119816
2022-08-11,-16.1208228173998,66.2919141669016,-24.8495810018793,-2.51089475059955,13.1554008034109,-27.5175490831867,-8.44846731724715
2022-08-12,-17.9585880075875,65.7635200499004,-31.1428628116493,1.38113405146525,13.7065407857266,-24.7983685349783,-6.95137553287718
2022-08-15,-27.0130854740323,70.4619516461741,-29.7978769998069,5.06538915424816,14.5492600171084,-26.2518858975967,-7.01375244609475
2022-08-16,-23.4282055393482,71.605729526428,-30.5838448406616,4.34414790029221,12.1554487422861,-27.5142903255875,-6.57898546340894
2022-08-17,30.5081455606793,54.2706453456713,-38.2257895874409,-9.66232106627384,-2.921715527693,-26.7535236988172,-7.21544102612559
2022-08-18,31.2951096581198,54.0057727796743,-38.002853896282,-9.93013575219192,-3.64959433549248,-27.1382259955398,-6.58007245828786
2022-08-19,31.5789999010033,54.1399143147729,-37.638573172789,-9.40098412530202,-5.17877281139891,-27.6202324855983,-5.88035162068798
2022-08-22,29.5960605354524,53.9901404061006,-38.6437945924487,-12.162242779534,1.64971304893677,-26.597633817896,-7.83224280061118
2022-08-23,29.0967845735655,54.7883052946267,-38.9565819261725,-12.9793162293167,2.4247289765143,-26.4254463635541,-7.94847432566316
2022-08-24,28.7773005359858,54.079486449604,-40.2421709585061,-15.3063103096143,4.25278427055797,-24.4589677743985,-7.10212221362887
2022-08-25,28.3133863801161,53.2870044085585,-40.4946936157259,-17.3827145205655,7.80120248742237,-23.5338970475395,-7.99028809226618
2022-08-26,27.4792929674135,52.5778708161196,-40.0212239315736,-19.8810406327158,9.13328115876398,-22.7257359925292,-6.5624443854785
2022-08-29,27.280691608251,51.8072979801829,-37.9850668419663,-22.5487413078237,13.0461973707171,-23.8239464918871,-7.776432317474
2022-08-30,26.6830897191745,50.9389425980554,-38.1845051670374,-21.6318997219462,12.6027801736998,-23.16537103859,-7.24303656335614
2022-08-31,26.0209467079975,51.1103115204338,-38.2049625957748,-23.0003273805821,15.7720233179473,-23.5255173739735,-8.17247419604811
2022-09-01,24.7735183237264,52.0359893560037,-38.1787797537235,-25.4005331354492,21.6980371057496,-23.8357752400558,-11.0924566562512
2022-09-02,27.1443763162993,56.8366521421761,-38.5168691144216,-24.4807032936779,14.4544216531194,-24.2704493869971,-11.1674283164982
2022-09-05,33.4390157552127,69.4663771020663,-40.081881115817,-22.0281180169681,0.383812682976689,-27.271094011802,-13.9081123956687
2022-09-06,29.3796179299124,57.2212381367839,-36.7721868343507,-21.3127942763125,12.517459676502,-25.9087525243199,-15.1245821082152
2022-09-08,26.3755423368975,48.4820269417041,-36.6527413127212,-18.6995663726334,22.8947429649943,-29.0763225933156,-13.3236819649257
2022-09-09,32.5565609611073,46.6216575742207,-39.8119726112151,-20.7217383175733,23.9670918674038,-31.4417446178375,-11.1698548561059
2022-09-12,32.5347382516016,50.8707670750878,-40.4932312678877,-14.357191714068,11.9939102418268,-26.8722817445094,-13.6767108420511
2022-09-13,34.5584409128357,45.2454950408886,-40.8136400033553,-14.4438663786357,12.296292053943,-25.8521208111578,-10.9906008145185
2022-09-14,34.5996695903902,46.5265650547333,-40.0667738030559,-14.8949602250812,13.1112552454069,-28.0692654976117,-11.2064903647816
2022-09-15,36.1186932641823,42.2240678663742,-39.5880544827597,-14.8768805160865,14.0388790790458,-27.1057386657803,-10.8109665449759
2022-09-16,34.7375963763135,47.7695529691766,-38.9072699824087,-14.4156072772554,8.97655679253832,-26.456154297546,-11.7046745808184
2022-09-19,31.3228838217322,53.875737291446,-38.9585937405942,-13.5288674973761,4.96302307779866,-25.4934448460315,-12.180738106975
2022-09-20,31.1685979675985,53.6157078357933,-39.7763404074805,-13.0356076578895,5.70425153588576,-25.4756552202798,-12.2009540536278
2022-09-21,30.4203041574524,54.7489804542633,-39.6786747942143,-12.1407036061896,3.94074198755959,-25.0380321193126,-12.2526160795588
2022-09-22,24.7514121372762,60.752560141375,-39.3225064385959,-9.27033668968157,3.38000714862792,-27.1551765779465,-13.1359597210552
2022-09-23,26.4010746967927,59.2168408260517,-39.7639460331083,-6.06646662505754,0.356932584211989,-26.5702978936704,-13.5741375552201
2022-09-26,26.0241015753119,60.0742861982887,-38.8041755555018,-5.09463484043739,-1.25059167542385,-27.5006470196364,-13.4483386826012
2022-09-27,29.8456466150414,56.8354339365957,-40.131527923826,-6.38788123578076,-0.686880351102687,-26.8216330015915,-12.6531580393362
2022-09-28,30.8122172601987,56.4367189089573,-40.7946062929745,-6.19661129347422,-1.41827615260647,-26.3380858738325,-12.5013565562682
2022-09-29,31.8112340629862,57.2251041933902,-41.46638430134,-4.71043340088451,-4.76128418515417,-26.0585897512064,-12.0396466177913
2022-09-30,36.5444360070746,55.4844540156543,-43.089684562269,-6.40478216060762,-5.64772329651287,-24.5103538276471,-12.3763461756924
2022-10-03,33.9236312678405,57.4838586843456,-38.4675348837925,-5.78149278390092,-8.60984256080776,-26.9333422729721,-11.6152774507128
2022-10-04,31.9134353350173,55.4661418341592,-33.0448192130702,-4.82528190541496,-9.85474113176034,-26.8355940545389,-12.8191408643921
2022-10-05,30.8647443832885,53.7190835235859,-31.2650493191284,-2.4072756796682,-10.0695211519247,-27.604392081253,-13.2375896749001
2022-10-06,32.7537097461328,53.6960466746445,-34.6899377105301,-3.48381454212593,-8.31492104021071,-27.4296148183457,-12.5314683095648
2022-10-07,20.2845838875764,55.1671436800118,-27.9472944644662,3.41802803801691,-4.83555264556207,-31.1607493575663,-14.9261591380106
2022-10-10,25.0251702217192,53.8414211938709,-30.1893519851464,3.12303985475019,-6.48055691788428,-30.7780677306551,-14.5416546366545
2022-10-11,18.5259535687636,59.4106155217388,-29.1964693559918,3.68297128063525,-2.46654337023202,-36.5790348135679,-13.3774928313458
2022-10-13,15.8264922894673,58.6391498006055,-28.2343199932542,5.4435822162078,-3.2560023995481,-35.8652609744211,-12.5536409390572
2022-10-14,15.3885883659921,57.1238478599879,-29.9727194563404,4.8586692663354,-1.6921101506203,-35.9294326396395,-9.77684324571513
2022-10-17,10.5502356845409,62.191607906403,-29.5418273774817,2.89750795436075,-3.31493454031192,-35.5947880090583,-7.18780161845275
2022-10-18,9.19368585238868,63.586587766676,-28.9572939650979,1.26542125497078,-1.89502296755627,-35.0887124733359,-8.1046654680453
2022-10-19,8.43157682744769,62.7316451637885,-30.058972227484,-0.31880227473124,2.22836736019907,-34.0964138023947,-8.91740104682545
2022-10-20,7.96023687063102,63.4422780290238,-29.4986564916088,-1.10661870559483,1.88928957289782,-33.7786359514976,-8.90789332385133
2022-10-21,5.1920056087266,64.2699514393604,-29.4232172684052,-1.74244250186163,3.25618904850493,-33.3806750576951,-8.17181126862993
2022-10-24,1.98581464663812,64.7346734221416,-30.0806265825426,-2.09167523437006,5.5807292827345,-33.1861664409653,-6.94274909363632
2022-10-25,-4.71214177626892,65.6427722507113,-30.9711342968546,-3.33543869186993,12.6308036371471,-34.5123444885535,-4.74251663431146
2022-10-26,11.7045661586299,58.3472787820016,-28.4141368360421,12.6660066494519,-11.9078164779783,-32.9369443250493,-9.45895395101363
2022-10-27,8.54816176135245,57.9730398442002,-24.1259436258868,11.8166951137289,-14.7647836670932,-31.6851182111536,-7.76205121514805
2022-10-28,5.69779920796772,62.1819641786716,-25.0990464080472,7.94194426213937,-10.93278208067,-31.2510902065506,-8.53878895351087
2022-10-31,7.27129901612849,52.7545395594911,-19.8524021242603,15.4878670087856,-17.4272032269502,-31.7639595441047,-6.47014068909006
2022-11-01,7.28775115128718,50.080683817839,-17.1556658919199,16.39107225433,-19.1966402106689,-31.2745705086198,-6.13263061224767
2022-11-03,4.40075477510376,57.4512492664999,-19.1288625127215,14.4687678114636,-13.5389200099348,-33.2201827525961,-10.432806577815
2022-11-04,4.55906916199443,60.536255499993,-18.5431964113005,13.811557225522,-14.1568204764006,-34.8180957528545,-11.3887692469538
2022-11-07,6.45301905329467,65.731765399915,-15.8997727129878,14.1925457001125,-17.8960483332615,-36.4951797519691,-16.0863293551038
2022-11-08,6.08519716695434,70.9840869376655,-15.9533613672433,12.3653086095768,-17.7218219779901,-36.8919552012475,-18.8674541677158
2022-11-09,17.3837222523296,69.2710040364756,-15.0505901104921,13.8409154199072,-28.4697870855351,-38.723579636759,-18.2516848759263
2022-11-10,18.4048687706436,72.3289238002467,-16.1011554189583,15.3777534717266,-32.1051275564463,-38.8557602235608,-19.0495028436515
2022-11-11,18.1803624324273,72.4352335699601,-16.1962015782577,14.5621943771529,-31.7106900825798,-37.1336749708556,-20.1372237478472
2022-11-14,17.2137179687315,59.973108381602,-15.6361381241577,17.6953474182574,-28.3438844497873,-33.2001300980577,-17.7020210965883
2022-11-16,17.8836202626105,66.7515086159996,-15.0432013976471,14.3616523136314,-29.9487833707165,-36.2634919950362,-17.7413044288416
2022-11-17,18.2055603632182,68.1497925305265,-14.5473766234724,13.7473318516888,-30.5752776825511,-36.8445770867064,-18.1354533527036
2022-11-18,17.5837189338893,66.9019243098978,-13.7067852191876,14.6129824453712,-30.7101187225337,-37.0947385327519,-17.586983214685
2022-11-21,16.4778148866479,61.1004468326551,-12.443765288807,18.7171932773951,-29.3997058481442,-36.5753950083559,-17.876588851391
2022-11-22,17.4820908107294,60.0260508095519,-12.6229130538128,18.2724505054123,-29.3148456363935,-35.5929022975004,-18.2499311379869
2022-11-23,15.3714976446853,78.2798871947343,-10.8966819044303,-4.6195142817571,-27.8385987189427,-28.9156025315507,-21.3809874027388
2022-11-24,17.3198447665993,74.8709056604291,-10.8074642261625,-5.26124974324313,-27.6925606188526,-26.7287256734584,-21.7007501653117
2022-11-25,27.1894491877131,66.0185526961435,-8.7641162939673,-8.09826969522653,-27.2481271650433,-24.651164758806,-24.4463239708135
2022-11-28,32.1659900779796,56.4479872588972,-8.6387633079092,-2.3003246989879,-27.3535151457838,-23.6989492938413,-26.6224248903546
2022-11-29,29.4863977954526,53.7221451199981,-0.35411693318725,-6.0071431599432,-27.5084496018504,-24.0736024946351,-25.2652307258348
2022-11-30,28.0213302221168,52.957102948812,-1.5878681494132,-5.15766218340909,-25.9693506059581,-23.618041727025,-24.6455105051234
2022-12-01,27.569859375826,39.9356337362996,1.72340122809133,4.41395228664411,-23.0886545507618,-25.9732139927315,-24.5809780833677
2022-12-02,27.9358787792674,39.319579630972,1.81924709530698,5.12702898838093,-22.9235952590401,-26.6984842674999,-24.5796549673874
2022-12-05,27.8539740544985,33.2099315803703,3.70690894190214,8.82293714589625,-21.9342565110387,-27.5424664044761,-24.1170288071524
2022-12-06,27.8792258162243,32.0595787629107,3.94035987209782,9.86212896820875,-21.8628235934495,-27.1546210185165,-24.7238488074755
2022-12-07,28.1901375022222,27.0872823669934,4.16956807630545,12.466551621305,-20.9860533990785,-28.1174964299069,-22.8099897378407
2022-12-08,21.484296281905,22.3720411666635,9.22139143462455,14.0396090161824,-19.666492319558,-24.1176736924447,-23.3331718873728
2022-12-09,21.6245739863077,2.74184067254417,11.3405527210871,31.9425936785799,-17.9271558506916,-26.9800023931692,-22.7424028146581
2022-12-12,21.4157402286677,1.95142596153443,11.5681512404914,30.9876779585136,-18.8243019575109,-26.4858453788848,-20.6128480528115
2022-12-13,20.5785060254417,1.19931362778998,11.6291147990201,33.1921970885807,-19.8328036848557,-26.4161977292169,-20.3501301267599
2022-12-14,20.49154132578,-1.29497204782569,13.5370107686218,28.5803147260855,-17.9734995582852,-24.2286404153441,-19.1117547990323
2022-12-15,18.15221306543,-2.14628828848325,13.3802505259292,30.8369982150278,-18.3340510092067,-22.8801547466211,-19.008967762076
2022-12-16,13.9197800963994,-4.1176552498917,13.2965193336643,34.6821291315355,-19.5210821292879,-20.7814006153657,-17.4782905670539
2022-12-19,4.59381976368918,-15.055085639124,14.968826855841,41.2760203826359,-16.8957967091906,-14.7377027416396,-14.1500819122119
2022-12-20,7.14840562618757,-15.1505297661355,18.8339192316257,35.4770659496363,-14.049390998176,-17.1496396511436,-15.1098303919944
2022-12-21,4.36465559991571,-16.4701545046601,20.1971202030493,35.4638297425059,-13.6779554183674,-16.1402981414829,-13.7371974809606
2022-12-22,4.11538578142354,-10.3271257638855,18.6400198551227,33.2388081175751,-13.4477163909845,-16.5812755017166,-15.6380960975347
2022-12-23,4.66925220070526,-9.35191805353698,19.1498084160718,32.1698966115413,-13.3284737007432,-17.302975736028,-16.0055897380102
2022-12-26,11.691799328917,-16.0970558559053,19.5574158706895,32.4045354889504,-12.7524944831627,-16.509348913759,-18.2948514357299
2022-12-27,14.3374131788314,-10.9131963232036,18.690781471983,30.3588820627034,-14.0083327334614,-18.5802972132155,-19.8852504436372
2022-12-28,15.0316958052352,-12.5890434695141,17.1061025046924,32.1868245035128,-10.6843956470426,-20.485404442579,-20.5657792543047
2022-12-29,14.9801596032225,-11.9550483801574,18.17022364701,30.2849948209523,-9.77485443636118,-20.5112015421587,-21.1942737125076
2023-01-02,16.3441107788706,-7.34572457906012,17.6450409941594,25.4258968932022,-7.3323679807844,-21.1863888821471,-23.5505672242407
2023-01-03,12.2408043807473,-10.817637130107,20.2476748529349,27.8247438853231,-8.32575410619203,-20.2305889962964,-20.9392428864099
2023-01-04,13.965044612028,-4.70088981253366,19.4923163077021,24.0460653343253,-7.06772179324989,-21.9421957614464,-23.7926188868255
2023-01-05,15.3857029377867,-0.490747036550246,18.6234938298327,22.2854313008025,-6.15166851478594,-22.9106526510706,-26.7415598660151
2023-01-06,15.6259630207657,1.93570126998004,18.5190610068262,21.0300566183977,-6.52867250223173,-23.6655216951984,-26.9165877185396
2023-01-09,17.2056921399038,3.66945494384723,16.443966480984,27.7686781685684,-10.0176919308155,-24.4659858008514,-30.6041140016366
2023-01-10,16.9249366760286,11.8898052915817,14.7816385327916,23.1937619599827,-8.88281233682859,-25.7887111016026,-32.1186190219532
2023-01-11,17.4699785226121,8.16517960029446,18.509353322503,22.6524032219837,-12.3902654006135,-24.3138202155272,-30.0928290512526
2023-01-12,18.7362449431452,9.99395732684028,17.4085414385157,24.3830167897931,-14.4376035593523,-24.1016219533573,-31.9825349855846
2023-01-13,17.6707066764506,8.6315583631199,18.3975784948109,25.7285310821024,-15.2113505807494,-22.7725354112511,-32.4444886244833
2023-01-16,17.1933162322451,7.06414520512524,17.7899002171705,27.7707942569254,-16.2717526489891,-21.5415860514811,-32.004817210996
2023-01-17,18.1802911007674,9.383057768019,14.6863120428611,29.7273665669992,-17.0601918350237,-22.9807765723367,-31.9360590712863
2023-01-18,16.3290941424317,9.20116708572532,10.8837849055199,38.0030823254209,-15.8024417850247,-23.6037037217993,-35.0109829522739
2023-01-19,15.8652032238354,7.29982321094782,11.2032799335453,37.0773381424529,-15.7544341752524,-21.1575064596843,-34.5337038758448
2023-01-20,13.5325154319315,8.8029595849499,10.9048820155211,40.9103633425793,-16.8616001900141,-23.1536956887705,-34.1354244961972
2023-01-23,9.13080756376377,11.8966884251009,5.92165162200613,49.8059356134051,-17.474860114789,-25.1261736417324,-34.1540494677545
2023-01-24,7.59120388491059,14.149896499607,4.06496167295824,50.0491517319077,-17.6884648222067,-24.9342489249794,-33.2325000421976
2023-01-25,6.22636389878801,15.0921737552876,3.47533550790657,51.2933117537946,-18.0908635239823,-24.9496593695206,-33.046662022274
2023-01-26,3.47300885275738,17.3072539198007,1.41680670312087,54.9890534160899,-19.2718840599403,-25.437967490066,-32.4762713417626
2023-01-27,0.778735750051204,18.492887099638,-0.196329103725418,55.8340746965964,-19.8330794231116,-22.6045670812933,-32.4717219381553
2023-01-30,-1.36262473433548,21.5869214799266,-0.786969837358267,54.6231054535315,-21.3664153009905,-20.9430658887421,-31.7509511720317
2023-01-31,0.357438416807689,19.7245561624824,0.336492818433509,52.8295361158567,-20.1729140130812,-20.7808281629371,-32.294281337562
2023-02-01,-1.00598459707114,20.2747395511073,0.222050918762857,57.0982339177204,-21.7323165764572,-22.8098067806398,-32.0469164334224
2023-02-02,1.02731305782926,6.89060204458414,3.83525958625081,65.6286965298454,-15.8421770291746,-25.6377762709803,-35.9019179183547
2023-02-03,0.486642830456162,8.72021182456002,3.96750434147582,63.403423381357,-16.7737997407575,-24.9301563468022,-34.8738262902894
2023-02-06,1.38897312945214,8.0343825768973,4.5703783802988,64.3419469922182,-17.4135507492637,-24.8877692340789,-36.0343610955238
2023-02-07,2.08136373699917,8.11637122018989,4.85002687909716,62.8824899620008,-18.2113340637886,-24.8264130836422,-34.8925046508562
2023-02-08,-0.701752559551132,8.92076697946235,5.65543145177219,62.3486316977617,-17.8151418925309,-24.6311973325631,-33.7767383443512
2023-02-09,3.39512848210158,5.07808448131182,3.85201927921565,68.5457365883046,-22.0288782672297,-24.4810361013552,-34.3610544623487
2023-02-10,7.87529109835059,-11.5428758953234,5.75842757668177,74.4116517436353,-17.472443218714,-25.3687254185574,-33.6613258860729
2023-02-13,8.56926850862741,-11.6053118858693,6.41210302506364,75.1064905929371,-18.8528787819652,-26.5155142098137,-33.1141572489801
2023-02-14,11.4262515665139,-16.0200941675433,7.84736224372013,72.2415444762208,-18.8261447610048,-26.1357799438641,-30.5331394140426
2023-02-15,10.3215870644642,-16.0022909912886,9.97770619911737,70.1383640133117,-18.6228501768272,-26.1627266919185,-29.649789416859
2023-02-16,10.3420795458529,-17.0921934092986,10.1421509405194,68.9116030675314,-18.5743522894201,-24.9379512189539,-28.7913366362312
2023-02-17,10.7077255316991,-18.6878739766134,11.3431956800262,67.2409249063575,-18.7392415496052,-23.9089149361943,-27.9558156556699
2023-02-22,9.22455509139581,-15.6238647127763,11.3865146442907,66.6699771332948,-19.7410767205772,-23.4576385284676,-28.4584669071602
2023-02-23,9.99240484208909,-18.6816630166377,15.8442959037285,63.5100248884817,-18.6218641763597,-23.0702228880114,-28.9729755532904
2023-02-24,11.7389037786393,-19.5106593839902,16.677721472718,61.6020415697125,-17.6032094420498,-23.8400430661057,-29.0647549289241
2023-02-27,15.4242411389647,-22.1989791835599,19.2735708424772,56.1618178455146,-14.8905819398321,-24.2943626665913,-29.4757060369732
2023-02-28,16.20298973304,-18.9953743793643,16.6108794082771,57.0182267980859,-15.1708830239163,-25.3849965083521,-30.2808420277704
2023-03-01,13.6717777349391,-15.3044676147562,14.1230367261007,60.886030253483,-18.0290155487101,-24.7649584802224,-30.5824030708341
2023-03-02,15.1282281411526,-12.5031941278371,14.3642989953563,58.7158423296034,-18.6194037717065,-25.6411257108744,-31.4446458556942
2023-03-03,13.848539476006,-11.2813123976341,14.6520552705203,56.212925115064,-16.5081753705799,-26.6818862819866,-30.2421458113896
2023-03-06,14.4198942246318,-12.6702466447425,16.8055496331421,53.3311442937329,-14.7425076354957,-26.9800755804781,-30.1637582907904
2023-03-07,5.5611017348122,-25.100395372784,22.9110812217044,52.2456576580082,0.635195738730431,-26.7049897519295,-29.5476512285417
2023-03-08,6.35685423815546,-23.5691603793718,22.3059323025429,52.973072045332,-0.177846494831279,-27.6513173091422,-30.237534402685
2023-03-09,5.11102801297737,-24.5819126035919,22.1629822222725,53.931493643317,1.69164900360664,-27.6725052599847,-30.6427350185969
2023-03-10,4.09987015481023,-25.4462866844489,21.7158456978851,55.2890326330903,2.35892799838005,-28.1737025605192,-29.8436872391976
2023-03-13,2.70522727258536,-28.5672828047521,22.8093812854339,55.6665109948509,5.76523246037183,-28.1732649718451,-30.2058042366448
2023-03-14,6.28257993696887,-29.2898524894769,24.2933425853813,54.9164583017589,5.70895032753409,-30.5087230263758,-31.4027556357905
2023-03-15,5.48685717368571,-37.4806680599549,24.1335843383916,56.5416059559365,9.45613716909883,-27.8681907614911,-30.2693258156667
2023-03-16,2.28045295365354,-36.6625980982318,23.1041705122081,59.7030111643082,10.8036734241158,-28.1985179288743,-31.0301920271795
2023-03-17,-2.02271403756882,-36.606726436152,21.4019301981301,61.4009914859857,16.5949590920975,-28.0913608753132,-32.6770794271793
2023-03-20,-12.2273282327559,-36.5930779395576,17.7987943429455,64.2512292275012,24.506854665143,-24.7604248967062,-32.97604716657
2023-03-21,-13.0443676923246,-35.9163025937947,18.3277321715218,65.7007721266334,24.4969956577182,-26.9331894938152,-32.631640175939
2023-03-22,-13.6626608482366,-36.2563521534642,17.1410911151038,67.172458264693,24.0163701930888,-25.9764374488226,-32.4344691223623
2023-03-23,-15.4803893204405,-35.6202859242205,15.6812411645188,67.6966477034036,22.9552023854266,-22.3181165386599,-32.9142994700281
2023-03-24,-12.7908643140649,-36.6742044646353,14.416391525207,65.2956962244905,22.1456955826062,-19.0915883290882,-33.3011262245154
2023-03-27,-11.8711531544723,-36.7817847780259,13.5194955883876,65.6474137414784,21.6088342961568,-18.6784999368637,-33.4443057566609
2023-03-28,-10.9743718442008,-37.0196803168709,13.483123237506,65.5263159978306,21.1940003544205,-18.6711144121957,-33.5382730164897
2023-03-29,-8.22399681934859,-36.283345466287,16.2417410514059,63.1535060922147,20.805273784262,-22.7517532800952,-32.9414253621518
2023-03-30,-6.94227660590057,-36.5509326181298,18.3167558208724,60.4037875919596,20.7118990923841,-22.9389236670836,-33.0003096141021
2023-03-31,-7.45385843484205,-36.8316031205717,19.3508350278942,59.970891969564,21.2921945670261,-23.5837835122749,-32.7446764967956
2023-04-03,-7.31516708653994,-37.0482754665401,18.8221855029673,60.9145736971843,20.8741836455161,-23.4304004022603,-32.8170998903273
2023-04-04,-12.0698425263852,-37.3438558492397,15.7026466043168,62.3325926900882,26.0391361674341,-21.5042415030532,-33.156435583161
2023-04-05,-12.5726586109152,-37.0648777241112,15.1125613284849,63.3051904969599,26.5147902320014,-22.0818510193187,-33.2131547031012
2023-04-06,-13.2721093760226,-36.9755261801839,15.0712509892892,63.162932328201,27.3195719181025,-21.7181613755314,-33.5879583038548
2023-04-10,-13.3617746965192,-36.5237887007,15.0840265220641,63.6371384059085,27.336573186982,-22.3818744556921,-33.7903002620434
2023-04-11,-13.6884150600741,-35.0160007789243,12.9203197328706,63.8102069516376,28.0510494958882,-21.8098563297564,-34.2673040116417
2023-04-12,-14.0197107503718,-34.6274899975992,12.5789425660501,64.0110125919275,26.849893146225,-21.5848689135367,-33.2077786426949
2023-04-13,-12.5489524735638,-33.8333521627339,10.6720745656551,64.1951611215649,26.4436989971731,-21.2268956438332,-33.7017344042622
2023-04-14,-13.1424419384676,-35.0386646096926,8.77789104628242,63.9731715415329,28.728047160864,-20.268036383256,-33.0299668172631
2023-04-17,-9.15698326470317,-35.4800971610355,10.1399427102015,61.1592910202646,26.3329558625881,-20.1865328360942,-32.8085763312214
2023-04-18,-9.10826422499586,-34.389371282693,10.1865932384839,61.2446954091814,25.8700989126171,-19.9798896437162,-33.8238624088773
2023-04-19,-6.89263472620514,-34.293687790392,12.6285695146821,59.2606279067356,24.5146203772343,-20.1584909509463,-35.0590043311086
2023-04-20,-5.98677429449742,-34.4419870772879,13.2465076118328,57.8040292878337,24.2495899722596,-19.8995121451243,-34.9718533550165
2023-04-24,-4.65500878529249,-34.1735576359305,14.3527013754619,57.7674441906565,22.9317164169208,-19.990448069216,-36.2328474926003
2023-04-25,-3.01219102383413,-35.3703864561493,15.2269168283268,55.5951862216797,21.1496608939095,-17.5916287722028,-35.9975576917298
2023-04-26,-3.03598233136848,-36.3561641545751,13.6718681369501,54.4863987415523,22.4003474808648,-17.0534727251108,-34.1129951483128
2023-04-27,-0.686962470560957,-36.5829001390419,14.9237316670566,53.8467253788069,20.7438378716055,-17.4379952178306,-34.8064370900356
2023-04-28,-2.93844433024943,-34.6616167703923,13.9898573460219,54.4738999748513,21.2007188149038,-17.2506336512202,-34.8137813839151
2023-05-02,-5.04109111579139,-35.4873551126336,12.6482961241294,55.0511083681362,21.8246258323458,-17.1402836079412,-31.8553004882453
2023-05-03,-5.35979321211894,-34.8116108652975,11.9727387294091,55.128579266612,23.2920126668598,-17.517726553888,-32.7042000315766
2023-05-04,-5.86579721764051,-33.4804944085054,9.63110777047624,55.3782341407014,19.3305198655875,-16.7434389149533,-28.2501312356659
2023-05-05,-4.01176477828817,-29.4751737885672,6.85944294911747,53.8230026455387,15.6757558325182,-16.7891951091341,-26.082067751185
2023-05-08,-4.43509498665487,-29.0717862270894,7.39594493578011,53.5912853934843,16.308250961162,-16.5008306739594,-27.2877694027227
2023-05-09,-2.75897674979129,-27.1022107622378,5.93168152436909,53.2393451289314,13.924682624967,-17.4411355504764,-25.793386215762
2023-05-10,-4.14452708372971,-26.6535124320643,6.94434416318644,53.7894022229256,15.1769662358186,-16.2072654508535,-28.9054076552831
2023-05-11,-2.27582799555402,-25.9240816021881,6.03637258360826,53.1763378357952,11.6785130542301,-15.9280013939779,-26.7633124819136
2023-05-12,-3.23064805876757,-24.4558749863055,4.80761597111493,52.5615458784867,14.0514207425514,-15.102925977994,-28.631133569086
2023-05-15,-0.846369341213141,-24.8204255468544,2.80305597472866,53.2624136057213,23.084385712892,-25.0993052116568,-28.3837551936176
2023-05-16,-1.54231296063452,-24.9973645276654,0.958930288318825,55.5259908081669,19.7183581094875,-24.6044402401454,-25.059161477528
2023-05-17,-1.17590107627665,-25.0097520925895,1.60616598699248,54.0827010148859,21.884508908005,-24.6105551606623,-26.7771675803549
2023-05-18,-1.03972577442735,-25.2561751436009,0.18127478275035,54.9340061943614,19.5042054123699,-23.4196620171741,-24.9039234542794
2023-05-19,-1.58569218477437,-25.2707843927208,-1.88601921332742,54.5723493198243,18.3914900907275,-22.2994461245757,-21.9218974951534
2023-05-22,-1.46648778403461,-25.1071551184089,-4.99620361046711,53.5122758396662,16.8703657760025,-19.8955013649182,-18.9172937378399
2023-05-23,-0.883298621318673,-24.6837616948511,-8.04779789417572,54.4702665492718,14.0759241227686,-19.0042388301117,-15.9270936315832
2023-05-24,-1.0915774597059,-24.7928953068524,-8.94060470981684,53.625588451832,14.8364352691792,-17.5416529720984,-16.0952932725377
2023-05-25,-0.377049713174536,-25.0602546387394,-11.4009028124334,52.0570173896758,11.435047717141,-15.0089863986347,-11.6448715438347
2023-05-26,1.76214273584845,-28.3903346102373,-8.23640678651263,48.8548126629637,6.00552784627467,-13.3799007437809,-6.61584110455602
2023-05-29,1.90461947391609,-28.7753139072203,-9.09007064235095,49.0009505956846,7.33565867221362,-13.8448928767574,-6.53095131548568
2023-05-30,3.3913998671466,-28.4611495744145,-9.89025788795482,48.5488618803577,4.58032108853176,-12.0459339321014,-6.12324144156534
2023-05-31,2.50676855817003,-29.2140353232861,-8.34774157910934,49.2658803207024,8.00795724585427,-14.6449431217089,-7.57388610062236
2023-06-01,3.27849713971037,-31.4145834347781,-8.41092708017681,51.1873004349134,8.23194903464254,-15.4265569720929,-7.44567912221852
2023-06-02,3.56493043827243,-32.2745366214981,-7.96215986902136,51.2647041535645,8.83051412787009,-16.1909040173081,-7.23254821187945
2023-06-05,4.33987148796028,-34.1908893776632,-6.89417416945592,49.9220878431485,9.02074394931916,-16.3251144910071,-5.87252524230162
2023-06-06,4.27134973925767,-35.4716165266062,-6.34319392498606,49.9308357582262,8.84779307611793,-15.9600754250416,-5.27509269696802
2023-06-07,5.81277230861522,-36.7452405909324,-6.92776942113447,50.0750758276071,9.50381894617027,-16.214678177705,-5.50397889262081
2023-06-09,4.75238268123542,-38.3523258519312,-6.89777116641073,50.2922568574449,9.42625916185126,-15.3435474124988,-3.87725426969085
2023-06-12,5.37513179791586,-39.2332056286357,-7.09607580228702,50.2776587497332,9.69259238716973,-15.0339282630615,-3.98217324083463
2023-06-13,11.4599708239921,-40.8517021078962,-6.17611508290709,48.4413650100663,10.1461361537402,-17.3408220681794,-5.678832728816
2023-06-14,8.35581869754206,-40.4472272406919,-7.84415209259811,49.6506540301246,10.5616930947804,-18.3828560935244,-1.89393039563267
2023-06-15,9.39529426190676,-40.4369979167683,-8.75722293416312,45.7445409410132,10.6409481076307,-17.8599796871878,1.27341722756847
2023-06-16,8.18426271365994,-40.3546458222395,-8.84925640621446,46.7952068068893,10.4311748205457,-17.4609340638185,1.25419195117759
2023-06-19,4.61473090489545,-40.4196496827639,-8.46926584214874,50.0928065535484,10.5844086431794,-16.2604425893239,-0.142587987386634
2023-06-20,5.31988020249435,-40.5795298079712,-8.20563438421539,49.4175989788929,10.3171677266489,-15.8634794574681,-0.406003258381428
2023-06-21,10.9165306060873,-41.8025821268385,-5.70533262423414,44.6273219342443,9.63730973764216,-16.3918337822094,-1.2814137446917
2023-06-22,9.97596131754446,-42.3324567825885,-6.8911571970784,46.2820935373017,10.2869519674375,-16.8380862102232,-0.483306632393671
2023-06-23,19.3774520760059,-43.4158121036781,-1.0282144819371,38.4289369969788,6.28467229240537,-17.1372772307676,-2.50975754900724
2023-06-26,26.0385331075415,-44.2374085356721,13.4604652058199,29.3548419815642,-1.5073429270798,-20.4201291748931,-2.68895965728057
2023-06-27,26.4247001819856,-46.6374876449861,18.2731051018678,26.2210419535818,-8.99029784969394,-16.651167294543,1.3601055517878
2023-06-28,28.9224629562185,-44.6830766733826,16.7059513928434,24.8691281204163,-10.8788975001674,-16.3970892338176,1.46152093788937
2023-06-29,39.5018008783594,-45.3606769035107,21.0590222796578,17.1197152867725,-15.5900218556207,-16.1338214954731,-0.596018190185198
2023-06-30,35.2117293164432,-43.7742237217455,23.5222573802416,15.2540227592389,-16.801398128421,-15.2262203367076,1.81383273095038
2023-07-03,34.1272083663872,-42.2027807398464,23.2461756666098,12.4781087313914,-17.5837100376178,-13.99310872307,3.92810673614595
2023-07-04,34.991914519439,-43.4928430260834,23.3528469568461,15.1508108013488,-16.2446634352063,-14.6301616436383,0.872095827294146
2023-07-05,37.3473063024976,-44.0877336839568,26.0279393944057,13.5538101656225,-17.9797672504568,-15.8425652334093,0.981010305297019
2023-07-06,37.5487842784357,-42.7289323821435,26.0351794031774,10.1727249900147,-18.5668534965797,-14.7960778630719,2.33517507016736
2023-07-07,34.9249389835034,-43.2444087738554,24.7427561375893,12.4622179054662,-17.741770577351,-14.0969588721595,2.9532251968069
2023-07-10,36.7492312296858,-44.0081656179285,26.9749381563923,11.627881602027,-19.5950683973523,-14.5614897853315,2.81267281250718
2023-07-11,34.6141465499005,-43.3510671625115,26.5144654399336,12.2511763036703,-19.0417569944008,-14.4015784352343,3.41461429864219
2023-07-12,34.5452714344349,-43.0487263082063,26.572836733098,11.0193828891658,-18.157059874729,-14.6728334068065,3.7411285330432
2023-07-13,35.5851315674721,-42.8638072269034,27.6238261947215,10.2630503990956,-18.9207125644965,-14.372390363229,2.68490199333953
2023-07-14,36.3321397836797,-43.0239893616162,29.0690566276001,10.5929952855804,-19.1224855761538,-15.1542011251968,1.30648436610652
2023-07-17,35.0041262146414,-42.0159001604656,28.6698024601788,9.79888252463386,-19.4803657623008,-13.7667422104333,1.7901969337457
2023-07-18,36.4742890984149,-39.0171816679858,16.6072427122189,14.2977988125032,-17.6006747484458,-13.722674374392,2.96120016768664
2023-07-19,36.5520202162225,-37.6407627016424,11.9760625510309,14.998510810645,-16.4092624120838,-13.6038047478729,4.1272362837007
2023-07-20,35.6170802026709,-36.4810895165898,12.6243584342619,13.2508101934741,-15.2617260996013,-13.9913074772875,4.24187426307173
2023-07-21,33.8048005736994,-35.6268792048558,15.9726742897182,11.023354230864,-15.5205460748342,-15.0263532029568,5.37294938836515
2023-07-24,34.7217630732046,-34.728458846373,17.7451275752782,8.9162465734446,-16.223920576664,-14.7540118905439,4.32325409165347
2023-07-25,35.7731313851795,-33.4317621971328,19.1733367910949,6.20845977741116,-16.2030777632976,-14.8646658437156,3.34457785046038
2023-07-26,32.9802588568199,-33.4851608736917,18.9836361966974,4.37465029134699,-16.2007858313015,-13.0480229677572,6.395424327886
2023-07-27,33.2898127845038,-32.7976667813719,19.2317662756351,2.96316351884227,-15.6391975803591,-11.9966535244224,4.94877530717222
2023-07-28,32.6234666988072,-32.6693399738457,20.1364593157593,1.4751398224823,-15.4755905586808,-12.1778538903649,6.08771858584254
2023-07-31,31.6947834391566,-32.9573996370162,21.1321314149698,0.498297310996385,-15.2974744535647,-12.267449726617,7.19711165207507
2023-08-01,31.3404504950325,-33.2354828990789,20.6112468629003,-0.279354581528153,-13.3925445496805,-13.0497095083704,8.00539418072522
2023-08-02,30.1184837583625,-32.5659806974591,25.4919138646073,-3.38992438454745,-13.2064162287514,-12.3855575618001,5.93748124958822
2023-08-03,30.9798234118397,-31.7629683140919,28.2685619707421,-6.96233457905043,-13.1637344889629,-10.6248625015097,3.26551450103317
2023-08-04,29.4843485244361,-26.5612058832035,27.7213333788359,-7.98418104707817,-12.6124783718424,-11.759120094151,1.71130349300318
2023-08-07,25.9962740525477,-25.9408670651579,25.0117177592082,-6.34415562043694,-9.7973235762202,-11.8944354316536,2.96878988171279
2023-08-08,35.7825563778212,-25.0806688785591,37.7636386266995,-17.1736791002227,-18.5140113199032,-11.2783031024715,-1.49953260336439
2023-08-09,30.7233322116,-26.1707578698149,24.4781420938313,-5.41173488648236,-15.8141776573832,-11.7606492935388,3.95584540178797
2023-08-10,29.9713365263609,-25.8586719909587,24.8716255160194,-3.9577465474764,-14.8300999153287,-12.977796289582,2.78135270096552
2023-08-11,27.8431309617439,-27.8805924014225,27.5769522327853,-3.33095221444533,-13.1739954605499,-12.9295307264721,1.89498760836062
2023-08-14,36.8972645294854,-27.8337739215281,16.6837026530086,-7.74352617568028,-14.4721838202531,-12.5759254768653,9.04444221183277
2023-08-15,39.0771144716993,-25.1651691569173,8.9481179509173,-8.96920791503003,-14.6424060052239,-12.2593244663729,13.0108751209276
2023-08-16,34.900611798897,-25.5732632937678,16.3285347275474,-11.2790371517044,-15.9750697703262,-7.21840069848804,8.81662438784196
2023-08-17,31.540804675754,-23.8029880045833,20.5733857859824,-13.5941140833244,-16.2012988311331,-4.74665693024271,6.2308673875471
2023-08-18,33.3361576270866,-24.4067964661199,20.1011991494885,-13.9821463409802,-16.2147575596018,-6.29303435609839,7.45937794622514
2023-08-21,32.1506207980131,-27.3536633431671,22.5856213210894,-14.4164668135418,-16.0327704773641,-4.74248773503254,7.809146250003
2023-08-22,36.1613863794666,-24.3013364871555,14.9216633850515,-16.7150682112148,-14.5073446988545,-5.03467170801121,9.47537134071791
2023-08-23,35.4740014893963,-24.2637225378829,12.0159031969945,-18.1750396713101,-13.0176101796603,-4.54344127524559,12.5099089777082
2023-08-24,35.0235277116548,-21.5413993197047,7.44590257644164,-18.0192851799495,-12.1616676255963,-3.42715878829508,12.6800806254491
2023-08-25,35.3190210679313,-19.726398512041,6.41149184975411,-19.2691940302834,-12.5709833022185,-3.14241807852293,12.9784810053805
2023-08-28,40.1676309263723,-19.8549225610143,4.52324509645997,-23.9006433221109,-13.8586127091805,-3.26167815758682,16.1849807270603
2023-08-29,47.4660590377735,-20.5975528163159,1.60150514292455,-26.7903709135185,-12.3370909030035,-7.69273398007484,18.3501844322147
2023-08-30,47.752798736903,-20.5645909839091,-1.67703199804827,-26.9081743775594,-9.32102259306092,-9.01575763791601,19.7337788535907
2023-08-31,50.924492898402,-20.2366773160974,-4.16193421316358,-27.5299572430783,-9.03943120377942,-10.3858473583817,20.4293544360984
2023-09-01,51.4836167387787,-20.4786306479763,-5.04634638303039,-28.0493078393846,-7.544699166039,-10.4851808408714,20.120548138523
2023-09-04,46.8382682520922,-17.1298621725539,-4.00624213015995,-27.4453321481041,-5.51903198612253,-11.2483143986755,18.5105145835237
2023-09-05,50.8536164483701,-16.7637383781925,-5.94901288200066,-29.2635187436341,-5.84615589668915,-11.460326099162,18.4291355513083
2023-09-06,50.2168654295978,-18.3611744544257,-3.13687081711555,-32.895730208522,-1.05114868874316,-10.1899715574884,15.418030296697
2023-09-08,48.4747418948755,-18.6583714301603,-2.39973532961797,-29.9707528447655,0.451895783711358,-13.7373888396374,15.8396107655943
2023-09-11,49.1749220360397,-21.1481179327659,-3.24174507819448,-28.4903857478488,0.38315419696135,-11.8317184079822,15.1538909337902
2023-09-12,49.2120629559443,-21.872615575008,-8.37334196226927,-28.1229885491617,5.95134826771611,-13.9047842978046,17.1103191605832
2023-09-13,48.1142103508533,-20.4403335755692,2.34944771475605,-29.89526903767,-5.75022852106122,-15.4099096239962,21.0320826926873
2023-09-14,49.6899914364693,-19.8339711475682,3.42577391258894,-30.2182287497307,-8.03612806844044,-14.867060012013,19.839622628694
2023-09-15,48.7275382162696,-19.5794168750071,7.97136392358784,-29.3745798611059,-12.6497349107331,-15.8398512854649,20.7446807924536
2023-09-18,49.1033006724238,-20.0673982282137,8.52418832692751,-28.9347982744652,-14.2798857657925,-15.2290798150386,20.8836730841588
2023-09-19,47.9841389301509,-18.4385849007327,9.39361281385342,-28.8827040746686,-14.7874790022917,-15.0582670145909,19.7892832482796
2023-09-20,48.6381079749795,-21.9928566482457,9.11170318522611,-26.486569181257,-12.9963669437026,-18.4843170657575,22.2102986787572
2023-09-21,46.0498348790707,-24.7576999047981,18.7445205703386,-30.4345825523894,-20.9867802454979,-12.1698977849839,23.55460503826
2023-09-22,44.2804191678511,-23.9723284106308,20.0849629909097,-30.8956118968839,-20.6415056994607,-11.8909159814519,23.0349798296666
2023-09-25,43.7711379580467,-23.6824219086043,20.3677539932448,-30.0229473886974,-20.4802424942147,-13.0900855830447,23.1368054232696
2023-09-26,49.2863608686159,-21.2052766682799,18.1778674859427,-30.0678633396776,-21.8361259234551,-17.9253896000791,23.5704271769331
2023-09-27,56.1676624067524,-17.9280024283057,17.2819451175664,-29.9263555118275,-28.4716174303712,-18.1045699228416,20.9809377690272
2023-09-28,54.9809131642478,-18.8826805924565,17.7297873720755,-30.8641339139463,-26.0271276977983,-16.8155968287004,19.8788384965783
2023-09-29,54.2195881328141,-19.2966754399039,18.21252823836,-30.9462860134279,-26.1433460204471,-15.7804076812848,19.7345987838897
2023-10-02,54.1337124256636,-18.8221407408245,17.7654254215717,-31.0058666453436,-26.1612263925538,-16.8959056441325,20.9860015756191
2023-10-03,54.3685319715473,-19.1470389904908,19.2448756169604,-31.7718401000179,-26.5493524620354,-16.6924470472177,20.5472710112542
2023-10-04,52.5728694754992,-18.555317111326,18.5204263435235,-31.6756737293377,-25.9107633032596,-15.8419893272174,20.8904476521181
2023-10-05,50.6370895295822,-18.2830015004452,23.4840513486381,-32.2041717414289,-26.7275330414797,-18.0675347410919,21.1611001462254
2023-10-06,47.4497908414327,-17.1279076535524,31.8397059564081,-36.245470889288,-29.8840137535836,-17.6214425722319,21.5893380708149
2023-10-09,48.444425327539,-15.686350884556,29.5509006783126,-35.4015827121459,-30.0500822503528,-19.1025245060143,22.2452143472174
2023-10-10,48.599853676131,-16.2769698239048,32.6266840329185,-36.652239530702,-29.328607122386,-21.0949941535063,22.1262729214496
2023-10-11,47.6719726345701,-16.4003806922781,34.2423086334986,-37.1925218478661,-29.3040036416924,-20.7498345378146,21.7324594515825
2023-10-13,50.7680645851638,-15.9601472939397,31.860918737236,-36.8995468423276,-30.3913866858112,-23.8317651197371,24.4538626194158
2023-10-16,50.1769312248477,-16.3703507060722,39.1372057759447,-42.4364257057659,-28.9226879446715,-21.9696887673209,20.385016123038
2023-10-17,51.3425559070793,-16.3308308143869,38.1341767970263,-41.4767620343506,-29.8344549782522,-23.7457903726349,21.911105495519
2023-10-18,52.004559351544,-16.3612176763694,36.5728732402903,-40.8219112739502,-31.5965262413818,-25.5673564677359,25.7695790676029
2023-10-19,53.11230568896,-16.1320513334724,37.5055541536187,-41.7497482197587,-32.7052787951754,-25.3543787375022,25.32359724333
2023-10-20,55.1359904950427,-16.620765609126,35.9777181036198,-40.8810453667786,-33.236973699835,-29.3414711992581,28.9665472763352
2023-10-23,61.2768487631397,-17.3353416309175,30.0943294724442,-38.0700176860442,-34.9189471101275,-33.0923121613145,32.0454403528198
2023-10-24,55.9134088676323,-15.7801998521185,36.645313516988,-40.10098288443,-32.2913729985364,-31.6183631782024,27.2321965286669
2023-10-25,59.6558513297505,-19.4866095613055,35.4470264498683,-32.2155358707549,-33.6343240968505,-39.0741903622891,29.3077821115814
2023-10-26,59.8860271078704,-19.0186706055061,34.4963127563765,-32.602934498781,-32.6161582750292,-40.1315114416944,29.9869349567637
2023-10-27,59.1028145563994,-17.7775416052297,30.6076040212605,-33.2237764482788,-31.1396288350763,-39.4588461376251,31.88937444855
2023-10-30,59.288220317705,-17.5929851678587,34.6691743395389,-33.5022432895682,-34.213956385371,-39.2512271531014,30.6030173386555
2023-10-31,58.9687657311623,-17.4213305355176,33.7654273648299,-32.573916808758,-34.9778622237927,-38.2478852096909,30.486801681767
2023-11-01,58.562553417888,-18.1567579030219,33.9705702641921,-32.556136173563,-35.0736881371223,-38.7687599809376,32.0222185125649
2023-11-03,58.3296532127977,-21.9005138455155,31.037956323168,-26.2981577999141,-33.466707398858,-37.5956903554724,29.8934598637944
2023-11-06,58.6527416106164,-18.8019180600482,30.5471612280246,-26.3638877448235,-36.3421785647193,-39.4499246938126,31.7580062247626
2023-11-07,58.1360937944165,-18.9541276000873,31.3711957148944,-27.3486324990051,-36.1553440387849,-39.5798986810562,32.5307133096226
2023-11-08,54.7753010497711,-15.179955932859,40.6544116368743,-32.6946417381237,-42.082594840908,-41.2859706616707,35.8134504869161
2023-11-09,52.0523122033921,-18.0285671885073,35.4983715415313,-26.0410432172794,-39.5158692231718,-39.594142461566,35.6289383456011
2023-11-10,51.2081106364541,-20.529576900552,34.8707618492514,-24.6917385306679,-38.2983550517099,-39.3204547942966,36.7612527915208
2023-11-13,50.5872277637968,-20.6695690026107,35.1833437798674,-24.2126329141691,-38.2320108239124,-38.7986731886086,36.1423143856367
2023-11-14,48.1120591214873,-21.2735206369001,36.6067519802352,-20.1237631086783,-39.6114474098958,-34.979044294439,31.2689643481908
2023-11-16,46.8054325529422,-21.4202626312883,34.8632169467877,-18.8037550663665,-39.3192183062163,-34.0897935606754,31.9643800648166
2023-11-17,42.945063131198,-14.8909156837096,30.7816491326019,-13.2971863940815,-39.7115686800278,-31.7905788958389,25.9635373898579
2023-11-20,43.8527494695899,-18.2817513899214,32.6593897627478,-13.6354981376866,-39.6642343050523,-32.306452948836,27.3757975491586
2023-11-21,46.5122042122315,-18.6488448417247,32.8234677390587,-15.2886029439676,-40.0352744273485,-33.5420851380615,28.1791353998121
2023-11-22,44.295665097823,-18.5325998402591,31.7220697298307,-12.2407129842308,-39.9485455260055,-32.3201959378855,27.0243194607272
2023-11-23,35.9979075341253,-9.89894019360688,29.674189990006,-9.70944505376039,-39.4545863150677,-31.8718259005538,25.2626999388574
2023-11-24,35.3653943692657,-9.94161541584494,30.2884628144611,-10.9151045755195,-37.9668845755688,-32.6964493176868,25.8661967008932
2023-11-27,41.9905466303411,-3.25731781609467,23.9241449849446,-9.68744866972192,-37.3012645298479,-39.4485289417163,23.779868342095
2023-11-28,39.0490468083651,0.584715929946604,24.0254104109805,-10.9667211801664,-37.8979343682181,-38.5967622805191,23.8022446796114
2023-11-29,41.812004718861,-3.60255244002906,19.4833264936869,-7.37496283643702,-36.0230960729037,-37.3718791329025,23.0771592697244
2023-11-30,42.1860691344946,-4.50310469363816,20.2685151291695,-7.73163264378436,-36.0246876640715,-37.6440460849396,23.4488868227697
2023-12-01,40.6148441436537,-3.41084427874534,20.4706959692363,-5.96159169150453,-36.6980070751247,-37.5975073776298,22.5824103101144
2023-12-04,37.9162807567231,-0.632917686171318,21.2376315307524,-5.23270957043583,-36.9903677836408,-37.0241440570937,20.7262268098662
2023-12-05,45.5191043278499,-9.49632685437208,18.0382233027152,-6.17827118269771,-33.6070675333431,-37.3846979808738,23.1090359207217
2023-12-06,43.9563315454811,-6.18759327735138,18.9746283177348,-4.93694477829425,-37.0620063701906,-37.7736067057348,23.0291912683551
2023-12-07,46.3796684940464,-9.64478084533576,16.8849942685106,-5.58942195496879,-35.4719004219969,-37.2405363014054,24.6819767611498
2023-12-08,42.2668625653941,-5.91223043298758,17.5001523592629,-4.3707076175514,-38.1535148715727,-35.827535138016,24.4969731354707
2023-12-11,44.9645677807984,-12.1466351649243,17.0374707917249,-8.61018881857765,-36.0608137431418,-32.2035442288292,27.0191433829496
2023-12-12,46.3618583167357,-15.1880738889404,20.4654026476709,-9.69905316517858,-34.7302815033424,-31.7303167494131,24.5204643424678
2023-12-13,45.3442090750544,-17.4827092677054,23.6485543980728,-9.06498698944917,-32.3278535615626,-29.9565236815947,19.8393100271847
2023-12-14,43.8167268848029,-17.9844226261089,31.3900117388148,-15.9525069593756,-32.6559365332944,-29.2162302822941,20.6023577774553
2023-12-15,42.4997245151986,-19.3658677899398,29.6866809711996,-16.3817164358233,-31.3081535707441,-27.041679334376,21.911011644485
2023-12-18,45.0038334634555,-15.9092943205737,31.3453083896386,-23.4820006079165,-32.4223398318298,-26.6269107871522,22.0914036943782
2023-12-19,44.8573170942091,-18.3888154067919,28.4882663342584,-20.9378437529901,-32.8825684720776,-21.938403538262,20.8020477416541
2023-12-20,44.0114651895196,-19.0933427345447,29.4575686344863,-20.4604900636936,-32.5017203109389,-22.6109397011902,21.1974589863615
2023-12-21,46.1760610888461,-20.6431208575202,27.3513096741184,-20.2474173085636,-31.6849949956799,-24.3311478679859,23.3793102667851
2023-12-22,42.5339000310937,-18.4083214045884,30.4383308677111,-23.6055323095949,-33.0797429510848,-23.8899028176002,26.0112685840636
2023-12-26,41.7348805016771,-19.8312233586804,31.1506604324219,-23.6340324131697,-32.0229479290339,-23.3335917740857,25.9362545408707
2023-12-27,40.8089544391312,-12.4312112854312,31.9576306152291,-27.0380056957778,-32.5356870598078,-24.0632332861362,23.3015522727926
2023-12-28,37.6318819024065,-7.93766108432372,27.5428833910441,-23.4257842993712,-31.5274067420582,-27.6291475372952,25.3452343695977
2024-01-02,36.4232247377495,-10.7962882264416,34.2261686949811,-24.2355698280115,-32.0439575200492,-28.7291593357728,25.1555814775445
2024-01-03,35.2389467841384,-11.0198759373476,33.7226793366102,-23.1789942644833,-31.5552817017593,-28.6091794837151,25.4017052665568
2024-01-04,34.8053321027419,-10.2878531055034,33.5751576057499,-23.496876929101,-31.6485503546327,-28.6664249923484,25.7192156730938
2024-01-05,34.4920856815441,-9.36364720353487,33.45305580267,-23.5055576338684,-31.4406578953738,-28.9254307390356,25.2901519875987
2024-01-08,30.5706590202827,-7.55488833099928,30.4423092268858,-22.7416293914262,-29.287778430049,-26.7189334506453,25.2902613559513
2024-01-09,29.0729846757352,-7.67452404556197,29.7482491714643,-21.0267970866993,-28.9340049010099,-26.2904117455446,25.1045039316162
2024-01-10,28.3473902699785,-7.55380094524919,28.8278440439178,-20.6377502677648,-28.626069298895,-25.4501453494751,25.0925315474879
2024-01-11,28.4071369624989,-7.04812438335696,28.7447277861853,-22.187053461363,-27.8114847010958,-25.0058701108126,24.9006679079441
2024-01-12,26.9948925346363,-7.49039792045976,23.2328620117211,-23.0882183666991,-25.3217317357707,-20.1751747774916,25.8477682540638
2024-01-15,27.9366428342771,-6.22916607107434,25.2703773713825,-24.9734482847749,-26.7989581702425,-20.7492570109994,25.5438093314315
2024-01-16,28.9395573718063,-3.5387641906627,30.6905065504646,-29.7118868350386,-29.3609946541091,-22.1811440025117,25.1627257600513
2024-01-17,27.4822077097081,-0.0521465901343063,44.9489087192522,-37.5279286089707,-34.1265008935356,-24.6552660690771,23.9307257327574
2024-01-18,26.9696658823703,-0.313402873786771,52.3482235769744,-37.5133875856883,-36.8229981727784,-27.9774671765631,23.3093663494719
2024-01-19,27.8705698106421,-0.647619197471499,39.8426409588898,-35.2099445884639,-34.5661834833385,-22.269402662929,24.979939162671
2024-01-22,29.1268258303821,-3.20889082217354,27.4756306640611,-33.2822800766063,-30.7274592013562,-14.2349535706469,24.8511271763398
2024-01-23,29.6969414836032,-2.7856690160997,26.6786787679828,-29.9637542004731,-31.6488925108886,-16.9577613728382,24.9804568487136
2024-01-24,29.1588246630186,-1.92190278249713,30.3219867267803,-30.2582124160844,-32.5793656622414,-19.1868459134314,24.4655153844554
2024-01-25,25.7146955554613,-1.29833655065529,37.2449132522254,-30.7224901349913,-36.9832122066192,-18.350501993391,24.3949320779701
2024-01-26,24.7309397927703,-1.84388798817174,34.3670056294969,-26.9428507110237,-36.0071789651334,-17.6072623868324,23.3032346288941
2024-01-29,23.786166560172,-3.388439470193,34.1831033748205,-26.0461032860673,-33.4812918261185,-16.5094315029022,21.4559961502885
2024-01-30,23.7790191093993,-3.14252540413977,34.0799181630949,-25.9774365566209,-33.5570581572121,-16.1128364261579,20.9309192716363
2024-01-31,24.3785675448571,-4.46601239070351,27.5308975412967,-17.9746420185339,-32.5998140974533,-15.8665955962184,18.9975990167553
2024-02-01,26.4564679106789,-5.87351204842233,22.6676302913759,-13.2206615263564,-31.9662386781152,-16.1502330239131,18.0865470747522
2024-02-02,27.0365056712446,-5.36107918017955,23.3494600643139,-14.4152360032834,-33.0420219568045,-14.0169828037995,16.4493542085084
2024-02-05,25.6960901015242,-3.82367873520612,24.9466365203551,-17.5620433693839,-33.2936810047066,-11.3081282189305,15.3448047063478
2024-02-06,29.7505674796279,-9.14297744788396,17.773239367998,-12.9178991221467,-30.1695123632953,-4.420697846936,9.12727993263603
2024-02-07,28.6791110411096,-0.091088632412152,7.44515168743004,-3.03693808654091,-39.9680351741121,-5.68090392646914,12.6527030909947
2024-02-08,33.821964791217,-14.0389005946771,11.2749770336073,-4.93456726194738,-33.6608510969447,1.0636712517778,6.47370587696708
2024-02-09,37.2725794483219,18.6363992255291,-29.8335485265431,-10.3513146046819,-31.5787887804863,-1.32595204985111,17.1806252877114
2024-02-14,45.3064231232375,2.1723805580558,-31.8629267571678,-4.00117547886913,-20.3275076484389,-9.67364960381127,18.3864558069938
2024-02-15,44.9090758888537,0.833581114223236,-30.0720684535546,-5.12046545430337,-21.1635831281893,-8.51791577410765,19.1313758070779
2024-02-16,42.9320903143567,4.12359816312457,-31.0153815116303,-5.50242112215797,-17.8236914602319,-10.7902664348315,18.0760720513704
2024-02-19,40.6814804684194,4.24353879000844,-30.9938610292066,-6.05167308811845,-15.4989285606881,-9.48833958223203,17.1077830018173
2024-02-20,40.8347196397805,5.34583528094193,-29.9648010775408,-6.64406864520919,-16.4975588057827,-10.3133526040895,17.2392262118997
2024-02-21,40.9550665853481,4.55691994329673,-28.5785872975553,-5.68079697404452,-15.1257811895671,-11.5797903980959,15.4529693306179
2024-02-22,39.3637148935715,2.47690545882367,-28.5720526543141,-5.08157449505742,-9.8806089592405,-12.6574760123802,14.351091768597
2024-02-23,38.974064792154,2.81286753493185,-27.5973736905251,-5.36445947097542,-10.8305757171797,-12.5839957035294,14.5894722551239
2024-02-26,39.2119067936415,0.940062959037178,-25.9134001883727,-4.81335137380512,-10.822562625236,-12.6348929000234,14.0322373347585
2024-02-27,39.4335728825257,1.26314285286372,-26.1092372614971,-3.75765851696272,-12.6412426919833,-12.3355310912605,14.1469538263143
2024-02-28,38.429633153152,2.8211240597941,-24.8005129983935,-5.12729603553791,-12.2715710034053,-13.2409058827759,14.1895287071665
2024-02-29,39.3285249614396,3.11455212412088,-24.5933875260935,-4.89725003725512,-13.0988817111395,-14.1644752706481,14.3109174595757
2024-03-01,38.4831862407656,3.82688540236241,-24.2888865908967,-4.73708374523074,-11.6326502381488,-16.1179499199682,14.4664988511164
2024-03-04,38.2353940375898,1.69336040309663,-25.1589206656053,-3.01308254913365,-8.43323383686824,-16.3215598210975,12.9980424320182
2024-03-05,37.3541603833813,0.687604361998822,-25.9661364059482,-0.33101272339368,-7.67504466092722,-16.2669206642708,12.1973497091597
2024-03-06,34.801040923683,2.53395478828673,-25.7796046774596,-1.33944021263511,-7.1916478401674,-15.6308252415202,12.6065222598126
2024-03-07,33.0577416652246,7.25153215936555,-25.8843858114983,-2.99024039001833,-7.61422168780885,-16.3535872184781,12.5331612832135
2024-03-08,28.6772003377125,7.52492287339076,-24.1460480625316,-2.11007445081993,-6.14635880145963,-15.698244640711,11.8986027444189
2024-03-11,38.4248949964833,11.1458225593932,-32.8698775132702,-0.498347957973539,-3.92652242067112,-22.8310955398294,10.5551258758677
2024-03-12,37.8563161126781,11.2132564493686,-31.7270591566785,-0.963415653050152,-4.06271805716475,-21.2883442283859,8.97196453323247
2024-03-13,38.9401183034228,14.9602026916916,-40.8832161406432,-1.26085320032434,-1.57661378943167,-23.0171981798391,12.8375603151239
2024-03-14,44.7718466233819,10.7061051951107,-40.6395952281714,-0.320345131857653,-0.632256665373419,-23.3255870543997,9.43983226130954
2024-03-15,43.510143866694,10.9494676366103,-37.9743763656233,-0.501848398775479,-1.18797568203497,-23.9740186449626,9.17860758809211
2024-03-18,46.2975274009058,10.2201154180816,-36.0129314195046,1.07581310276449,-0.594215213088731,-25.6276573728692,4.64134808371062
2024-03-19,46.2796443503012,7.89141689832316,-37.1724290010976,0.90015783149974,0.941234924300581,-21.0541048290296,2.21407982570253
2024-03-20,42.6552874530243,2.96754952496556,-41.4502110658336,2.70116742076952,2.11258197311962,-9.62639042362077,0.640015117575384
2024-03-21,40.9752488626682,2.02580981095096,-38.0423732179241,1.17541742513632,1.87557699047929,-5.79155757899521,-2.2181222923154
2024-03-22,38.6095844380607,1.68361831482692,-38.9836248123938,0.45969491627724,2.14702861370776,-2.2530154170912,-1.66328605338755
2024-03-25,37.6974074660161,0.204229772613125,-37.9109547378994,1.08783225601353,2.3533987268178,0.616364904484442,-4.04827838804555
2024-03-26,38.8637926845461,0.566629083347934,-35.5666405392185,-0.918049150005317,1.87879171144941,-2.09752749150104,-2.7269962986185
2024-03-27,37.9255946215701,0.175104424324189,-34.1931172389562,-1.41733761049094,1.72381142692943,-1.42050167919989,-2.79355394417667
2024-03-28,36.6360264320737,-0.0588739048355009,-31.5249270095346,-1.89564430397628,1.69530432861993,-0.440560581009681,-4.41132496133756
2024-04-01,36.6455196870548,-0.920334942797766,-31.2714849520579,-4.75546397112602,0.970468865463669,-2.47950925661155,1.81080457007475
2024-04-02,37.6022519638306,-1.35546334465832,-32.0967641976755,-5.32783269978961,-0.0650370623613412,-1.67787784571187,2.92072318636605
2024-04-03,37.636484190871,-1.62195787639997,-31.5818893584747,-5.9078726891075,-0.235725259615219,-2.3951886014006,4.10614959412698
2024-04-04,39.827937926183,-2.30275685084924,-28.6334082542241,-8.59728877427994,-1.63708178059042,-3.95939439793456,5.30199213169525
2024-04-05,38.814790375905,-2.91414593218565,-29.5101095958098,-7.08058572075384,-1.27323193589445,-3.54006122108561,5.50334402982435
2024-04-08,37.9222107127012,-4.96927000171927,-27.5728999305203,-6.82332384456883,-1.31692297705668,-3.27036424009557,6.03057028125942
2024-04-09,36.3961785273407,-5.1479269516276,-30.5123514886445,-6.14180922463496,0.144795740454594,-1.83941167993486,7.10052507704666
2024-04-10,38.309799671364,-4.44739284286318,-30.8994755097484,-6.44714261308065,-0.621548379394429,-1.40370356031033,5.50946323403297
2024-04-11,37.5110170732386,-4.51678728410574,-31.0730231780296,-6.42792658927566,-0.521411817004452,-1.60599320811254,6.63412500328935
2024-04-12,32.805576724075,-5.36895984981694,-31.0211269366153,-6.65738689541475,0.857145590256625,0.433214523193051,8.95153684432223
2024-04-15,36.9704715618045,-5.754550858895,-31.1337019926688,-7.3453741334167,0.136015116942737,-0.337494789957187,7.46463509619046
2024-04-16,36.6752761054938,-6.81807668199993,-30.6302725863304,-6.12066755798253,0.357793404160411,-0.0106433463150672,6.54659066297376
2024-04-17,34.6941799538685,-6.53538397294681,-31.7463308172135,-4.91825300292932,0.844415806946326,0.595161339016972,7.06621069325788
2024-04-18,35.4149141376623,-6.82563448814782,-31.7489268404697,-4.67962287516089,0.42608128956573,-0.417850174402115,7.83103895095244
2024-04-19,37.1361000297875,-5.97942495675847,-31.7195632623643,-4.60860773613904,-0.382176776257388,-0.563119124529347,6.11679182626105
2024-04-22,38.9680739013247,-5.57122123970066,-31.2657915956347,-4.04242803092189,-2.04067778241533,0.139029845269796,3.81301490207809
2024-04-23,37.3612404619402,-7.66658617407138,-31.29743617163,-1.85677530653032,-3.14795929385897,1.95078316877971,4.65673331537075
2024-04-24,39.6437083906073,-7.26889531417051,-31.2733303066208,-1.98909454838974,-3.71732286211249,1.33836465817807,3.26656998250821
2024-04-25,38.6288882351422,-5.41825352570498,-30.8590937005499,-2.57942019870145,-3.52278204052188,-0.737720719656167,4.4883819499922
2024-04-26,37.6396395085908,-3.32634811870658,-30.9005359212685,-2.72031651841343,-4.43815952263825,-1.7385704133675,5.4842909858034
2024-04-29,36.3883286551231,-2.79835226703646,-31.0441395487987,-2.77371532455323,-4.21049534293602,-3.67750214064234,8.11587596884358
2024-04-30,34.526039860773,0.642862431586103,-32.2793119363662,-4.11532828862072,-2.92926736182052,-3.50940893827413,7.66441423272247
2024-05-02,36.9589769979316,-0.452632156018758,-31.9019745692562,-1.37224379859365,-2.921675610031,-4.81166174355379,4.50121087952181
2024-05-03,34.8647691165701,1.54193217516212,-31.1975237733955,-3.55565739733337,-3.34400101459946,-4.22894757100774,5.91942846460386
2024-05-06,31.5570308168953,0.452503031002209,-32.0365530299633,-10.121403226907,0.518339865035983,6.79641456479588,2.8336679791409
2024-05-07,31.9766581953984,0.246015814894527,-32.7267029539446,-8.1203620451154,-0.769216656797891,4.97729989704168,4.41630774852324
2024-05-08,34.2652899686384,-1.22548748496099,-32.8912213931069,-6.88098474979106,-1.2903014377004,3.89769552554591,4.12500957137507
2024-05-09,43.7271264022712,-3.33608135574882,-31.253051646124,-4.29210078802686,-5.92635942272599,-3.27174742151499,4.35221423186952
2024-05-10,43.3617323249704,-5.47338496975084,-30.7190600406033,-3.07626390428705,-5.31136533593426,0.960250901525875,0.258091024079235
2024-05-13,43.8280201268822,-4.33586367384374,-31.3529952898247,-3.83469191878369,-6.77389577938467,0.611431981278741,1.85799455367587
2024-05-14,45.0477711257776,-2.5236789600157,-31.4954978110465,-2.47236942073949,-8.04938434736062,-1.0687107682873,0.561870181672095
2024-05-15,43.1031256387008,-3.06362649298468,-30.3826814404845,-1.78505333046271,-8.69009087707747,3.70676799339865,-2.88844149109008
2024-05-16,42.7234325033669,-2.81914628422517,-31.8121007282585,-1.17512195353246,-8.51192080595279,6.83413680988445,-5.23927954128245
2024-05-17,42.6505724131503,-2.73385734211651,-32.2465592943568,-0.49439582679015,-8.3389151623847,7.73606641590935,-6.57291120341143
2024-05-20,40.1991170168203,-1.31609258042717,-32.7754243142683,-0.617071280100166,-8.59880323850115,7.93035665579563,-4.82208225931919
2024-05-21,42.2021295321268,-0.415790908061581,-32.7061480238524,-0.161840050952407,-9.89592653140991,5.75794829774864,-4.78037231559917
2024-05-22,44.2795303891973,0.707655913284725,-32.3850218356157,-0.864928868261782,-12.3385563920748,8.15298903263623,-7.55166823916591
2024-05-23,40.6867869200041,1.16832017769325,-33.2822242945193,-0.826467000745634,-5.64606807629623,5.38306498006281,-7.48341270619897
2024-05-24,43.7446534293164,1.12486217153538,-33.3135868781652,1.29100872424463,-6.82774187979299,4.98515641071319,-11.0043519778513
2024-05-27,44.9983934763287,1.25818556329018,-33.0824941141204,1.01671456994499,-6.48880444132752,4.2804899016951,-11.982484955811
2024-05-28,46.6200535671644,0.510509215148296,-32.8359210807896,1.0501086667858,-6.86582930618824,3.44310263637916,-11.9220236984999
2024-05-29,46.6106051680598,1.27142327234706,-33.3240355800781,1.71359629018293,-7.38335328484362,-1.98562330909533,-6.90261255657276
2024-05-31,45.9519893799328,0.96709754893066,-34.5833089593865,0.0860442368681156,-6.67966403252226,2.06592097850185,-7.80807915232459
2024-06-03,45.082784012251,2.76718985214548,-37.5276797293862,-0.391083514498529,-5.62221382648164,4.81228903728603,-9.12128583131622
2024-06-04,46.3594450815339,2.48107932384708,-36.3585132806262,-3.83935003165185,-6.5627501049343,6.26651707184926,-8.34642806001791
2024-06-05,48.3118551544577,2.47469096017332,-35.4598280052784,-3.90430236548335,-7.26384317246682,3.8975079529505,-8.05608052435291
2024-06-06,48.6481784941222,2.13853982821169,-35.6162125485323,-3.15144029410174,-7.39115665531153,2.67687748720492,-7.30478631159325
2024-06-07,48.61441868342,3.10589189895078,-36.6080755453218,-3.29185736128115,-7.24128265136305,3.23303681959343,-7.81213184399819
2024-06-10,50.5529699158878,4.21603008044316,-39.2324725108597,-4.54908023600104,-7.43296982452435,5.35347822720751,-8.90795565215339
2024-06-11,51.3580949309647,2.81557718533778,-40.0350428124228,-6.06806149818889,-7.3053965306076,5.66275381203533,-6.42792508711856
2024-06-12,50.8476373135209,2.60682774298577,-38.2585654611457,-4.51300278224725,-8.08073953834156,5.68392237197391,-8.28607964674603
2024-06-13,47.0008462398069,0.588609748044377,-37.8628659484666,0.350369759509682,-10.4068239555494,6.25353967672278,-5.92367552006769
2024-06-14,43.5279228892376,0.822016077786081,-37.9719407503978,2.54802026902588,-11.8312672490311,7.51944466248952,-4.61419589911014
2024-06-17,45.3913248308301,1.68977077889035,-39.1003923395548,1.79773074522564,-12.3817436918819,8.05132427823242,-5.44801460174178
2024-06-18,45.2925408081422,1.34043059059784,-39.5588120211174,1.81867096032645,-12.9870499044392,9.37073540960982,-5.27651584311972
2024-06-19,46.9075196291033,2.32809101546504,-41.3144229310894,1.16354765172042,-13.2909997792149,10.8147977302256,-6.60853331620992
2024-06-20,47.6471365566264,3.69246009231728,-42.0625526079638,-0.207988318786569,-14.0978915275951,11.0082480270378,-5.97941222163584
2024-06-21,46.8485738938642,3.12136679168431,-41.0743297176056,0.478211375602491,-15.1324493884086,9.82333386060178,-4.06470681573863
2024-06-24,50.0742613557354,2.8757041313814,-44.2477688124372,-1.28551888833599,-12.9001258318893,12.1656110197244,-6.68216297417869
2024-06-25,46.4255524227562,4.56486808007953,-44.7573080659708,-1.44292057109633,-13.8674909629646,12.6331948666297,-3.55589576943366
2024-06-26,46.96901672574,4.80916478864332,-45.1730682805378,-2.52370880435807,-14.180012283129,13.4635492930861,-3.36494143944451
2024-06-27,43.8722765666771,5.59067842941087,-45.112790449875,-3.77503891439833,-11.6016697350668,9.02815076094425,1.99839334230791
2024-06-28,44.7823660873923,9.01457002513341,-46.5911289797473,-3.29178332261358,-17.2660586277166,9.02467761578892,4.32735720176284
2024-07-01,45.1539447347523,7.15037136921309,-47.3219108412511,-3.17230605140611,-16.9475313167274,13.1941440030761,1.94328810234305
2024-07-02,46.102030465112,8.73623686547628,-48.0667325680358,-2.12549916700923,-16.6388991358757,9.05878548456684,2.93407805576553
2024-07-03,47.0532344152739,9.41827305604215,-48.640056510464,-2.35901004686755,-17.1152120098652,7.79891803532842,3.84385306055233
2024-07-04,48.735568667014,9.77130818755638,-49.8109712069553,-3.70997601321448,-17.9264891607123,8.95933833527304,3.98122119103859
2024-07-05,48.4209625031366,10.3940655519521,-49.4213365727882,-3.27561155314833,-18.8023312008396,8.04545812184307,4.63879314984447
2024-07-08,47.9572890657649,9.45551575551627,-49.9326304880606,-3.50900120978093,-19.9198996794154,9.08587599701143,6.86285055896436
2024-07-09,50.5436753381079,8.25169860322124,-50.8356441410035,-5.17915820668741,-20.8453214050876,11.6576821280382,6.40706768341127
2024-07-10,52.2932963584286,7.54929594470035,-51.660848629303,-5.15491525826388,-21.0833238351589,10.9966672833075,7.05982813628938
2024-07-11,56.0984602215332,7.41254672101766,-52.5083282834745,-7.3926123100338,-21.6431775158328,10.4390668678703,7.59404429892001
2024-07-12,58.7903492907995,6.02386804726082,-54.6857119975125,-9.93746606379791,-22.1032218800312,12.295860429935,9.61632217334629
2024-07-15,59.4776678140193,5.8068097413723,-55.1326519679371,-11.0093791790183,-22.3495848815325,12.9273839690775,10.2797545040188
2024-07-16,60.3380798147749,5.93409735458354,-55.2936829735484,-10.9532946553693,-23.2812676360002,13.3179909248799,9.93807717067967
2024-07-17,62.1875634111458,6.06909366862858,-56.1396936059103,-11.0507619085042,-23.0447594361988,12.9481449666628,9.03041290417617
2024-07-18,63.8624850536845,6.82652679096874,-56.264122958813,-12.8279729398399,-21.735940959714,11.7029138293446,8.43611118436915
2024-07-19,63.4964869786453,5.78201910345075,-55.6242206857464,-12.5841248731737,-21.2308949012251,11.381717389339,8.7790169887102
2024-07-22,65.6467734066113,5.23170711680204,-55.7125373524895,-10.655965912046,-20.9813993058659,10.2297904099751,6.24163163701287
2024-07-23,75.8306551857818,4.5718941166201,-54.6084531005919,-12.681134699124,-27.3861051417403,12.7804802903079,1.49266334874639
2024-07-24,74.3256021576682,3.32483931975873,-56.2439045261089,-7.75828873965704,-29.2666993552636,13.8658956344258,1.75255550917685
2024-07-25,82.8583443504144,2.16796170409975,-56.2981948370627,-15.1185101121954,-29.9623039329875,15.1214638212046,1.23123900652682
2024-07-26,77.4822599243804,2.61127572069822,-55.4296211034273,-13.2581232265758,-29.2299087606193,15.8235712781323,2.0005461674115
2024-07-29,81.7572114218238,1.15433126536693,-57.3098302873832,-9.09595569534437,-33.2068925166037,13.720287030128,2.98084878201254
2024-07-30,84.1114190132503,0.24184849914063,-56.965721477648,-10.833980784781,-32.9205128139594,15.0159066776188,1.35104088637874
2024-07-31,75.3629656094502,2.02001506444694,-53.0625336857102,-9.1298531186039,-32.395607828747,13.3637298023661,3.84128415679787
2024-08-01,71.8453284587545,2.22292873595003,-51.4200374532884,-6.05102750440713,-33.5175361467045,11.8795821740554,5.04076173564015
2024-08-02,65.7326244522684,2.91791556196314,-49.9351720762334,-2.27896965703702,-34.5634860925328,12.48105780706,5.64603000451172
2024-08-05,50.3844846233863,1.96570310437145,-46.7572548920122,9.28650989884854,-31.08639233034,6.96061616896718,9.2463334267787
2024-08-06,49.4654636920715,-0.0347400858973046,-47.7519492652739,8.34841080302675,-30.916371571795,10.8203250304752,10.0688613973928
2024-08-07,47.0406550222074,-1.6663520095331,-46.4689182642781,9.13854643253698,-34.4598265388722,17.4408317645229,8.9750635934162
2024-08-08,41.3503302964836,1.13999507371206,-47.5534972708381,12.4626609729311,-36.0263830396432,17.3050124969231,11.3218814704315
2024-08-09,40.0579424389906,0.764248435182054,-47.0013108386433,11.6169982636361,-34.3815955786914,18.6162328180884,10.3274844614376
2024-08-12,41.1986354951306,1.23377189486546,-47.0219510360645,10.2992271307234,-34.0476161253923,18.369828653591,9.96810398714634
2024-08-13,40.7111965165518,0.601633788816571,-46.8316876986332,10.3733901191779,-33.7858110099893,19.1885518426477,9.7427264414285
2024-08-14,40.8301644899187,0.986103709338941,-45.6458072333471,12.6178826018849,-35.0363230715668,16.5349965834832,9.71298292028823
2024-08-15,41.602664147353,1.63384025034767,-46.0233599054349,11.7439394404351,-34.8794812580306,14.9502047123984,10.9721926129314
2024-08-16,39.0399657698825,5.61774330850655,-48.2734272730867,11.0995205246971,-33.3750510755652,13.1747855514318,12.7164631941339
2024-08-19,41.5092161774168,2.67730142096859,-47.9912430106687,11.3047416800189,-31.7197709752699,14.4721112406339,9.74764346690045
2024-08-20,42.5280400392844,2.96745734599603,-48.1245378578503,11.2419945532592,-29.9893162058255,11.3529007441313,10.0234613810048
2024-08-21,47.7691887912163,-1.12552377832818,-46.7899588230918,10.8057112675367,-29.0352840033688,14.244128929154,4.13173761688186
2024-08-22,46.489062514323,1.92600284717086,-48.0001933460112,11.3396149616315,-29.4572266896496,11.5849130497432,6.11782666279225
2024-08-23,44.1293605582438,5.28531571388183,-48.6598455959941,11.9041866105642,-28.7214725213376,7.54646768174774,8.51598755289405
2024-08-26,43.7199633721981,6.89001821441322,-48.4997986149258,11.312836209737,-28.3724712419834,4.63126301692973,10.3181890436311
2024-08-27,39.3426873805805,6.73803072831263,-52.3329180437452,10.0700752013996,-28.6367569931688,15.0018604478733,9.81702127874797
2024-08-28,37.4597122132685,6.70788643333425,-52.7160230522968,9.43581743716123,-27.8346759096078,17.4582217430556,9.48906113508502
2024-08-29,34.6795354666286,8.00966310633129,-53.0138151592,8.20295924490955,-27.5458056209549,17.5170623570506,12.1504006052348
2024-08-30,33.5952061246354,8.53692108893578,-53.388068303339,8.30470596834257,-26.8820888284804,17.948211093458,11.8851128564476
2024-09-02,32.9966465509882,8.92157861314176,-53.506824604296,9.35496572357436,-25.0333981786948,15.7674436579663,11.4995882373202
2024-09-03,28.180161332807,11.5588721435978,-53.9633101121082,12.88789169723,-17.7006668345226,7.14668348839785,11.8903682845981
2024-09-04,27.6774911917161,13.7210191376751,-53.8656256184931,12.1927048602703,-18.9049804888879,6.53523132276372,12.6441595949558
2024-09-05,25.22670454057,12.0381982774421,-53.2355339897133,15.1286968232601,-17.1446881421189,1.68931295440363,16.2973095361565
2024-09-06,25.0459856517946,11.4246370991762,-52.4438971390936,14.7951053952887,-15.6685979577088,0.732869058986886,16.1138978915561
2024-09-09,24.9778910452066,8.51160903884582,-48.977863727895,14.2156278349241,-12.120611704897,-2.28735981848087,15.6807073322964
2024-09-10,25.3813960355021,9.65354171136848,-49.7577784032012,13.7370870085805,-13.4261789609404,0.252489093667521,14.159443515023
2024-09-11,24.0875986583428,8.49577418325833,-49.5148457506043,13.9063500218662,-13.0452222876006,1.53552373451783,14.5348214402197
2024-09-12,23.2687384596163,6.48166313575359,-45.7795614433148,14.4956699547955,-11.5726371231229,-2.1860722549173,15.2921992711896
2024-09-13,22.3855736974337,7.08614940301256,-46.8246720084935,11.6028976469683,-16.0495974985912,5.64705572337708,16.152593036293
2024-09-16,20.0608427374151,4.32129977591692,-44.3958915278192,13.5555573079704,-9.92869060363728,1.25351320308519,15.1333691070688
2024-09-17,19.9134667472258,-2.2282920937871,-44.6533587715622,14.4474146580601,-8.5639104144938,6.27450663688884,14.8101732376683
2024-09-18,19.9448796150898,-1.09661487603704,-45.4150369974132,13.9766992879043,-5.4978117196464,3.96860468701893,14.1192800030835
2024-09-19,22.3108302622993,-1.81746345275533,-46.7268625988982,11.0705127657187,-7.5728947780851,9.46927233970584,13.2666054620149
2024-09-20,19.3972281410419,1.30239966839439,-49.9825632573915,15.666039842846,-4.96778977238282,7.17624510460841,11.4084402728837
2024-09-23,15.1930957281426,5.27645912681115,-52.0676356086893,20.6756240404385,-6.37738892074456,4.90100592750195,12.3988397065397
2024-09-24,14.9409707475565,7.19596373684526,-54.1340273689578,20.7742122502734,-9.1837457857705,6.2065299735204,14.2000964465328
2024-09-25,14.3300965142404,4.94061656205833,-52.5566668860943,22.0283925593835,-10.1613225459348,5.1715552877232,16.2473285086238
2024-09-26,13.886541693302,3.26439654572973,-53.781644947946,20.7067661884304,-9.96206457897061,9.67299235021178,16.2130127492427
2024-09-27,13.092189629066,3.51628932380843,-55.0499400667151,21.2691421875384,-10.3660524184893,9.50545242161444,18.032918923177
2024-09-30,12.0410449345099,4.5169338191139,-55.7542572017743,21.5972570763365,-9.58997329928783,10.2411462226194,16.9478484484824
2024-10-01,10.9608188302898,1.41734307642312,-54.431519724989,21.244439411106,-10.6853235678881,11.1140947137436,20.3801472613145
2024-10-02,13.2664142482475,5.90549177115768,-54.8921905388374,21.2797174285367,-7.10779553236938,9.88593271757846,11.6624299056864
2024-10-03,14.0972126646673,7.94176438099074,-55.0652479283759,20.2431952992564,-7.1511169104759,10.4035618796321,9.53063061430517
2024-10-04,13.0306539606204,9.52938120307535,-55.1406632937515,18.7205327426649,-8.00751285477977,11.0657808519743,10.8018273901964
2024-10-07,12.6732014074192,9.68420187622341,-54.8449748321173,19.0650984677946,-8.42092430066029,11.012605787302,10.8307915940384
2024-10-08,12.3823965603758,9.00163332494652,-54.7457409070211,19.059651820699,-8.97685872209036,10.8430736323239,12.4358442907662
2024-10-09,13.0921002048781,10.3231073159204,-56.2088974005058,18.5572600158117,-8.80919915759401,11.5796783503875,11.4659506711021
2024-10-10,13.8262672097964,11.341842119096,-56.312514478768,18.0861637759168,-8.39078285349596,12.5341985723874,8.91482565506734
2024-10-11,14.5262149440219,11.767072879741,-56.5552926710352,18.0503368557923,-7.72934736324872,12.5359010777227,7.40511427700601
2024-10-14,13.7961163297131,11.6225636427835,-56.3608647155059,17.6775107769644,-7.16881833763407,12.7604801349664,7.6730121687127
2024-10-15,13.7367741545908,11.7623869655618,-56.7519570883705,17.3316782285807,-7.1336284935974,12.9969039732957,8.05784225993884
2024-10-16,12.6319149435288,11.6313074111674,-56.6564803690395,16.6786971348233,-7.09063707585712,15.1017113589289,7.70348659644821
2024-10-17,12.2614923206755,11.4328654374479,-56.9853797145353,15.874290591232,-6.1646890247082,16.7344989015242,6.84692148836389
2024-10-18,12.2958487707958,11.5812888603922,-56.4029490390042,13.6633638763166,-6.90615671331019,18.3395760196176,7.42902822519213
2024-10-21,14.1593382662669,13.0469598999768,-56.22961891609,13.5793327865348,-7.91214966858833,16.685587323909,6.67055030799082
2024-10-22,13.0017760317029,12.5428590271471,-56.4440769319849,16.4490962080654,-7.4638656985343,13.8563727532553,8.05783861034847
2024-10-23,11.7435622237385,11.3227170268468,-56.8125395820565,20.2684851133695,-7.01488860775608,8.75787710714673,11.7347867187111
2024-10-24,9.30103600489276,11.3453399974749,-57.753099202209,20.1459284000675,-5.8584807831854,9.79807640402096,13.0211991789383
2024-10-25,8.39350518456065,11.4369335869153,-58.7107915375115,20.6643689973014,-4.81605220669097,8.25085932036237,14.7811766550627
2024-10-28,5.557937489027,12.1352018680597,-59.4312613490036,20.7063202175068,-4.61511370333658,8.67197011455863,16.9749453631881
2024-10-29,5.80231836137749,12.1193364170478,-58.54776378254,18.1974517934634,-6.7303911786407,12.3028503833454,16.8561980059466
2024-10-30,8.10038354741075,11.8607611499148,-58.4073693787854,13.5688880122154,-3.09193919142543,9.65254676244497,18.3167290982249
2024-10-31,10.1193918367059,10.3238427292441,-57.867411176093,11.5902453705096,-0.540242557342591,7.40065455696514,18.9735192400109
2024-11-01,10.4212432628923,10.8729786962858,-58.7522919120267,8.01610887594904,0.153887102544537,6.36848434027715,22.9195896340779
2024-11-04,8.69178289584528,11.0120724710825,-60.5081293239535,8.7252864507164,-1.33396510780994,6.92917913852985,26.4837734755894
2024-11-05,8.05291501072897,9.87604628318487,-59.6598883114465,7.6895332167589,-1.62867428948681,8.98095847933287,26.6891096109277
2024-11-06,10.0747341304684,7.50005919241954,-62.3977819930781,7.49351095444371,-4.98940166117758,10.9052629217561,31.4136164551679
2024-11-07,10.9026396758112,8.70538070374732,-64.4366817780239,9.68997962545975,-4.9258968294384,8.00684634481395,32.05773225763
2024-11-08,10.611142883045,8.92903826250931,-65.7472188649001,10.2156010375812,-5.15822049130753,7.45661395416312,33.693043218909
2024-11-11,10.3332926385668,10.9101571572419,-64.3100003334374,9.98912902968346,-5.05741847862805,5.69114485797397,32.4436951285993
2024-11-12,10.3905120241202,9.54843600306191,-65.137179014698,9.60262847861923,-5.31165411940355,4.88259200251944,36.0246646257808
2024-11-13,10.5430697590991,14.6509704314422,-64.3797467426592,12.2601780695078,-6.31201227188127,-0.814057052904925,34.0515978073964
2024-11-14,9.73475159528162,18.4920444389627,-58.8365062724971,14.7805347036267,-4.1378966909,-7.04615677617169,27.0132290016978
2024-11-18,8.90002866736722,18.8242987015858,-57.3479276179932,11.3947775212514,-3.37902329724384,-6.14121744938385,27.7490634744165
2024-11-19,8.31522389156732,17.5525896034472,-45.8739784408025,9.63611016293493,-3.34341140913825,-5.19555471182024,18.9090209038115
2024-11-21,9.21129876762419,17.2156838482306,-45.8753437631188,11.3951340136573,-3.94163371172387,-4.47955565581578,16.4744165011464
2024-11-22,10.8935619929192,15.6346204536774,-45.0260608531242,13.4077604008455,-3.86253672472169,-5.80785337476205,14.7605081051659
2024-11-25,11.1548558807202,13.3228702998275,-43.9719267318502,15.9483163364909,-4.20767661736254,-6.07306689371077,13.8266277258849
2024-11-26,12.328459590513,11.2565666797155,-42.3111164895895,20.6442358991647,-5.35806623405538,-6.4141677628395,9.85408831709126
2024-11-27,15.2944983406468,8.02808735444837,-39.9057717371153,24.4429911778443,-6.12694994244454,-8.71866963687188,6.98581444349226
2024-11-28,15.5407068910273,7.31591342417688,-39.4414645619385,25.1022265153505,-6.35350341037027,-8.60435035810749,6.44047149986163
2024-11-29,15.283640899081,6.87256912066934,-39.1342630886763,26.6916466090725,-7.05059624599421,-9.13930110722613,6.47630381307388
2024-12-02,17.8167466297931,3.46962177402476,-37.3609498352875,26.4892503874283,-6.10822653049308,-9.33340613856168,5.02696371309605
2024-12-03,17.1789134630152,4.66927063506947,-37.1701627102805,26.2119371498955,-7.1580392812246,-9.49876998345731,5.76685072698224
2024-12-04,20.055846199079,1.27138634460796,-35.7530497193329,27.4082394960745,-6.78967028023706,-10.1660454955963,3.97329345540474
2024-12-05,22.0271428119352,-0.981411526358734,-33.8509066943364,28.5410808467844,-6.11960708988343,-9.74872964176457,0.132431293623448
2024-12-06,24.2010570225779,-3.53343695812064,-31.4001787255927,29.4919657583655,-6.74878333128529,-8.67818247686904,-3.33244128907571
2024-12-09,24.0085768331324,-3.34544956042767,-31.8388932994089,29.433914482734,-5.46794237671865,-7.22297894529313,-5.56722713401805
2024-12-10,20.2275208152752,-0.333238132228551,-33.0299165185465,27.7557088625456,-3.81959309452654,-9.28156879873733,-1.51891313378177
2024-12-11,16.9190019683487,0.375561477264235,-33.0746402211923,30.7953365242453,-2.61283955388514,-10.5516594364725,-1.85076075830838
2024-12-12,17.4123015107479,-3.05375859519206,-30.1367276008454,34.1601762183623,-2.58768635359636,-11.4677883661307,-4.32651681334573
2024-12-13,22.168076488991,-11.0115198857699,-28.5041170022298,35.9487962019561,-2.44491334827827,-9.51033693722709,-6.64598551744197
2024-12-16,20.9652217324281,-9.9117306754768,-25.3852071283376,31.727480448781,-2.33199620598664,-10.4086700852296,-4.65509808617849
2024-12-17,1.39656703578315,14.7117951955701,-25.9816390589812,29.6874958860343,-1.48262074868218,-17.4308539920142,-0.900744317709957
2024-12-18,-2.54844430242201,16.9442922442525,-25.6661400262731,28.8471315816243,-1.80803723277806,-15.9864610488858,0.217658784482126
2024-12-19,-8.00802231155971,18.2279554456311,-18.53023948094,29.7789136965072,-1.7854806359097,-16.6457969863952,-3.0373297273337
2024-12-20,-8.81298027926042,16.5312472595986,-19.8118509648925,30.5630629076626,-0.937739410169293,-13.8821674413184,-3.64957207162066
2024-12-23,-8.11985421339459,16.5692861339241,-19.5682459759692,29.7139862640338,-2.4958663098728,-14.0256551880736,-2.07365071064762
2024-12-26,-8.08875753616957,15.585948526835,-18.3002705104456,30.7152539678494,-3.72634320554123,-12.7559487155234,-3.42988252700455
2024-12-27,-5.74943158478754,13.6370526145791,-16.4696620675328,29.9332268861867,-4.66797808290998,-11.620862955374,-5.06234481016152
2024-12-30,-0.446267489749346,9.17788873220969,-13.2687374649582,29.7152724117764,-5.17156622401656,-14.0587166613667,-5.94787330389533
2025-01-02,-2.28913172700022,8.70560580746485,-13.0176822701504,30.9944619772053,-4.26970149560104,-15.4473103293781,-4.67624196254032
2025-01-03,2.18992642771231,6.15248104462381,-9.79179795616956,29.5797364144559,-5.95843122429686,-15.9851009989304,-6.18681370739523
2025-01-06,-1.61498642012402,5.78165591406174,-7.071166962844,30.7861829936575,-3.89508784043419,-18.0849007044006,-5.90169697991639
2025-01-07,-1.99106398954577,6.10114363437422,-8.3214657775425,32.3139842199528,-4.95373429783753,-19.4394231444949,-3.70944064490634
2025-01-08,-1.57896004789767,5.46733939730089,-6.10931698431925,32.8003284335683,-4.60560975887788,-20.4127064861131,-5.56107455366133
2025-01-09,0.0526686559033749,4.0068354999634,-2.12409741914399,32.880042903272,-5.0543649739264,-20.8790360427393,-8.88204862332908
2025-01-10,1.02375193982842,5.44536806765659,-6.71601850702758,35.6754942810096,-4.89629286621938,-21.8053958799047,-8.72690703534297
2025-01-13,1.85733045289538,4.20941252962018,-4.34616253537186,35.5523857615649,-6.01678908324359,-21.694071242158,-9.56210588330699
2025-01-14,2.36455105509316,4.03517470628461,-2.52313908610282,36.4284357750537,-7.23559114943131,-22.9532841600011,-10.1161471408962
2025-01-15,1.61402115492322,1.03218306350369,-4.82279014269415,47.0447363329351,-9.44311495847519,-23.0803773071715,-12.3446581430212
2025-01-16,4.19512557440271,-0.999555997593198,0.66506123919936,44.0331008557274,-10.2404309092103,-23.8332927725589,-13.8200079899671
2025-01-17,4.04003687747549,1.05187950909908,-4.79945352364373,46.5411847959907,-10.0529327337139,-23.9244814242619,-12.8562335009458
2025-01-20,3.00369791330507,1.4282061935945,0.924436341126196,38.5179551582897,-8.19044569218076,-23.4337125019716,-12.2501374121631
2025-01-21,3.41461536611799,0.0270964525936606,4.40988636173818,42.2657725136975,-10.6643156894347,-24.3908849562872,-15.0621700484255
2025-01-22,4.18397398404282,-0.421948627051201,5.4576137972743,39.7259711636448,-9.47762696254996,-25.2274814185026,-14.2405019368582
2025-01-23,2.36304439319414,2.07750650997368,2.98744115592726,35.9926579344364,-7.86974833817562,-26.0394563402305,-9.51144531512538
2025-01-24,2.92289717426341,2.21536115979183,1.99568060095493,38.5607380692805,-8.52557892246045,-25.9016344329613,-11.2674636488689
2025-01-27,3.15317040688581,2.15003195755289,2.73121152073944,36.7665916486844,-8.55423715639078,-26.2931855367594,-9.95358284071238
2025-01-28,3.06619076345154,3.1240398117206,4.32331179364299,35.9660217900594,-7.66079015678019,-28.0625957674221,-10.7561782346722
2025-01-29,3.6173984202361,2.9501872264832,3.04521993752806,39.8951540307709,-8.84594575869774,-28.3113680841513,-12.3506457721692
2025-01-30,3.37567938848561,5.35364705964493,3.32470630431244,34.247466429945,-9.35226789630352,-26.5586007452312,-10.3906305408533
2025-01-31,4.62976924661347,1.47982331618783,-0.214819172630222,48.7641283873017,-11.1098870743995,-28.4300652983214,-15.1189494047519
2025-02-03,6.17763188122743,1.98013095120313,-4.83829671727206,58.911871696036,-12.7784738295216,-29.2282449599296,-20.2246190217433
2025-02-04,7.51870492654459,0.845419203090927,-5.91343135040898,61.636089946948,-13.3570264703418,-30.9638622908006,-19.7658939650322
2025-02-05,-2.55713877476497,3.8639963365823,3.51824732610275,57.2502826532257,-13.8405099291611,-32.4307959592168,-15.8040816527679
2025-02-06,-10.772042265052,7.56016793550038,2.10341303986223,68.0614154228248,-17.5157418894932,-31.8497832204949,-17.5874290231473
2025-02-07,-11.9490887399502,7.37260879918988,2.43633251448308,66.8921661291753,-17.865942620077,-31.8707095205494,-15.0153665622716
2025-02-10,-13.4882168521971,9.42171017678263,-0.21236867535417,70.6305894335815,-19.3975351989282,-33.0632048597317,-13.890974024153
2025-02-11,-13.9249128706658,13.5749758594382,-2.85026127333811,78.4758880246743,-19.5210015426094,-37.9911250505258,-17.7635631469735
2025-02-12,-21.7557426350524,13.0874734185633,-5.3628288326235,90.3296795767494,-20.5516912328933,-34.8391790024008,-20.9077112923426
2025-02-13,-18.1401413467034,2.3845516017352,-4.47880938276344,90.2331226272187,-19.625205625247,-28.794174183619,-21.579343690621
2025-02-14,-21.2077301563339,5.76772576454533,-3.83705809954939,91.9630835384708,-21.9062229404781,-28.355987512907,-22.4238105937477
2025-02-17,-21.0429708387333,4.65724940122776,-3.00055868709519,92.2432671052104,-22.9882347528695,-27.09085665071,-22.7778955770301
2025-02-18,-23.670607529424,6.16567916162252,-1.05568925395049,91.4571253921332,-20.4903142890712,-26.9454414629477,-25.4607520183624
2025-02-19,-23.7559371839909,6.41708247663671,0.0960632342954781,91.9728079671767,-21.8122981660741,-26.3747023308493,-26.5430159971946
2025-02-20,-25.0732724745971,5.75456107667296,3.1936846879088,92.1936415348428,-21.5441936332561,-26.0119874336134,-28.5124337579579
2025-02-21,-25.1593357109051,7.12410978352246,-1.99902624295928,92.4356031110122,-20.2348410284796,-25.6189707080956,-26.5475392040951
2025-02-24,-26.9001247728915,7.12068288512705,0.827546565225475,92.1198989508413,-20.2826195708346,-24.8328684230894,-28.0525156343783
2025-02-25,-27.3490108635413,7.89424510380854,-2.68086506858405,91.5162064578555,-20.1555831547564,-22.369515340875,-26.8554771339073
2025-02-26,-27.7537195803948,7.92660018919067,0.242186682604185,90.7002009982575,-20.2820042178325,-22.8959246784101,-27.937339393415
2025-02-27,-28.0718135451816,7.68595898233149,2.19763034057949,89.2535276073652,-19.9751091011521,-22.8960473955866,-28.1941468883558
2025-02-28,-28.5269995141645,9.98597684264091,2.79137602740887,84.8931045805181,-18.2513400197646,-22.7457581552922,-28.1463597613467
2025-03-05,-28.2331189289082,10.2226318833255,1.47253281155681,84.9741569734249,-17.9111505037003,-22.2162670471947,-28.3087851885039
2025-03-06,-28.6437567135047,10.0155245772262,2.41831402118508,83.9657608147458,-18.469841358902,-21.3361547872195,-27.9498465535308
2025-03-07,-28.0731084650913,8.49023207714739,7.99353364908736,76.9168548643525,-18.534945474797,-20.2655776767602,-26.5269889739388
2025-03-10,-30.2722749797282,14.7397787370407,-0.958544149368514,75.0932339690758,-18.3113901263859,-20.3851973472098,-19.9056061034241
2025-03-11,-32.6156774489893,16.3467581235838,-2.2524670925946,76.9918674921951,-19.4584491343822,-21.3242452999771,-17.6877866398358
2025-03-12,-33.844658333181,16.314351992982,2.66075236111982,71.3060636263042,-17.1577111855754,-20.0306216958154,-19.2481767658342
2025-03-13,-34.6748149713582,18.131694866944,-0.0521237755427677,74.4166647503809,-19.4032012247701,-18.7224135357145,-19.6958061099393
2025-03-14,-35.1048090828252,21.3647536307885,-2.62754333998555,76.6549722691939,-20.8349125696101,-21.9715387623613,-17.4809221452003
2025-03-17,-38.1837435062823,20.5703345670499,-14.6719452979734,98.0117254353149,-24.0172206705278,-20.7749268523981,-20.9342236751831
2025-03-18,-37.1673187947192,19.3404333320721,-19.251458613098,103.39230324666,-24.2231945310989,-18.0097820514107,-24.0809825884049
2025-03-19,-37.4559375962092,20.4810937142397,-22.013468672071,105.646889999465,-25.3353072621421,-17.6199379056093,-23.7033322776728
2025-03-20,-36.8708868384748,21.0630780014244,-24.0522775646318,105.75433639983,-23.9509129355737,-17.4497240189737,-24.4936130436009
2025-03-21,-37.6496091125771,19.1094182661737,-25.4679054946789,110.790059414092,-25.6935411026857,-17.6699692341372,-23.4184527361871
2025-03-24,-36.6881358381428,17.7445746845579,-23.9310656540448,110.152863139608,-26.4389961948236,-19.210148143739,-21.6290919934157
2025-03-25,-36.2476120314818,18.1076822959892,-25.4943799177719,108.550319040595,-24.7956891475065,-18.6373739203381,-21.4829463194859
2025-03-26,-35.1719830028127,16.7805065477303,-25.5349125198125,109.497790554181,-26.1707210838906,-18.610716570034,-20.789963925362
2025-03-27,-35.0530209478627,16.59979830212,-25.6098061040399,112.631033058038,-27.1110239927589,-19.4620680378272,-21.9949122776692
2025-03-28,-34.7840361936943,16.9375819186653,-25.9734099320832,115.661737832162,-26.5337603305103,-22.7907005903559,-22.5174127041832
2025-03-31,-34.7924558732261,18.3615370281513,-26.2403860266872,115.836546923595,-25.0516749810664,-24.9916650910922,-23.1219019796741
2025-04-01,-34.9507589820683,18.0912956336039,-26.0017065124288,116.377682926927,-24.6394676419848,-25.9158132849231,-22.9612321391259
2025-04-02,-35.9924767329766,18.7429593019393,-26.5970229034679,115.208355907408,-24.2342393910522,-23.9249811459588,-23.2025950358919
2025-04-03,-36.0534009189408,17.7978188620367,-26.8296858819681,117.201471536054,-24.8887165495576,-24.0012083555714,-23.2262786920533
2025-04-04,-40.128254544991,20.4699058322539,-26.8489083686037,113.008978828266,-23.1738004170219,-23.5052299285197,-19.822691401384
2025-04-07,-37.764368806572,17.179893017923,-28.6530212325932,117.382755872771,-25.861816055486,-24.23105266496,-18.0523901310831
2025-04-08,-41.027789249604,20.5374596271257,-29.0016273624472,110.84097924439,-21.6418158157353,-24.1352529721972,-15.571953471532
2025-04-09,-36.6575224594225,19.384496119052,-30.4554288458191,111.353297460142,-23.9200611186006,-26.3768786859861,-13.3279024693655
2025-04-10,-37.6013041355199,18.8254710499647,-31.4682596441507,114.733998100449,-16.1259336200484,-29.9351855854245,-18.4287861652701
2025-04-11,-38.3088804887447,17.857050455244,-31.0111821612682,114.029166243262,-14.917027004684,-29.3566611238131,-18.2924659199955
2025-04-14,-36.9102009804558,18.4786264761502,-30.7363701571774,113.31879733041,-15.1618459891395,-30.6035880282391,-18.385418651548
2025-04-15,-36.8736287453101,18.8302501937488,-31.3028051771552,117.067786515462,-15.4612862530643,-31.26326085147,-20.9970556822109
2025-04-16,-40.4847469929307,21.810854905628,-31.9743118482044,117.361235541621,-16.5453433238345,-30.5277473888521,-19.6399408934269
2025-04-17,-41.4587123856374,22.4659113958701,-31.8837350704505,116.357445886138,-17.3069492275414,-30.2717620196288,-17.9021985787499
2025-04-22,-44.039664708232,21.5088152269143,-32.2691091070297,119.006229524707,-16.4521069995286,-28.8400233173458,-18.9141406194851
2025-04-23,-46.444431007479,22.0371946846531,-31.8097216583493,121.672998109581,-15.3038654047925,-30.5220170316581,-19.6301576919555
2025-04-24,-48.4856203832886,24.6167890575769,-32.7576215503373,120.100845470635,-14.9185153481389,-30.1605836493446,-18.3952935971024
2025-04-25,-47.3335454536949,24.6094457854152,-34.1496878962348,122.257039429018,-15.1335292635233,-30.7339912724806,-19.5157313284994
2025-04-28,-47.8776885520777,24.8869637858331,-34.0878004154271,119.063774141601,-14.765372031496,-29.5943445160133,-17.6255324124201
2025-04-29,-46.943680579731,22.9335288695173,-34.1246889273777,120.735531304607,-15.0452851486914,-29.4779020647716,-18.0775034535521
2025-04-30,-45.224655758238,18.7473620864572,-34.4423807709054,127.931190378543,-16.798644549649,-29.7634146870528,-20.4494566991547
2025-05-02,-45.887034887974,19.120591873488,-33.874948878339,123.38043104402,-15.7148441301242,-28.5137671591818,-18.5104278618891
2025-05-05,-45.6257374000289,17.1068283101244,-33.5279389673889,121.587213265658,-14.2277927638548,-28.482650161902,-16.8299222826079
2025-05-06,-44.7195559108075,14.7149062929729,-32.6566689481007,116.765995753785,-12.5644228126448,-27.6970310709506,-13.8432233042546
2025-05-07,-44.8568979932453,14.9129024876308,-32.2071806916209,108.885692308157,-11.0760399631035,-25.9983404761828,-9.66013567163529
2025-05-08,-40.9883805411019,5.0745054055907,-29.5709351165311,107.40261098272,-13.2108019786765,-31.4804682249542,2.77346947295257
2025-05-09,-41.2874494005508,8.22100434892565,-32.8012495777842,118.368373559049,-15.7185711121436,-27.3335497166831,-9.44855810081281
2025-05-12,-41.429302527185,-7.2177686689119,-25.0756007501413,112.886643947353,-4.32484648490495,-27.0769809053391,-7.76214461087036
2025-05-13,-35.383851418564,-14.0885061192079,-21.1315869269722,101.14402680483,0.274436511181037,-26.7108794078584,-4.1036394434083
2025-05-14,-38.7532981115859,-20.2851503906231,-21.8632513483251,101.961671581348,7.3139396095629,-25.658203353536,-2.71570798684058
2025-05-15,-41.1296817755411,-27.3216895748494,-21.4970818929881,110.9131681183,3.14933752837991,-19.3035947776292,-4.81045762567224
2025-05-16,-46.9938500200142,-14.7329671884435,-13.1401033132434,106.434299487722,-8.69525526127552,-6.35770410795555,-16.5144195967894
2025-05-19,-47.2246415097295,-21.3755741716557,-24.5759546581281,121.988902286443,-11.199880922112,-17.088592281804,-0.524258743014098
2025-05-20,-50.1076670065452,-25.5608791492165,-28.5357923990649,126.997532655056,-12.3321996727374,-7.51767329830816,-2.94332112918342
2025-05-21,-46.6273179265073,-8.91031011875696,-27.8365308072941,101.322238536043,-5.61350131172285,-9.04097921831218,-3.29359915344972
2025-05-22,-51.4793858267775,-11.8337550356499,-30.6763110796291,112.541927959606,-7.76935798213632,-7.55405937637164,-3.22905865904149
2025-05-23,-51.4048300895005,-7.73256694453277,-22.2056008105998,92.9908595138994,-1.06598508612512,-4.13373991988897,-6.44813666325232
2025-05-26,-52.3981356274769,-8.85807270655756,-23.994727104137,99.7461796927871,-3.81862443040072,-3.64971154040476,-7.02690828381017
2025-05-27,-52.6585034139833,-8.01077915207346,-21.7637393920575,96.664274972387,-3.97839323728324,-3.23139505387385,-7.02146472311571
2025-05-28,-52.9763010998276,-8.29545806406273,-22.1618799223515,97.5713300859632,-4.55901445748769,-2.70041641294054,-6.87826012929312
2025-05-29,-53.0392945861755,-8.84924921614923,-23.9588821331123,100.603054385058,-5.5584878411613,-3.04460756785835,-6.15253304060121
2025-05-30,-53.1072043698373,-10.0016859759132,-34.5105181404915,120.583254504054,-10.8666085200531,-5.75696264361714,-6.34027485414199
2025-06-02,-51.6278602060106,-8.15760235330692,-29.8022113398957,104.323390014142,-6.63006325919924,-2.29528986233089,-5.81036299339827
2025-06-03,-51.0151802736296,-8.2864659393334,-30.4097880611818,106.126825729679,-7.8527367402797,-1.96021514353091,-6.60243957172323
2025-06-04,-50.3823428684481,-4.68269418530053,-29.2383686115459,97.7203959014772,-5.49463522768944,-1.50661029127232,-6.41574471722084
2025-06-05,-49.4815027130101,-3.02665504221591,-29.6422041951679,95.6354624302411,-5.49052867868787,-1.19228503659388,-6.80228676456547
2025-06-06,-51.2031818936356,2.63544056101225,-41.3827843858034,111.631547438407,-9.03501476635974,-4.01907871166614,-8.6269282419541
2025-06-09,-50.6803543778095,5.92016146745204,-42.5346634121311,114.831949487699,-12.7864708867409,-5.86038573455006,-8.8902365439195
2025-06-10,-50.5542415876661,1.04886996597877,-35.0460949935923,112.882839016216,-13.0291658290392,-3.78131677353993,-11.5208897983574
2025-06-11,-50.8479708186012,-4.00787248925138,-28.9108628204745,112.394459116937,-13.6533962372956,-2.59901719236179,-12.3753395589529
2025-06-12,-50.9018006215034,-5.21362514873985,-29.635657861092,112.273843833856,-12.8996351701062,-0.93549642807875,-12.6876286043361
2025-06-13,-51.2100189963779,-0.356972964820059,-31.9079059903817,111.705752542796,-12.2078958828769,-3.57983561657545,-12.4431230917641
2025-06-16,-52.6752814504136,9.89703268539597,-40.9450988044617,109.024538023779,-10.0851053177134,-3.28530854372325,-11.9307765928635
2025-06-17,-52.2598814264957,11.4867931909016,-40.999444150088,108.177390544757,-10.0951534292158,-4.34045391885009,-11.969250811009
2025-06-18,-52.4281405791604,11.7147752727958,-40.9532015661607,105.492998174051,-9.98206161516847,-3.8013622222248,-10.0430074641322
2025-06-20,-46.5182530939716,14.285670354617,-42.6694649910497,94.9592049919431,-17.4256412537053,-0.0891721550115001,-2.54234385282191
2025-06-23,-49.12108174774,17.0218062553783,-43.3133404549224,95.0966143950091,-15.4978548630446,-0.999741399255981,-3.1864021854243
2025-06-24,-44.9423298971082,18.5876316064115,-44.6838326388649,84.8979527407233,-15.4851371329242,-0.459627924844529,2.08534324660705
2025-06-25,-45.0449791400059,19.2218425763095,-43.9467566713342,86.1780516367936,-16.3184057376155,1.25702805053822,-1.34678071468569
2025-06-26,-42.0055715219164,22.7202133783928,-46.3024610810438,80.0243420544924,-16.5126128042703,0.274090263700135,1.80199971064506
2025-06-27,-42.6212718517587,22.3771569762268,-44.9397698248564,80.6729808083562,-16.7883123914974,0.78913051622385,0.510085767305561
2025-06-30,-42.4573492675283,21.501840628957,-44.5375928709893,81.0213140994845,-17.5980715306775,1.89498945759096,0.17486948316261
2025-07-01,-39.0969057745097,22.5477314637303,-46.1597793812509,75.4730449344617,-18.3911590505008,1.26260310467137,4.364464703398
2025-07-02,-39.7743412922077,23.597534536031,-47.4265170235871,76.9364839071041,-16.8593759420825,1.14409044692661,2.38212536781566
2025-07-03,-35.8910387867013,27.5432751827338,-47.9551001148907,72.9481398070826,-22.0264695665548,1.50977633135179,3.87141714697856
2025-07-04,-31.1507913872696,32.2328847985306,-50.0672698657815,67.1607571313156,-25.140208113393,1.57611419666782,5.38851323993003
2025-07-07,-28.80730589097,33.4248551506799,-51.6515103793176,63.8044955773725,-24.9772315415191,2.46574799069866,5.74094909305569
2025-07-08,-27.9360250657355,35.3333125146828,-51.9283750820998,64.0470873701487,-25.4912354102487,1.71871028598858,4.25652538726386
2025-07-09,-25.5103788310098,40.1954474229041,-54.6937988444494,63.6830336501748,-26.4806746919709,0.721487582044126,2.08488371230706
2025-07-10,-23.9261957179957,42.7564211318918,-57.3024556129765,63.4309306204677,-26.665426963982,0.931359091727572,0.775367450867112
2025-07-11,-23.8043976400456,45.4432211601491,-55.3813331585499,66.8517529577064,-26.3242102588576,-0.879538415005925,-5.90549464539654
2025-07-14,-23.5016376105961,42.5675704643657,-54.036069517285,65.8386612173407,-28.5568043491663,2.42682785253047,-4.73854805718948
2025-07-15,-22.762583269197,45.2522703522356,-55.0910822272588,65.4693948579897,-31.0534551302004,4.30180907201198,-6.11635365558097
2025-07-16,-22.5346931891617,45.2575452279988,-53.7566201976696,67.0774307241145,-30.6848091798732,2.70108773791278,-8.05994112332164
2025-07-17,-23.143288782332,43.0235449496232,-53.7840012856949,65.4918420990881,-29.7248128053877,3.9665111224316,-5.82979529772839
2025-07-18,-24.2787925763886,42.5685655807925,-51.1948940624773,63.3695675636789,-27.8619708349968,6.97707048546,-9.57954615606876
2025-07-21,-25.4595211843715,43.6133428059435,-48.7676351680017,61.7900217103059,-26.5873971273995,8.39594069248716,-12.9847517289639
2025-07-22,-25.9248528621128,40.586429926628,-42.2546846683936,61.1529846988684,-25.9392166771881,8.95114108689497,-16.5718015046969
2025-07-23,-25.5679920882843,37.2097884947166,-40.5538226820684,58.8370416593753,-26.8328780443776,13.6810683920134,-16.7732057313749
2025-07-24,-25.5658473479461,39.3482211389835,-37.3556133890308,59.9193730918462,-25.9929379691458,14.0137756264138,-24.3669711511207
2025-07-25,-25.7194632679142,38.9500881217062,-33.4296015014229,59.1213324191827,-26.1006028180774,15.8781962185324,-28.6999491720069
2025-07-28,-25.8824877170266,38.0374626169053,-32.0609933332034,58.0523728959942,-25.0669366965907,17.4030883066122,-30.4825060726909
2025-07-29,-26.4432375082638,39.1371606562939,-27.9675840047245,58.7159673025064,-26.096192637585,15.9010201107935,-33.2471339190205
2025-07-30,-22.9252593702925,32.6309751774681,-27.1939141687494,59.3618548996996,-23.232690318975,12.421125224142,-31.0620914432928
2025-07-31,-22.8862563418893,33.6886686909785,-28.272149001188,56.6977236051394,-22.7963989170148,14.5926984304555,-31.0242864664813
2025-08-01,-23.6482992427302,22.5402893064451,-26.6611691987646,59.7478709811527,-22.0987415113877,14.4284374260111,-24.3083877607264
2025-08-04,-23.2715227517709,21.5469344456953,-27.5579362260912,56.9310925029373,-19.9361310534983,18.0009424977788,-25.7133794150511
2025-08-05,-23.7096676751902,17.5004579987947,-29.0225805506756,60.0823609055971,-20.5441230029715,18.8171619173768,-23.1236095929312
2025-08-06,-23.3265241980746,11.6125780519702,-28.584439985098,61.7307489076369,-20.6463089152362,19.8513905062977,-20.6374443674959
2025-08-07,-21.7168055385691,11.0567512313482,-27.9469003486618,60.2415420442971,-19.1067917021316,15.6850996200322,-18.212895306315
2025-08-08,-20.7347890912336,13.0329865809511,-28.8859673138193,56.8265134348791,-16.8620972484224,13.056642805092,-16.433289167447
2025-08-11,-20.1847441872848,16.8931460624614,-27.363225167854,51.0403206370573,-13.6498841468576,10.9278079087716,-17.6634211062939
2025-08-12,-15.8994425356059,11.629342181788,-27.3858267355908,52.1383874653321,-20.4305902022898,4.64574238807626,-4.69761256170995
2025-08-13,-16.2026762687934,15.604997257261,-26.9842603306394,47.0057078139828,-18.5838135285193,6.97200319930797,-7.81195814259969
2025-08-14,-14.086604364888,15.9744027347494,-26.3359608792744,43.4481875285275,-15.2858167451215,3.84240561308946,-7.55661388708255
2025-08-15,-7.48888533069594,0.702520417236499,-25.7328133380456,50.0415244868961,-6.2647629095307,-17.746919481438,6.48933615557765
2025-08-18,-12.021952755955,8.63687768404147,-13.0487845295003,54.8690158123501,-6.1315253307019,-30.2862367920481,-2.01739408818628
2025-08-19,-7.49555486015178,5.63090477144766,-11.8924066178433,49.1712044526093,1.48807530728811,-27.3650250032811,-9.53719805006885
2025-08-20,-8.1617724208634,7.84903086650385,-12.8807809428464,51.8281841834314,0.917963960371154,-26.4469049789275,-13.1057206676692
2025-08-21,-11.9438341500524,9.74978964746862,-12.9625931389682,54.1480946411992,1.33103950637663,-26.7043623509013,-13.6181341551225
2025-08-22,-10.3985421646601,8.50003845883461,-12.1734638802184,52.7195526785391,1.70364630359311,-24.8331536411354,-15.5180777549529
2025-08-25,-8.46585804959813,4.67216145101151,-13.1900581658352,52.6148964020238,-5.14653762331896,-22.5923180571443,-7.89228595713874
2025-08-26,-9.57035662649321,5.5237053670355,-13.5866171508929,53.545219375701,-5.4330177731764,-22.7796007947289,-7.69933239744499
2025-08-27,-8.47572323250279,2.24482765739913,-12.5794870556197,53.9711100049314,-9.33968404499556,-20.0923455811877,-5.7286977480248
2025-08-28,-11.1663013489165,6.74019220177542,-13.6784950734624,56.2077508069667,-6.3577103307402,-23.8362168150141,-7.9092194406089
2025-08-29,-14.7279198260377,10.5257833853891,-12.9794378795552,57.6734967551955,-4.30319121055289,-27.1376505839799,-9.05108064045886
2025-09-01,-19.0071125063695,13.1003851571674,-12.2175392302522,58.9035882543612,-6.10888564857221,-27.937669908882,-6.73276611745253
2025-09-02,-16.7207826637774,10.8709086859625,-11.2398284248853,57.8923325040482,-6.88378261246828,-25.7485661754775,-8.17028131340209
2025-09-03,-16.7114258489073,13.7904455976794,-11.0324075629396,54.721046717424,-4.60971195483037,-24.7029247010292,-11.4550222473968
2025-09-04,-17.6488454969205,17.5812726345646,-11.1794084692514,50.5917247436105,-1.19299384584476,-22.8114122494385,-15.3403373167198
2025-09-05,-20.2436519711838,14.7821979194169,-10.4912404857124,53.0355966701633,-1.20900312503655,-21.365952376592,-14.5079466310554
2025-09-08,-23.0324952670863,11.1246385031803,-9.64220215860049,57.5571936658231,-3.94537309666225,-20.5814743583153,-11.480287288339
2025-09-09,-23.5193581738415,9.71291670317742,-10.0051613555243,58.8508382715859,-4.49954526983429,-18.7993583927163,-11.7403317828469
2025-09-10,-22.3321515877353,9.72677397381575,-12.2871505394182,57.5848849723659,-3.13796799642788,-21.3682182465138,-8.18617057608641
2025-09-11,-25.7967103132583,7.50126997554774,-7.89317505397554,59.0131989023682,-9.23454281756557,-18.9794031612548,-4.61063753186179
2025-09-12,-28.9718876676634,8.36685002927366,-8.8851092053546,56.2174437560806,-8.35912440799466,-14.304229282903,-4.06394322143856
2025-09-15,-28.1260590355188,9.93575915780077,-8.68946829402108,56.7567468422795,-0.808444036075819,-27.3103672842661,-1.75816735019855
2025-09-16,-29.0766623658347,8.14399211646685,-2.36866241935516,58.4477632354985,-3.57932441070626,-30.6660476292378,-0.901058526831363
2025-09-17,-28.9036299929154,13.6026713993082,-5.11973164973656,49.7808213482005,4.84563711833489,-30.9214165465447,-3.28435167664701
2025-09-18,-30.2237524323393,15.3079136930364,-2.92070696395561,48.1804931145632,7.16334180983534,-32.2359692712696,-5.27131994987035
2025-09-19,-31.7151481729809,14.7180507387375,-2.68656661866222,49.591254701176,6.91247920075366,-32.1970890155707,-4.62298083345328
2025-09-22,-32.7427086723571,15.1166969962363,-1.27279311823505,48.9587005414697,7.92959267559374,-32.6432158282604,-5.34627259444711
2025-09-23,-31.8621748886416,14.7221485439299,-2.89120260551014,48.9394375250622,7.89826606235452,-32.1068338833597,-4.69964075383513
2025-09-24,-31.0321390438399,14.9490873094835,-2.85246063942383,49.6072657082022,8.64653040147813,-32.4060196050798,-6.9122641308203
2025-09-25,-29.1172693464373,15.8360709478297,-2.97994064637419,47.8465519440637,9.15140890507921,-32.7500747400879,-7.98674706407319
2025-09-26,-27.7007824632715,17.5634820375558,-3.77380286677322,44.7295141046423,11.1184886797655,-33.5711658122114,-8.36573367970753
2025-09-29,-28.3585716914417,16.7345380237044,-3.63913701606437,46.5588067072369,10.0752602230198,-34.0869941481357,-7.28390209831937
2025-09-30,-28.0784439756313,16.389809106782,-3.78715973597709,45.9257029852167,10.9488963100599,-33.6101558852274,-7.78864880522278
2025-10-01,-28.0545357688171,17.03130956903,-5.03474354841511,44.9588436196179,11.6455467857804,-33.0295966163526,-7.51682404084343
2025-10-02,-26.4797625329078,17.5996904821545,-4.96122031633965,42.3421422792491,11.8491319805008,-32.8367331895019,-7.51324870315499
2025-10-03,-25.1712290343988,18.0077420066224,-4.97501716990695,40.0152530592043,10.9075536769922,-33.2576591661912,-5.52664337232196
2025-10-06,-21.8865704173783,18.4072397347655,-6.22936157009537,36.4642380493355,10.1312259139788,-33.8190707077391,-3.06770100286708
2025-10-07,-23.0262161830892,17.5819081567182,-5.30444552572383,36.8591699526822,11.6165529031287,-32.6330422201719,-5.09392708354426
2025-10-08,-23.2589922934283,17.7002425051846,-5.50658421505561,37.9978921803847,11.0906465994455,-33.067039590513,-4.95616518601789
2025-10-09,-22.3933151225953,16.7397757791206,-6.92266416300505,37.953129499989,10.0302361823263,-33.8775666062817,-1.52959556955392
2025-10-10,-25.5009907080556,15.4889530204779,-6.07539841743579,38.1052859769031,12.1527364208916,-33.9413647248963,-0.229221567884821
2025-10-13,-20.5265599837089,15.8782803563138,-7.27264837725762,37.2052965309258,8.1752080396187,-34.7268277135914,1.26725114769963
2025-10-14,-31.2434198814161,16.0434299381188,-6.18902644181663,45.3752821694957,10.8889147924993,-33.7051665690334,-1.17001400784767
2025-10-15,-31.0695097573296,19.055527753825,-5.30887657195507,46.4800935982884,12.5653179943587,-33.2580243273411,-8.46452868984632
2025-10-16,-28.9852176367195,19.4303035166099,-5.536259955658,44.8671426783246,10.5179786541859,-33.2331416692027,-7.0608055875402
2025-10-17,-30.9993779285088,19.4991787709144,-4.47527427011581,45.6389480432857,13.0112007969974,-33.0057326061826,-9.66894280639033
2025-10-20,-30.8802904557986,19.2275138040076,-3.34460369745333,45.9169610102197,12.9867115621622,-33.1599633194893,-10.7463289036484
2025-10-21,-35.4361946269391,19.3750455251961,-3.48617444657886,47.1440051046323,16.470926652599,-33.920899366575,-10.1467088423343
2025-10-22,-31.2518285791124,17.0038116988402,-3.99083265443167,45.532810693575,12.7035179860776,-34.1204725416701,-5.87700660327857
2025-10-23,-33.4764921783643,15.0180876385691,-4.63751083212358,46.6332146911561,14.2051477292907,-34.1292386772802,-3.61320837124779
2025-10-24,-33.9331898030065,14.0784228996122,-3.55574901701527,46.1435653523082,15.3494268215129,-35.1069259947094,-2.97555025870209
2025-10-27,-34.4666148380983,13.7917462157727,-3.28188819486669,45.121502611278,16.6559833625828,-35.4011274962882,-2.41960166038036
2025-10-28,-30.4913670537566,13.5427045680898,-4.0832733717475,43.6642183775767,13.2496282820329,-36.2193578378089,0.337447035613586
2025-10-29,-33.5525762848753,13.101221841003,-3.37683429908911,44.2759978805078,15.7328779235718,-36.5654112593787,0.38472419826045
2025-10-30,-33.3625922681183,12.4413065335996,-3.39687128609859,41.9785678943863,17.8655897410868,-37.1418873179168,1.6158867030609
2025-10-31,-30.9402620733807,11.0354582661924,-3.73050859051787,38.1209124623119,18.7248981495343,-36.8683961662244,3.65789795208438
2025-11-03,-30.6450877986333,11.4983720387626,-4.38882791607386,38.8212344414918,18.393510304425,-36.5974123157512,2.91821124577902
2025-11-04,-30.9109215478727,11.3812287855965,-4.04149854925219,34.4515538498054,18.0444559180938,-36.8476994665579,7.92288101018712
2025-11-05,-29.2283272947429,11.6888691179105,-4.87187540197372,33.8441912837547,15.1178339473987,-37.1624983011053,10.6118066487581
2025-11-06,-30.8440495674372,11.5852949606478,-5.07343836298868,32.1582281476969,14.9276953486405,-36.937861275326,14.1841307487666
2025-11-07,-32.0685470474099,12.0847238125667,-4.48657405882037,31.0291062880233,15.6086105027112,-36.4379265915321,14.270607094461
2025-11-10,-30.6385108563548,9.89227242391741,-5.35732924674719,33.5067626984927,15.3647949761276,-36.6712069552236,13.9032169597879
2025-11-11,-33.6638414934712,16.8579976344038,-4.21136900386751,26.5941386716489,18.2724992793258,-35.8753055706864,12.0258804826466
2025-11-12,-34.0155190773818,18.5325716451902,-3.2418566938729,25.9477800340556,15.2135905017184,-35.2810661409358,12.8444997312263
2025-11-13,-35.3240511780664,20.7078739115443,-0.25772058046811,22.5103771256636,16.2827284583475,-36.3538939664505,12.4346862294296
2025-11-14,-35.0446700309779,8.63184719913354,-2.61133943551404,37.2848705986178,15.0874588027316,-38.7291753314697,15.3810081974787
2025-11-17,-31.0292333866673,10.4273420469599,-2.69083889504333,36.8951460956026,12.983113485885,-39.3388700757673,12.7533407290303
2025-11-18,-31.9132868082807,10.9913811956468,-2.93589571637833,38.4208263324322,12.9003393005259,-39.3372378920645,11.8738735881186
2025-11-19,-32.6275995127024,8.76473201895281,-2.95344689948076,42.092156629252,10.9607697203729,-39.1844218455319,12.9478098891373
2025-11-21,-34.8452225005212,7.7057836348734,-4.44000006867667,40.9076107484324,13.9713565444699,-38.514592812022,15.2150644534442
2025-11-24,-36.8626582565812,6.42836979976197,-3.04964188504281,41.5614894136826,15.2108188006322,-37.9612719385787,14.672894066126
2025-11-25,-36.1489217724869,9.96929557969126,-4.30491522338922,41.4486969930452,14.0372621053275,-37.0835639227895,12.0821462406017
2025-11-26,-36.3575369912238,8.97223679572801,-4.32008073432468,41.8192354960193,14.5637614710286,-37.2143803828132,12.5367643455858
2025-11-27,-36.7187003465272,8.30476227816123,-4.6052834820072,42.3603162321341,14.6955259700447,-37.0353529412372,12.9987322894316
2025-11-28,-40.3408853660071,3.4395231569632,-5.26092526778388,48.3357334141071,11.7895114531281,-36.1581871639199,18.1952297735125
2025-12-01,-42.4370488103762,-2.75383108744987,-5.53460644873507,54.9869392594225,11.1722981107042,-36.0466225825138,20.6128715589482
2025-12-02,-38.116113945846,-1.17319498978748,-5.46073326272597,49.5818200309083,12.4731821390652,-35.8896163183595,18.5846563467455
2025-12-03,-37.4420150679784,5.16633872097952,-5.45130253498382,44.9080146205129,11.1047780396352,-35.2270627461816,16.9412489680163
2025-12-04,-37.7161026975799,4.19023868607217,-5.7204126602442,44.965793796395,11.9246747359192,-35.2189215234321,17.57472966287
2025-12-05,-31.7271986641021,20.1730482802313,-10.5214309483592,32.1709837358856,16.5280328649963,-36.6703775503081,10.0469422816562
2025-12-08,-30.6521533559689,17.2432638027249,-9.81359515421985,31.9312827049388,16.9166803547984,-36.9481683030872,11.3226899508139
2025-12-09,-30.4263641949759,18.438936424131,-10.5195512984716,31.1510984817193,18.4239910130796,-36.85127639652,9.78316597103758
2025-12-10,-30.6463559951408,18.2559749583668,-10.7187404630964,31.5299974388844,17.3402321507987,-36.5810237749636,10.8199156851509
2025-12-11,-30.4952083381788,17.4792550184971,-10.7881554582086,31.7756932411022,16.1116038811066,-36.3453923999482,12.2622040556297
2025-12-12,-31.5316103112215,18.5760345527405,-11.1833716841674,30.5641521259307,17.8112591970333,-36.198360288095,11.9618964077793
2025-12-15,-32.1006540629588,17.8604243407068,-7.27308679306794,30.0941508292466,18.8483631730392,-39.2591749440735,11.8299774571076
2025-12-16,-30.3366055958691,17.1717532793395,-4.92909918000626,30.3058587757432,18.362258787201,-40.1316925658816,9.5575264994732
2025-12-17,-22.9620649106196,16.6155262291152,-7.2057111202077,28.4006477972765,17.733455818377,-39.5940008809401,7.01214706699876
2025-12-18,-27.3807665433829,17.3888750320234,-5.33123096045243,26.3708712503268,19.4681840354829,-39.3403929781347,8.82446016413697
2025-12-19,-26.5291779070285,19.4466781863016,-5.49105196667961,26.2060016644117,20.9723282415336,-39.4552919189011,4.85051370036228
2025-12-22,-25.7037440296258,19.095452733373,-5.70180065264623,26.8020330329258,20.6390348674837,-39.6706244915748,4.5396485400645
2025-12-23,-27.7948933153403,20.6337120149639,-4.11074099709348,23.5485440708012,20.8079742148005,-38.8453230708047,5.76072708267279
2025-12-26,-27.7170854005129,20.4128539625556,-4.3458373605562,23.3499445561981,20.6463293395273,-38.4084074321561,6.06220233494426
2025-12-29,-27.8971890564796,20.1525024417365,-4.81964080266465,23.2686988474712,20.8097637616724,-38.0077148848472,6.49357969311134
2025-12-30,-29.5131357088142,19.8725048058761,-4.69431924133923,22.8323275898793,20.4225228386651,-37.1426542951196,8.22275401085255
