"data","ITUB4","BBDC4","BBAS3","SANB11","BPAC11","BRSR6","ABCB4"
2014-01-31,-2.65266122754666,-2.61642521240231,-2.52436274215045,-2.39611629165076,-2.44259755909014,-2.30066556482166,-2.55042605711263
2014-02-03,-2.62456386783525,-2.59537308586864,-2.49236862817832,-2.39708444298338,-2.44230174232938,-2.2615178523787,-2.56444964049222
2014-02-04,-2.47565936883238,-2.56419406258673,-2.46915696280678,-2.40842644896777,-2.44191459160152,-2.27667274603875,-2.56300266189995
2014-02-05,-2.46232777685326,-2.55350786522703,-2.45759784763291,-2.42566601071567,-2.44147378215144,-2.31299744104674,-2.54781531254897
2014-02-06,-2.43969146414665,-2.53601911209975,-2.41465461086377,-2.46003067822434,-2.44100681300043,-2.29726114179893,-2.54693872773679
2014-02-07,-2.42279942065648,-2.547397051588,-2.41524573502744,-2.44495381350454,-2.44051963697166,-2.33463504770702,-2.51983170674907
2014-02-10,-2.4185907035322,-2.54373771360585,-2.41853785961234,-2.44984886749968,-2.44001581791603,-2.36096986335839,-2.51338220871182
2014-02-11,-2.40867647160497,-2.54448873314456,-2.42092687581816,-2.44702888479224,-2.43949864333607,-2.35414703085448,-2.50956950083999
2014-02-12,-2.41030092001428,-2.54241354932077,-2.44124337974412,-2.44909857720508,-2.43897081392858,-2.28723167971078,-2.47960184743176
2014-02-13,-2.39364571279453,-2.52685126116561,-2.30116421437483,-2.46081686079967,-2.43843447787784,-2.28556677540227,-2.48484608784149
2014-02-14,-2.39030273527077,-2.53074223411537,-2.30029958653065,-2.46464437135349,-2.43789134766252,-2.23468570131308,-2.49168261732404
2014-02-17,-2.38392878169506,-2.5295472181231,-2.31242491245311,-2.44558631348249,-2.43734279102796,-2.24039386655646,-2.50442027140586
2014-02-18,-2.37379829459066,-2.51315529800575,-2.297507792718,-2.41762089215655,-2.43678990046384,-2.23486670725783,-2.52724975159981
2014-02-19,-2.35209532247421,-2.49556401373112,-2.27806394405892,-2.39853398246378,-2.43623354851791,-2.21814762870098,-2.49965968838917
2014-02-20,-2.33689785777199,-2.47491641522079,-2.25716370233956,-2.39382185290373,-2.43567443206596,-2.20295556842873,-2.49083161439098
2014-02-21,-2.38463835870871,-2.50387672717624,-2.26652127113682,-2.37943955711494,-2.4351131076822,-2.22491171560911,-2.47801253314313
2014-02-24,-2.40182794839014,-2.52675855124973,-2.25905774828639,-2.36342501975567,-2.43455001988656,-2.22609381996928,-2.46445728583714
2014-02-25,-2.42194979620601,-2.50231913562026,-2.26687123639974,-2.3559890784101,-2.43398552370439,-2.24733459087002,-2.49397722637462
2014-02-26,-2.43547188349333,-2.5145009203166,-2.28315226571616,-2.40582721421961,-2.43341990268428,-2.2518517601097,-2.49303059352073
2014-02-27,-2.44482707590028,-2.50964791929321,-2.29701645572201,-2.39101349940654,-2.43285338328833,-2.25123769217307,-2.52091727100333
2014-02-28,-2.44260033662496,-2.51601427463191,-2.27919217342526,-2.37410009380156,-2.43228614638536,-2.25554619618609,-2.43812820881148
2014-03-05,-2.45864642947944,-2.52577484949927,-2.29045888430833,-2.36189141443178,-2.43171833643008,-2.23818492795319,-2.3946791313191
2014-03-06,-2.45712289375129,-2.52676175890858,-2.31154024924833,-2.3479583182752,-2.43115006879436,-2.26813610217007,-2.3876559594167
2014-03-07,-2.5776654661186,-2.55293531117608,-2.32525057386642,-2.34708395181533,-2.43058143562239,-2.25899041328436,-2.39745790763509
2014-03-10,-2.57085192461303,-2.55373132943959,-2.33213407981508,-2.36248390187073,-2.43001251050708,-2.22692795689115,-2.40891218630437
2014-03-11,-2.58315673363046,-2.56056950018001,-2.31505863321477,-2.37817036648193,-2.42944335222501,-2.25617543989525,-2.40716016684451
2014-03-12,-2.60757024854362,-2.57013750427454,-2.25864536802715,-2.38790973690621,-2.42887400771931,-2.26875462751587,-2.43961237246056
2014-03-13,-2.60485686556458,-2.57324851453345,-2.27470399221547,-2.39051119224597,-2.42830451448215,-2.24051708745422,-2.40612980112328
2014-03-14,-2.58910469618911,-2.58378037737281,-2.27984902668955,-2.38282588537893,-2.42773490245744,-2.24930220883449,-2.38667790899507
2014-03-17,-2.59214132842184,-2.5794150651945,-2.27558929120495,-2.39524525086803,-2.4271651955605,-2.28017978143927,-2.40233163812125
2014-03-18,-2.58818052493348,-2.5908369449916,-2.37974631014039,-2.39973137513784,-2.42659541289184,-2.28448845951607,-2.40416499552483
2014-03-19,-2.59759587448671,-2.59048607391523,-2.36535605853184,-2.39473632646609,-2.42602556970649,-2.32570254209973,-2.35046352055749
2014-03-20,-2.58268741283818,-2.56974841285874,-2.33021405655762,-2.40270446019237,-2.42545567818817,-2.26450462698401,-2.33012907345072
2014-03-21,-2.56210685583895,-2.56881743208825,-2.28100048022185,-2.38396989652794,-2.42488574806771,-2.26227348455119,-2.27188720115805
2014-03-24,-2.55588709622228,-2.56453721538642,-2.28000664695696,-2.38434181512067,-2.42431578711682,-2.25811858810215,-2.27283476842322
2014-03-25,-2.56139874285471,-2.58512948604789,-2.29559946894769,-2.3780172923988,-2.42374580154255,-2.26212796177563,-2.28300030802128
2014-03-26,-2.53385941006716,-2.56880202065922,-2.27906274626796,-2.38815681253955,-2.42317579630229,-2.25853512144487,-2.28754013697005
2014-03-27,-2.51202893462661,-2.54663097784453,-2.2511459447405,-2.37081865097889,-2.42260577535538,-2.22929164939913,-2.28583053051299
2014-03-28,-2.51057528912923,-2.5753308604051,-2.22795572760671,-2.37604100620575,-2.422035741864,-2.2319715685386,-2.27240529324965
2014-03-31,-2.50142846276781,-2.57152896669675,-2.23802789322637,-2.36776525368963,-2.42146569835372,-2.21976480312117,-2.24794497626506
2014-04-01,-2.50078853260941,-2.5833833608527,-2.23962329634247,-2.35483199457369,-2.42089564684164,-2.17441588207365,-2.22583002693014
2014-04-02,-2.49915910143481,-2.57828373339393,-2.23629770473203,-2.38456167841533,-2.42032558893874,-2.1859770400694,-2.27009209450103
2014-04-03,-2.49503645011167,-2.56445385851763,-2.22127369755774,-2.38058460269144,-2.41975552593168,-2.17469361025223,-2.28150261943418
2014-04-04,-2.47394738924861,-2.55135544581767,-2.18999423429514,-2.36461559239332,-2.41918545884807,-2.14816944459836,-2.25851889342053
2014-04-07,-2.49876663710605,-2.53848988794778,-2.17962546290967,-2.35115425325286,-2.41861538850864,-2.16099242261918,-2.2592616369954
2014-04-08,-2.45142661497135,-2.4223916454524,-2.10149472934441,-2.27728273946942,-2.41804531556888,-2.20588074423987,-2.26111066817316
2014-04-09,-2.44452710432954,-2.41908270893967,-2.10842426784882,-2.27492606343905,-2.41747524055231,-2.19968620577339,-2.24284665211286
2014-04-10,-2.45839033056103,-2.41637847496689,-2.14292881327787,-2.26799794859807,-2.41690516387705,-2.16497657616915,-2.20913083811818
2014-04-11,-2.43580882500226,-2.39302299089512,-2.13812704560375,-2.2505416867557,-2.41633508587705,-2.18659371209815,-2.23404033617531
2014-04-14,-2.45570561900616,-2.39570915416052,-2.13584212725383,-2.26647010861184,-2.41576500681901,-2.18166656914223,-2.23731924480465
2014-04-15,-2.42393156180315,-2.35314025153178,-2.11625305329206,-2.25243645421071,-2.41519492691594,-2.12885679462285,-2.24567207301151
2014-04-16,-2.42614449227465,-2.34454656486635,-2.12110346201313,-2.25881296582724,-2.41462484633797,-2.12899069830127,-2.23127869653574
2014-04-17,-2.40718812586892,-2.32134212287594,-2.10708763325479,-2.26228755814263,-2.41405476522099,-2.13134220408025,-2.27374675787302
2014-04-22,-2.40920645327993,-2.32747374582394,-2.10511327566161,-2.27528104730221,-2.41348468367351,-2.18287801005715,-2.28914082895438
2014-04-23,-2.43494224747517,-2.33634961545283,-2.14885921416295,-2.3235498277864,-2.41291460178219,-2.17791863768825,-2.32481546471108
2014-04-24,-2.44995988739118,-2.34772988595791,-2.15346623915312,-2.34064950762707,-2.41234451961627,-2.1915207059879,-2.34277013716737
2014-04-25,-2.45581221106683,-2.35327546484927,-2.14551875473472,-2.34369394780777,-2.41177443723104,-2.1914649642805,-2.33471233279068
2014-04-28,-2.47758661278675,-2.36542859571316,-2.14950199655385,-2.3427107974636,-2.41120435467063,-2.1694966141017,-2.30981565188991
2014-04-29,-2.48295158655985,-2.36474209723696,-2.17531295832211,-1.58894051026042,-2.41063427197033,-2.17446452786454,-2.30322896971602
2014-04-30,-2.47687133272608,-2.36263987459109,-2.18871348279162,-1.58612798486636,-2.4100641891583,-2.15889158698356,-2.31212691815194
2014-05-02,-2.46460148284852,-2.34961813848574,-2.17578525513254,-1.58698245966518,-2.40949410625702,-2.16452970231991,-2.35404639888245
2014-05-05,-2.46418508749699,-2.3528070538118,-2.17607680454069,-1.58796728734627,-2.40892402328448,-2.20104657988947,-2.39083937429477
2014-05-06,-2.46643867588014,-2.35047563747293,-2.17692429147788,-1.59029733553624,-2.40835394025501,-2.18308825809259,-2.38940631803075
2014-05-07,-2.46862805523795,-2.35672501313647,-2.16310239278872,-1.59859006769426,-2.40778385718008,-2.21153592769698,-2.41782192737907
2014-05-08,-2.50917261081849,-2.3831677014974,-2.18324260821062,-1.60181559287147,-2.40721377406884,-2.24315995848848,-2.45525418567197
2014-05-09,-2.51264584988011,-2.40232912053513,-2.19103049721424,-1.60213115304578,-2.4066436909286,-2.24224273287942,-2.4438844766649
2014-05-12,-2.61246385387929,-2.54660551572729,-2.29440074754898,-1.62081022044361,-2.4060736077652,-2.20491331736061,-2.43702686393094
2014-05-13,-2.62996599219472,-2.55584821697206,-2.31730658727603,-1.62281410116528,-2.40550352458331,-2.15396036515488,-2.46212849944016
2014-05-14,-2.63262895312485,-2.55787917724382,-2.34452393752347,-1.62726435681552,-2.40493344138663,-2.15853376317954,-2.50481093526152
2014-05-15,-2.66495923635974,-2.59394773091795,-2.35581846954597,-1.6326293339759,-2.40436335817816,-2.15548125053478,-2.49692126286171
2014-05-16,-2.68721004262481,-2.60251425202086,-2.36789835119648,-1.63230486178948,-2.40379327496027,-2.15723980405502,-2.48821775212582
2014-05-19,-2.73668145523232,-2.67120561802084,-2.41543267670685,-1.63593459406618,-2.40322319173484,-2.23615624764009,-2.47998836125111
2014-05-20,-2.72117383215873,-2.65573139729142,-2.38441738445546,-1.63409640573667,-2.40265310850341,-2.25000904211764,-2.50103644371568
2014-05-21,-2.6601713462746,-2.61766707565966,-2.24966357298511,-1.6361839097775,-2.40208302526718,-2.25370508374134,-2.48558778507026
2014-05-22,-2.62462202979032,-2.59771201230762,-2.25590820376483,-1.63909017538528,-2.40151294202711,-2.25066677202054,-2.39816890769885
2014-05-23,-2.61783171672273,-2.57303560122364,-2.23645304161183,-1.63888258298359,-2.40094285878398,-2.26286635152383,-2.40041009791803
2014-05-26,-2.62902037446109,-2.57640626728355,-2.23761948900983,-1.63734614513969,-2.4003727755384,-2.25796305038283,-2.40406477090478
2014-05-27,-2.59106986937151,-2.52787311442537,-2.19987887747034,-1.63850985907306,-2.39980269229087,-2.26604621245784,-2.41092872107645
2014-05-28,-2.58018153790159,-2.51236420662492,-2.18821218152473,-1.64036553062367,-2.39923260904178,-2.28524087193507,-2.41119872681375
2014-05-29,-2.58871121869221,-2.52903455907079,-2.18673994551792,-2.84361687692348,-2.39866252579144,-2.32257223445394,-2.4316891355952
2014-05-30,-2.57653695363708,-2.51641128726911,-2.18880292904523,-2.83968993975442,-2.39809244254011,-2.34693091779223,-2.42944164709324
2014-06-02,-2.59938861758244,-2.54166642442182,-2.19813920058691,-2.81100503469822,-2.39752235928798,-2.35672852700808,-2.41573837024386
2014-06-03,-2.61107627802499,-2.54335013368989,-2.19616950877784,-2.84418547335567,-2.39695227603522,-2.34472635380231,-2.40667530602071
2014-06-04,-2.63237782002128,-2.57765425253538,-2.220589106804,-2.84053418564103,-2.39638219278195,-2.38045526809735,-2.41224010894212
2014-06-05,-2.63167686897264,-2.58601185378662,-2.2538420477292,-2.81975268730154,-2.39581210952827,-2.37367475405016,-2.41454320842162
2014-06-06,-2.4109749172676,-2.42308470016785,-2.12160341158153,-2.77570681337242,-2.39524202627428,-2.35766090084379,-2.37332246899779
2014-06-09,-2.37952094429527,-2.4023743434805,-2.12172743969522,-2.75052808726199,-2.39467194302002,-2.36915221352616,-2.38606286177263
2014-06-10,-2.36828769781551,-2.37254617224858,-2.10198805165473,-2.69839401782741,-2.39410185976556,-2.42956913257028,-2.39857269780879
2014-06-11,-2.35912335650008,-2.36942547379655,-2.10235714750751,-2.64655044659867,-2.39353177651093,-2.53799200963822,-2.40906392758602
2014-06-13,-2.34809209668295,-2.36911604936521,-2.10108298055997,-2.64110177364983,-2.39296169325617,-2.53317184459454,-2.42287091969128
2014-06-16,-2.34938531228684,-2.37292739132301,-2.09906810649236,-2.62943004305115,-2.39239161000131,-2.52884724296645,-2.43666335993448
2014-06-17,-2.34540212625519,-2.37269991174839,-2.09568983413515,-2.641951764136,-2.39182152674636,-2.54581125394897,-2.46918092353874
2014-06-18,-2.32291189116415,-2.34709736627119,-2.05723202937426,-2.65279398074242,-2.39125144349135,-2.54252908692322,-2.44511958352055
2014-06-20,-2.33538669976693,-2.36049664616231,-2.07221214423867,-2.65658012690069,-2.39068136023628,-2.5403015744263,-2.44999657464965
2014-06-23,-2.37126483040685,-2.40131961898942,-2.19189636407472,-2.66417347490155,-2.39011127698117,-2.54624006487169,-2.4677594378077
2014-06-24,-2.4057370687701,-2.40296627585514,-2.20216163607485,-2.65947887890855,-2.38954119372603,-2.5282001610768,-2.57925994546876
2014-06-25,-2.39970355292608,-2.38521493367959,-2.2222262082429,-2.63046267537868,-2.38897111047085,-2.46966050954192,-2.61370979540352
2014-06-26,-2.39594732204721,-2.38296805864748,-2.22757192554921,-2.58965134348017,-2.38840102721566,-2.42859253776387,-2.62166150182891
2014-06-27,-2.42200194958315,-2.41437988921728,-2.27223161861697,-2.591906903908,-2.38783094396045,-2.38475176625307,-2.61970249950953
2014-06-30,-2.42303660440638,-2.42436474606188,-2.28607845987997,-2.58228129660211,-2.38726086070522,-2.38049525726126,-2.67323531826008
2014-07-01,-2.428029996209,-2.42466503369609,-2.30418064456092,-2.59298381240129,-2.38669077744999,-2.36611505635454,-2.67050745725813
2014-07-02,-2.43994326121061,-2.43930462699466,-2.29396298375289,-2.60435444446198,-2.38612069419474,-2.38103761629362,-2.67512494742416
2014-07-03,-2.4388522838249,-2.4357332534322,-2.28194211090971,-2.60686400294524,-2.38555061093949,-2.39230661688205,-2.69607369948826
2014-07-04,-2.44281948794481,-2.43556946016764,-2.28683157865414,-2.5718242600539,-2.38498052768423,-2.41348058993801,-2.6477775406811
2014-07-07,-2.43690252628401,-2.42712085716235,-2.28285301378514,-2.57014287658063,-2.38441044442897,-2.41494025343281,-2.63497271572879
2014-07-08,-2.44349634901267,-2.4360324702931,-2.29080334199127,-2.55262175972232,-2.3838403611737,-2.42330140657795,-2.63581194791392
2014-07-10,-2.6105663241238,-2.57171923563863,-2.49538360840198,-2.56882944776655,-2.38327027791843,-2.36182230088252,-2.71030810450141
2014-07-11,-2.64882933541881,-2.59165053764515,-2.52197372371329,-2.59868984464534,-2.38270019466316,-2.34583375279353,-2.70609818621646
2014-07-14,-2.64788989513414,-2.61133030531253,-2.52285575799293,-2.64042676716897,-2.38213011140789,-2.33349192650759,-2.71365820136901
2014-07-15,-2.66499179949881,-2.61999593670559,-2.54590586032368,-2.69253600114723,-2.38156002815262,-2.33010190782927,-2.70938148438706
2014-07-16,-2.65244668450189,-2.58790735135539,-2.5610239683035,-2.70200430040948,-2.38098994489734,-2.35161361740163,-2.69353999104682
2014-07-17,-2.62786200552847,-2.56048693906682,-2.55506004823831,-2.71037873255398,-2.38041986164206,-2.34693343095112,-2.62884403087798
2014-07-18,-2.48596184006304,-2.46016459135908,-2.44320995828726,-2.70466923971769,-2.37984977838679,-2.32473050020949,-2.61031608773611
2014-07-21,-2.49948992485131,-2.48711581213907,-2.4865146827031,-2.7022070964965,-2.37927969513151,-2.32722732855059,-2.63440594768163
2014-07-22,-2.50409161867656,-2.49261688079138,-2.48385001504427,-2.70652607698029,-2.37870961187623,-2.3248702664516,-2.61736471569815
2014-07-23,-2.51502018322184,-2.48462834603918,-2.45405728577432,-2.7099112964634,-2.37813952862095,-2.30497127278424,-2.60230698308021
2014-07-24,-2.51946459803327,-2.50376740822185,-2.45131360716771,-2.70632244285691,-2.37756944536567,-2.31572757075742,-2.5299859522676
2014-07-25,-2.53176494276718,-2.55131162788482,-2.45297589186574,-2.73660826453141,-2.37699936211039,-2.35636372629284,-2.46225428794869
2014-07-28,-2.54026569907936,-2.56172121676394,-2.45318141340049,-2.77992775755788,-2.37642927885511,-2.378615493298,-2.44019000465771
2014-07-29,-2.51874092650491,-2.52596894689182,-2.42108129956309,-2.77288050510316,-2.37585919559983,-2.37550560709675,-2.43604775747042
2014-07-30,-2.53156002190843,-2.53044766701057,-2.43318906152845,-2.74939713420916,-2.37528911234455,-2.36397632461589,-2.4289885423823
2014-07-31,-2.51712897173987,-2.53258889085976,-2.42023466165042,-2.71987848719927,-2.37471902908927,-2.31171213486081,-2.42248968465349
2014-08-01,-2.51436051621978,-2.53346841588711,-2.42884156508497,-2.70786491322709,-2.37414894583399,-2.29952483111506,-2.37201831810304
2014-08-04,-2.49630916108866,-2.52097612654875,-2.4346551041009,-2.7142451428122,-2.37357886257871,-2.29178759269158,-2.3529459391969
2014-08-05,-2.43858150524927,-2.50501048509027,-2.4277755955155,-2.7387795310212,-2.37300877932343,-2.27774745431098,-2.37624628826888
2014-08-06,-2.43158516857986,-2.48284857579879,-2.42987176232839,-2.73136022158984,-2.37243869606815,-2.27225924268521,-2.38903883353142
2014-08-07,-2.42535978292868,-2.47098356182214,-2.40149941573218,-2.73755608501728,-2.37186861281287,-2.24943258928308,-2.38319217659718
2014-08-08,-2.45056019981808,-2.49282628724541,-2.40590605171449,-2.78009018369247,-2.37129852955759,-2.30479819647739,-2.37891722571585
2014-08-11,-2.45035586589987,-2.46966661340454,-2.41100904919677,-2.77643133904494,-2.37072844630231,-2.30601622408501,-2.34959848161822
2014-08-12,-2.45468567156937,-2.47687688549691,-2.42221149859493,-2.76841396616867,-2.37015836304703,-2.29829609096986,-2.3239394985404
2014-08-13,-2.4360137884867,-2.45257667662844,-2.36547502384599,-2.77178845066851,-2.36958827979175,-1.97454397339518,-2.26795093078918
2014-08-14,-2.45358932109605,-2.45969411708526,-2.34655268003543,-2.76120003430807,-2.36901819653647,-1.97182302555916,-2.26275346250124
2014-08-15,-2.4773328146578,-2.48556785064025,-2.34168214987654,-2.73809826890286,-2.36844811328119,-1.94993453518281,-2.29065956261671
2014-08-18,-2.57883584712015,-2.57951094889662,-2.39445398006615,-2.738062155016,-2.36787803002591,-1.94611059209095,-2.29090154954029
2014-08-19,-2.56915398202281,-2.56551977196435,-2.40054753741305,-2.73890919246631,-2.36730794677063,-1.92575435106726,-2.29347541126838
2014-08-20,-2.57026981369278,-2.5691673234392,-2.4107743124676,-2.73891810615496,-2.36673786351535,-1.8526055695305,-2.30680567353541
2014-08-21,-2.58198149449717,-2.58782765463318,-2.44371762280686,-2.71226270546864,-2.36616778026007,-1.85763151634043,-2.31915874213991
2014-08-22,-2.58092046993999,-2.57964237085681,-2.45336823093183,-2.71259753373692,-2.36559769700479,-1.85416569022317,-2.35358187239948
2014-08-25,-2.58074148659887,-2.57015545538761,-2.44337906778198,-2.69378380504937,-2.36502761374951,-1.85384460170537,-2.38509395683797
2014-08-26,-2.57964179673646,-2.56967195180453,-2.43293374026945,-2.68060422353326,-2.36445753049423,-1.85748075123922,-2.39493086794497
2014-08-27,-2.60350111963763,-2.60543541866883,-2.4356210691079,-2.65648683253521,-2.36388744723895,-1.87219293376498,-2.38435410908609
2014-08-28,-2.5873263972653,-2.60492189255699,-2.42762092764931,-2.68527302921434,-2.36331736398367,-1.86823835945329,-2.34616066334679
2014-08-29,-2.59600149925017,-2.60919393022471,-2.42487597290903,-2.72298565907788,-2.36274728072839,-1.88658524765155,-2.34173247992231
2014-09-01,-2.56511663039364,-2.57915872720728,-2.4089211050771,-2.71690040983288,-2.36217719747311,-1.87640216375973,-2.37525742917917
2014-09-02,-2.56258373134199,-2.56287747682327,-2.38259331412413,-2.72369929446242,-2.36160711421783,-1.873327073712,-2.34619024100339
2014-09-03,-2.58959485072023,-2.54139613637032,-2.32100602464672,-2.69482101558255,-2.36103703096255,-1.85522993727271,-2.35439101420443
2014-09-04,-2.5366502101541,-2.51406109436773,-2.24811817130277,-2.7025948099577,-2.36046694770727,-1.85668508224743,-2.34644524470893
2014-09-05,-2.54789424711124,-2.52603190847274,-2.24444782904068,-2.72218359990797,-2.35989686445199,-1.86057213584814,-2.32455698050882
2014-09-08,-2.52499011398187,-2.48818900684956,-2.12443399273493,-2.66720707124386,-2.35932678119671,-1.84815355215034,-2.28197592315233
2014-09-09,-2.50523386977515,-2.50411571528366,-2.08984269278172,-2.65645523422344,-2.35875669794143,-1.8345458033354,-2.29622950416069
2014-09-10,-2.49063031857048,-2.49114942778812,-2.07343881386422,-2.66472776282108,-2.35818661468615,-1.83835301845389,-2.30039209249772
2014-09-11,-2.51095835262664,-2.50949286384236,-2.09979117341213,-2.65428491578651,-2.35761653143087,-2.06530135696693,-2.35259739487136
2014-09-12,-2.45672945740582,-2.50438100429682,-2.09227597215271,-2.64201997237618,-2.35704644817559,-2.07563425681712,-2.33815443840028
2014-09-15,-2.44271883787959,-2.48114770295469,-2.07106985600489,-2.65504325436227,-2.35647636492031,-2.068110664964,-2.31916330886092
2014-09-16,-2.39034415322934,-2.41614592454131,-2.06810990221843,-2.66734691874807,-2.35590628166503,-2.04018648399677,-2.32063968182535
2014-09-17,-2.37765393843061,-2.40093642888288,-2.03668252736033,-2.64906899310518,-2.35533619840975,-2.06426467302172,-2.31426112250145
2014-09-18,-2.36948840630605,-2.38217791892008,-2.03404853248781,-2.63972491888061,-2.35476611515446,-2.18465548146439,-2.30481712087236
2014-09-19,-2.34999202278583,-2.36308679133712,-2.01250275702276,-2.65075915496687,-2.35419603189918,-2.17133697154242,-2.26723560519144
2014-09-22,-2.32663136616719,-2.33610132585889,-1.95625767085835,-2.65069721454139,-2.3536259486439,-2.15398667634367,-2.26519332220438
2014-09-23,-2.32579823134146,-2.32721807615663,-1.94586726423061,-2.6624174035637,-2.35305586538862,-2.14406432060543,-2.26237644283037
2014-09-24,-2.31824186922166,-2.31775894598718,-1.93718125750537,-2.66506830020804,-2.35248578213334,-2.13052653581573,-2.26612034921217
2014-09-25,-2.32836280838878,-2.32247850884284,-1.94370006193763,-2.66920021542682,-2.35191569887806,-2.12274948865342,-2.28261036167663
2014-09-26,-2.30723549542904,-2.29175678186491,-1.91399938140668,-2.65677762628811,-2.35134561562278,-2.12177916661215,-2.22837847092934
2014-09-29,-2.09273994118225,-2.03762826138138,-1.77435007168827,-2.53490915276249,-2.3507755323675,-2.09265686086713,-2.21003570678673
2014-09-30,-2.1068047302744,-2.02520561364654,-1.75532140554697,-2.54611831931121,-2.35020544911222,-2.08511607221643,-2.21251821192679
2014-10-01,-2.10732381741525,-2.02691037189793,-1.74598967532578,-2.54480373428674,-2.34963536585694,-2.029001693396,-2.22312753516855
2014-10-02,-2.08985496982879,-2.02117990429063,-1.72623475062145,-2.53717411957456,-2.34906528260166,-2.04152606029649,-2.19880119216399
2014-10-03,-2.08580584275687,-2.01523762092525,-1.7231650447942,-2.52111418985352,-2.34849519934638,-2.04258719403667,-2.19807976857202
2014-10-06,-1.73274367447963,-1.67767280863502,-1.33999878999864,-2.49058604225623,-2.3479251160911,-1.90208285548339,-2.04748239443787
2014-10-07,-1.7283794340676,-1.67795082905762,-1.35426762139977,-2.49250986908012,-2.34735503283582,-1.89307237166675,-2.07967039853679
2014-10-08,-1.71133778255016,-1.6626284095947,-1.34115218049033,-2.47571728631301,-2.34678494958054,-1.90186966244325,-2.07252956227599
2014-10-09,-1.70893089330794,-1.65762102252246,-1.34040803748598,-2.43458554993587,-2.34621486632526,-1.89010041581007,-2.07270017050091
2014-10-10,-1.68270107959405,-1.64816618964152,-1.32326784463434,-2.42878963645372,-2.34564478306998,-1.87160083587553,-2.07899180949673
2014-10-13,-1.66429136918536,-1.62409755954556,-1.30294301502598,-2.37664051465516,-2.3450746998147,-1.86194444461226,-2.08385763143208
2014-10-14,-1.65831324508307,-1.62342840146955,-1.29694031302105,-2.36411864598031,-2.34450461655942,-1.84952466615562,-2.08268309912919
2014-10-15,-1.63349084968494,-1.60470278360054,-1.28122559378385,-2.31440220204955,-2.34393453330414,-1.85772829451659,-2.07078444899764
2014-10-16,-1.61279787867431,-1.58453417911358,-1.2681045072838,-2.24099792112328,-2.34336445004886,-1.84627260615858,-2.07079958794075
2014-10-17,-1.60129892868896,-1.5758807385312,-1.2641213891484,-2.19951276903305,-2.34279436679358,-1.81295946072811,-2.06871792813301
2014-10-20,-1.599614608071,-1.57862374938385,-1.24329872046274,-2.18103796896326,-2.3422242835383,-1.81938537525768,-2.08380788699497
2014-10-21,-1.5751100287376,-1.56544489630161,-1.23434493210999,-2.15749905954916,-2.34165420028302,-1.74373280643403,-2.07785074876961
2014-10-22,-1.57324892269304,-1.55856649092218,-1.23158718557165,-2.15498741430955,-2.34108411702774,-1.74394504164981,-2.08017680537579
2014-10-23,-1.57332251254004,-1.55157862603113,-1.22396033733056,-2.15618097944055,-2.34051403377246,-1.71843077089058,-2.06055297688155
2014-10-24,-1.55274436949924,-1.5372835994845,-1.20502335701753,-2.14411836857608,-2.33994395051718,-1.68822534247596,-2.0555802099864
2014-10-27,-1.55508423025022,-1.4524612263131,-1.19983837701665,-1.97739763181293,-2.3393738672619,-1.57538943654108,-1.91205968915662
2014-10-28,-1.61476199864733,-1.51114577260803,-1.22858401697502,-1.95947903562236,-2.33880378400662,-1.56850552364064,-1.91136838800803
2014-10-29,-1.61240575239212,-1.50982801117801,-1.23514365588431,-1.82676115472642,-2.33823370075134,-1.56053628848628,-1.91168654852836
2014-10-30,-1.60692483929336,-1.49838418757038,-1.2385937313901,-1.82361828982081,-2.33766361749606,-1.57455467065224,-1.9124606488289
2014-10-31,-1.61544130282732,-1.50074156505685,-1.23975279406941,-1.68018677761649,-2.33709353424078,-1.57251520198509,-1.91949438033426
2014-11-03,-1.61356873940999,-1.50114106636086,-1.23887672023716,-1.63901370349906,-2.33652345098549,-1.56037572884201,-1.90990462351194
2014-11-04,-1.81386982349561,-1.69517243294235,-1.51112858604721,-1.58757706279888,-2.33595336773021,-1.61533888072708,-2.0442058685713
2014-11-05,-1.82588764889421,-1.70023914209457,-1.5021915226418,-1.57354066496321,-2.33538328447493,-1.61480210768308,-2.01461067371505
2014-11-06,-1.85366240823114,-1.72594512911369,-1.52763782646698,-1.5210073526078,-2.33481320121965,-1.61033201669271,-1.99658744462783
2014-11-07,-1.86295173078112,-1.73412677148909,-1.53250982940325,-1.51641215275941,-2.33424311796437,-1.60447689573786,-2.01061441363454
2014-11-10,-1.88454196862723,-1.73551752272358,-1.52075762988126,-1.51314854126847,-2.33367303470909,-1.6094098211988,-2.01318489947132
2014-11-11,-1.93196651295191,-1.76035774521427,-1.56378353862546,-1.53034266641593,-2.33310295145381,-1.61411300270787,-2.0302581316953
2014-11-12,-1.92925968737902,-1.7536738045904,-1.57345979478207,-1.52803858729121,-2.33253286819853,-1.63420551160536,-2.03567757799574
2014-11-13,-1.98458047584463,-1.78449521218586,-1.59273159408485,-1.53148758786376,-2.33196278494325,-1.64094010894373,-2.0311534085632
2014-11-14,-2.02497599726269,-1.80850378700365,-1.61781558722068,-1.54358707577225,-2.33139270168797,-1.64130402955787,-2.0385960281531
2014-11-17,-2.0492444195652,-1.81480527290088,-1.60533807576374,-1.55730887374328,-2.33082261843269,-1.65445469110424,-2.02501300629195
2014-11-18,-2.04298018147071,-1.80220328719257,-1.65187877493574,-1.55770016155615,-2.33025253517741,-1.64494924132099,-2.02903997762893
2014-11-19,-2.11646612460747,-1.82269475878621,-1.69902212814256,-1.56511762918695,-2.32968245192213,-1.7017829739085,-2.02789042806609
2014-11-21,-2.10131829452797,-1.81838575541705,-1.70128590802353,-1.5601948962398,-2.32911236866685,-1.69488586042441,-2.02699643223838
2014-11-24,-2.09155560301444,-1.8199975961539,-1.69486906184058,-1.55172168876949,-2.32854228541157,-1.69705314700653,-2.04201507888316
2014-11-25,-2.13650028787944,-1.83357971565229,-1.74103177163426,-1.54344121430566,-2.32797220215629,-1.70291899414224,-2.04385555409012
2014-11-26,-2.15474325811753,-2.08374401159293,-1.78780074058954,-1.60007377748586,-2.32740211890101,-1.8449325553502,-2.32814280532775
2014-11-27,-2.1651050972583,-2.08510780075842,-1.82488092273296,-1.57390779286872,-2.32683203564573,-1.87922912785916,-2.33947387710415
2014-11-28,-2.19159055774115,-2.11618515465728,-1.84185750227218,-1.64006245923314,-2.32626195239045,-1.89445989383868,-2.34867875882852
2014-12-01,-2.18179984035859,-2.13497793517023,-1.84014843221285,-1.63855016328244,-2.32569186913517,-1.90918057146093,-2.38239668306223
2014-12-02,-2.15946489836694,-2.1258324341388,-1.84940772612044,-1.77162362118889,-2.32512178587989,-1.90760771246865,-2.39576256909115
2014-12-03,-2.17464858220058,-2.1360405722101,-1.86238629242588,-1.82324554808279,-2.32455170262461,-1.93450351252653,-2.43221932801545
2014-12-04,-2.22409072977239,-2.16012257540691,-1.88480894581773,-1.89472992664979,-2.32398161936933,-1.95893420044387,-2.44458190273584
2014-12-05,-2.23032426818008,-2.17804844546141,-1.96372460220027,-1.90142804096088,-2.32341153611405,-1.9842677445625,-2.50491979123731
2014-12-08,-2.21107842162127,-2.1581259310451,-1.9397314082659,-2.03385933938916,-2.32284145285877,-1.96947713640007,-2.58388937612267
2014-12-09,-2.20240392038286,-2.1579177939512,-1.90670137530298,-2.05113778192125,-2.32227136960349,-1.97726046803463,-2.58244392242582
2014-12-10,-2.2017995966159,-2.14689538260606,-1.93937744055572,-2.04959678677484,-2.32170128634821,-1.98016518315631,-2.57855740817657
2014-12-11,-2.20763108787141,-2.14511881044562,-1.9364648760129,-2.0123182441424,-2.32113120309293,-1.98222637795249,-2.60782232889496
2014-12-12,-2.21179515671032,-2.10806998009584,-1.93262169259791,-2.01841677020204,-2.32056111983765,-1.98179758023447,-2.60568005265092
2014-12-15,-2.18872632174372,-2.09495927108235,-1.90846310319336,-1.99997276390232,-2.31999103658237,-1.9730876652198,-2.60793913308814
2014-12-16,-2.16935042887689,-2.08508262032139,-1.87587435465328,-1.98013402740547,-2.31942095332709,-1.98524188305288,-2.61662631871498
2014-12-17,-2.12610412268845,-2.06874201718468,-1.85961647773027,-1.94276829134246,-2.31885087007181,-1.90917147187538,-2.63979319559252
2014-12-18,-2.12439602513125,-2.06386527123048,-1.85233027840213,-1.94583402906075,-2.31828078681652,-1.90681885332907,-2.59409147855294
2014-12-19,-2.12979662085484,-2.07052064446431,-1.86843651319466,-1.93993453000401,-2.31771070356124,-1.90698907331963,-2.48427124351213
2014-12-22,-2.14472094908578,-2.09471573363588,-1.8858667885068,-1.95153948661422,-2.31714062030596,-1.84332253083502,-2.49564192840258
2014-12-23,-2.15573370668792,-2.10650817985167,-1.93626241877016,-1.95862014135384,-2.31657053705068,-1.87496581534942,-2.45879945979357
2014-12-26,-2.16764197929262,-2.11887960937493,-1.94506368583921,-1.89164485134776,-2.3160004537954,-1.90120658479823,-2.44081724465176
2014-12-29,-2.16959193092829,-2.11702210759932,-1.9647560238114,-1.8693274066096,-2.31543037054012,-1.9019683873272,-2.46474830651088
2014-12-30,-2.18762387261267,-2.13338620626713,-1.97785580839585,-1.94355587353198,-2.31486028728484,-1.89895740414587,-2.46635877289356
2015-01-02,-2.17034648899968,-2.12138741116952,-1.94257124114297,-1.90653193812233,-2.31429020402956,-1.89975075527726,-2.39185444624767
2015-01-05,-2.18076857786065,-2.11784318728891,-1.96192316642831,-1.90540926502278,-2.31372012077428,-1.91311583994974,-2.39100288883397
2015-01-06,-2.20403091883423,-2.13481688795293,-1.97843084651354,-1.89076515629502,-2.313150037519,-1.90292429937289,-2.37471042111337
2015-01-07,-2.1815211878954,-2.10887458417528,-1.94241265467063,-1.86428857503254,-2.31257995426372,-1.88598332865026,-2.34510105973998
2015-01-08,-2.17438856033285,-2.10838842627209,-1.94015867522606,-1.86388774951137,-2.31200987100844,-1.87182035307125,-2.33172368327573
2015-01-09,-2.17346150094447,-2.10463665407503,-1.94421516401422,-1.87959659613003,-2.31143978775316,-1.84943486196016,-2.32788791749142
2015-01-12,-2.19199493357074,-2.11793833905896,-1.97296645850638,-1.87903958463039,-2.31086970449788,-1.87379884247663,-2.33054469810372
2015-01-13,-2.19210263886979,-2.10757639011668,-2.00556630866273,-1.87844703707177,-2.3102996212426,-1.87261595651174,-2.32628464377789
2015-01-14,-2.18296923109725,-2.10308760930179,-1.986890908966,-1.86015591039284,-2.30972953798732,-1.86810564082771,-2.31321511404313
2015-01-15,-2.15959309035958,-2.08603538481248,-1.99390160575841,-1.88410206444931,-2.30915945473204,-1.83718702814908,-2.30234522060502
2015-01-16,-2.18175430324548,-2.14009471258896,-1.9970881446194,-1.88647373491043,-2.30858937147676,-1.82096434487546,-2.30381216990941
2015-01-19,-2.19431856694342,-2.14940674981672,-2.02453712890956,-1.89537502038991,-2.30801928822148,-1.83153681365779,-2.27305251557502
2015-01-20,-2.22170493205272,-2.17131792727328,-2.08334864728873,-1.91105887786806,-2.3074492049662,-1.81803679641612,-2.27845917936766
2015-01-21,-2.2519984404061,-2.19065682545118,-2.14395406118298,-1.93525392481259,-2.30687912171092,-1.89079110695527,-2.27467330635509
2015-01-22,-2.27277023183714,-2.21208935063933,-2.17017127078734,-1.90994576769444,-2.30630903845564,-1.87122657844156,-2.29736190148662
2015-01-23,-2.26572180478162,-2.19209891134026,-2.16017306570061,-1.90310466688469,-2.30573895520036,-1.87134680868969,-2.36469204349872
2015-01-26,-2.28724367665678,-2.20907903763625,-2.15658693645518,-1.89007051260088,-2.30516887194508,-1.94193576525472,-2.36594874526263
2015-01-27,-2.27848089128193,-2.19863827623606,-2.12420589114342,-1.86796715798415,-2.3045987886898,-1.95927970499403,-2.35264984375708
2015-01-28,-2.25704893762115,-2.17752810037807,-2.10244797990549,-1.92459747888411,-2.30402870543452,-1.97163477041232,-2.36699303889845
2015-01-29,-2.23558253123422,-2.15017905946791,-2.09398923096079,-1.93228637959792,-2.30345862217924,-1.98044392096701,-2.3730980248178
2015-01-30,-2.21523109303214,-2.1402826449882,-2.09173879761117,-1.93408495659049,-2.30288853892396,-1.95558181412486,-2.39243928281871
2015-02-02,-2.22692175948761,-2.13522649352833,-2.11369578426778,-1.99025956095305,-2.30231845566868,-1.92084844288057,-2.45304643200178
2015-02-03,-2.21215132485907,-2.13394522760205,-2.10402512872506,-1.98014818499323,-2.3017483724134,-1.90855401203784,-2.45580236768498
2015-02-04,-2.19622073911513,-2.12398382998904,-2.08870274650718,-1.9421262401103,-2.30117828915812,-1.89228039982542,-2.461214089232
2015-02-05,-2.21319187765656,-2.14322420879279,-2.09048600643501,-1.96476418307194,-2.30060820590284,-1.86873090082094,-2.50026236816651
2015-02-06,-2.23115163938128,-2.14415093604835,-2.09076177186788,-1.95291116862962,-2.30003812264756,-1.87123875836679,-2.48673248074259
2015-02-09,-2.24218397632838,-2.16360799088007,-2.08430270365736,-1.96050906316776,-2.29946803939227,-1.87610463372424,-2.50111491508865
2015-02-10,-2.25148347977532,-2.16654831373475,-2.06347387815971,-1.95334647778457,-2.29889795613699,-1.85912916067305,-2.49841799314312
2015-02-11,-2.24402955573449,-2.16323041773285,-2.06652545309701,-1.95159357912158,-2.29832787288171,-1.85808333907239,-2.48062290281319
2015-02-12,-2.2591363421734,-2.17592868038392,-2.08574368597623,-1.96994920419712,-2.29775778962643,-1.86228986105203,-2.50498998486613
2015-02-13,-2.29322297465282,-2.19692122552819,-2.09391013391052,-1.95310944285093,-2.29718770637115,-1.86252827968645,-2.52843775312554
2015-02-18,-2.28435069615236,-2.18888630621071,-2.08826662787128,-1.95658307410503,-2.29661762311587,-1.86643818603706,-2.53769686698135
2015-02-19,-2.31355568812302,-2.20789187670278,-2.09179807049637,-1.96453779021539,-2.29604753986059,-1.86500033015586,-2.61740155236009
2015-02-20,-2.31611168987881,-2.2193224130623,-2.10944894762496,-1.97023785050092,-2.29547745660531,-1.87539987674349,-2.61910453026691
2015-02-23,-2.32046143315753,-2.23883589073111,-2.10846064891324,-1.97884901910331,-2.29490737335003,-1.8817998034695,-2.64643324626263
2015-02-24,-2.31856014434885,-2.24905851220519,-2.10378484663944,-2.00743550397942,-2.29433729009475,-1.92077685643283,-2.64137450565837
2015-02-25,-2.33088666143645,-2.273674943147,-2.09857291003778,-2.04127382033203,-2.29376720683947,-1.90699409398126,-2.6310867988767
2015-02-26,-2.33045033420118,-2.28405663305359,-2.09946527786412,-2.0449213958677,-2.29319712358419,-1.9174367029889,-2.64896097317933
2015-02-27,-2.32632632489789,-2.27950430304586,-2.09673851808562,-2.04913874484999,-2.29262704032891,-1.89659286693791,-2.67799268500642
2015-03-02,-2.35692738481256,-2.29853957089102,-2.11202434655185,-2.07708644039835,-2.29205695707363,-1.8966902129029,-2.65574891321485
2015-03-03,-2.38702278463284,-2.34404482659052,-2.12213964419638,-2.09621927365605,-2.29148687381835,-1.89830077384504,-2.64773466379038
2015-03-04,-2.40598549817669,-2.34836133129628,-2.11848045911409,-2.07753365449572,-2.29091679056307,-1.88326998688914,-2.60852561570252
2015-03-05,-2.41365002798757,-2.38511345795399,-2.143088672722,-2.06028996539671,-2.29034670730779,-1.94237603963177,-2.60532452305152
2015-03-06,-2.45406155553344,-2.43790141918225,-2.16788768468615,-2.08289369562894,-2.28977662405251,-1.93701438502659,-2.59861316644355
2015-03-09,-2.42400573676615,-2.45344070251578,-2.18986093754377,-2.17325541143471,-2.28920654079723,-1.9478430301191,-2.60320861983101
2015-03-10,-2.38948073206691,-2.44785658179271,-2.21840180974865,-2.16506597555266,-2.28863645754195,-1.97911150555062,-2.57748244774647
2015-03-11,-2.38668407560069,-2.42862355440805,-2.22343740988015,-2.20636864674204,-2.28806637428667,-1.98298135166847,-2.62243191940346
2015-03-12,-2.38044175163817,-2.40383924371077,-2.22640309192845,-2.18563526080065,-2.28749629103139,-1.97827589537291,-2.57848786755653
2015-03-13,-2.35402516155322,-2.39099457119822,-2.23276207301541,-2.16179342486856,-2.28692620777611,-1.97211764932487,-2.56657151646551
2015-03-16,-2.37279850060278,-2.41323928822202,-2.22552394681682,-2.14554232515369,-2.28635612452083,-1.98995489136893,-2.59961367577896
2015-03-17,-2.37625655877115,-2.41530844967511,-2.23611709237639,-2.13167617398351,-2.28578604126555,-1.98506979741439,-2.5722022534418
2015-03-18,-2.35784181298177,-2.37035244650979,-2.1866348047198,-2.13714809666653,-2.28521595801027,-1.99616716487614,-2.53011833068559
2015-03-19,-2.38576578204276,-2.39151594000565,-2.2075311694446,-2.1367335492781,-2.28464587475499,-2.01150479566796,-2.51360237289343
2015-03-20,-2.37430220379578,-2.38142813609972,-2.20572968839693,-2.12563325417816,-2.28407579149971,-1.98927851770274,-2.42440326382199
2015-03-23,-2.38115253121782,-2.38058643308274,-2.21093877045503,-2.12891636643749,-2.28350570824443,-1.98819020752221,-2.41070637502719
2015-03-24,-2.38553663044288,-2.36580471036022,-2.20509778314133,-2.12812711793233,-2.28293562498915,-1.96229758203132,-2.39641259986613
2015-03-25,-2.37812320279075,-2.357477520324,-2.2070583614277,-2.12010956567493,-2.28236554173387,-1.96505354199646,-2.32329818753998
2015-03-26,-2.37496386282361,-2.35488795301157,-2.21473868942478,-2.10806784065035,-2.28179545847859,-1.96657643422251,-2.31398064602334
2015-03-27,-2.37850264456385,-2.32878967004139,-2.20021690680761,-2.10005089730326,-2.2812253752233,-1.95365544838744,-2.28342288093444
2015-03-30,-2.39842424164602,-2.35151351119849,-2.22326577795462,-2.12524925043644,-2.28065529196802,-1.97152633201762,-2.28560847264681
2015-03-31,-2.38576635752401,-2.35503624185962,-2.15224094908689,-2.111002410745,-2.28008520871274,-1.97505924988226,-2.25980299183549
2015-04-01,-2.36095171448761,-2.30823707144884,-2.13548820910228,-2.09037197010879,-2.27951512545746,-1.9801793910436,-2.23646895946566
2015-04-02,-2.35598995668433,-2.30402868785689,-2.12091341862619,-2.11334910815571,-2.27894504220218,-2.00623855388071,-2.24539051733509
2015-04-06,-2.34767113281357,-2.30103491343311,-2.12679817137138,-2.12360388807446,-2.2783749589469,-1.98334044369029,-2.20185476893121
2015-04-07,-2.38155761486474,-2.30810518173553,-2.10982052472076,-2.11875327210884,-2.27780487569162,-1.99991717001599,-2.18645651084123
2015-04-08,-2.44077487084937,-2.3262555058834,-2.10015965623247,-2.12409364456228,-2.27723479243634,-2.00451433161957,-2.17180133017258
2015-04-09,-2.45283359539151,-2.31609941316905,-2.09942679589252,-2.1441502200798,-2.27666470918106,-1.98995204826348,-2.13594372051196
2015-04-10,-2.44971642549297,-2.34028335495622,-2.09882038293079,-2.11198491894734,-2.27609462592578,-1.97213079275202,-2.13087763319986
2015-04-13,-2.45337459844749,-2.34916259323961,-2.10637547545656,-2.1231600580533,-2.2755245426705,-1.99014313779306,-2.13779741940165
2015-04-14,-2.47842058723357,-2.34993706214745,-2.14182441710054,-2.16155375420805,-2.27495445941522,-2.01892752881846,-2.14465645976522
2015-04-15,-2.4812732086607,-2.35557698076611,-2.14741051749944,-2.18165600175157,-2.27438437615994,-2.02719476157471,-2.13397380898548
2015-04-16,-2.49384478071823,-2.3808593765867,-2.14750282021842,-2.2098994878552,-2.27381429290466,-2.03393979048517,-2.11523095709588
2015-04-17,-2.53062102817194,-2.43035425737355,-2.16969804847729,-2.22654933790549,-2.27324420964938,-2.07151279648751,-2.09589773005274
2015-04-20,-2.53409131131105,-2.43685588845324,-2.17470457884105,-2.22588407433489,-2.2726741263941,-2.08907698000261,-2.07522847684655
2015-04-22,-2.52950242921292,-2.42767134073253,-2.17139529808198,-2.23370527190569,-2.27210404313882,-2.1135054493969,-2.10286350468399
2015-04-23,-2.51029369100741,-2.39525792621561,-2.15246888551778,-2.23360197445882,-2.27153395988354,-2.0989357305914,-2.10438416343563
2015-04-24,-2.50459451874598,-2.39298625635829,-2.15173298712144,-2.24040631493932,-2.27096387662826,-2.13055970615822,-2.08048869062451
2015-04-27,-2.51214712590312,-2.37856202379123,-2.14843995734393,-2.26349114664712,-2.27039379337298,-2.1209503823739,-2.11883260077935
2015-04-28,-2.51371858307236,-2.38721615121367,-2.13759728707951,-2.27275144910296,-2.2698237101177,-2.15920788570227,-2.13231613013784
2015-04-29,-2.51408102217761,-2.40571237446632,-2.15275100100586,-2.27014173644618,-2.26925362686242,-2.17251544467771,-2.10588747772764
2015-04-30,-2.51526976502078,-2.41844110994533,-2.15759024841904,-2.25023426459639,-2.26868354360714,-2.15449532501439,-2.08700363801478
2015-05-04,-2.52815038148264,-2.44133888273524,-2.23379712236047,-2.2610060444114,-2.26811346035186,-2.14545850645541,-2.09893254894694
2015-05-05,-2.53456056130602,-2.46527270683705,-2.24344171866692,-2.24899979356764,-2.26754337709658,-2.15827727789315,-2.10737170363064
2015-05-06,-2.50279608712023,-2.44838553465633,-2.27971391742367,-2.27416081462131,-2.2669732938413,-2.15533716609075,-2.09910212760336
2015-05-07,-2.52445309145071,-2.45657650230155,-2.27400808670943,-2.24317604219723,-2.26640321058602,-2.19384766678668,-2.12495009291623
2015-05-08,-2.47032593411354,-2.41851347949593,-2.28378971093245,-2.21697556364498,-2.26583312733074,-2.18921773841066,-2.12240250108926
2015-05-11,-2.47392068909693,-2.41457578485984,-2.2980644387245,-2.21816436083624,-2.26526304407546,-2.18196364738572,-2.13609260754494
2015-05-12,-2.50564961431893,-2.44216365230958,-2.31954179369925,-2.22424964280754,-2.26469296082018,-2.22814392829282,-2.14684487945482
2015-05-13,-2.51267404102143,-2.45513063773748,-2.31558022134431,-2.26052900812597,-2.26412287756489,-2.27216022322519,-2.14899015049051
2015-05-14,-2.51786493928548,-2.45658005927439,-2.29994266638032,-2.24913683954647,-2.26355279430961,-2.26143785084948,-2.14455930574736
2015-05-15,-2.5371988453715,-2.48688019854624,-2.30875004222389,-2.25691448092177,-2.26298271105433,-2.25855198086398,-2.14262235620482
2015-05-18,-2.53355871219311,-2.46600142200426,-2.3167994571893,-2.22683910566727,-2.26241262779905,-2.25116160220288,-2.14293678158895
2015-05-19,-2.49025404010971,-2.44018657836439,-2.28662792191269,-2.21851093105717,-2.26184254454377,-2.26787327021977,-2.16423139849717
2015-05-20,-2.48201058550351,-2.43346369677112,-2.29957162254465,-2.19799683103458,-2.26127246128849,-2.26480830550131,-2.16091994295447
2015-05-21,-2.48311207923933,-2.42308683271184,-2.29888635023825,-2.20929782911711,-2.26070237803321,-2.25491112164376,-2.18045788655747
2015-05-22,-2.50370699079222,-2.43266877336015,-2.31389541541975,-2.18002059292924,-2.26013229477793,-2.23167195668802,-2.18509653547151
2015-05-25,-2.53511983361817,-2.46970006921671,-2.31287497502392,-2.15955855376084,-2.25956221152265,-2.22324822892247,-2.19001140948798
2015-05-26,-2.5666053864383,-2.49702209839211,-2.31484599893992,-2.14174080402551,-2.25899212826737,-2.23133189543048,-2.21932214557289
2015-05-27,-2.55578673999745,-2.47630950250371,-2.30349794613897,-2.1427720861473,-2.25842204501209,-2.22986765352089,-2.2132535483136
2015-05-28,-2.5679731638347,-2.46743238083971,-2.33829280414458,-2.14582588567137,-2.25785196175681,-2.18207189071826,-2.17701596976016
2015-05-29,-2.57895793454115,-2.47992782336995,-2.33437468690825,-2.15455435468518,-2.25728187850153,-2.20160034625117,-2.19811457986947
2015-06-01,-2.58275909250301,-2.47875246501362,-2.34855375800151,-2.16951737464913,-2.25671179524625,-2.20569582493106,-2.17839257668897
2015-06-02,-2.57715883735135,-2.47135697914337,-2.3392241745888,-2.16571450278492,-2.25614171199097,-2.2133207032819,-2.19603491738618
2015-06-03,-2.60453494644442,-2.49489253446586,-2.34845747100759,-2.19634617712316,-2.25557162873569,-2.20557504311836,-2.14835249089903
2015-06-05,-2.65495021740576,-2.52706064923772,-2.34373311182914,-2.16291480088229,-2.25500154548041,-2.19156602509049,-2.15222543202703
2015-06-08,-2.65833196778671,-2.53238260853661,-2.35474499682817,-2.2054909496403,-2.25443146222513,-2.18982731341391,-2.161165156694
2015-06-09,-2.73113817028197,-2.56502456054181,-2.3666685138394,-2.23941383304789,-2.25386137896985,-2.19842474799708,-2.17264606729904
2015-06-10,-2.69368957971377,-2.53727617912944,-2.3625405798532,-2.21692311134138,-2.25329129571457,-2.1812084044528,-2.16479980426346
2015-06-11,-2.6785936354524,-2.51535333035651,-2.33774771472011,-2.20019454069128,-2.25272121245929,-2.13507535588708,-2.20131082419884
2015-06-12,-2.67073639792882,-2.49910915168603,-2.34187282377225,-2.16794612926944,-2.25215112920401,-2.13622447558801,-2.19782568167767
2015-06-15,-2.63106910147377,-2.49149588570433,-2.35401555324608,-2.17613354906742,-2.25158104594873,-2.14588540958546,-2.2153491587102
2015-06-16,-2.60649245089628,-2.48503216981711,-2.34096031025686,-2.15745625313337,-2.25101096269345,-2.14631102139681,-2.2121123730986
2015-06-17,-2.61243627162667,-2.50379579452334,-2.34482650427124,-2.17123198075848,-2.25044087943817,-2.15550587257625,-2.22168842904679
2015-06-18,-2.62075211071034,-2.47573824602406,-2.36619929411017,-2.16028611564479,-2.24987079618289,-2.14745366422527,-2.21937494772378
2015-06-19,-2.58334923898409,-2.4748914521901,-2.3909422503338,-2.18867121689835,-2.24930071292761,-2.15365638775165,-2.23528784429446
2015-06-22,-2.59506914779689,-2.48664105230528,-2.4016182669093,-2.1786210074833,-2.24873062967233,-2.16437274669328,-2.24200571834425
2015-06-23,-2.58550396183462,-2.48813650902389,-2.40786169930264,-2.21128703359941,-2.24816054641705,-2.19411731212816,-2.2300162441495
2015-06-24,-2.58710747565873,-2.49443726819592,-2.43596398457643,-2.22677062084101,-2.24759046316177,-2.24133449164238,-2.22561496859459
2015-06-25,-2.5729071713591,-2.46935286579418,-2.44999643657778,-2.22992116713641,-2.24702037990648,-2.25005720481884,-2.20899146573982
2015-06-26,-2.59630515369548,-2.51364655296638,-2.46558945202017,-2.20913574123987,-2.2464502966512,-2.26333659495472,-2.21025999220755
2015-06-29,-2.5765925568226,-2.49583120975032,-2.42460933747517,-2.20549864074352,-2.24588021339592,-2.29636856847242,-2.24306948346638
2015-06-30,-2.57438649796744,-2.48986368373913,-2.42318823546206,-2.2128131895921,-2.24531013014064,-2.28582662156186,-2.26546688781899
2015-07-01,-2.56997212906434,-2.48825943639822,-2.4170062057176,-2.19712068018607,-2.24474004688536,-2.31394568785593,-2.28986329241764
2015-07-02,-2.57519658086369,-2.48984918733495,-2.41768585390044,-2.22592223982408,-2.24416996363008,-2.32189847966789,-2.29438753979026
2015-07-03,-2.57482416196045,-2.49382341081002,-2.4327664080342,-2.23824536866842,-2.2435998803748,-2.32993125017104,-2.34453539472447
2015-07-06,-2.54757701309755,-2.46813590578341,-2.40473574960171,-2.25449460928323,-2.24302979711952,-2.37673335237274,-2.3224915411272
2015-07-07,-2.53145673650668,-2.44643880992375,-2.40515347517351,-2.2494328975695,-2.24245971386424,-2.37048069832666,-2.34255562487934
2015-07-08,-2.52837703764712,-2.43659478680258,-2.39470471512759,-2.23053852142706,-2.24188963060896,-2.35287520906948,-2.33658259768507
2015-07-10,-2.50652256081075,-2.41590719397176,-2.40495819789979,-2.20432330629523,-2.24131954735368,-2.40585567450666,-2.31301584065762
2015-07-13,-2.52516299195899,-2.41908465676934,-2.4445068039097,-2.21000474891175,-2.2407494640984,-2.46957114035955,-2.31036542544445
2015-07-14,-2.53078308320991,-2.42740862030431,-2.44395682520569,-2.25826546423946,-2.24017938084312,-2.42433574038832,-2.31795128132608
2015-07-15,-2.55791021374023,-2.44293770613247,-2.45680835117626,-2.27807981720636,-2.23960929758784,-2.40414365382198,-2.31768239702334
2015-07-16,-2.55929324605162,-2.44711181212676,-2.4003572160178,-2.29421906495642,-2.23903921433256,-2.39832921548861,-2.34185347545423
2015-07-17,-2.56767795311173,-2.43976724608511,-2.39227354864526,-2.30723192425341,-2.23846913107728,-2.37307573942731,-2.34083271998905
2015-07-20,-2.60428028709681,-2.48466587802329,-2.41245519083522,-2.33350289409096,-2.237899047822,-2.37467398975305,-2.336204105226
2015-07-21,-2.65405506031144,-2.50794062988848,-2.41039800029806,-2.31366285921959,-2.23732896456672,-2.35269668903966,-2.32989206924257
2015-07-22,-2.63836118766142,-2.50776414964768,-2.4046070912825,-2.30922356035525,-2.23675888131144,-2.35195907650308,-2.29918428600717
2015-07-23,-2.61212450257136,-2.48313727264935,-2.39139419692366,-2.27614215590919,-2.23618879805616,-2.29295922317239,-2.28636286617321
2015-07-24,-2.57272997663263,-2.43874111104103,-2.32806950626718,-2.26099492546596,-2.23561871480088,-2.24163188500257,-2.26725517868574
2015-07-27,-2.57589322999975,-2.46361607610583,-2.30203826215254,-2.2348622343994,-2.2350486315456,-2.2424919687944,-2.30762249994117
2015-07-28,-2.49774860536457,-2.41622330507893,-2.20915885039052,-2.24472456896258,-2.23447854829032,-2.20588183355084,-2.28323611795234
2015-07-29,-2.51900339312828,-2.43220247099015,-2.21686576047988,-2.25136951745782,-2.23390846503504,-2.14318737887845,-2.29127058267099
2015-07-30,-2.50929112339445,-2.4309448694535,-2.21038777258919,-2.23413201759434,-2.23333838177976,-2.11749446943471,-2.3122631235661
2015-07-31,-2.50700007756012,-2.43127395818981,-2.20565682972149,-2.24504850328308,-2.23276829852448,-2.09366043674353,-2.32208994452909
2015-08-03,-2.50480931405864,-2.36071228690934,-2.20305982575517,-2.23291723836374,-2.2321982152692,-2.0860726868416,-2.3228982595604
2015-08-04,-2.4866273138969,-2.35227514457184,-2.18720897207924,-2.22611533356634,-2.23162813201392,-2.08346598906188,-2.35646152293057
2015-08-05,-2.50015150721981,-2.35628946996815,-2.2064853621933,-2.22377275631267,-2.23105804875864,-2.06833671285954,-2.39365681207274
2015-08-06,-2.50744853437939,-2.35246450934341,-2.20598191226002,-2.22921494711883,-2.23048796550336,-2.05288312650662,-2.39062019797282
2015-08-07,-2.4904882541113,-2.33698591409732,-2.20626987601692,-2.22536584566978,-2.22991788224807,-2.0139321844092,-2.37157889245937
2015-08-10,-2.51825695734533,-2.37540912871717,-2.19828058405222,-2.27348005930045,-2.22934779899279,-1.98419530298842,-2.39191476946916
2015-08-11,-2.51017956434709,-2.3530763438496,-2.17721262511242,-2.22184452688927,-2.22877771573751,-1.98485780126311,-2.34974756138637
2015-08-12,-2.49496119662853,-2.29984114645004,-2.16371337841582,-2.18229924301643,-2.22820763248223,-1.95795153308088,-2.34389159785744
2015-08-13,-2.47468150765553,-2.30160176850247,-2.14313366500257,-2.17741311605087,-2.22763754922695,-1.90387298720881,-2.29873311727979
2015-08-14,-2.47449413649058,-2.30403084689199,-2.18559309227995,-2.16244463901075,-2.22706746597167,-1.87857235543258,-2.29083380823667
2015-08-17,-2.4368144829984,-2.29947119073751,-2.19368277359091,-2.13362491401253,-2.22649738271639,-1.86591133499334,-2.27064758293638
2015-08-18,-2.32883071573136,-2.23631141452142,-2.12223436082393,-2.07494089772175,-2.22592729946111,-1.83957854843471,-2.25949159088502
2015-08-19,-2.30827081549209,-2.2203698133005,-2.07002594672513,-2.06825445496861,-2.22535721620583,-1.83355989005729,-2.26999451794468
2015-08-20,-2.29100946137858,-2.21763208965554,-2.06189314604727,-2.07085399299935,-2.22478713295055,-1.81346935291646,-2.30040151792016
2015-08-21,-2.28676755417671,-2.2266695165736,-2.05314891579714,-2.08659750909014,-2.22421704969527,-1.80924416067648,-2.30639823804282
2015-08-24,-2.1057153352316,-2.12984231957976,-1.94413105233861,-1.93752451641438,-2.22364696643999,-1.67323032365562,-2.22191370682206
2015-08-25,-2.04891554943566,-2.0933434224412,-1.91463505509053,-1.92021175720184,-2.22307688318471,-1.64505815375782,-2.20030016714495
2015-08-26,-2.05615162802562,-2.0611300747508,-1.93857423407886,-1.90416037917466,-2.22250679992943,-1.64895440385152,-2.16315944940116
2015-08-27,-2.04034092360481,-2.04375729465979,-1.91348135104364,-1.88851927232186,-2.22193671667415,-1.66475972001316,-2.15566183484222
2015-08-28,-2.01576482994323,-2.0181128478042,-1.89581223217722,-1.88242318100627,-2.22136663341887,-1.65382112386512,-2.11185492548912
2015-08-31,-1.99897158883461,-1.99968915996719,-1.87011901953431,-1.87994166974258,-2.22079655016359,-1.65827794869416,-2.06445529674551
2015-09-01,-1.98454022433528,-1.99951878897612,-1.86639715437447,-1.88020041543091,-2.22022646690831,-1.63969747005701,-2.05961727110357
2015-09-02,-1.97296082378752,-1.99055703711589,-1.86524291192296,-1.8688794030687,-2.21965638365303,-1.63499896135519,-2.04092626440481
2015-09-03,-1.96463657216539,-1.97261166000807,-1.85096693174234,-1.87238252485571,-2.21908630039775,-1.63249014147371,-2.0351463118096
2015-09-04,-1.94802206901513,-1.96172626354197,-1.83952964176654,-1.83571913618642,-2.21851621714247,-1.6382434102078,-2.02768319904132
2015-09-08,-1.9561994709746,-1.93913707469536,-1.82726482064957,-1.83534866106981,-2.21794613388719,-1.64470527687301,-2.02123978873697
2015-09-09,-1.94168574125181,-1.92434180148101,-1.82080947821554,-1.82450675401549,-2.21737605063191,-1.65615342660743,-2.0188002244093
2015-09-10,-1.90792748642341,-1.91507676879475,-1.80054731496089,-1.80696610140319,-2.21680596737663,-1.64936742575706,-2.02234211450555
2015-09-11,-1.91144703050287,-1.9370271782464,-1.80411094424414,-1.8120561573047,-2.21623588412135,-1.67800383093978,-1.99325767473057
2015-09-14,-1.90683200637701,-1.92425793843761,-1.79791081015734,-1.80443417436789,-2.21566580086607,-1.72102720748927,-2.01176557429079
2015-09-15,-1.91017116602651,-1.92455399710009,-1.77663819804396,-1.80827153035983,-2.21509571761079,-1.70963140308408,-2.00502809038325
2015-09-16,-1.91648218893281,-1.93083895270962,-1.76571438415116,-1.8211427436097,-2.21452563435551,-1.71715732571718,-1.98716461109963
2015-09-17,-1.94906952811197,-1.94630539106168,-1.7902953956901,-1.83700896954612,-2.21395555110023,-1.71963127365284,-1.95665190577681
2015-09-18,-1.93605921621269,-1.93543600128797,-1.80060912627896,-1.83478032211312,-2.21338546784495,-1.72908497971544,-1.94968925651021
2015-09-21,-1.93388269851889,-1.92251354492312,-1.80055974170583,-1.83336344343098,-2.21281538458966,-1.72151388210465,-1.94745804612567
2015-09-22,-1.9239962914249,-1.91091758653409,-1.78850951185998,-1.82397350024682,-2.21224530133438,-1.73241485830601,-1.92557840593316
2015-09-23,-2.02825251015234,-1.97630597441109,-1.89303356464812,-1.93214452850722,-2.2116752180791,-1.87176038308678,-1.85369602679299
2015-09-24,-2.04112752801618,-1.94731464335182,-1.90465940474471,-1.91533065122894,-2.21110513482382,-1.86172886521194,-1.84932404554013
2015-09-25,-2.03730933336499,-1.96859807866953,-1.90206258623699,-1.89894119541339,-2.21053505156854,-1.85925581338446,-1.87485024833309
2015-09-28,-2.05375827418504,-1.98326202435695,-1.92772749489359,-1.89235443958665,-2.20996496831326,-1.85359921077367,-1.84362232395818
2015-09-29,-2.07847737801546,-1.99787882829034,-1.94905227268795,-1.90781891599833,-2.20939488505798,-1.87808282287832,-1.86426358242219
2015-09-30,-2.04686468264361,-1.9595088252853,-1.9462441508839,-1.87180692930105,-2.2088248018027,-1.86170353218119,-1.87058103828228
2015-10-01,-2.05911885822519,-1.98586167945294,-1.95002878381483,-1.86933329443698,-2.20825471854742,-1.88697577795493,-1.86510993408838
2015-10-02,-2.07015342655163,-1.98353063878199,-1.92445747541468,-1.84678968779637,-2.20768463529214,-1.8800997582916,-1.84985481326746
2015-10-05,-2.07307692221185,-1.97786101969777,-1.93114490752641,-1.83864291137231,-2.20711455203686,-1.86800386165854,-1.84860370140739
2015-10-06,-2.09812687404511,-2.00274329731367,-1.93627119840769,-1.87751246952074,-2.20654446878158,-1.87019939456398,-1.8518037220567
2015-10-07,-2.05843505041829,-1.99084795859864,-1.93316886499934,-1.83268361020309,-2.2059743855263,-1.8535626396263,-1.85375599762942
2015-10-08,-2.07938513212113,-2.00161868479062,-1.94665912357411,-1.83532588570734,-2.20540430227102,-1.82485320661199,-1.85674182636214
2015-10-09,-2.10735226681512,-2.01441327340345,-1.97936184618703,-1.85177975622905,-2.20483421901574,-1.82583222203018,-1.8706071855481
2015-10-13,-2.06249108583799,-1.9744837436163,-1.93954913694369,-1.8291164112667,-2.20426413576046,-1.78589117268455,-1.87525030958095
2015-10-14,-2.07631202452817,-1.98108293210144,-1.94528894541193,-1.8354901352762,-2.20369405250518,-1.77836163339959,-1.87298438185747
2015-10-15,-2.06790466381645,-1.97441405562747,-1.96231304791133,-1.83923549110266,-2.2031239692499,-1.8085976986177,-1.87892216798507
2015-10-16,-2.06493947433593,-1.97368049326818,-1.97295022902437,-1.81040812331289,-2.20255388599462,-1.81600014310771,-1.90484336814612
2015-10-19,-2.07590987193297,-1.98945410764869,-1.95756927827257,-1.81022131093558,-2.20198380273934,-1.83165884182585,-1.94914600239724
2015-10-20,-2.08901616623951,-2.00326468047435,-1.96975291279756,-1.80466147388415,-2.20141371948406,-1.82960803905335,-1.96695059731787
2015-10-21,-2.09603503480656,-2.01636929792548,-1.97479120174813,-1.78472964195471,-2.20084363622878,-1.83684983552591,-1.96535158388157
2015-10-22,-2.1247222781437,-2.03945268413111,-2.00093866250419,-1.79037833720111,-2.2002735529735,-1.83523256284152,-1.99255883327047
2015-10-23,-2.11664391350176,-2.03359346248458,-1.98997293444775,-1.78516749491176,-2.19970346971822,-1.8470307572195,-2.15799154485564
2015-10-26,-2.19396641258343,-2.10778150672483,-1.99490229752661,-1.82605372754285,-2.19913338646294,-1.89796813716088,-2.16376991568705
2015-10-27,-2.22148016994243,-2.12806874116768,-2.0420113756956,-1.8542929640314,-2.19856330320766,-1.91501455923486,-2.16996599173748
2015-10-28,-2.20568920246221,-2.10778279387102,-2.01984700225676,-1.89179366543526,-2.19799321995238,-1.94404071241576,-2.2437619031986
2015-10-29,-2.18929156987511,-2.01752484990062,-2.00780035213483,-1.82751717377349,-2.1974231366971,-1.92584470465688,-2.24526969991555
2015-10-30,-2.2307342685549,-2.06687417766973,-2.04928896319116,-1.84003596229487,-2.19685305344182,-1.94295165828378,-2.30356937916177
2015-11-03,-2.22093925616033,-2.04426343395955,-2.01702400708819,-1.82681710391584,-2.19628297018654,-1.92110719783861,-2.30058393985819
2015-11-04,-2.2247287837356,-2.04522342274755,-2.03451085543515,-1.82814383142775,-2.19571288693125,-1.93175112472635,-2.32114955797765
2015-11-05,-2.23552692218004,-2.06761719886758,-2.03919973626205,-1.82854025958362,-2.19514280367597,-1.93399010588269,-2.32895252350889
2015-11-06,-2.23472259005712,-2.06643502646157,-2.02133134434278,-1.79368236423946,-2.19457272042069,-1.85093597077858,-2.317664798528
2015-11-09,-2.28248206340596,-2.1041195315008,-2.01912199802235,-1.8323030843178,-2.19400263716541,-1.85977060300852,-2.3602881885998
2015-11-10,-2.26824979926091,-2.0965693565862,-2.00988904722074,-1.8148788107474,-2.19343255391013,-1.89036405812752,-2.36346655591413
2015-11-11,-2.30289484644994,-2.11359712858222,-2.01481491525162,-1.82732518504293,-2.19286247065485,-1.8283860746691,-2.31178498118256
2015-11-12,-2.37690413106358,-2.1367216497064,-2.03714032991413,-1.83140399440676,-2.19229238739957,-1.86223541603435,-2.33297899042846
2015-11-13,-2.37688618884711,-2.13645712749138,-2.04592324162422,-1.82157402511831,-2.19172230414429,-1.85764054674682,-2.3479939337627
2015-11-16,-2.36903809590364,-2.14752267798759,-2.06917021389353,-1.81727446029128,-2.19115222088901,-1.86201673491288,-2.35077093863093
2015-11-17,-2.37605807311251,-2.1291879482298,-2.06647106094031,-1.81934706251275,-2.19058213763373,-1.84361954305798,-2.34082810415437
2015-11-18,-2.37194091835792,-2.12084350708521,-2.08265158296313,-1.82237484489046,-2.19001205437845,-1.84342931278521,-2.32233646471139
2015-11-19,-2.35681865574848,-2.10935710615754,-2.07954098780422,-1.83503729838606,-2.18944197112317,-1.84372249432796,-2.31704036238316
2015-11-23,-2.35800346604897,-2.07102683544636,-2.06166971108182,-1.85546431220724,-2.18887188786789,-1.8221340822902,-2.30303709118478
2015-11-24,-2.34067575230069,-2.05517550492995,-2.0537756646473,-1.85992166111882,-2.18830180461261,-1.82996775208882,-2.29835032414814
2015-11-25,-2.34481003401256,-2.05623042811697,-2.0556892706071,-1.86594534512817,-2.18773172135733,-1.85277848226196,-2.30547879734666
2015-11-26,-2.35225896714252,-2.0689717489834,-2.07671588391341,-1.88890871916784,-2.18716163810205,-1.86758031491885,-2.32499477511048
2015-11-27,-2.34995717479231,-2.06224089835482,-2.06930607441361,-1.87932837878972,-2.18659155484677,-1.86743239780209,-2.31973643518289
2015-11-30,-2.37019373533886,-2.09807232850409,-2.08665450683665,-1.87390450026133,-2.18602147159149,-1.84575331376411,-2.30110879140648
2015-12-01,-2.37952003380469,-2.19708125441979,-2.09503441007914,-1.92878012727368,-2.18545138833621,-1.85553364836187,-2.28247681553249
2015-12-02,-2.36878442727332,-2.18392599721743,-2.07564080475298,-1.93186369670747,-2.18488130508093,-1.85158778962374,-2.28647908042638
2015-12-03,-2.25212435408594,-2.11525727301791,-2.00266690665043,-1.91482466315993,-2.18431122182565,-1.86404817187907,-2.25217873931268
2015-12-04,-2.24824985192785,-2.13235016527499,-2.00635922312086,-1.92674775392778,-2.18374113857037,-1.8559516288857,-2.25592433075224
2015-12-07,-2.24028072034898,-2.12093958866901,-2.0012276595173,-1.89125281074536,-2.18317105531509,-1.85930437226023,-2.25640929968988
2015-12-08,-2.24128754503628,-2.12123642915834,-2.03167193014566,-1.92735225249471,-2.18260097205981,-1.93065348043994,-2.25124653077969
2015-12-09,-2.22786000605709,-2.10610072227448,-1.99820447168761,-1.92548577484058,-2.18203088880453,-1.93259722128409,-2.21868301611365
2015-12-10,-2.24821033751739,-2.10557673467526,-2.00623922974332,-1.94525556635654,-2.18146080554925,-1.93785821883726,-2.21791093558501
2015-12-11,-2.241809100213,-2.09077863403531,-1.99156299423198,-1.93797186273244,-2.18089072229397,-2.00906575700151,-2.23859705325844
2015-12-14,-2.23872241653826,-2.11938818605355,-2.01565081218081,-1.96556290169378,-2.18032063903869,-2.01188089706452,-2.2643413670957
2015-12-15,-2.24070227625841,-2.12533396150716,-2.00982682564404,-1.98018400074337,-2.17975055578341,-2.00781189859711,-2.25819410473314
2015-12-16,-2.24456286161842,-2.09091491813429,-1.98307980300066,-1.96492158172637,-2.17918047252813,-1.9868087030376,-2.24314812252873
2015-12-17,-2.23461646116567,-2.07232089718396,-1.94492150651387,-1.97225724576401,-2.17861038927285,-2.00997109789647,-2.21978537962412
2015-12-18,-2.2041546634923,-2.02429570015412,-1.91063693524662,-1.97331354374688,-2.17804030601756,-1.95882110604447,-2.19243931768628
2015-12-21,-2.22806934048613,-2.03336244617662,-1.90971801927548,-1.97485844529691,-2.17747022276228,-1.9559956449509,-2.17073197222642
2015-12-22,-2.22067634888216,-2.07060412922266,-1.90926277431271,-1.98399290861861,-2.176900139507,-1.99288930279685,-2.165090592577
2015-12-23,-2.21744046278212,-2.07829398519183,-1.90692436162813,-1.99570490893793,-2.17633005625172,-2.00453223411873,-2.17592490950809
2015-12-28,-2.25026185408979,-2.0944874910624,-1.92695713082751,-2.01711364760674,-2.17575997299644,-2.0044225965779,-2.16998877420787
2015-12-29,-2.25834975779208,-2.09924490837155,-1.93496156487366,-2.00624352743062,-2.17518988974116,-2.00536421226807,-2.18279473460303
2015-12-30,-2.26327469898488,-2.107278662399,-1.94196830045871,-2.01425453119806,-2.17461980648588,-1.98944441252843,-2.18167740341958
2016-01-04,-2.25942739332676,-2.10838794519487,-1.93808588835876,-1.99742229826393,-2.1740497232306,-2.01039022053859,-1.4070718728643
2016-01-05,-2.25614677089316,-2.10886663079903,-1.94047388606124,-1.98668865661497,-2.17347963997532,-2.02644500027743,-1.40148102460038
2016-01-06,-2.22793539926788,-2.10383817897447,-1.93976013601746,-1.97106175588742,-2.17290955672004,-1.99386352189574,-1.39786766929338
2016-01-07,-2.33545383565925,-2.17720635037618,-2.03453295683027,-2.00630295723316,-2.17233947346476,-1.98745301512509,-1.40012915139965
2016-01-08,-2.35552126641379,-2.17724617931356,-2.02906997048856,-2.0235998934317,-2.17176939020948,-1.98874891651805,-1.40508200951582
2016-01-11,-2.36748423345578,-2.17869352821629,-2.0391808321161,-2.06091717135066,-2.1711993069542,-2.01809114072623,-1.40006280076112
2016-01-12,-2.35915444388538,-2.17694260742066,-2.02420266614587,-2.05001754846,-2.17062922369892,-2.028045595311,-1.40377537015268
2016-01-13,-2.36778732426203,-2.18220096724754,-2.07092396086532,-2.0696898883926,-2.17005914044364,-2.02807830943639,-1.40867534682092
2016-01-14,-2.32438769210599,-2.17960364898712,-2.01828246539332,-2.07302428058631,-2.16948905718836,-1.99028156146081,-1.40332613046759
2016-01-15,-2.31422516620821,-2.17753163497846,-2.01290090579757,-2.09697787949633,-2.16891897393308,-1.9577176220285,-1.40558996169916
2016-01-18,-2.32698564167146,-2.1783764917621,-2.0135739917648,-2.07228452487444,-2.1683488906778,-1.96515148974924,-1.39822083474566
2016-01-19,-2.31335206887229,-2.16692924368459,-2.01015925910689,-1.95874752644136,-2.16777880742252,-1.99676465433801,-1.39720534031847
2016-01-20,-2.32115871110308,-2.20104676365866,-2.02786599402022,-1.96749543207907,-2.16720872416724,-1.96875172209442,-1.3953612577477
2016-01-21,-2.33646509461017,-2.24508803689168,-2.05907616216075,-1.97256924008412,-2.16663864091196,-1.97132058581434,-1.39535079312706
2016-01-22,-2.37601612968613,-2.32668422253617,-2.10190861017371,-1.98134310731773,-2.16606855765668,-2.00770804490919,-1.40810321044205
2016-01-26,-2.36339590997553,-2.33066040019643,-2.11753836934714,-1.95021131792414,-2.1654984744014,-2.00416471096599,-1.41564713408449
2016-01-27,-2.35518887580929,-2.32991925107096,-2.13802611998626,-1.93805290687327,-2.16492839114612,-2.00282535228858,-1.41615234520929
2016-01-28,-2.37024307631112,-2.33548446551597,-2.15943392936262,-1.93756246050234,-2.16435830789084,-1.9960469888388,-1.41408149241538
2016-01-29,-2.34757202617514,-2.31761100140529,-2.12694925154498,-1.91736650069541,-2.16378822463556,-1.97054350294085,-1.41468700443455
2016-02-01,-2.3213125049775,-2.29010045966058,-2.0991674636204,-1.90821204963954,-2.16321814138028,-1.9347112989159,-1.40785070265382
2016-02-02,-2.2113875324696,-2.237488650841,-2.06195744368575,-1.91029364578502,-2.162648058125,-1.92997448813674,-1.40839797303496
2016-02-03,-2.22284111347289,-2.12250251375976,-2.05149808175513,-1.91972572299564,-2.16207797486972,-1.89240572421367,-2.15281409551909
2016-02-04,-2.16881512527438,-2.03624568343346,-2.01907786610263,-1.87064072798851,-2.16150789161444,-1.86416657461701,-2.16309436590738
2016-02-05,-2.18804955224937,-2.04357272495113,-2.02843467369133,-1.87944748653095,-2.16093780835916,-1.85448400776087,-2.17409742352828
2016-02-10,-2.1933340157343,-2.05330663930106,-2.03069033795709,-1.88343595573804,-2.16036772510387,-1.82562888144908,-2.15717394507742
2016-02-11,-2.17779694488863,-2.04127274223029,-2.01012982329891,-1.87407682143217,-2.15979764184859,-1.83978526260025,-2.14258742145488
2016-02-12,-2.17192295110175,-2.0470437577461,-1.97959609761224,-1.86942587883071,-2.15922755859331,-1.82883274810435,-2.16792486984243
2016-02-15,-2.17252374547826,-2.04552098220879,-1.98912384636441,-1.86357105667579,-2.15865747533803,-1.82384450640049,-2.17477789645759
2016-02-16,-2.16519488374603,-2.04903678381602,-2.00979649566566,-1.85568438299258,-2.15808739208275,-1.78945472391993,-2.18434152850382
2016-02-17,-2.15332154325079,-2.03537390383897,-2.0328464862622,-1.81093612554467,-2.15751730882747,-1.75864128514744,-2.194819337521
2016-02-18,-2.15947918882888,-2.0498478787307,-2.03666601709686,-1.7974085626013,-2.15694722557219,-1.79417888480493,-2.20692176899232
2016-02-19,-2.15420537048379,-2.04171162768802,-2.00438262496887,-1.7809245144324,-2.15637714231691,-1.7683117359613,-2.23664589749783
2016-02-22,-2.14391605106062,-2.03676225581417,-2.00182948253769,-1.84983393192467,-2.15580705906163,-1.75066145052455,-2.24868214419756
2016-02-23,-2.139440038471,-2.02038071087536,-1.98555147426068,-1.85619788767376,-2.15523697580635,-1.77614313969168,-2.25047550571158
2016-02-24,-2.12932016190768,-2.01172255509946,-1.97737749455101,-1.84946786945331,-2.15466689255107,-1.73353849214723,-2.22677679674659
2016-02-25,-2.1188753026374,-1.99920503379079,-1.97268756616112,-1.8478667229249,-2.15409680929579,-1.73696994314359,-2.21491342349916
2016-02-26,-2.11643977600643,-1.98641573854581,-1.95893249333533,-1.87520713911419,-2.15352672604051,-1.72944674682373,-2.22421380972809
2016-02-29,-2.11270052079887,-1.98156406564458,-1.94953123068223,-1.87327530800964,-2.15295664278523,-1.72425865630778,-2.22159604345523
2016-03-01,-2.09763108835509,-1.98487134145253,-1.93269672709509,-1.85998314260468,-2.15238655952995,-1.72407017940552,-2.19919077027447
2016-03-02,-2.08758908747448,-1.94789377444291,-1.93592284172906,-1.86727386282121,-2.15181647627467,-1.70920752142061,-2.19488941796322
2016-03-03,-2.06724575146909,-1.91110581484851,-1.85039094310069,-1.76240908759206,-2.15124639301939,-1.68998908939058,-1.87023790259502
2016-03-04,-2.07834002689872,-1.92212050978158,-1.67291871491331,-1.72843719922434,-2.15067630976411,-1.64472634070316,-1.81419580529927
2016-03-07,-2.05430710514917,-1.96069886500175,-1.6638044516658,-1.72430909896749,-2.15010622650883,-1.64366134525447,-1.80289089024437
2016-03-08,-2.08173138268826,-2.00939710463685,-1.64127942052915,-1.75022300856101,-2.14953614325355,-1.62215407802943,-1.79824914999802
2016-03-09,-2.05968426044957,-1.98567228255131,-1.61953502994136,-1.75143696110976,-2.14896605999827,-1.62395230990389,-1.75661348888141
2016-03-10,-2.01887523819325,-1.9616164749419,-1.58567471003426,-1.72750789394286,-2.14839597674299,-1.6497160668822,-1.73135544043357
2016-03-11,-2.02384034693478,-1.97751441124643,-1.58007871194374,-1.73920440867203,-2.14782589348771,-1.65171578446375,-1.68212529263838
2016-03-14,-2.01371869196429,-1.96221886785117,-1.55737497343114,-1.7460671308047,-2.14725581023243,-1.64798877994484,-1.67492877939804
2016-03-15,-1.94986656715502,-1.90907420755102,-1.44113523953575,-1.73975400619753,-2.14668572697715,-1.61630147523424,-1.62076459472637
2016-03-16,-1.91084397713478,-1.87303317234195,-1.41904656907264,-1.7370253396834,-2.14611564372187,-1.61293260111244,-1.60333599185464
2016-03-17,-1.74281783615448,-1.67014119466196,-1.20896587621325,-1.76029703795732,-2.14554556046659,-1.50099478071878,-1.55394732013555
2016-03-18,-1.74235638558498,-1.66195380426639,-1.20892655889995,-1.77227244756612,-2.14497547721131,-1.49341945065641,-1.55536990192506
2016-03-21,-1.74022845775697,-1.66603546722339,-1.21637578569939,-1.8096503484383,-2.14440539395603,-1.50322210478095,-1.54365923020266
2016-03-22,-1.74702561646484,-1.67123003088221,-1.21792868899492,-1.81828051219629,-2.14383531070075,-1.50494690887529,-1.51844540622479
2016-03-23,-1.74090541413465,-1.67248982693114,-1.21908378994244,-1.81679546116585,-2.14326522744547,-1.511308272742,-1.51876989826584
2016-03-24,-1.73254119154033,-1.66672606612661,-1.20937584312705,-1.82733638314883,-2.14269514419018,-1.53320255651586,-1.51129380052682
2016-03-28,-1.72084727003925,-1.64742834336466,-1.19348118079462,-1.82853602072244,-2.1421250609349,-1.53198266698861,-1.50850336889034
2016-03-29,-1.71188917798292,-1.64195226148193,-1.18863490203974,-1.82271665185993,-2.14155497767962,-1.54143246209224,-1.50467170142243
2016-03-30,-1.71488688024905,-1.6406687832361,-1.18793863559541,-1.83431123752322,-2.14098489442434,-1.5402044865266,-1.49635606639923
2016-03-31,-1.70697689406197,-1.62113207734833,-1.18607746865951,-1.8356693054436,-2.14041481116906,-1.53277731874128,-1.47773767148831
2016-04-01,-1.71644882537656,-1.64212880574788,-1.18319028037519,-1.83550918456326,-2.13984472791378,-1.53851389083357,-1.46899131619726
2016-04-04,-1.7277961189306,-1.67634035659678,-1.20195349169644,-1.9567866372141,-2.1392746446585,-1.55563084851385,-1.59172702367173
2016-04-05,-1.75695793254972,-1.69375026763706,-1.26204580365319,-2.01505091433426,-2.13870456140322,-1.59708365528238,-1.62176714318042
2016-04-06,-1.7618057901534,-1.70081418125783,-1.26377974090229,-2.01725082721572,-2.13813447814794,-1.60415412050028,-1.61990414171505
2016-04-07,-1.77086434152155,-1.71192384448591,-1.2810627304079,-2.01928052540908,-2.13756439489266,-1.62030353864871,-1.62842300653687
2016-04-08,-1.76437758665033,-1.70008929537782,-1.27781223691598,-2.0108128099831,-2.13699431163738,-1.63193319768718,-1.6434134708193
2016-04-11,-1.78607877860981,-1.71610740841365,-1.29386665590232,-2.06239981804093,-2.1364242283821,-1.64751653305545,-1.68416285831949
2016-04-12,-1.78916760100468,-1.69176435032491,-1.30744527587072,-2.0705187711055,-2.13585414512682,-1.64965197003545,-1.73216667544654
2016-04-13,-1.78804941110056,-1.59318419436947,-1.32229420662742,-2.07504121816187,-2.13528406187154,-1.65583237746568,-1.71555221674513
2016-04-14,-1.83135066654694,-1.5217771006062,-1.40881127392795,-2.08657474868822,-2.13471397861626,-1.66954377343942,-1.76361716391461
2016-04-15,-1.88000651918162,-1.5465423593423,-1.43110335975399,-2.10469207624583,-2.13414389536098,-1.70174056724039,-1.79186461043564
2016-04-18,-2.11372555477316,-1.69740001075893,-1.75800381319192,-2.14676828931143,-2.1335738121057,-1.94258856532481,-1.89384750355392
2016-04-19,-2.12362093818766,-1.71186391986478,-1.77453121125476,-2.16674307135132,-2.13300372885042,-1.91556642782111,-1.89329334321935
2016-04-20,-2.12867511492342,-1.71014891581192,-1.77304535672706,-2.170262243727,-2.13243364559514,-1.9014969062974,-1.91663875641145
2016-04-22,-2.11674243892703,-1.70172230972397,-1.75667126691243,-2.15475763202787,-2.13186356233986,-1.91612882769865,-1.95648525275931
2016-04-25,-2.13923491960138,-1.70598463388449,-1.75858839957313,-2.15579564529069,-2.13129347908458,-1.91714171518114,-1.96116109289603
2016-04-26,-2.15932391083925,-1.7152377413644,-1.80722345603714,-2.18516982201874,-2.1307233958293,-1.93464369388315,-1.99348652601793
2016-04-27,-2.21067709838909,-1.74573325568059,-1.87180842129708,-2.20358520018121,-2.13015331257402,-1.95226542413145,-2.01788377190622
2016-04-28,-2.20404723107875,-1.73716239936704,-1.89402549935811,-2.22878637707479,-2.12958322931874,-1.9563461596425,-2.01884370197586
2016-04-29,-2.1874434860916,-1.73753010924357,-1.89540418071254,-2.21744081445698,-2.12901314606346,-1.96838134949671,-2.04545371080332
2016-05-02,-2.21514890485644,-1.75324877996399,-1.91127878923108,-2.2007565499531,-2.12844306280818,-1.96120198931194,-2.11745713349926
2016-05-03,-2.17263691651829,-1.74386145051678,-1.91952261109617,-2.20734106935267,-2.1278729795529,-1.9719606527045,-2.15189801673192
2016-05-04,-2.17504673046248,-1.72964041108813,-1.93752592475139,-2.2196318314136,-2.12730289629762,-1.98240086607893,-2.14646277047789
2016-05-05,-2.18156398711051,-1.70088748234679,-1.97621892703129,-2.23762599742123,-2.12673281304234,-1.97659949921345,-2.1483072380459
2016-05-06,-2.18800635822628,-1.70655065433633,-1.96515123970884,-2.25268347222931,-2.12616272978706,-1.99131092425788,-2.17659069169602
2016-05-09,-2.15675910638446,-1.67816774015694,-1.8977179531197,-2.27378945203111,-2.12559264653177,-1.92806862496328,-2.1596278622901
2016-05-10,-2.18313724559455,-1.69403010447214,-1.93674944091849,-2.29429124746373,-2.12502256327649,-1.96485982182205,-2.21062833779131
2016-05-11,-2.18940747790258,-1.68966875082474,-1.86884632461847,-2.2594147307752,-2.12445248002121,-1.96064238297813,-2.20162073429046
2016-05-12,-2.18964546727051,-1.70440645368584,-1.83381378321456,-2.23005242386575,-2.12388239676593,-1.94123253779682,-2.19271396641399
2016-05-13,-2.1913561067273,-1.85350792068926,-1.83815522710514,-2.20610327214881,-2.12331231351065,-1.94026731981141,-2.25586048005347
2016-05-16,-2.19255584182396,-2.03014045141814,-1.8703065634789,-2.22032346564549,-2.12274223025537,-1.97285593896761,-2.29511142360991
2016-05-17,-2.17627858777229,-2.02443248954092,-1.91352135634051,-2.18538615642963,-2.12217214700009,-1.95804023153395,-2.28619403602794
2016-05-18,-2.16842119718813,-2.01665976458714,-1.90595090067255,-2.1559905208619,-2.12160206374481,-1.98034329348853,-2.25850511776496
2016-05-19,-2.17136227431398,-2.00939238065097,-1.91063651598185,-2.13882921974281,-2.12103198048953,-2.03361049647538,-2.28789001253337
2016-05-20,-2.16671483849638,-2.00477654014296,-1.89713329178583,-2.1133198357391,-2.12046189723425,-2.06405972925748,-2.27807808642379
2016-05-23,-2.15961713009021,-1.99557797829095,-1.90573803334553,-2.08320207878056,-2.11989181397897,-2.06776019451347,-2.26916666059126
2016-05-24,-2.14139261940318,-1.99656762432223,-1.86019443596462,-2.09144477330709,-2.11932173072369,-2.0643721575178,-2.28349246310211
2016-05-25,-2.1557108487757,-2.00520265453451,-1.85919139841455,-2.09200193568043,-2.11875164746841,-2.0676600538719,-2.27049925634304
2016-05-27,-2.15499791385011,-2.00680365344602,-1.84131903731511,-2.10194683125003,-2.11818156421313,-2.06930280944781,-2.28231413992111
2016-05-30,-2.188094426785,-2.05244435260787,-1.83711003173516,-2.1048319309411,-2.11761148095785,-2.07361061840836,-2.30892417617253
2016-05-31,-2.19517271502841,-1.99428183257125,-1.82094500267926,-2.10945543049226,-2.11704139770257,-2.05454195941876,-2.30617948203213
2016-06-01,-2.19346296150467,-1.98509555765579,-1.81568546212534,-2.1370558323671,-2.11647131444729,-2.03549806328751,-2.30605226275709
2016-06-02,-2.21322202026911,-1.99632448693186,-1.80597079582475,-2.1338077625147,-2.11590123119201,-2.03730665562716,-2.27341925843766
2016-06-03,-2.22186992750956,-2.01836372211265,-1.80272041895158,-2.14463109562676,-2.11533114793673,-2.04113500104802,-2.28615313756733
2016-06-06,-2.24757847298278,-2.07606316926833,-1.81139351306282,-2.13423363696485,-2.11476106468145,-2.06790341721885,-2.309261576874
2016-06-07,-2.25052788128357,-2.08501058041788,-1.82588154531307,-2.14420062163025,-2.11419098142617,-2.08537983996846,-2.31209674497855
2016-06-08,-2.29403493512199,-2.12930353592719,-1.88572196235677,-2.13510895044606,-2.11362089817089,-2.21352522346393,-2.32337640373414
2016-06-09,-2.31899513903844,-2.13100345471893,-1.90623447988718,-2.16271272441501,-2.11305081491561,-2.22660264434962,-2.33528400807591
2016-06-10,-2.31818737198757,-2.13384066727376,-1.97732997405503,-2.22742168288501,-2.11248073166033,-2.23577422417889,-2.35151309249642
2016-06-13,-2.34089045027679,-2.15276001783566,-2.02790896444344,-2.24057249381923,-2.11191064840505,-2.25420358728004,-2.33342750833891
2016-06-14,-2.34703716022325,-2.15630617707382,-2.03406020543348,-2.19901847409097,-2.11134056514977,-2.24138613824307,-2.34283457906414
2016-06-15,-2.34188101168895,-2.15211479135008,-2.00541468734195,-2.1870770500352,-2.11077048189449,-2.2153862442654,-2.33772353035978
2016-06-16,-2.34051974046467,-2.13833914917071,-1.99109815159234,-2.20194461286781,-2.11020039863921,-2.17291910267225,-2.32855544846835
2016-06-17,-2.37872121995231,-2.1493948961373,-2.00948075607741,-2.21822329651093,-2.10963031538393,-2.2040501757414,-2.36960604295309
2016-06-20,-2.37099205205122,-2.13514855699646,-1.99777164873916,-2.20177916785005,-2.10906023212865,-2.16924587335454,-2.35307448475936
2016-06-21,-2.35258035790167,-2.13515322676625,-1.96420600340985,-2.23021358142205,-2.10849014887337,-2.16879126437715,-2.36032544958398
2016-06-22,-2.36788000984063,-2.1546601565836,-1.96788862445545,-2.27867399298191,-2.10792006561809,-2.17574280104823,-2.39275883198643
2016-06-23,-2.37750870253194,-2.14087289755247,-2.02021486077689,-2.27072089079768,-2.10734998236281,-2.17514947543687,-2.40182584875488
2016-06-24,-2.31359859957208,-2.08538667269251,-1.98836714719143,-2.20486074660261,-2.10677989910753,-2.06972286691337,-2.29527224069351
2016-06-27,-2.30731569800401,-2.07642845832631,-2.01133391293244,-2.20356906801929,-2.10620981585225,-2.07424702005144,-2.28217858222297
2016-06-28,-2.28538452398111,-2.05074947985694,-2.00843897300513,-2.18514512353985,-2.10563973259696,-2.01981698416661,-2.26754537494116
2016-06-29,-2.29102724875694,-2.12583066572518,-2.04359183082003,-2.1521674303801,-2.10506964934168,-2.03780729011067,-2.23230456627544
2016-06-30,-2.2878640835548,-2.13514110920128,-2.03166993379805,-2.14597543953154,-2.1044995660864,-2.06162628719022,-2.22761810615098
2016-07-01,-2.29066430468724,-2.14012785505014,-2.05086091348732,-2.15483395386167,-2.10392948283112,-2.06468983000528,-2.26194667181906
2016-07-04,-2.29791522473597,-2.14797301432921,-2.05739349714225,-2.14829282844342,-2.10335939957584,-2.06739314084624,-2.27311713947041
2016-07-05,-2.30335097637553,-2.15873003763152,-2.06821897379813,-2.15461205664168,-2.10278931632056,-2.06720446986967,-2.25029669914763
2016-07-06,-2.30157086968095,-2.14805855720381,-2.07697017154757,-2.15389788289477,-2.10221923306528,-2.07034366974563,-2.24376874444167
2016-07-07,-2.2923058850764,-2.1548092168676,-2.08347555033531,-2.15600547668404,-2.10164914981,-2.08218414967462,-2.25792143681083
2016-07-08,-2.28853723926757,-2.16045885234389,-2.08204096509585,-2.14992516175611,-2.10107906655472,-2.07061372453967,-2.24375706570861
2016-07-11,-2.31233406702477,-2.17017210758847,-2.08817836508791,-2.14568747428612,-2.10050898329944,-2.08364736115761,-2.24793374137148
2016-07-12,-2.30699524871188,-2.18210275101064,-2.08513050957453,-2.15242751333685,-2.09993890004416,-2.07926774832819,-2.28413867462662
2016-07-13,-2.33441826023888,-2.21996964425385,-2.10412485379638,-2.20236562650388,-2.09936881678888,-2.07848674549113,-2.26905255307504
2016-07-14,-2.34438368513024,-2.23283554587864,-2.11731747784808,-2.20251183534401,-2.0987987335336,-2.08126750900001,-2.28075274339997
2016-07-15,-2.37170685461441,-2.26463614118708,-2.15047447888773,-2.22206680713108,-2.09822865027832,-2.11211151009746,-2.2980179845095
2016-07-18,-2.3823957767337,-2.28793081621595,-2.17642516585994,-2.22649143425578,-2.09765856702304,-2.118657152709,-2.27606299867625
2016-07-19,-2.39437265670897,-2.31443708406899,-2.20010700807062,-2.25688715768303,-2.09708848376776,-2.1376681981401,-2.26263020261049
2016-07-20,-2.42223346165396,-2.3233501811212,-2.26884058748765,-2.25909314361068,-2.09651840051248,-2.13880332327888,-2.23434148502569
2016-07-21,-2.41009166731104,-2.33097774795001,-2.20987551801543,-2.25939270245841,-2.0959483172572,-2.09468036830969,-2.22371362589796
2016-07-22,-2.42674638287869,-2.3631595645759,-2.2027703869262,-2.24495867803292,-2.09537823400192,-2.06887361563541,-2.21790233584767
2016-07-25,-2.5352919713257,-2.48291162437576,-2.30658653695998,-2.32195369542012,-2.09480815074664,-2.15915528154296,-2.33028261519983
2016-07-26,-2.56028787423449,-2.53473901988616,-2.32741670568001,-2.3385671307847,-2.09423806749136,-2.15219949081131,-2.3327058480326
2016-07-27,-2.57602396402669,-2.58437408559178,-2.33011893980344,-2.34656022632108,-2.09366798423608,-2.18455499865785,-2.31570648129718
2016-07-28,-2.5857318920489,-2.53504162505202,-2.30074796557946,-2.4067423125439,-2.0930979009808,-2.16263790822159,-2.35651456119936
2016-07-29,-2.59131225063069,-2.55111410257944,-2.33001821066643,-2.40899500182373,-2.09252781772552,-2.16491645525043,-2.36583269287394
2016-08-01,-2.60755870544674,-2.55545909988914,-2.3224762498065,-2.40326343353736,-2.09195773447024,-2.17845062167807,-2.35339424876932
2016-08-02,-2.58654450770273,-2.51399148976396,-2.2896555220438,-2.3970021423454,-2.09138765121496,-2.17620060281134,-2.32002213093324
2016-08-03,-2.57404745473307,-2.52034124320482,-2.28315120708656,-2.40856224809126,-2.09081756795968,-2.18260046044756,-2.30495154440546
2016-08-04,-2.58514535343644,-2.55221705590446,-2.30420971766191,-2.41147314698217,-2.0902474847044,-2.1613947747081,-2.31196282242282
2016-08-05,-2.58230394603841,-2.55461792804238,-2.30008535192917,-2.4063873169127,-2.08967740144912,-2.15054536179038,-2.31671192161271
2016-08-08,-2.57766160704959,-2.55994669814977,-2.30256605055044,-2.42276351571455,-2.08910731819384,-2.15897359699727,-2.3264195526737
2016-08-09,-2.58019118088121,-2.56994518574914,-2.3143904425938,-2.42854597421967,-2.08853723493856,-2.14639277459406,-2.33216228501239
2016-08-10,-2.57849254281322,-2.54238306351719,-2.33230169954086,-2.46477387755261,-2.08796715168328,-2.15117968206289,-2.34398527807666
2016-08-11,-2.56573742486262,-2.53120907231382,-2.33593175796956,-2.46691244346624,-2.087397068428,-2.1814495701796,-2.37491741454528
2016-08-12,-2.59421391203715,-2.53588207693124,-2.35829935302082,-2.50127206342671,-2.08682698517272,-2.1868440059823,-2.38471029080065
2016-08-15,-2.59347653546245,-2.53682886147249,-2.3629502455218,-2.49359316625803,-2.08625690191744,-2.20217319232288,-2.39093858351416
2016-08-16,-2.59749024943886,-2.54002304584746,-2.34312044541654,-2.49046248237433,-2.08568681866216,-2.19011123197199,-2.43660677381108
2016-08-17,-2.59645730455686,-2.52229978509865,-2.3308942478336,-2.48185016580315,-2.08511673540688,-2.19286026026855,-2.40589873584556
2016-08-18,-2.59860395906759,-2.53634982645545,-2.36287896600815,-2.50034912764024,-2.0845466521516,-2.20658406587497,-2.46785082902013
2016-08-19,-2.64164919972612,-2.54919822216013,-2.4459990253712,-2.50661384213117,-2.08397656889632,-2.27274684170904,-2.48769607085348
2016-08-22,-2.64428214656835,-2.54335785380929,-2.46040022494703,-2.52780510394886,-2.08340648564103,-2.28887135961137,-2.4973697428219
2016-08-23,-2.63988975761493,-2.530144301641,-2.43991668310613,-2.51555890165376,-2.08283640238575,-2.27982178286305,-2.49651903489528
2016-08-24,-2.62945422521915,-2.52350568401033,-2.43965189354998,-2.47119392190994,-2.08226631913047,-2.27885371806472,-2.52014787214071
2016-08-25,-2.63939019243295,-2.5328797681984,-2.45065887870171,-2.50122257512359,-2.08169623587519,-2.27410737302462,-2.55567639739495
2016-08-26,-2.62894598159601,-2.54962374294256,-2.46263320978687,-2.51286295026177,-2.08112615261991,-2.25494122376472,-2.52323541119724
2016-08-29,-2.63146028437495,-2.54895964927029,-2.43751234562912,-2.50764135113299,-2.08055606936463,-2.25599752434194,-2.47973165919253
2016-08-30,-2.64726540339831,-2.56289542140012,-2.44304318620446,-2.49973224823325,-2.07998598610935,-2.22732094720961,-2.52077624217692
2016-08-31,-2.63156464844043,-2.5732191233301,-2.37585294102103,-2.49162003011315,-2.07941590285407,-2.22010948664325,-2.55377613313533
2016-09-01,-2.64191710846711,-2.58078799482564,-2.37077487016657,-2.4998219393319,-2.07884581959879,-2.17477825092835,-2.63055456437338
2016-09-02,-2.65713968546541,-2.57267855072276,-2.36086710243072,-2.50991103498438,-2.07827573634351,-2.17191652046951,-2.61637839611892
2016-09-05,-2.69815131489724,-2.57890953485885,-2.36463330699872,-2.55710922142701,-2.07770565308823,-2.17729889995529,-2.61272902382155
2016-09-06,-2.69245363711361,-2.56778169949774,-2.35524778755326,-2.55284920048014,-2.07713556983295,-2.18292496674572,-2.60459404664983
2016-09-08,-2.69242633728519,-2.55302944981343,-2.35063971589725,-2.55229479447053,-2.07656548657767,-2.1888593925686,-2.61466139482595
2016-09-09,-2.68134078596982,-2.54089548169204,-2.3311738121167,-2.5087910414128,-2.07599540332239,-2.20160834842909,-2.60095970644744
2016-09-12,-2.68542693043208,-2.5520509503309,-2.31597207475692,-2.51990733834267,-2.07542532006711,-2.15723274730933,-2.57713772569633
2016-09-13,-2.66077487065178,-2.50834153528171,-2.31527034607624,-2.50772355766758,-2.07485523681183,-2.11180298686935,-2.57156493444234
2016-09-14,-2.66958279961987,-2.4998990041742,-2.30602127600621,-2.51309195579042,-2.07428515355655,-2.09653499769431,-2.5631588187014
2016-09-15,-2.65663341121379,-2.48571169374943,-2.31563618197021,-2.51693390060954,-2.07371507030127,-2.11688062354568,-2.52883088417995
2016-09-16,-2.6527563752297,-2.48464175932327,-2.33495733576879,-2.52781048568847,-2.07314498704599,-2.13165627695114,-2.56289828989579
2016-09-19,-2.6370194065392,-2.45618210108031,-2.32083144649185,-2.5069681724872,-2.07257490379071,-2.13011283926042,-2.52874437551533
2016-09-20,-2.63812542254994,-2.46708141698569,-2.3341731423012,-2.51373984042973,-2.07200482053543,-2.11690213524186,-2.51972020467129
2016-09-21,-2.58040536306915,-2.43717121272226,-2.31907672648776,-2.50704362066814,-2.07143473728015,-2.11459924718629,-2.5137064896144
2016-09-22,-2.57854706066964,-2.44905404964569,-2.32480233679386,-2.48677307751178,-2.07086465402487,-2.12519231344344,-2.46773775503573
2016-09-23,-2.59531483294718,-2.45397400521749,-2.31941201234379,-2.54746693302599,-2.07029457076959,-2.12473649000146,-2.45555400718294
2016-09-26,-2.59062259840657,-2.44573019273326,-2.30859296594646,-2.5458781847514,-2.06972448751431,-2.13809665970651,-2.42815817440363
2016-09-27,-2.58997231553903,-2.45768620003401,-2.30175533518648,-2.52652636521294,-2.06915440425903,-2.16111878847522,-2.45682750787873
2016-09-28,-2.60044133790489,-2.46734959921813,-2.32819753308641,-2.56374313703366,-2.06858432100375,-2.18109376890394,-2.4894569483033
2016-09-29,-2.58170328666363,-2.45573897623739,-2.32990571757331,-2.54454089064359,-2.06801423774847,-2.18636179849819,-2.46233195468627
2016-09-30,-2.61129757604949,-2.48055034983574,-2.41146819321291,-2.57568575404457,-2.06744415449319,-2.15814367208911,-2.45351853974925
2016-10-03,-2.62254776535639,-2.47631114907715,-2.42636106342915,-2.56951667257717,-2.06687407123791,-2.18787967425575,-2.44172407917594
2016-10-04,-2.62553005236853,-2.48649381374021,-2.44021612050311,-2.5515201376911,-2.06630398798263,-2.20920535930072,-2.44840257523986
2016-10-05,-2.61816717596539,-2.49271759379633,-2.4333067188962,-2.52703042527846,-2.06573390472735,-2.18242042228297,-2.43033476856239
2016-10-06,-2.63828585305645,-2.50963084964036,-2.42485432652265,-2.5301559107599,-2.06516382147207,-2.16892617893989,-2.43659554330824
2016-10-07,-2.63114550188943,-2.51421403925909,-2.42549832200348,-2.51813365467216,-2.06459373821679,-2.17112786785616,-2.42968084594608
2016-10-10,-2.67074706918421,-2.56600596202292,-2.47183823231891,-2.55950071973042,-2.06402365496151,-2.1702358734302,-2.43275612418382
2016-10-11,-2.69570669546798,-2.57358761034369,-2.51785302207059,-2.57463669984881,-2.06345357170623,-2.21106769516076,-2.44527283129612
2016-10-13,-2.70576440248115,-2.61217251559582,-2.51715903505223,-2.57170185335167,-2.06288348845095,-2.28966573414666,-2.42201995426085
2016-10-14,-2.70420032207345,-2.62427285568048,-2.52186321384694,-2.56946361220231,-2.06231340519567,-2.29148330131165,-2.41217060078713
2016-10-17,-2.70295771107841,-2.63428645307859,-2.50066523101061,-2.56081550310294,-2.06174332194038,-2.28357140436695,-2.41684898389677
2016-10-18,-2.6979590335302,-2.64608515640847,-2.51930782949901,-2.54230454516849,-2.0611732386851,-2.27470841110575,-2.44957925237438
2016-10-19,-2.69651517972145,-2.67700049099814,-2.51852816751609,-2.56146703380873,-2.06060315542982,-2.28141964131298,-2.47726112788138
2016-10-20,-2.66573473631772,-2.65340667454877,-2.49808384487159,-2.55191214744049,-2.06003307217454,-2.29028393247055,-2.48544714422314
2016-10-21,-2.73308921592114,-2.72105667735548,-2.50253115008407,-2.56225765854413,-2.05946298891926,-2.29304827191916,-2.49482582762161
2016-10-24,-2.74528303236483,-2.71419888852116,-2.47261023685188,-2.61521331475369,-2.05889290566398,-2.28281501574375,-2.54381618324792
2016-10-25,-2.72997582845793,-2.70145983261106,-2.44891221475899,-2.605792693383,-2.0583228224087,-2.29473411101251,-2.55221255643816
2016-10-26,-2.72955197737527,-2.69762148058638,-2.442750548159,-2.58601849804991,-2.05775273915342,-2.29479793258394,-2.55428348466426
2016-10-27,-2.7298154533562,-2.71392150048796,-2.45061317075984,-2.60964665572432,-2.05718265589814,-2.30775996208088,-2.54886378052314
2016-10-28,-2.72458582009809,-2.72529026253041,-2.43320705853554,-2.60085428351621,-2.05661257264286,-2.30355610904457,-2.53886121694381
2016-10-31,-2.65748144978578,-2.74705592338601,-2.44479257478868,-2.64717859659133,-2.05604248938758,-2.28731899756565,-2.5783843327603
2016-11-01,-2.61740958337216,-2.70109987391589,-2.42051197372496,-2.61382804861431,-2.0554724061323,-2.22517934008493,-2.52574576967326
2016-11-03,-2.55218180042082,-2.64029298623905,-2.34999359801851,-2.57611692750536,-2.05490232287702,-2.21955410242719,-2.53172816760475
2016-11-04,-2.5227001820777,-2.60828267819774,-2.23665645928134,-2.55004694022458,-2.05433223962174,-2.20099069170584,-2.5201525278774
2016-11-07,-2.48604147078263,-2.52629211204742,-2.14990968058996,-2.54505151146715,-2.05376215636646,-2.1890678689862,-2.48242426390304
2016-11-08,-2.46655401432043,-2.49366655025534,-2.15118724262003,-2.48462735190199,-2.05319207311118,-2.19383931590701,-2.44159825382616
2016-11-09,-2.31335833210301,-2.32147808489028,-2.02676421332224,-2.32721723370758,-2.0526219898559,-2.01546270146494,-2.30251578774216
2016-11-10,-2.2363240619298,-2.19650877898227,-1.97024992800727,-2.28570507016719,-2.05205190660062,-1.98003984120041,-2.22163511033937
2016-11-11,-2.1977785437867,-2.13661037873822,-1.91412674643762,-2.26107514799224,-2.05148182334534,-1.95244204994046,-2.18628490919802
2016-11-14,-2.18172388808168,-2.13620595924103,-1.8835379639042,-2.25163499588764,-2.05091174009006,-1.92671932096924,-2.17784600227926
2016-11-16,-2.13762811340132,-2.11461511877984,-1.84381044816051,-2.18955909328571,-2.05034165683478,-1.9007306304228,-2.15154857565476
2016-11-17,-2.12739793814571,-2.09786154677014,-1.83244779386002,-2.18057597710433,-2.0497715735795,-1.8642808592356,-2.14536559744814
2016-11-18,-2.1266899048894,-2.09919054002412,-1.83092291841598,-2.17686409676922,-2.04920149032422,-1.85000751691548,-2.1362976145523
2016-11-21,-2.1281962209314,-2.09091067672196,-1.77025289462823,-2.12923481328129,-2.04863140706894,-1.84241729759366,-2.12469780250703
2016-11-22,-2.12449486659336,-2.07906132369672,-1.76252514212212,-2.11821280336911,-2.04806132381366,-1.8164065918877,-2.01465223502319
2016-11-23,-2.12016892058999,-2.07813721107874,-1.76224278990934,-2.11065054370644,-2.04749124055838,-1.81071730978013,-2.00529797675308
2016-11-24,-2.12125982795138,-2.0829591108391,-1.75541517128651,-2.08789811341286,-2.0469211573031,-1.81306788023285,-1.99219394845556
2016-11-25,-2.12079053035513,-2.07741924512039,-1.74682128228195,-2.04229063727797,-2.04635107404782,-1.81192943013322,-1.97746389620309
2016-11-28,-2.11641784940338,-2.07561722113742,-1.74177942057168,-2.04632359112457,-2.04578099079254,-1.81834450656393,-1.98438292294386
2016-11-29,-2.12124060693569,-2.07395748242186,-1.73854280365365,-2.04352893841638,-2.04521090753726,-1.80507962798301,-1.97616737267373
2016-11-30,-2.11219061850307,-2.06281618849832,-1.73092979343402,-2.02827528395971,-2.04464082428198,-1.78352874425349,-1.98484120410741
2016-12-01,-2.07414181331437,-2.03582343962893,-1.66510019929159,-1.97148037907189,-2.0440707410267,-1.75424515222972,-1.90277941729898
2016-12-02,-2.06134846117477,-2.02364354556589,-1.65532574513562,-1.88062960134521,-2.04350065777142,-1.78272531990343,-1.91684612820901
2016-12-05,-2.07980784346683,-2.03803452277316,-1.66557033115621,-1.87736314399052,-2.04293057451614,-1.77996874684657,-1.91452059124037
2016-12-06,-2.0832792056243,-2.0318828248254,-1.68996433270439,-1.88264016971942,-2.04236049126086,-1.76940116932543,-1.90728368247855
2016-12-07,-2.09752386854389,-2.05454262967241,-1.72674805836907,-1.87836232206327,-2.04179040800558,-1.78632919273029,-1.91984991118468
2016-12-08,-2.09926310419394,-2.06348813619261,-1.72659634573666,-1.87759949686358,-2.0412203247503,-1.78393085672989,-1.9239108281091
2016-12-09,-2.17904546261195,-2.1559186899741,-1.78752242436028,-1.92433387603527,-2.04065024149502,-1.87859569028871,-1.96852885936193
2016-12-12,-2.222606977594,-2.2317953708184,-1.8099005790285,-1.94013081991245,-2.04008015823974,-1.89732231081882,-2.01020096832693
2016-12-13,-2.24983265352372,-2.27618798218312,-1.85015977590298,-1.94647425603039,-2.03951007498446,-1.9086352804312,-2.03310040463509
2016-12-14,-2.26560795415844,-2.2886031334414,-1.88182282991529,-1.94906522881293,-2.03893999172917,-1.92737564135575,-2.05378942274998
2016-12-15,-2.31505852088299,-2.30074594846925,-1.91962251636132,-1.98449210654218,-2.03836990847389,-1.97230971184816,-2.07886658090254
2016-12-16,-2.32768251600575,-2.32204292938832,-1.93918637010253,-1.97078916705059,-2.03779982521861,-2.00629712217695,-2.05839471760247
2016-12-19,-2.3269056640688,-2.3179742503197,-1.92878401089732,-1.97414794175012,-2.03722974196333,-2.03694060937219,-2.05432579842931
2016-12-20,-2.3065610556664,-2.32080327933904,-2.01084130939857,-2.00957487366034,-2.03665965870805,-2.04538533699126,-2.04995427376493
2016-12-21,-2.32551488940398,-2.34765790655419,-2.03342527701101,-2.02173983410536,-2.03608957545277,-2.08528191944116,-2.16896937323967
2016-12-22,-2.33039179051166,-2.34277285185284,-2.0382548318086,-2.02798609183253,-2.03551949219749,-2.08920878692651,-2.16964503954692
2016-12-23,-2.31426927995562,-2.33115944990062,-2.05270082625596,-2.04178125962615,-2.03494940894221,-2.06283950692003,-2.17029288523078
2016-12-26,-2.32283732393471,-2.34767929636494,-2.08390569950342,-2.07398450598445,-2.03437932568693,-2.06193909786349,-2.19147060357917
2016-12-27,-2.32933693149885,-2.35087286669712,-2.10103714047303,-2.07192186743895,-2.03380924243165,-2.04533422525497,-2.17411057161912
2016-12-28,-2.32670522297254,-2.35339410323542,-2.11444101537494,-2.06322842940411,-2.03323915917637,-2.06371919197633,-2.17543505732074
2016-12-29,-2.34207732865284,-2.35219433199319,-2.14270952295347,-2.06676045853068,-2.03266907592109,-2.10840777385577,-2.16722351757249
2017-01-02,-2.47278254791927,-2.41261601301506,-2.35327210875392,-2.13669289584501,-2.03209899266581,-2.18551301897725,-2.32494029358932
2017-01-03,-2.53179133588506,-2.44332160889506,-2.41972369910953,-2.3456378955,-2.03152890941053,-2.20673832405156,-2.34153121626776
2017-01-04,-2.53400941373607,-2.44357937378225,-2.44306635900126,-2.3742781223439,-2.03095882615525,-2.21149276376167,-2.32825927827369
2017-01-05,-2.53655699311585,-2.46865153990757,-2.47899400761748,-2.39269707677192,-2.03038874289997,-2.22850060652518,-2.35717912282398
2017-01-06,-2.54710513992737,-2.4869099827085,-2.49426372759725,-2.40728020842611,-2.02981865964469,-2.23641116367895,-2.36689890959105
2017-01-09,-2.54086566633162,-2.48639230768478,-2.37518561342692,-2.38184521250783,-2.02924857638941,-2.23406857121463,-2.38283824744907
2017-01-10,-2.54946598335194,-2.51733482999946,-2.37032852138964,-2.39715437404723,-2.02867849313413,-2.22697999949293,-2.40348086912217
2017-01-11,-2.59715230752399,-2.57023967858993,-2.38348657926422,-2.34065971527102,-2.02810840987885,-2.25419790677876,-2.42807785745701
2017-01-12,-2.58831137756708,-2.58087763366737,-2.37285428951587,-2.31031240956401,-2.02753832662357,-2.22975231199469,-2.36426252567582
2017-01-13,-2.58812423931422,-2.57700584211492,-2.36890810574698,-2.3125549627293,-2.02696824336829,-2.23960553386531,-2.32735563658167
2017-01-16,-2.62004600963522,-2.60913157552738,-2.39324684739554,-2.33153397458796,-2.02639816011301,-2.22713141568386,-2.31598643766408
2017-01-17,-2.6168175088337,-2.59987350399388,-2.40645916920538,-2.34882512541669,-2.02582807685773,-2.23221911659367,-2.36591452681129
2017-01-18,-2.64908237272467,-2.627220538183,-2.44138827783866,-2.34348949554594,-2.02525799360245,-2.22610549300567,-2.36863133882549
2017-01-19,-2.66457675545122,-2.64492119538411,-2.47538592759172,-2.32471482016534,-2.02468791034717,-2.19469134946153,-2.37884721762964
2017-01-20,-2.66937185828259,-2.65267855685205,-2.48674667758284,-2.31645650848838,-2.02411782709189,-2.20285263173839,-2.36388100494752
2017-01-23,-2.64655207675429,-2.6555809308155,-2.47343656893265,-2.31568263483122,-2.02354774383661,-2.21082387849684,-2.36354795755115
2017-01-24,-2.6487659647343,-2.65968987022144,-2.44156025260269,-2.30735349502809,-2.02297766058133,-2.22547418868115,-2.39016793913485
2017-01-26,-2.64294737791438,-2.61792666604294,-2.37177336206587,-2.27301054424639,-2.02240757732605,-2.09147157290145,-2.38589043450627
2017-01-27,-2.6539666872459,-2.63011976664933,-2.37210366714032,-2.27449934380422,-2.02183749407077,-2.01504308619635,-2.41338381489543
2017-01-30,-2.64429191463471,-2.60783541544018,-2.35163590638926,-2.29189686967665,-2.02126741081549,-1.97879937686953,-2.43201864989634
2017-01-31,-2.65056784791843,-2.63138117341705,-2.34269152944927,-2.30140961791425,-2.02069732756021,-1.98027940573345,-2.44634429123825
2017-02-01,-2.67103176845654,-2.60210353901755,-2.3404502885067,-2.30529242729503,-2.02012724430493,-1.97821391182744,-2.46202725967789
2017-02-02,-2.63094466658721,-2.45199047911552,-2.31753228283628,-2.29983849206437,-2.01955716104964,-1.91496000828911,-2.45009515387768
2017-02-03,-2.61236994172668,-2.43778247077682,-2.28176802999195,-2.29432168132836,-2.01898707779436,-1.90212846196752,-2.48397087032784
2017-02-06,-2.63570714996061,-2.43059231497939,-2.24187747659452,-2.30310685747647,-2.01841699453908,-1.90982167382241,-2.47893703982432
2017-02-07,-2.55032334182028,-2.40036154330574,-2.22508547692733,-2.30809258856183,-2.0178469112838,-1.91139147669588,-2.49151057520138
2017-02-08,-2.56044303294901,-2.39664547133145,-2.31973530363361,-2.3458587321014,-2.01727682802852,-1.91683736017522,-2.48594741880663
2017-02-09,-2.54337538505986,-2.39258050418819,-2.31915882294845,-2.3261359022766,-2.01670674477324,-1.90302229626402,-2.47500630707413
2017-02-10,-2.54682994618806,-2.39484571338917,-2.33089213832486,-2.34135306339089,-2.01613666151796,-1.8715416324802,-2.46988846120008
2017-02-13,-2.56093518977181,-2.41869911193341,-2.34970761233204,-2.36071361946848,-2.01556657826268,-1.86087357684344,-2.54678875462911
2017-02-14,-2.58872064523665,-2.42262539847671,-2.35774107117799,-2.34641770470027,-2.0149964950074,-1.85097404924524,-2.60069041230634
2017-02-15,-2.56459535223457,-2.42184307528411,-2.35438663777367,-2.32974381340676,-2.01442641175212,-1.84949377248131,-2.59742184345919
2017-02-16,-2.53216585100724,-2.4218154753435,-2.28998212808674,-2.32215049708787,-2.01385632849684,-1.86101143815919,-2.55988599648178
2017-02-17,-2.51629074173261,-2.41578956343899,-2.27606272208757,-2.33075850284642,-2.01328624524156,-1.86013082188918,-2.5734483671522
2017-02-20,-2.53380276551249,-2.41869570639764,-2.28139517604669,-2.33203745781247,-2.01271616198627,-1.87190045324757,-2.57251309260193
2017-02-21,-2.53000963856689,-2.42450367550817,-2.28477904505759,-2.34558895306854,-2.01214607873099,-1.81989394484703,-2.54091276396092
2017-02-22,-2.53922038912611,-2.42988155315863,-2.2934202346667,-2.35560657562146,-2.01157599547571,-1.7878350506331,-2.54390720279256
2017-02-23,-2.52556065696698,-2.41012335018806,-2.28301604301349,-2.33898629565404,-2.01100591222043,-1.75839834788635,-2.4152732680502
2017-02-24,-2.50597007924255,-2.42025208334824,-2.31681148916816,-2.38570689835176,-2.01043582896514,-1.82078823794613,-2.39681273065513
2017-03-01,-2.50657595110264,-2.41781985888429,-2.27864329658743,-2.36065897745918,-2.00986574570986,-1.82665531833415,-2.29402315678973
2017-03-02,-2.51572779032382,-2.43435758720702,-2.29947018083382,-2.35179833710082,-2.00929566245457,-1.8213347419741,-2.27947636226527
2017-03-03,-2.51326348375122,-2.44283396170934,-2.30265291831511,-2.36008591461819,-2.00872557919928,-1.82306043237854,-2.27885099019338
2017-03-06,-2.50691332928303,-2.46680570090621,-2.30984565119065,-2.34418518240075,-2.00815549594399,-1.8210024904447,-2.28825454811668
2017-03-07,-2.54336079122003,-2.63756524548813,-2.33255110499293,-2.33750881342801,-2.0075854126887,-1.8655506865462,-2.285159804329
2017-03-08,-2.56240622829953,-2.65577322532309,-2.37064557672637,-2.34313188499709,-2.0070153294334,-1.8629005040648,-2.25997113694192
2017-03-09,-2.55970805230131,-2.65497917953282,-2.41376195541117,-2.34110718708558,-2.0064452461781,-1.86147646363597,-2.25683930426718
2017-03-10,-2.63369441419127,-2.64315259105007,-2.40994780030687,-2.30470507113841,-2.0058751629228,-1.84941783432431,-2.25564502345932
2017-03-13,-2.65007262447136,-2.65425850334701,-2.41972609047928,-2.30264750992532,-2.00530507966749,-1.84929860577553,-2.24926402641892
2017-03-14,-2.6529872696482,-2.64660568522893,-2.40827097713279,-2.299737611747,-2.00473499641217,-1.85696877109161,-2.26503269714096
2017-03-15,-2.62631047688992,-2.61680523915409,-2.39193122948724,-2.33104650549398,-2.00416491315684,-1.85588952382626,-2.22554003930593
2017-03-16,-2.62944785801186,-2.61035071539411,-2.37624768560792,-2.34721291605034,-2.0035948299015,-1.87602319232652,-2.23025105334561
2017-03-17,-2.61793155870392,-2.58628502939193,-2.36695576129047,-2.33110696462436,-2.00302474664615,-1.83627317505713,-2.21428015179531
2017-03-20,-2.62869181479563,-2.5615965180779,-2.34684723328497,-2.31977184919558,-2.00245466339078,-1.8248701728715,-2.17268732386391
2017-03-21,-2.65285128294923,-2.55104345125316,-2.3869252326227,-2.31636839243036,-2.00188458013538,-1.81112787890707,-2.16999011091228
2017-03-22,-2.63490213434366,-2.53722530262374,-2.37230214363355,-2.29214291346382,-2.00131449687996,-1.81596179145536,-2.15052311866324
2017-03-23,-2.60788272407275,-2.51406289778197,-2.36748127940476,-2.29581279268389,-2.00074441362449,-1.8204773155244,-2.1214423217487
2017-03-24,-2.62085014546329,-2.51434001041156,-2.36235691681543,-2.30338775237128,-2.00017433036899,-1.8848412289796,-2.09238521499023
2017-03-27,-2.60296089003707,-2.50452359823697,-2.35473234322196,-2.30038804484766,-1.99960424711342,-1.91388154485487,-2.09077709667544
2017-03-28,-2.62817549767999,-2.49249736527838,-2.39854278714787,-2.06343367149756,-1.99903416385778,-1.95007568604711,-2.14456732985476
2017-03-29,-2.6363913190363,-2.49710274595832,-2.4157884785494,-2.05559363411348,-1.99846408060206,-1.94889767643357,-2.0716482175122
2017-03-30,-2.62799532045802,-2.48074356572396,-2.46363949313304,-2.06270743706551,-1.99789399734622,-2.02347027972858,-2.12215965583237
2017-03-31,-2.62215153468079,-2.47692750997176,-2.4619724057501,-2.05916835751264,-1.99732391409024,-2.04779946483229,-2.12375622266878
2017-04-03,-2.63257155994372,-2.47907754233063,-2.46897523156736,-2.04948740404108,-1.99675383083408,-2.03135063531378,-2.12320071146592
2017-04-04,-2.64296700190367,-2.4831399488225,-2.46641227671303,-2.05889331310142,-1.9961837475777,-2.02418053097155,-2.1257497041004
2017-04-05,-2.63374720398512,-2.46069520777557,-2.45261818073866,-2.03392514491915,-1.99561366432104,-2.00500382802766,-2.13611528945818
2017-04-06,-2.62862366198001,-2.45525186723177,-2.44008776187554,-2.02243786506159,-1.99504358106404,-2.02255226096461,-2.15039024607698
2017-04-07,-2.61666848596223,-2.46137090635822,-2.42218351681027,-2.02242326629207,-1.9944734978066,-2.00887990022378,-2.11756540824417
2017-04-10,-2.63187631887805,-2.50088792098304,-2.44997653188149,-2.03592473880789,-1.99390341454862,-2.00614570789533,-2.11958008422157
2017-04-11,-2.609380965543,-2.46726767272026,-2.4518536980627,-2.02583448589657,-1.99333333128996,-2.00147171859322,-2.12834253135402
2017-04-12,-2.62048010590949,-2.4761577067322,-2.47646149299124,-2.03667027479302,-1.99276324803045,-2.02083938562756,-2.11952224891247
2017-04-13,-2.63929915432844,-2.49488789162133,-2.5070298436386,-2.04225786358418,-1.99219316476987,-2.05220492454074,-2.14987612118281
2017-04-17,-2.61781025843698,-2.48439229667969,-2.47856115681994,-2.00917430434166,-1.99162308150795,-2.04143979612425,-2.1277287717308
2017-04-18,-2.6387521951622,-2.4894209774019,-2.47936159285727,-2.01391944619712,-1.99105299824436,-2.11032521403454,-2.13900963434359
2017-04-19,-2.64308141664483,-2.49168988244172,-2.48915840879045,-2.02878274855791,-1.99048291497868,-2.09038638857697,-2.16362666552737
2017-04-20,-2.67175066903452,-2.4936672927596,-2.50493361245614,-2.0398175465386,-1.98991283171037,-2.10424108161322,-2.17540968591669
2017-04-24,-2.65332133080942,-2.47589525957358,-2.48159023847119,-2.05178659814626,-1.98934274843879,-2.07476603626699,-2.19990922816033
2017-04-25,-2.67105795802084,-2.48615071612839,-2.48207591139895,-2.05072276896117,-1.98877266516309,-2.07557299130352,-2.21322517915173
2017-04-26,-2.65435566908438,-2.4633541454857,-2.46310230452595,-2.04494222357395,-1.98820258188224,-2.08548887762633,-2.25844490742738
2017-04-27,-2.66343764534489,-2.4543235301642,-2.46333719838364,-2.04843575034102,-1.98763249859495,-2.08594682102349,-2.2553313040379
2017-04-28,-2.66925243877222,-2.48775703746238,-2.45973215007339,-2.35709946772902,-1.98706241529958,-2.08894441323087,-2.26635233831529
2017-05-02,-2.67250783101024,-2.48130341649863,-2.45685849164066,-2.36993989997439,-1.98649233199412,-2.08500677114532,-2.38843941821633
2017-05-03,-2.65908236616739,-2.48623765070042,-2.45230242941795,-2.34662685736047,-1.985922248676,-2.07805289385297,-2.40498372141104
2017-05-04,-2.64075662005779,-2.48620779295521,-2.44713204105516,-2.3376141627944,-1.98535216534204,-2.08951704390656,-2.35191825828421
2017-05-05,-2.63266431967114,-2.49058247491999,-2.43854564188274,-2.30663079316773,-1.98478208198825,-2.10215089759881,-2.35810506055226
2017-05-08,-2.62292941727517,-2.48836936173498,-2.41799230703109,-2.30272538505602,-1.98421199860963,-2.13230154860097,-2.34541404295388
2017-05-09,-2.64771736482467,-2.50564120952427,-2.42028373352157,-2.36493210530663,-1.98364191519992,-2.15985917589439,-2.30550701494002
2017-05-10,-2.65577727484307,-2.52662319403998,-2.42699192820458,-2.40827242637616,-1.98307183175127,-2.17733012192021,-2.27659068064132
2017-05-11,-2.66782785141221,-2.54229402864097,-2.42677159771801,-2.39394077481006,-1.98250174825388,-2.19895735972084,-2.3117822829834
2017-05-12,-2.67732225546896,-2.54964576409355,-2.42123985788071,-2.39012669860765,-1.98193166469547,-2.22701541574283,-2.30166460743996
2017-05-15,-2.70634576458617,-2.58405404095505,-2.42074502256622,-2.41374836139603,-1.98136158106064,-2.18508182987185,-2.29399791575848
2017-05-16,-2.70851213957701,-2.58827547946087,-2.42621868240236,-2.4009701005256,-1.98079149733013,-2.18050651943054,-2.2968067947849
2017-05-17,-2.68672842358086,-2.56716255332733,-2.42707253184864,-2.3924163928159,-1.98022141347982,-2.19892600779139,-2.30267051387464
2017-05-18,-1.42388102568861,-1.45132150626032,-1.1083708851807,-1.47668687534519,-1.97965132947953,-1.6224227990356,-1.55804450474525
2017-05-19,-1.40783885254795,-1.43745808103571,-1.09158852805752,-1.46530763684512,-1.97908124529143,-1.60280115761121,-1.54802490948483
2017-05-22,-1.40699750899121,-1.43493872135874,-1.08851666855024,-1.45864718845116,-1.97851116086818,-1.60750724912599,-1.53456680044562
2017-05-23,-1.40723680421393,-1.43636767989507,-1.08730481509719,-1.46283160808338,-1.97794107615052,-1.60972347233725,-1.52717592070598
2017-05-24,-1.41074370595479,-1.43544961096759,-1.09076347341722,-1.461925115205,-1.97737099106421,-1.61514233391422,-1.52192688766608
2017-05-25,-1.40664076000806,-1.43021810121088,-1.08719708705554,-1.45405942236908,-1.97680090551635,-1.61204810771525,-1.51592237989238
2017-05-26,-1.40499792882767,-1.42977535559816,-1.08603603795624,-1.45884825502224,-1.97623081939057,-1.60531998963884,-1.51569766655053
2017-05-29,-1.40753793532359,-1.43348407201988,-1.08731183757496,-1.45768124321605,-1.97566073254119,-1.60796348085633,-1.51568389948538
2017-05-30,-1.40866943110169,-1.43399047221427,-1.08802995441305,-1.45837629593621,-1.97509064478582,-1.60638395503407,-1.51750647833841
2017-05-31,-1.40987953074399,-1.43987712008761,-1.0878945491041,-1.45348076742869,-1.97452055589607,-1.60714895834467,-1.51461046799258
2017-06-01,-1.41105178676356,-1.43900198113757,-1.08567854843979,-1.45676811781525,-1.97395046558599,-1.60507171230224,-1.51057740352971
2017-06-02,-1.41154440037649,-1.43551818163022,-1.08451885506728,-1.45960907521491,-1.97338037349753,-1.60552693056913,-1.52096160158857
2017-06-05,-1.41290152976325,-1.43527077074469,-1.08551061750846,-1.46668473664068,-1.97281027918241,-1.60673332166169,-1.52126777016917
2017-06-06,-1.41209868164885,-1.43486830948674,-1.08433818201255,-1.46732186959232,-1.97224018207933,-1.59387735352184,-1.52413861322766
2017-06-07,-1.41081127078582,-1.43250258715611,-1.08467305668061,-1.46909063333071,-1.9716700814855,-1.5874089074047,-1.51335067731385
2017-06-08,-1.4130623513806,-1.43413676757215,-1.08650501684677,-1.47381851926311,-1.97109997652099,-1.5869676409124,-1.51475002781476
2017-06-09,-1.41274051998718,-1.43212742680885,-1.08713323311766,-1.46885787630391,-1.97052986608402,-1.57986743297618,-1.51070941420045
2017-06-12,-1.41391198289918,-1.42986100584773,-1.08745606260283,-1.46137912677684,-1.9699597487951,-1.57812188165234,-1.5122305451143
2017-06-13,-1.41418578260171,-1.4305209487194,-1.08663650427207,-1.46326463047042,-1.969389622927,-1.59013993872714,-1.51464956568032
2017-06-14,-1.41305828776218,-1.42628470406433,-1.08468050427474,-1.46275282781502,-1.96881948631709,-1.58951882585209,-1.51211035834431
2017-06-15,-1.4141843102796,-1.42773978020192,-1.08469940537557,-1.46513291323419,-1.96824933625756,-1.5867884915253,-1.50720833852969
2017-06-16,-2.59850320763268,-2.3853564495165,-2.20586216495331,-2.24829242274255,-1.96767916935806,-2.09219387238711,-2.09336940409523
2017-06-19,-2.73028621511311,-2.45977235410463,-2.31929754167702,-2.31386993488003,-1.96710898137356,-2.14555683538576,-2.10843124016894
2017-06-20,-2.76632107716919,-2.50172378649435,-2.39368911798564,-2.3791474118328,-1.96653876698898,-2.17571071222278,-2.19042301681876
2017-06-21,-2.77919714204605,-2.50688351967415,-2.41241874625246,-2.38210400268283,-1.96596851954939,-2.16029485272845,-2.20821453461104
2017-06-22,-2.82118856345807,-2.55341626795681,-2.43014308223355,-2.40592319971585,-1.9653982307223,-2.17374602896109,-2.24215759891811
2017-06-23,-2.8750723251489,-2.59048017106873,-2.46695695508484,-2.46481570239208,-1.96482789007477,-2.18582151881869,-2.24184163500482
2017-06-26,-2.86620096580271,-2.58435953248816,-2.44681009781925,-2.45966638055661,-1.96425748454394,-2.19305872027299,-2.26040674181158
2017-06-27,-2.8781349849168,-2.59746595629193,-2.45558816378636,-2.43561723123943,-1.96368699777406,-2.20209183856395,-2.31484066908505
2017-06-28,-2.85848609459948,-2.59226543777168,-2.43039329941274,-2.44494822796648,-1.96311640928642,-2.20661600049277,-2.31661010765336
2017-06-29,-2.86411986227777,-2.57724974501962,-2.43693846779614,-2.4670316531393,-1.96254569344006,-2.21568724608809,-2.30477775122651
2017-06-30,-2.88289038668918,-2.58000258633996,-2.45870766798001,-2.46634385198494,-1.96197481813048,-2.24148721098914,-2.32534673772799
2017-07-03,-2.90444650955717,-2.60202561969398,-2.47334970368687,-2.48542235382565,-1.96140374316025,-2.22911837622355,-2.31827435527221
2017-07-04,-2.94223111302928,-2.61717904841591,-2.49356668758003,-2.50135037700638,-1.96083241819903,-2.21664414469758,-2.31692229822528
2017-07-05,-2.95322966779551,-2.60913265966471,-2.50882382043907,-2.48949361743425,-1.9602607802292,-2.24839358895778,-2.31562592603996
2017-07-06,-2.95719417139434,-2.62928163752476,-2.51079744289505,-2.4971639517372,-1.95968875034774,-2.27333792232076,-2.3655978124032
2017-07-07,-2.94341352023812,-2.62374250731412,-2.52278559482811,-2.50295899906968,-1.95911622976175,-2.28724676004334,-2.39927234268115
2017-07-10,-2.95843947755647,-2.62748202673372,-2.54447250325917,-2.55141955426967,-1.95854309477468,-2.34144370183253,-2.41336040513436
2017-07-11,-2.9598504413316,-2.66041602394321,-2.54350200964314,-2.61212222847978,-1.95796919050863,-2.33085783921158,-2.40911022568715
2017-07-12,-2.88140740908899,-2.64674560222806,-2.50536318402967,-2.60884526487828,-1.95739432304414,-2.31226013601126,-2.38903207702833
2017-07-13,-2.89906537455366,-2.67393897485888,-2.52717560953313,-2.63088813396153,-1.95681824957865,-2.33365705440493,-2.42352711352598
2017-07-14,-2.89247925080418,-2.70998073749847,-2.54938990192202,-2.65301780294428,-1.95624066610405,-2.33865126527569,-2.48268045152755
2017-07-17,-2.89338910554547,-2.71621890397978,-2.57188097341276,-2.67363745591591,-1.95566119197801,-2.35880302528159,-2.49773988221806
2017-07-18,-2.9076022176524,-2.71472393716304,-2.59147921769791,-2.69120267514041,-1.9550793506061,-2.38395856009654,-2.49996841324515
2017-07-19,-2.92941305677077,-2.73811206926269,-2.61547813018546,-2.678957183485,-1.95449454525417,-2.40700790288524,-2.50388040492033
2017-07-20,-2.93759461822501,-2.7470069116999,-2.61660423686303,-2.67760285437914,-1.95390602876368,-2.45924460374966,-2.49781621058205
2017-07-21,-2.93542681507203,-2.75411912186916,-2.59440497927551,-2.67462965992412,-1.95331286563272,-2.40565989210402,-2.47377704388985
2017-07-24,-2.93566181438551,-2.76511331644474,-2.58194582240744,-2.63480720831659,-1.95271388453854,-2.40529727159722,-2.54682848343063
2017-07-25,-2.96316636307654,-2.8022074356655,-2.63431898570306,-2.65748194270657,-1.95210761889197,-2.42702732652528,-2.52968697837526
2017-07-26,-2.98305324967215,-2.80142935949104,-2.67447437568684,-2.72158811811072,-1.95149223240677,-2.43014290266037,-2.51972830406954
2017-07-27,-2.99590451033339,-2.8146732568827,-2.7095281963126,-2.73488127182514,-1.95086542590662,-2.4225312253089,-2.50520157523921
2017-07-28,-2.99354067858593,-2.84627884846509,-2.74547197850278,-2.70479307974171,-1.95022432064003,-2.41588422868261,-2.53813094663403
2017-07-31,-2.98499066620653,-2.85156577685861,-2.74858320641184,-2.72420129711505,-1.94956531218127,-2.41471963561623,-2.53808998480093
2017-08-01,-2.90912944539424,-2.85461751847528,-2.73615513420188,-2.70582835882797,-1.94888388750287,-2.43963574808492,-2.52473909111442
2017-08-02,-2.88183599254986,-2.84944097659631,-2.69847632277089,-2.71411562837101,-1.94817439593568,-2.4743557492459,-2.5141145168527
2017-08-03,-2.89196804789345,-2.87654822835908,-2.71283788750192,-2.69976881073126,-1.94742976239277,-2.49596896686098,-2.5234625386218
2017-08-04,-2.90283279105017,-2.89254048182888,-2.71085548185607,-2.70822166823,-1.94664112830295,-2.51195354335452,-2.55455950155194
2017-08-07,-2.92356955909018,-2.92990346838482,-2.73753067739289,-2.69067723121547,-1.94579740203094,-2.52295915533956,-2.55825863393981
2017-08-08,-2.89654288575293,-2.89049465120555,-2.71171459734655,-2.59469628652225,-1.94488469596772,-2.5234602968068,-2.5653201018232
2017-08-09,-2.89368039217883,-2.89547784680642,-2.71334726078075,-2.59548106658702,-1.94388562172293,-2.5364434488227,-2.57382976242717
2017-08-10,-2.96470978993978,-2.91615535530357,-2.74518620285519,-2.58846723258348,-1.9427784076499,-2.53390872867872,-2.60205942750348
2017-08-11,-2.94943611371899,-2.91107564119,-2.73463047557136,-2.54296420914281,-1.94153579391668,-2.48840262450732,-2.56508636524117
2017-08-14,-2.96011523671012,-2.90087429309177,-2.68679417492662,-2.52408765915006,-1.94012364904109,-2.44765483305761,-2.55801539387007
2017-08-15,-2.9496882991982,-2.89614347869984,-2.67368665504352,-2.50264355707628,-1.93849923767401,-2.43064055596981,-2.55416200897035
2017-08-16,-2.922771284024,-2.89311978601681,-2.64619958180999,-2.48648509895684,-1.93660905188492,-2.41645924599124,-2.58517987915402
2017-08-17,-2.92647302876758,-2.90292571899662,-2.63558756542565,-2.49404643418246,-1.9343860963965,-2.37715539878883,-2.58450849042533
2017-08-18,-2.92388898776358,-2.91272565132637,-2.62599917335864,-2.48157924009418,-1.93174648626391,-2.35039120366893,-2.53747433164542
2017-08-21,-2.91344044708178,-2.91312387318128,-2.63639707364759,-2.4740038111375,-1.9285851601987,-2.35713293747731,-2.55908519453246
2017-08-22,-2.89187203137536,-2.89929272975764,-2.54093690623213,-2.4911324196921,-1.92477054580899,-2.32367280847832,-2.54218777224113
2017-08-23,-2.89408641559527,-2.89398430989438,-2.53818321370839,-2.48324601420049,-1.92013875479376,-2.32941112422576,-2.56068710408278
2017-08-24,-2.89656722846923,-2.923849384762,-2.54917424970762,-2.48786930043145,-1.91448742832315,-2.34641634893125,-2.56730041473988
2017-08-25,-2.90688466527201,-2.96431083789574,-2.55528005151136,-2.48295710126339,-1.90754456255652,-2.33245846497807,-2.58491407903772
2017-08-28,-2.91939023555693,-2.93486579580177,-2.54898293244785,-2.5076938699531,-1.8988403157495,-2.33654331779035,-2.57979296512079
2017-08-29,-2.90278522844425,-2.92219202041156,-2.53528985142527,-2.49964831609084,-1.88803489350389,-2.33351781468172,-2.56284929217438
2017-08-30,-2.97434982448721,-2.90985371021995,-2.53935834425785,-2.49491036557329,-1.87915507709443,-2.32403586494341,-2.60037149329918
2017-08-31,-2.99249068897013,-2.90456706001531,-2.55786183785505,-2.49590630044333,-1.88042939645377,-2.24773861794221,-2.60383256799936
2017-09-01,-2.96879860012405,-2.87495421673457,-2.55187997907775,-2.5080578970958,-1.7768016782322,-2.23496406008835,-2.59818792319828
2017-09-04,-2.96005224987602,-2.86774674020277,-2.55272493750384,-2.49250294607699,-1.74254304761898,-2.21381470428068,-2.58244304515198
2017-09-05,-2.8908338612276,-2.75383540102949,-2.47719981580688,-2.46066509714252,-1.73002610924296,-2.18036171414187,-2.51320340369076
2017-09-06,-2.88333533093569,-2.77745991373347,-2.4927147704078,-2.52917514495612,-1.72438158944045,-2.17634912824375,-2.48708620033411
2017-09-07,-2.85915522617847,-2.78074497465798,-2.50824642327415,-2.50613571276233,-1.71662375177156,-2.18573165058257,-2.46485405143991
2017-09-08,-2.86024233758331,-2.79497936037122,-2.52438659972754,-2.51065192394352,-1.70717361552415,-2.20656567067202,-2.45127876789747
2017-09-11,-2.85317096697927,-2.76218166086995,-2.52701505209964,-2.54681830566483,-1.72177287330417,-2.22814938878126,-2.48047192618932
2017-09-12,-2.84927567060111,-2.74367979166984,-2.53924686159273,-2.55474445380075,-1.72770163240307,-2.24900507435454,-2.45656110706725
2017-09-13,-2.84614858540046,-2.74245166616705,-2.51790625819385,-2.57478229903617,-1.71201685628807,-2.26087494976404,-2.39639609013662
2017-09-14,-2.854903547698,-2.74608563749624,-2.50244153068502,-2.53894413006377,-1.70924126341226,-2.26353978682797,-2.39714915918739
2017-09-15,-2.83629335967121,-2.73593264075344,-2.49882987717516,-2.53058920631251,-1.70396825797208,-2.29440443141514,-2.38855380422033
2017-09-18,-2.84145905915728,-2.73110246167881,-2.51055069298463,-2.53355102491958,-1.69445639941894,-2.31050892517386,-2.44251650904886
2017-09-19,-2.83308448319139,-2.72440070401354,-2.50760977534624,-2.54257066295366,-1.76228115804311,-2.35024569306575,-2.41842743861177
2017-09-20,-2.81661243975427,-2.68727124262467,-2.59653939596694,-2.50598589571324,-1.85799363272456,-2.34770262524397,-2.40891909896152
2017-09-21,-2.80525650204865,-2.68056845308554,-2.56998467742087,-2.50041148993368,-1.86405800634178,-2.33626993267517,-2.40640926665316
2017-09-22,-2.79484840342492,-2.67310462903213,-2.56506462260011,-2.49063256293469,-1.90660186009332,-2.31078674282645,-2.40290202780874
2017-09-25,-2.78215848328133,-2.65160890616034,-2.55583475864402,-2.49525454618359,-1.90509033569708,-2.33537278529494,-2.40169586617225
2017-09-26,-2.77047152826121,-2.65885986186383,-2.56104937420448,-2.49332215204661,-1.94798426946636,-2.33406882767213,-2.40524378873623
2017-09-27,-2.76853225111039,-2.65108458607999,-2.53709574477735,-2.49500085846048,-1.94688191907636,-2.31577441845899,-2.38614636592374
2017-09-28,-2.77226848557249,-2.65408204719937,-2.54051958778275,-2.49599138458428,-1.9790675362153,-2.33460279414075,-2.39077648877609
2017-09-29,-2.76603330472693,-2.65719240218848,-2.55750635490235,-2.49219504675878,-1.98191909209498,-2.41946386687092,-2.39836041559751
2017-10-02,-2.7764654877049,-2.66943128439482,-2.56089574300533,-2.49660238024447,-2.12548955182365,-2.4131337270677,-2.379154231913
2017-10-03,-2.75043143657531,-2.58703478072378,-2.55123717248883,-2.49966868374902,-2.21580868028212,-2.43256220074882,-2.3678096128056
2017-10-04,-2.8090927779412,-2.65924741978909,-2.65370384887423,-2.52705721932993,-2.20905313275711,-1.85833091338653,-2.40902406879659
2017-10-05,-2.8018423456247,-2.65083034973892,-2.62416029481137,-2.50367593087322,-2.20756872498418,-1.83683204093186,-2.41739165840151
2017-10-06,-2.81592337408824,-2.65254206626148,-2.61573815568633,-2.50611380810931,-2.211315703188,-1.82644108315924,-2.40874961109951
2017-10-09,-2.81491399556906,-2.64776571959271,-2.58964773320638,-2.49717592936973,-2.23758294675424,-1.81474347402487,-2.41182727021183
2017-10-10,-2.81497917240703,-2.67161896449653,-2.5968159821539,-2.50187281169385,-2.27760571670292,-1.81736872245762,-2.41300261257062
2017-10-11,-2.82635595211115,-2.68642562855423,-2.61545208863426,-2.48367847776933,-2.31336426503228,-1.81672760705575,-2.43750965794219
2017-10-12,-2.82976068896511,-2.67507068640209,-2.64957154857483,-2.43469700931356,-2.36673103259484,-1.79972533722043,-2.49876254302619
2017-10-13,-2.81083557748699,-2.65555629020874,-2.68315883559885,-2.42030633501517,-2.36752927722406,-1.80041284601247,-2.50961869355696
2017-10-16,-2.8258872395717,-2.66717133488965,-2.70662931519626,-2.3759912668521,-2.3574612734738,-1.7895339811741,-2.51644754547069
2017-10-17,-2.82944597592392,-2.67484530518785,-2.70121468599893,-2.36070656269701,-2.37708440447594,-1.78380967332133,-2.50557905694321
2017-10-18,-2.84425918626917,-2.67130215115069,-2.71562543568501,-2.35703915376532,-2.35292748095211,-1.78518114408226,-2.53754738547601
2017-10-19,-2.86200792725303,-2.69945287241798,-2.71640132754112,-2.38652045275066,-2.32586261043568,-1.79795007484569,-2.58507161509558
2017-10-20,-2.88522268624766,-2.7111156907312,-2.77844217650871,-2.39704558525532,-2.3297429072566,-1.79008137107854,-2.59636857419779
2017-10-23,-2.8869089152438,-2.70179204719931,-2.76457110750189,-2.39031133003748,-2.24605345580698,-1.7903225062418,-2.605092646825
2017-10-24,-2.86400712875901,-2.71349709511145,-2.77087102308046,-2.3929840972808,-2.23515194772273,-1.78370458137404,-2.61249060896235
2017-10-25,-2.83653136653033,-2.69068331932358,-2.76315286458473,-2.37359425986657,-2.19576540648979,-1.78417264203183,-2.59865960101617
2017-10-26,-2.84179869883453,-2.69462247267513,-2.74651549102481,-2.28739419061363,-2.2103388860312,-1.79103833846439,-2.63770681459021
2017-10-27,-2.82315329278028,-2.69310461671091,-2.7470604086402,-2.29173688973512,-2.21077490823476,-1.78730309924414,-2.5263643420706
2017-10-30,-2.80209624930583,-2.67997850891267,-2.71825232864918,-2.29324920425646,-2.22585027242117,-1.79225882566988,-2.51232516931405
2017-10-31,-2.77273067949412,-2.65840037018369,-2.68387546573867,-2.28884262468123,-2.22688232066366,-1.79352031121966,-2.52326049162527
2017-11-01,-2.80774686623909,-2.73578432634793,-2.66858244158992,-2.2627104897294,-2.22861596497248,-1.7870911765581,-2.52122143313467
2017-11-02,-2.77243576817785,-2.68486738830197,-2.62950598092943,-2.23920954243568,-2.22234836334751,-2.32612573026993,-2.49169563779246
2017-11-03,-2.79041027970375,-2.69236719990773,-2.6227276944592,-2.21320205049637,-2.20354238024303,-2.34884085192497,-2.43503121086772
2017-11-06,-2.79414449933584,-2.66848502578204,-2.62910518098529,-2.2074198035034,-2.20828366365062,-2.37261943543967,-2.44349363433469
2017-11-07,-2.78840160818486,-2.65580361530697,-2.6222108703621,-2.18611797052459,-2.21686161333932,-2.34955260521508,-2.42309932210978
2017-11-08,-2.77343978332665,-2.620164877988,-2.55764546386352,-2.17257528448004,-2.21409435189982,-2.3402840265414,-2.39260894061199
2017-11-09,-2.76059330787176,-2.62438352930247,-2.55502349454404,-2.16633118289652,-2.18888721215406,-2.33728166414611,-2.39005000600373
2017-11-10,-2.74913408943863,-2.60749650920577,-2.52579088563957,-2.1852468007692,-2.07941801417344,-2.33821928367774,-2.40133062475792
2017-11-13,-2.77952595629846,-2.6309347561492,-2.52955008640898,-2.2236459572202,-2.07998770651609,-2.3000793249987,-2.40763210654009
2017-11-14,-2.77411602723296,-2.61244841344419,-2.48787286415258,-2.24128419843659,-2.02116980998555,-2.28041112304017,-2.40635819950346
2017-11-15,-2.73580473012396,-2.56787929802208,-2.43452049903755,-2.19091975642151,-1.98742306100986,-2.26357526252609,-2.38556108871936
2017-11-16,-2.68495643354258,-2.52644062870724,-2.38980777628344,-2.14298677997025,-1.97770415856997,-2.25858295401643,-2.37092359661604
2017-11-17,-2.68260698077263,-2.5245480035845,-2.38441901507959,-2.1438513504046,-1.98996868788563,-2.2601205622442,-2.36659417460212
2017-11-20,-2.66239995958719,-2.49833738924808,-2.37450607130885,-2.14099985400374,-1.96474835945688,-2.2694448168644,-2.35702119970782
2017-11-21,-2.65360614957839,-2.48485961235711,-2.37799264844768,-2.15517498033177,-1.96926321123118,-2.28079393228418,-2.35194001772079
2017-11-22,-2.68064727386493,-2.47964803019922,-2.37987010347392,-2.14979562415444,-1.96758165411216,-2.28429279406231,-2.35180355941644
2017-11-23,-2.69900916903199,-2.49444257866502,-2.36605314427714,-2.16231226358004,-1.98176721878885,-2.28690596013507,-2.33793518339295
2017-11-24,-2.69732705358771,-2.51128531484237,-2.38494982106584,-2.23528865796551,-1.97419672509883,-2.27503014853428,-2.34585514510302
2017-11-27,-2.69482350611615,-2.50000395399044,-2.37828245531089,-2.24179916657021,-1.96020885246085,-2.26989576319184,-2.40824049296789
2017-11-28,-2.70595657899686,-2.49692155211626,-2.38404006735565,-2.23513061730195,-1.94081782332644,-2.2597229783975,-2.42029600370367
2017-11-29,-2.7365297089802,-2.50043215017098,-2.37562751667932,-2.23511822827938,-1.93722872529261,-2.2280602514214,-2.42332293278491
2017-11-30,-2.73666588375673,-2.50215924057792,-2.38142559031831,-2.26737069262243,-1.92102109667912,-2.20450002151821,-2.36934890792768
2017-12-01,-2.76023130297823,-2.52797189482779,-2.37440556959416,-2.29681511534648,-1.92517343270832,-2.18823732865286,-2.39734262251744
2017-12-04,-2.72696389234973,-2.50534073755413,-2.37802252586823,-2.30988741244667,-1.93605178879491,-2.04916513219285,-2.45380232299376
2017-12-05,-2.6950233946339,-2.46378960585876,-2.33481711389366,-2.30309457670651,-1.92455290787287,-2.03575788266217,-2.44226643575293
2017-12-06,-2.68238487529925,-2.45692385605445,-2.32067428405408,-2.32296292713904,-1.92394433899165,-2.0516593473344,-2.47652320834421
2017-12-07,-2.631655410122,-2.43744081767001,-2.3112015926016,-2.28923307766121,-1.89625368174748,-2.05139950765862,-2.48868512685905
2017-12-08,-2.64089601268914,-2.43308826744564,-2.29175377728144,-2.30782109553986,-1.90193853297597,-2.04787587005758,-2.47136244636951
2017-12-11,-2.642970906105,-2.44665415123776,-2.30029590350604,-2.31669374981601,-1.96709925723386,-2.06131831182388,-2.45583665006591
2017-12-12,-2.61214481795687,-2.41553484501372,-2.2756083853398,-2.29859010856208,-1.95403103163444,-2.08120662641955,-2.43292555514504
2017-12-13,-2.59455757939078,-2.38853798523447,-2.27552419072073,-2.29349993894894,-2.02114870219941,-2.08292079736919,-2.44253060871192
2017-12-14,-2.62550357337286,-2.41825021096752,-2.314058792115,-2.37757710168946,-2.05136799058526,-2.06878492463818,-2.47219192398585
2017-12-15,-2.64594760933529,-2.44139554450482,-2.33701098562024,-2.37924387302777,-2.0640104352376,-2.06661917507932,-2.4800836908085
2017-12-18,-2.64199827008118,-2.44073495313086,-2.33928118297211,-2.35528509353597,-2.03156164942577,-2.07154264361002,-2.45571909581978
2017-12-19,-2.65514938981896,-2.45224455023703,-2.34115575529744,-2.34004289128457,-2.05810537288246,-2.07651664830779,-2.45639039222237
2017-12-20,-2.66755698437253,-2.46852648690896,-2.34084795344274,-2.3382849928379,-2.1049219955975,-2.08284632234512,-2.45417441172424
2017-12-21,-2.64738913596162,-2.44515936825299,-2.33289603423949,-2.32228952999342,-2.1157030071429,-2.0843500802175,-2.44646346578693
2017-12-22,-2.64838508237676,-2.44638469207326,-2.34962411411882,-2.31663657990387,-2.1225899421921,-2.08295809786711,-2.47230838231916
2017-12-25,-2.65735074920255,-2.44248753545304,-2.34846703425468,-2.30964565779831,-2.13340223114262,-2.08835883609078,-2.44731182466649
2017-12-26,-2.66391958285359,-2.44834599483519,-2.3514592907549,-2.30343821712472,-2.16073107910872,-2.09410060560715,-2.41132917834766
2017-12-27,-2.67771276295855,-2.46314995959664,-2.36912874924021,-2.31801842412779,-2.18660608297754,-2.10163875111506,-2.41576334945292
2017-12-28,-2.6959205590334,-2.4819919373143,-2.3973351243144,-2.32910891463212,-2.22415997654917,-2.12708538439797,-2.43245725090078
2017-12-29,-2.71043078213846,-2.49588263188355,-2.39587328604278,-2.33335685817143,-2.25361626115751,-2.1606084145967,-2.51077869366534
2018-01-02,-2.71578919092233,-2.5044171581723,-2.41498294906151,-2.34290727420579,-2.25270722277078,-2.1711778924579,-2.49637579865412
2018-01-03,-2.74424081440316,-2.52389614747361,-2.43696874932583,-2.37635564827829,-2.23827207805512,-2.35916475695902,-2.49849595757805
2018-01-04,-2.78890278531361,-2.58557229586848,-2.49985661294763,-2.41566932844278,-2.2782097476039,-2.36097938809756,-2.53139568939458
2018-01-05,-2.81344692699635,-2.61696820392023,-2.54673407747309,-2.43756976087781,-2.30461976048286,-2.35664933411292,-2.52937263996159
2018-01-08,-2.9093658801224,-2.68873441946277,-2.63788005980538,-2.49754947927807,-2.38142932191341,-2.35156471972407,-2.558932381692
2018-01-09,-2.91986838365139,-2.7146449289053,-2.68208185158923,-2.50065124263224,-2.41383114218922,-2.35414049763637,-2.57467333933235
2018-01-10,-2.93490042418161,-2.70860924224162,-2.69450744028886,-2.50550089812598,-2.44831274626534,-2.34820267312215,-2.58810495167956
2018-01-11,-2.98253044510369,-2.75316899618171,-2.72684649294954,-2.53481021658776,-2.49650318575668,-2.36134402499832,-2.59569103001117
2018-01-12,-3.04915924045539,-2.84961561418929,-2.80187929531952,-2.58586354958502,-2.48943776699292,-2.37776675223247,-2.59357256465202
2018-01-15,-3.07349581557965,-2.87342597404124,-2.8332779255123,-2.59479745482894,-2.52824982879028,-2.45370568731568,-2.61888718909004
2018-01-16,-3.08989909602563,-2.88572611121613,-2.8485522540226,-2.70191298964922,-2.54115627507717,-2.46965807819242,-2.62630292930623
2018-01-17,-3.119528256141,-2.88042757028005,-2.86033357829035,-2.75026285365018,-2.60182270105736,-2.46963414680376,-2.66561092430929
2018-01-18,-3.11100390195375,-2.88775959177053,-2.83443604924489,-2.78154936469486,-2.55488995590277,-2.43964865899995,-2.65893459499616
2018-01-19,-3.11036742577303,-2.88384475024755,-2.81047500682434,-2.78437966308445,-2.52054888082489,-2.43458696039137,-2.67263152689398
2018-01-22,-3.15242139189356,-2.96406628722349,-2.83411924174448,-2.84223102434821,-2.48269922203242,-2.42460552404403,-2.68049134356847
2018-01-23,-3.14899026211005,-2.93206321948279,-2.81596453664653,-2.8447183774256,-2.43723089926317,-2.41312247479656,-2.68524746990975
2018-01-24,-3.08793204160263,-2.90482380253383,-2.73810210953418,-2.836672945923,-2.39804360900378,-2.41323615646831,-2.677552574195
2018-01-25,-3.02198011787051,-2.86472790758402,-2.61274481867443,-2.80284259507365,-2.36247095509666,-2.39057519502036,-2.65315058922169
2018-01-26,-2.96492433914148,-2.86070707312628,-2.58030090965834,-2.75191855932177,-2.34169542582732,-2.37955185960117,-2.61787865782795
2018-01-29,-2.93378409320459,-2.83546645651928,-2.58058486544775,-2.7253203427774,-2.3361486779845,-2.34266946104656,-2.60246629780695
2018-01-30,-2.90985268077372,-2.80998312025497,-2.59138321692957,-2.67997891003115,-2.33619830779544,-2.36276591673101,-2.60697900528817
2018-01-31,-2.85596592891869,-2.69328264104632,-2.55854474439409,-2.53000243217838,-2.29072135530672,-2.3687095751724,-2.56997773046386
2018-02-01,-2.83083419971123,-2.67688381978125,-2.56334876022933,-2.52113715360795,-2.28728976088471,-2.36647002436956,-2.58171741345434
2018-02-02,-2.80061103358466,-2.64584351313417,-2.55962993961543,-2.5046253903324,-2.27336647185438,-2.38231529704275,-2.58108860510755
2018-02-05,-2.69846482328605,-2.59636156444272,-2.51992668876645,-2.47991436430309,-2.25384140307713,-2.39344835383077,-2.57829969008188
2018-02-06,-2.6587316777065,-2.47392029707744,-2.43606803552948,-2.43577906629629,-2.20443032181928,-2.36025575421301,-2.5167149012674
2018-02-07,-2.63781984647597,-2.45931309991939,-2.4142936478862,-2.41297508002902,-2.12086395489126,-2.36596050861402,-2.52205003617959
2018-02-08,-2.59698258646623,-2.41984149826135,-2.39254072038381,-2.3993958555401,-2.04844051494663,-2.34473294725186,-2.475642652552
2018-02-09,-2.58216269221384,-2.39730338169184,-2.36264506276013,-2.38101551974118,-2.03742337628688,-2.29123020122899,-2.41411175584115
2018-02-14,-2.52560496013793,-2.35363332187169,-2.34776363906707,-2.36373904964488,-2.03151414389473,-2.26749900342202,-2.40631308242984
2018-02-15,-2.51644156094874,-2.34309160968533,-2.33427320816889,-2.35503852360984,-1.99611012427274,-2.26587051418138,-2.4029774409176
2018-02-16,-2.51361787030947,-2.34444846716795,-2.32848296931385,-2.3452693111182,-1.9964605045918,-2.24740404131375,-2.39305960708759
2018-02-19,-2.51478056090734,-2.35295505427922,-2.31480133471308,-2.34321094650598,-2.00443341331483,-2.1679774189568,-2.37517767214059
2018-02-20,-2.50286722641864,-2.34751448204134,-2.31198096838489,-2.28056831982667,-2.00923091316927,-2.17720452585657,-2.38123953250314
2018-02-21,-2.48033035662347,-2.32741922360771,-2.32560100200214,-2.26319486262213,-2.02598106471163,-2.16496558166124,-2.37100988996582
2018-02-22,-2.4718183138487,-2.32416480153059,-2.20473233960842,-2.26460169915721,-2.04537131112274,-2.15859983999749,-2.37450485194416
2018-02-23,-2.43766033503627,-2.3162577831824,-2.20601409784205,-2.27417453604226,-2.06143742269635,-2.15752756188713,-2.37001409014433
2018-02-26,-2.45048992731696,-2.32672147142871,-2.23413836196142,-2.27324560727796,-2.07677094323019,-2.1593628629317,-2.39224563607981
2018-02-27,-2.46916539547288,-2.34364691795251,-2.28956020781048,-2.27721442239844,-2.07911181867089,-2.15541154545232,-2.40185602782629
2018-02-28,-2.48313678315012,-2.34529319743477,-2.28566388960181,-2.29040268288696,-2.0869116584319,-2.16016014050354,-2.42263987930974
2018-03-01,-2.48112574973694,-2.34128076834254,-2.29131603300454,-2.29075905165583,-2.0655264206502,-2.19175474454523,-2.40399787102455
2018-03-02,-2.47522803402216,-2.33936783405718,-2.28779457189918,-2.30283281232745,-1.97255500922888,-2.1710613758133,-2.37945990374118
2018-03-05,-2.48389768933291,-2.38580569675136,-2.29668942624364,-2.39245393336664,-2.00130299430569,-2.1702522797553,-2.42255690620659
2018-03-06,-2.49526448945699,-2.38472262237367,-2.28974937500064,-2.39226224125048,-2.01466999869453,-2.16765102169192,-2.41597701065804
2018-03-07,-2.51210186194966,-2.39787878411344,-2.2869824093203,-2.40290921187755,-1.98813510792468,-2.1689179612931,-2.40880498861537
2018-03-08,-2.56366921103338,-2.41530739869146,-2.28797870274559,-2.40489939722274,-1.9976627533681,-2.13588639745859,-2.41361593064144
2018-03-09,-2.60250825304611,-2.57008884117972,-2.35781859227398,-2.46264334785435,-2.0241793544375,-2.16437085794488,-2.4629201615948
2018-03-12,-2.61533501812786,-2.58892209192723,-2.37284010951782,-2.48940506055606,-2.0868112258871,-2.16478852919809,-2.46103213522867
2018-03-13,-2.64110125519863,-2.63928182452176,-2.3899498734347,-2.49564191169887,-2.1598485739982,-2.16544744338206,-2.47335275029228
2018-03-14,-2.65382667697747,-2.67128790233979,-2.41172127088637,-2.52294542602039,-2.17286177084896,-2.18069532104536,-2.53112170499086
2018-03-15,-2.6932084032915,-2.7000651472677,-2.41831119903062,-2.53043281569801,-2.17921618959486,-2.21136337710058,-2.50540608776671
2018-03-16,-2.6799438037396,-2.70124173661794,-2.42162305101572,-2.54491840629736,-2.20149934969988,-2.19707959344702,-2.49594808931826
2018-03-19,-2.65750682029141,-2.67334739188421,-2.41944230331881,-2.54640873758087,-2.18690805633269,-2.20614200118076,-2.46663642123019
2018-03-20,-2.64832112534296,-2.66935538685279,-2.43763008657677,-2.55181596198175,-2.18561054773135,-2.29024458606693,-2.49118611753423
2018-03-21,-2.67838787526339,-2.69639884122458,-2.46477958505259,-2.67089059327955,-2.01590640333699,-2.29843251630013,-2.49944177776888
2018-03-22,-2.70307006934958,-2.73047784393345,-2.43602323112773,-2.70512869729555,-2.00537007576581,-2.28571754203316,-2.42923312307288
2018-03-23,-2.67032722827983,-2.69301163484817,-2.59365529711337,-2.65336141072643,-2.00021654363423,-2.29439061100845,-2.4304496759891
2018-03-26,-2.69607472101895,-2.68538779775715,-2.57723419316162,-2.64324613053109,-2.00767996735909,-2.276575611609,-2.43018543204783
2018-03-27,-2.67842411673098,-2.67830692777506,-2.53832425974717,-2.6426897877554,-2.00598318940076,-2.27107384949894,-2.42537626634685
2018-03-28,-2.67310363633766,-2.66189884215099,-2.52926055594469,-2.65832607520751,-2.01267877444398,-2.28378726495891,-2.4678924038866
2018-03-29,-2.67867638382151,-2.65671405603662,-2.54105817956574,-2.63761971879869,-2.00809639230989,-2.26434800511699,-2.45516554438076
2018-04-02,-2.67864928244253,-2.66031255859978,-2.538651804018,-2.65309199532378,-2.02001352221918,-2.26344461629834,-2.47003642792244
2018-04-03,-2.69239188573745,-2.66931636591886,-2.54614413761228,-2.64990114338495,-2.13075744819727,-2.23626806552283,-2.49694703457635
2018-04-04,-2.65888385626133,-2.64867956616425,-2.49782948126075,-2.62327696440507,-2.14613854759235,-2.24525773016776,-2.48695306131295
2018-04-05,-2.6069596941846,-2.57154063481092,-2.39451275647085,-2.61569995633572,-2.15849923440793,-2.21239993068714,-2.48235463456875
2018-04-06,-2.60926550585077,-2.56605532294309,-2.39208216306988,-2.59120462539933,-2.20988476923646,-2.19792462177974,-2.48013153063487
2018-04-09,-2.63625730029248,-2.57953884572463,-2.38366515914136,-2.60623760249445,-2.19363109254648,-2.20652730273044,-2.4564024295005
2018-04-10,-2.62986376371926,-2.56182501113241,-2.35213260984077,-2.60037916398799,-2.19359538763048,-2.1753128965921,-2.46180105689718
2018-04-11,-2.62854639731656,-2.5515928600329,-2.33772081407287,-2.57541193940822,-2.20107897810461,-2.17801645394849,-2.45245277972647
2018-04-12,-2.62511030599009,-2.54138750392329,-2.33775213883526,-2.58488285366269,-2.20094300053732,-2.18995183704458,-2.47180580493468
2018-04-13,-2.62488405966367,-2.5369060240031,-2.33780172719463,-2.56609858490537,-2.20544305581112,-2.20040687706221,-2.45410363671814
2018-04-16,-2.6244876335774,-2.54035624578028,-2.32349892364145,-2.542387268208,-2.21193984811159,-2.17706733874131,-2.47559594949348
2018-04-17,-2.62626740621792,-2.53808269525076,-2.31592740630548,-2.53521195017015,-2.23625478572577,-2.19771068273524,-2.47428270742807
2018-04-18,-2.62967837558006,-2.53279427682951,-2.3021153211994,-2.54161883872137,-2.23678684857996,-2.1883856607635,-2.50703487627649
2018-04-19,-2.63474451130686,-2.52311414829081,-2.30424854618801,-2.52980399679619,-2.23066917708759,-2.17813946199017,-2.50708616995554
2018-04-20,-2.62779822878999,-2.50916839610046,-2.30268873310857,-2.52564385303196,-2.53646222556187,-2.17672410149737,-2.49737684265173
2018-04-23,-2.62523156701009,-2.5106426436169,-2.31407457465713,-2.52142898981049,-2.50701571692242,-2.1740315623043,-2.55925963679148
2018-04-24,-2.65330507974029,-2.53388690771658,-2.3264570226107,-2.4913638749474,-2.50460153558929,-2.18968462161592,-2.51748909082733
2018-04-25,-2.66142637483288,-2.52831846547485,-2.3112728860566,-2.45832284402197,-2.48851933554974,-2.21025503578089,-2.49267517275731
2018-04-26,-2.66988631276222,-2.5104733219637,-2.32775243592052,-2.47086352622921,-2.5029679666447,-2.21082118724416,-2.48515194283471
2018-04-27,-2.68430553340266,-2.49473280148386,-2.337800291874,-2.48241430046238,-2.48322104739899,-2.19716096538988,-2.47643761080542
2018-04-30,-2.69122626349182,-2.49699147059732,-2.34579188168174,-2.5018863446426,-2.47864671811326,-2.19636286507014,-2.4786132872365
2018-05-02,-2.6454224882461,-2.48190474179349,-2.33711247985755,-2.4816921235587,-2.48838552225148,-2.18664560683252,-2.47954743618876
2018-05-03,-2.63755110031138,-2.48703821679202,-2.33845470494856,-2.48160235897273,-2.43186975276714,-2.18447212643227,-2.3942271085271
2018-05-04,-2.68456830398903,-2.49967685100359,-2.38440846737502,-2.49751825830344,-2.39086129305204,-2.1669985938927,-2.39677010495372
2018-05-07,-2.7489109977358,-2.57451069233183,-2.47936897405109,-2.50183753459113,-2.3907650739681,-2.18658817839369,-2.37043116695039
2018-05-08,-2.75266742625339,-2.57781794090385,-2.47311823113138,-2.51027108476671,-2.38861943486207,-2.17675085944114,-2.36142132761594
2018-05-09,-2.7485513354067,-2.57674544828804,-2.50613662783009,-2.5039184715928,-2.4225708949823,-2.18974417291345,-2.37060397121331
2018-05-10,-2.74075227990738,-2.58216784607265,-2.53880711018148,-2.4962466694168,-2.4345489051283,-2.21872480822459,-2.3782618781876
2018-05-11,-2.72525837788835,-2.58393078523311,-2.54903845271625,-2.49822196311869,-2.42813491464863,-2.2189956017132,-2.3876996664859
2018-05-14,-2.69581023882259,-2.54588267380074,-2.48436431097225,-2.49551246158409,-2.29291893524876,-2.13482217526519,-2.37311023991943
2018-05-15,-2.61073184250449,-2.49045329002668,-2.47110872498448,-2.44192791969649,-2.28442599209191,-2.09914725051626,-2.38681023553329
2018-05-16,-2.61414423901859,-2.49342512799602,-2.49994131588821,-2.44802391697226,-2.28924313527317,-2.1032849903191,-2.37102813224343
2018-05-17,-2.5909377135178,-2.483029696142,-2.50063324467702,-2.41911025827106,-2.29104648810541,-2.05826515779432,-2.36881597615563
2018-05-18,-2.55222544649182,-2.41047379272365,-2.45130696771576,-2.37892409174528,-2.27416815557453,-2.03327664262036,-2.33205936533712
2018-05-21,-2.5044007054935,-2.39893427024493,-2.40465346757754,-2.34622845497699,-2.27785662770842,-2.027459855269,-2.32666112715874
2018-05-22,-2.46617825442571,-2.38089637383258,-2.38541222572666,-2.32899235873071,-2.23819666377531,-2.03359097173738,-2.32395504931002
2018-05-23,-2.45586515761298,-2.36892474818659,-2.38468318955797,-2.31756944313177,-2.27721913012629,-2.01477780341511,-2.32043586493367
2018-05-24,-2.44379651623711,-2.36719933873922,-2.3024103257385,-2.34701881042533,-2.28348744725688,-1.9445765451314,-2.29920751609262
2018-05-25,-2.4393837265408,-2.36424345304285,-2.29791114354017,-2.37528561099777,-2.28217396122754,-1.92965840096569,-2.30091381672955
2018-05-28,-2.4330062481978,-2.37394771688953,-2.26506852808779,-2.31912602155753,-2.23405306518127,-1.91719408988875,-2.31111057075483
2018-05-29,-2.41560734881641,-2.36834761937155,-2.20790373212674,-2.29806690235865,-2.20708199976486,-1.92367618848675,-2.31246932473955
2018-05-30,-2.41166747032085,-2.35798847634174,-2.18333242725258,-2.3021860631135,-2.20028208516988,-1.91941899105615,-2.32252748483535
2018-06-01,-2.39873832343429,-2.32735831877513,-2.0633635863241,-2.2650900827459,-2.18653709458281,-1.90666256139453,-2.31499994708295
2018-06-04,-2.39945859302938,-2.31933475178454,-2.05692763293439,-2.26253762873241,-2.21478576902024,-1.93937166223643,-2.38482308434868
2018-06-05,-2.37132850041739,-2.28691860189062,-2.04023244724025,-2.22916899510061,-2.21583495495631,-1.92126188863981,-2.36840982086351
2018-06-06,-2.35457348657886,-2.25088836449337,-2.03109694841703,-2.1987512066462,-2.21248889373499,-1.90253216183161,-2.37433377920807
2018-06-07,-2.25785544743801,-2.16682123319459,-1.9185469212675,-1.96390638157227,-2.18418792127316,-1.79909936131221,-2.31795168448088
2018-06-08,-2.22738691494446,-2.12738675358009,-1.82626068914159,-1.95228006740366,-2.17479932127671,-1.76388882490458,-2.28753369600155
2018-06-11,-2.20858491787329,-2.11918676741844,-1.81482090684393,-1.94489760642818,-1.92456485003124,-1.72053287182724,-2.268397433432
2018-06-12,-2.20540480427652,-2.11109631387819,-1.80085077284351,-1.92974564134205,-1.91579636198553,-1.7135473767678,-2.26090446409279
2018-06-13,-2.20154619877595,-2.1036287100331,-1.79986136824267,-1.90605198149636,-1.97291959506758,-1.7426266900988,-2.2674811364194
2018-06-14,-2.21889159377152,-2.11682465566213,-1.79828729578544,-1.8946474661444,-1.97631605824145,-1.76772292207953,-2.26731863070352
2018-06-15,-2.1950694733515,-2.10734879771382,-1.78482441023475,-1.88741720886283,-1.97201569949569,-1.76244258588363,-2.25856982057236
2018-06-18,-2.20239413124972,-2.10769715039999,-1.77383026197083,-1.88707992542321,-1.97037018722642,-1.77948445362349,-2.25834492771871
2018-06-19,-2.17173583412282,-2.1068224408997,-1.73536910130651,-1.86368774122625,-1.9704726333473,-1.78705978474065,-2.25294267112082
2018-06-20,-2.16096817495701,-2.08247962294605,-1.73246676447589,-1.86301712078688,-1.95836683794714,-1.78485059960823,-2.23170943192324
2018-06-21,-2.17056287446112,-2.07177769339989,-1.73304270966889,-1.86458828782013,-1.98598716667041,-1.78111185594594,-2.22823193440579
2018-06-22,-2.16536267150022,-2.06449422663641,-1.73221835057528,-1.85631551648624,-1.96064679822276,-1.75735648886837,-2.22233906270515
2018-06-25,-2.16331669324542,-2.04766121157502,-1.75471472993542,-1.85454860810124,-1.95637510027607,-1.7460417510228,-2.25909247230787
2018-06-26,-2.15556400823434,-2.04610007842194,-1.75736720434957,-1.84322047928985,-1.95704552438122,-1.73913482173066,-2.27030818263711
2018-06-27,-2.1499678682221,-2.0461020690545,-1.74464203558127,-1.84917741247032,-1.98134273852625,-1.74341678367237,-2.26300019954191
2018-06-28,-2.14876182170529,-2.05036593814104,-1.75390841521298,-1.85739721187315,-1.99618618140016,-1.74416901348714,-2.2733046546795
2018-06-29,-2.14456505677221,-2.05129080911799,-1.75590252002857,-1.85501703313192,-1.96644541220825,-1.74168519125531,-2.25229631091554
2018-07-02,-2.16035451443035,-2.05882120796116,-1.80679451284638,-1.8750809868649,-1.95287291601946,-1.7437273003659,-2.22833270155064
2018-07-03,-2.15473421451466,-2.04796208021679,-1.81024550078095,-1.85955694834798,-1.94977264676482,-1.73670985611042,-2.2282756896596
2018-07-04,-2.171095567325,-2.06766618098018,-1.81641314196709,-1.86683571976965,-1.96311011896726,-1.75008638152572,-2.24832652331259
2018-07-05,-2.17332806279597,-2.07456571171243,-1.82279037125389,-1.87752020442815,-1.95734040502829,-1.7665400415152,-2.24389797857954
2018-07-06,-2.25970156499313,-2.14481817827502,-1.91603856281247,-2.06637678182812,-1.9719603305241,-1.87536603628669,-2.30148385178075
2018-07-10,-2.2801435513267,-2.16957112413143,-2.02041609954208,-2.0680618217588,-1.98254642375906,-1.91965687030387,-2.34640908337145
2018-07-11,-2.30637228244853,-2.17583318525765,-2.02929647450554,-2.08154482789726,-2.23548548010835,-1.98749570167224,-2.37205389163608
2018-07-12,-2.31534256489821,-2.18339797022441,-2.05002388889317,-2.097750672108,-2.23108264097731,-1.99819866150435,-2.36345690722977
2018-07-13,-2.33534938439789,-2.20864197494787,-2.07538264344874,-2.12986626150668,-2.24082082274358,-1.99936214622579,-2.37263393984886
2018-07-16,-2.35968291752104,-2.23133326716099,-2.09099781953573,-2.16665757065912,-2.24426884769101,-1.99592764033378,-2.39273504407189
2018-07-17,-2.39416026861636,-2.23632004411676,-2.10721957846013,-2.16212387442841,-2.23450558427893,-2.00891210834775,-2.42636869629509
2018-07-18,-2.40471547526857,-2.23015018698454,-2.12388575153248,-2.1840707596014,-2.23179022031781,-2.0063921631369,-2.42909641324922
2018-07-19,-2.46510660456827,-2.26092289032821,-2.20191588044507,-2.24055238760578,-2.24273474866047,-2.02063699998584,-2.4701862296869
2018-07-20,-2.47165243700731,-2.2376478630127,-2.16400733400944,-2.18672779850694,-2.24632691888172,-2.01082775705664,-2.49071314174881
2018-07-23,-2.49416584300243,-2.27570456652212,-2.18405922247585,-2.19976095037988,-2.20254142892944,-2.0116937542672,-2.51218138901009
2018-07-24,-2.50499053249456,-2.29111948560862,-2.19220811139913,-2.21434361318426,-2.23384662507279,-2.06426387369421,-2.52750118025833
2018-07-25,-2.52211135525781,-2.31746724051049,-2.21324888320168,-2.18093881104695,-2.24930035402852,-2.18149654581116,-2.53542381521942
2018-07-26,-2.53088296581792,-2.29510704451968,-2.20879353757685,-2.18720998285646,-2.25908546361411,-2.20836117741187,-2.53606445765382
2018-07-27,-2.56581168320975,-2.30920303974321,-2.28118340969372,-2.21446433079752,-2.24587496965739,-2.21737518762594,-2.5549057986539
2018-07-30,-2.58277628492118,-2.31985489086924,-2.2982233101838,-2.22522077397434,-2.27065415150316,-2.2182580063729,-2.54966168169877
2018-07-31,-2.52441068608979,-2.32142955007104,-2.31230481437248,-2.21054040292966,-2.33831386349405,-2.24295456178158,-2.57807522596502
2018-08-01,-2.53939462374442,-2.33494327661695,-2.31869419626504,-2.21329341347346,-2.36573151455524,-2.27095251336009,-2.6011277923531
2018-08-02,-2.54392462083663,-2.34853752840842,-2.31213480025664,-2.24257701456757,-2.37202734531957,-2.2668391826838,-2.57577427752076
2018-08-03,-2.5456871592204,-2.3441032278903,-2.31811029911871,-2.24260865730638,-2.37139898377537,-2.26738817114478,-2.56840529115301
2018-08-06,-2.56783291492076,-2.37477705305491,-2.33490743395041,-2.25105337849105,-2.38267075667027,-2.2762109452415,-2.63538742553869
2018-08-07,-2.54211557685655,-2.36213013975412,-2.32825967688071,-2.24251573797736,-2.37108092661466,-2.26928204859981,-2.63852150936799
2018-08-08,-2.54258688397336,-2.36650910029628,-2.34328319097058,-2.22373960561218,-2.34721774371383,-2.28588990686848,-2.6068639955031
2018-08-09,-2.53775372675786,-2.3609001289849,-2.35475629097613,-2.21354949740831,-2.33155050113127,-2.27248468486767,-2.57864772277751
2018-08-10,-2.49681786823686,-2.33277404732073,-2.30697371760557,-2.22048877126381,-2.34550300029329,-2.24474251296095,-2.59143040977697
2018-08-13,-2.4695250588557,-2.33194103635652,-2.29679542705485,-2.22185490956482,-2.27144909111457,-2.24848556743263,-2.58142470176534
2018-08-14,-2.44928417770664,-2.30944815881924,-2.28979978525575,-2.20423988138139,-2.24379845758127,-2.21592854426922,-2.55696063492071
2018-08-15,-2.44047972240481,-2.30537077647158,-2.2941871766166,-2.22910718711018,-2.22377034311065,-2.23869528543138,-2.49751255014884
2018-08-16,-2.44110446884611,-2.32074666694731,-2.29575486986381,-2.22661561917366,-2.18855389743818,-2.24604455271818,-2.50295818211869
2018-08-17,-2.44956231072092,-2.33381106610673,-2.31108127561027,-2.23681284990331,-2.19397611304197,-2.23778219182017,-2.52199413166693
2018-08-20,-2.50336880848322,-2.41336360766115,-2.38275533505897,-2.32512872498724,-2.22070718927331,-2.26434864957821,-2.50725853248332
2018-08-21,-2.49386042707368,-2.38463569076153,-2.3646511481031,-2.31925359200527,-2.23565037605614,-2.28110451497204,-2.48181883856866
2018-08-22,-2.4863730633651,-2.35825152332915,-2.33593938213429,-2.30986018402133,-2.21557363877384,-2.29101939459406,-2.4959228943045
2018-08-23,-2.48102717004077,-2.35179868958235,-2.29779730023233,-2.39976786472688,-2.20289102009667,-2.2900924069336,-2.49878297600955
2018-08-24,-2.45085581189126,-2.3654817230628,-2.24655171664215,-2.38166627713886,-2.20751110638769,-2.28675557342165,-2.4877877859545
2018-08-27,-2.43590893172409,-2.35458604935508,-2.25333257504645,-2.38228302641012,-2.20807380015098,-2.28760506844335,-2.47124157876927
2018-08-28,-2.43870363667705,-2.35384958525843,-2.25095548181042,-2.38167136476443,-2.18884144170928,-2.29380197897276,-2.47416567240751
2018-08-29,-2.4890061085284,-2.3534770353873,-2.24369827490936,-2.3829108790497,-2.20467323651058,-2.25163374638379,-2.4759575793693
2018-08-30,-2.47286547969676,-2.35121111150307,-2.25230978976957,-2.38269337334832,-2.18621775065548,-2.2402897003525,-2.51776447252185
2018-08-31,-2.48082039691366,-2.35143764671746,-2.24657398892083,-2.36729478855374,-2.15715567849056,-2.25325396242115,-2.55494522547631
2018-09-03,-2.48426732751596,-2.35763753857349,-2.25996143154102,-2.36930261183665,-2.15448991485556,-2.2561605022695,-2.54167656834907
2018-09-04,-2.48261200625116,-2.35422586456246,-2.256558117619,-2.37189630400133,-2.14450700522207,-2.24129193995477,-2.53302594823047
2018-09-05,-2.4946762655393,-2.36964438769257,-2.24366032867556,-2.38463205371931,-2.15747909589215,-2.26098177468981,-2.54269220948678
2018-09-06,-2.48005987412326,-2.36911887938012,-2.21222526292145,-2.40966536812101,-2.16972499295468,-2.26426513238212,-2.55140515798301
2018-09-10,-2.48120489167753,-2.36875290270468,-2.21025155655038,-2.37323802562503,-2.2029825396346,-2.26598119881551,-2.58284259407069
2018-09-11,-2.48812000089974,-2.36085235224457,-2.21685904827084,-2.33123622245749,-2.21871235581457,-2.28067917542039,-2.59175942998437
2018-09-12,-2.50777708469085,-2.36212044118723,-2.2173085629259,-2.32296365446496,-2.25427382961438,-2.29810093135539,-2.60609687995729
2018-09-13,-2.53173413052916,-2.38179013199121,-2.23102795254989,-2.35170641947425,-2.25198228954224,-2.31456093842497,-2.62296766304319
2018-09-14,-2.54803624620802,-2.38989180742182,-2.23189829539768,-2.34491298673432,-2.28275375910773,-2.30335564778002,-2.6972702315054
2018-09-17,-2.53902350866147,-2.37072743739736,-2.22387230584058,-2.33631539966918,-2.32056937664576,-2.30814699870025,-2.68632223104854
2018-09-18,-2.55432024660095,-2.38407696120395,-2.22710570908503,-2.31590476837383,-2.30536764972367,-2.31612760713721,-2.6547362031768
2018-09-19,-2.52772434661851,-2.37095620845882,-2.2062056158899,-2.30375834743034,-2.27476879719564,-2.26169603157311,-2.69884653961299
2018-09-20,-2.52450277701856,-2.38974933919544,-2.20663956980908,-2.31383760521978,-2.31219564030673,-2.25945922623065,-2.73164209675656
2018-09-21,-2.52414948485983,-2.416061669944,-2.21169341752601,-2.30547208812155,-2.31482822629808,-2.25544781248289,-2.73864426889668
2018-09-24,-2.54189925414293,-2.43512568414419,-2.22332053792859,-2.31361921605824,-2.33076102640389,-2.26178731588803,-2.75326595559581
2018-09-25,-2.56263576766458,-2.45417686280624,-2.23749167459437,-2.3129529961297,-2.32397216075952,-2.25023303717614,-2.77370620930024
2018-09-26,-2.57181049650884,-2.46267811149446,-2.23229357958376,-2.30700591632107,-2.32080455577492,-2.24215954974189,-2.76995839180992
2018-09-27,-2.57089892469688,-2.46875560139657,-2.23338912895718,-2.30469404916087,-2.34870164879849,-2.21424431381976,-2.76412407484597
2018-09-28,-2.54808979630918,-2.45864491383965,-2.23497359891537,-2.30481779476786,-2.34069046516683,-2.25282000394044,-2.77601553024832
2018-10-01,-2.54840925660863,-2.47256927184751,-2.21870813315895,-2.31063578018468,-2.37373991149471,-2.24694354066809,-2.74741701404514
2018-10-02,-2.50245493590137,-2.40718997029311,-2.10721887083219,-2.27106461343452,-2.41034585847404,-2.2305260222825,-2.70765886817369
2018-10-03,-2.29773599584269,-2.13015902833208,-1.80094707325708,-2.20776756294529,-2.38357572405915,-2.19684766165847,-2.529558245204
2018-10-04,-2.28165387256828,-2.12657876512439,-1.76763714537936,-2.20885645858912,-2.39806229998494,-2.18433566153107,-2.40419649334499
2018-10-05,-2.28220329246413,-2.11744225525267,-1.75820165006084,-2.20183667045293,-2.36133849573882,-2.18843648829515,-2.3855967933476
2018-10-08,-2.06544407369301,-1.90135826064885,-1.56648202704175,-1.94462069567075,-2.34938014300569,-2.06017091317367,-2.27021839041533
2018-10-09,-2.06522176849564,-1.8958004644555,-1.5615480481912,-1.9493556006688,-2.34800075127899,-2.04875758275719,-2.25745270960706
2018-10-10,-2.07429332841476,-1.90814989317191,-1.56313851989916,-1.9522873563896,-2.31582572517282,-2.03446537656468,-2.25750560595075
2018-10-11,-2.06840183277412,-1.90059485947446,-1.56018487507118,-1.94087839340808,-2.34277490689551,-2.01460224537661,-2.250211674827
2018-10-15,-2.0680326777685,-1.90386760003728,-1.55932882361105,-1.94023581347352,-2.35773700880329,-2.02345165620196,-2.24948409890663
2018-10-16,-2.06934916394256,-1.90963676970637,-1.56511230616685,-1.94366824751355,-2.34703101305424,-2.0312815782138,-2.25070150758429
2018-10-17,-2.06790269848641,-1.92403634332677,-1.56038743381725,-1.9317198110862,-2.3318660431894,-2.02609986419632,-2.25428826621359
2018-10-18,-2.06974180943542,-1.92046243802968,-1.55916295502469,-1.94306505713024,-2.35162715477904,-2.03041942006494,-2.25735846485771
2018-10-19,-2.09166248698757,-1.93298774982416,-1.57495215851246,-1.95208087577677,-2.37659577497423,-2.06791819117029,-2.23769590394453
2018-10-22,-2.09665345314206,-1.93823708152592,-1.57650027275072,-1.94785296728627,-2.37657530299746,-2.07220271272036,-2.23650844060186
2018-10-23,-2.075816102879,-1.92011384180051,-1.57116755299626,-1.91480926696913,-2.38210228495092,-2.08156992549903,-2.20479304024921
2018-10-24,-2.07460857528779,-1.91627223357918,-1.57732981736904,-1.91811568687705,-2.36386926962152,-2.07066779354084,-2.19078049877553
2018-10-25,-2.0842046323233,-1.92170157487513,-1.59706050623238,-1.92251000826256,-2.36450176884551,-2.0935005698082,-2.19406709458917
2018-10-26,-2.07939786853631,-1.91419951540759,-1.58082966460061,-1.91328792085431,-2.34058132154909,-2.08955882786967,-2.20492622865462
2018-10-29,-2.0649691703823,-1.8920833479435,-1.57096372121874,-1.9039633919027,-2.31321189398959,-2.08547623880977,-2.20787490262661
2018-10-30,-2.03151306776579,-1.88033345842595,-1.57667841666866,-1.89301536994092,-2.3079440524816,-2.07390161340858,-2.20606395812881
2018-10-31,-2.01824858116409,-1.87122537623291,-1.57311693947191,-1.84838429663685,-2.29669717467763,-2.06578093368811,-2.20093621834832
2018-11-01,-2.02194793088858,-1.87328197068039,-1.59209409875078,-1.85504216181603,-2.29040606731215,-2.05111533807191,-2.20901493680525
2018-11-05,-2.11483714325451,-1.97658267667603,-1.74309164942544,-1.8789414119424,-2.29980971455897,-2.06082776602043,-2.28012089738712
2018-11-06,-2.11904956185749,-1.96363604824504,-1.76170069009472,-1.86903731085268,-2.2695868126541,-2.08183037745068,-2.36856592158212
2018-11-07,-2.11757073837268,-1.96418619612891,-1.77239418934671,-1.87125632678838,-2.21249887202127,-2.07696973854935,-2.37553816892449
2018-11-08,-2.40659896004431,-2.23450220564433,-2.13182041758749,-2.10375610942818,-2.21530551978159,-2.18938041505642,-2.48551994999562
2018-11-09,-2.40111718439807,-2.24199802365495,-2.11738403266419,-2.09311497386402,-2.19401250160972,-2.19014654741675,-2.46474715546005
2018-11-12,-2.41511382131805,-2.25767470489701,-2.13747862528571,-2.11847763992369,-2.21272064108388,-2.21870290850985,-2.46966949281975
2018-11-13,-2.42831877969808,-2.2681284711433,-2.15058895570546,-2.1540344168438,-2.16363982768154,-2.22719411578663,-2.45217350316143
2018-11-14,-2.43764077667734,-2.26085862782854,-2.15673492825606,-2.16360716438961,-2.16639087809934,-2.20990205590478,-2.44004793397635
2018-11-16,-2.43869463501872,-2.25691177956009,-2.15890131967703,-2.16884591874719,-2.18959125039369,-2.20279059224338,-2.43444755475487
2018-11-19,-2.44962647802293,-2.2524816823432,-2.16787570020691,-2.17642449735223,-2.21063514397904,-2.19984207238626,-2.43805480635338
2018-11-21,-2.44713633342495,-2.24053516117075,-2.16856028413766,-2.17386501844149,-2.19003317716441,-2.18930643853076,-2.44356343004236
2018-11-22,-2.44870763291869,-2.2539352636949,-2.1564029589928,-2.18291242473561,-2.18877088759738,-2.19355597785663,-2.48746499369354
2018-11-23,-2.45707449757949,-2.25665901098739,-2.14502657482978,-2.18653111741641,-2.18934068663156,-2.19564250767542,-2.48176286007259
2018-11-26,-2.4499048668236,-2.24232290127663,-2.13945256110772,-2.21082947713443,-2.13242950647512,-2.16708066731661,-2.50591514614376
2018-11-27,-2.4456810629252,-2.2428437995243,-2.13109673003767,-2.20778176301976,-2.13716007259614,-2.11292019327175,-2.51200394395318
2018-11-28,-2.44852351233903,-2.23965742899041,-2.12030653961858,-2.23116483593147,-2.1263479770254,-2.09892506050351,-2.50196982940268
2018-11-29,-2.45605526593477,-2.26072268520898,-2.1717563837412,-2.23189459518356,-2.15789013838349,-2.10746368658527,-2.50174684755508
2018-11-30,-2.46263662345045,-2.27586551531314,-2.20453594730686,-2.25703745015686,-2.17951535244179,-2.12763835479318,-2.51497676988084
2018-12-03,-2.49196838613128,-2.30940174398692,-2.22202127872435,-2.30054057821955,-2.17457047853267,-2.13507188160641,-2.52584242524635
2018-12-04,-2.52870745574141,-2.34122946815158,-2.25522135751585,-2.36940289409051,-2.18749154109854,-2.15610527096636,-2.50725817568007
2018-12-05,-2.54660049230601,-2.39338678215526,-2.26042434565484,-2.39359550041873,-2.18740114818809,-2.18975216491274,-2.51091469462217
2018-12-06,-2.51692731549327,-2.38199433033071,-2.24404763589166,-2.37976184475783,-2.18863562712493,-2.18176427485519,-2.48471303759661
2018-12-07,-2.50563594617203,-2.39284334327848,-2.27248139758574,-2.34607242682629,-2.21934615837055,-2.18987879073019,-2.50549542412489
2018-12-10,-2.50236448641295,-2.40557756469752,-2.29742927278605,-2.34565611258921,-2.30968176406276,-2.19250450799445,-2.48545271854904
2018-12-11,-2.48467399099773,-2.40395682350453,-2.33893238380112,-2.33959564585064,-2.30977908890925,-2.22165770180202,-2.4732471952274
2018-12-12,-2.49208013345108,-2.40052136269018,-2.38717155472209,-2.3549215711397,-2.34787195277043,-2.23813507567663,-2.49642759969513
2018-12-13,-2.48781748526042,-2.40568789271889,-2.38204444417874,-2.36653991822135,-2.34040428282038,-2.23303367554375,-2.50644999866874
2018-12-14,-2.49000042115577,-2.41308928610948,-2.38170313457709,-2.33907896827547,-2.41322145235456,-2.2223512430189,-2.53511319432446
2018-12-17,-2.49114889807502,-2.41924004649673,-2.38946545848392,-2.34783525279304,-2.43315833357794,-2.23430558642752,-2.54631638595376
2018-12-18,-2.49367945453366,-2.44617605123161,-2.39683979289618,-2.36689335574781,-2.42646765095589,-2.24102066109616,-2.57051140924649
2018-12-19,-2.47190639633153,-2.43828212386149,-2.40119221589961,-2.37101159360224,-2.3890601127038,-2.24410680707553,-2.57675431797607
2018-12-20,-2.47144122965948,-2.45088420476126,-2.41937418521318,-2.34018976510409,-2.43371972200192,-2.24070244043904,-2.58884714819584
2018-12-21,-2.46541303984408,-2.43998594931665,-2.44459807221566,-2.33914800709898,-2.42372661426277,-2.24288447585114,-2.60151467381353
2018-12-26,-2.43712622971594,-2.41045318442424,-2.4359758904919,-2.32862349254471,-2.41379243258581,-2.21881557696449,-2.59316048318259
2018-12-27,-2.46323837483407,-2.45497467858138,-2.48090591229241,-2.36907687965787,-2.47243328847077,-2.22643224038511,-2.62814905799958
2018-12-28,-2.46156894868495,-2.45265754524183,-2.49333797341562,-2.34825124038603,-2.47545589792937,-2.30959731485208,-2.630360298804
2019-01-02,-2.45157141288394,-2.43498950759853,-2.40447793366216,-2.30011046383357,-2.4867022929889,-2.28802134295376,-2.57702846073399
2019-01-03,-2.45123850170045,-2.43245528313653,-2.40064301366087,-2.30649999277896,-2.43391805346552,-2.25396230849265,-2.56973450162255
2019-01-04,-2.45514212430819,-2.4218659834041,-2.35580889278976,-2.29769079834551,-2.40537531958207,-2.24596825354023,-2.57372721554643
2019-01-07,-2.5072671318631,-2.44646422841896,-2.37951441944953,-2.32025271947499,-2.40209651390875,-2.22539229389558,-2.58271474755415
2019-01-08,-2.50773457399849,-2.43209837155064,-2.34389408368368,-2.31817628811027,-2.34480069301588,-2.2351006501461,-2.62446507158152
2019-01-09,-2.49899145570159,-2.43474734827158,-2.34034436515937,-2.3138311120266,-2.33083342712121,-2.23513159207636,-2.62911908843305
2019-01-10,-2.51706551787737,-2.46331860253496,-2.34407280443759,-2.32845410112897,-2.34750674324958,-2.26643973856501,-2.66571794122603
2019-01-11,-2.53945067105946,-2.48121148728857,-2.35464289926017,-2.37543456122273,-2.34488609395729,-2.26581086551088,-2.66636269964946
2019-01-14,-2.56926000187912,-2.49305951317349,-2.3731867588022,-2.38633582982506,-2.36136985284308,-2.24988768829741,-2.70603815139271
2019-01-15,-2.59099075226505,-2.51935255982501,-2.38883616450018,-2.39307302321337,-2.3836705282536,-2.26820602753544,-2.76207134494743
2019-01-16,-2.58855362260454,-2.53632454256823,-2.39653749312953,-2.40050493086977,-2.3816690288963,-2.27032943813511,-2.73298718775203
2019-01-17,-2.59129269753722,-2.53439703827188,-2.40665208631278,-2.39592111464759,-2.37845529105371,-2.27510492743044,-2.73599170336394
2019-01-18,-2.6009026581382,-2.54710069105537,-2.40814334818502,-2.42693962301995,-2.32949888492263,-2.29371175426616,-2.70528577466711
2019-01-21,-2.60412179215507,-2.54734744261243,-2.40801647026363,-2.41676160294629,-2.32962482058872,-2.32692671482237,-2.71319089372044
2019-01-22,-2.6140987738126,-2.54714251247734,-2.40721800776149,-2.41756019491417,-2.31895947417106,-2.31124135362702,-2.70586152375657
2019-01-23,-2.63473252483171,-2.57470579824185,-2.41366215593429,-2.41597279335575,-2.32374610389393,-2.28318595769364,-2.71080476440539
2019-01-24,-2.65184191102083,-2.59955270852347,-2.41581104031617,-2.44913568050891,-2.25256364895722,-2.29860815559318,-2.71348712712613
2019-01-28,-2.65232125706198,-2.59257647197235,-2.38611936486863,-2.42048235608614,-2.23029356692352,-2.30048848493385,-2.70743997928468
2019-01-29,-2.68058341821311,-2.60794815261633,-2.38737847332639,-2.40922164233595,-2.2086793093242,-2.31946439878991,-2.71304307006827
2019-01-30,-2.64058899876468,-2.56338635497045,-2.38200338179586,-2.30602568949843,-2.23085876555464,-2.31430239466576,-2.70988273972383
2019-01-31,-2.63729896350462,-2.4339493177134,-2.36381928370316,-2.32637042844182,-2.22436145448811,-2.32123985738036,-2.73561979401763
2019-02-01,-2.66829306576615,-2.48012446327828,-2.44112296918868,-2.38564452552297,-2.22043765201252,-2.34595430373649,-2.83194368904028
2019-02-04,-2.66515173356666,-2.45857293020744,-2.41727579784745,-2.37302097232648,-2.23358291419973,-2.3800276094551,-2.82239804184037
2019-02-05,-2.59071431779264,-2.47866095814313,-2.46362632696711,-2.3686203785168,-2.24519603548979,-2.38327779792131,-2.81441212002551
2019-02-06,-2.58115808811036,-2.44300793072262,-2.4409173711119,-2.34791503515045,-2.25396927974372,-2.41724041986217,-2.74816155439908
2019-02-07,-2.57342959515827,-2.45336915056933,-2.40932432586986,-2.37322571948791,-2.26550396821136,-2.40481610790824,-2.71951627073
2019-02-08,-2.56815737064509,-2.43069702490884,-2.3901414724265,-2.3781426207562,-2.20686954927582,-2.3193084208812,-2.70205522107473
2019-02-11,-2.56884197735215,-2.43424288080469,-2.37237915315414,-2.37793948287144,-2.20581484031361,-2.31007618388488,-2.64739789283738
2019-02-12,-2.54522917815463,-2.40962920935997,-2.30491657261971,-2.37186035302151,-2.20047522732856,-2.23669376986751,-2.62960770709003
2019-02-13,-2.53220083954809,-2.40415796511337,-2.2829099772347,-2.35118088245145,-2.18749407617015,-2.22942695677135,-2.64479381345773
2019-02-14,-2.48956874956476,-2.34132475670565,-2.2146348210243,-2.34009918699647,-2.17415916842174,-2.16160929134131,-2.60123183125588
2019-02-15,-2.49339862290924,-2.33781566246682,-2.21010740998754,-2.32990460138508,-2.19447700368398,-2.15394085747181,-2.63780096313187
2019-02-18,-2.49616272427435,-2.32459798954982,-2.20747076729631,-2.33167643218957,-2.15114412039154,-2.14613713802707,-2.62933118251695
2019-02-19,-2.47999131146111,-2.3206629329223,-2.18941375135169,-2.32799316075941,-2.17668661236431,-2.15019357749828,-2.65485649234991
2019-02-20,-2.46540975226496,-2.31915588393409,-2.16767514180775,-2.33520402956997,-2.17357896877856,-2.14653999608466,-2.64309892113599
2019-02-21,-2.45544921785462,-2.31945807824386,-2.16509649565151,-2.32775205506366,-2.16346804338121,-2.1451655035896,-2.63743052604564
2019-02-22,-2.45787893780663,-2.30258533011332,-2.16192845558404,-2.34255828746087,-2.14287981561837,-2.16680907885789,-2.63253782597777
2019-02-25,-2.45836039233444,-2.30255145693525,-2.15347237173172,-2.34361562631976,-2.172698440467,-2.16145147943642,-2.6220544637188
2019-02-26,-2.48911606997155,-2.3213142330273,-2.17868612352835,-2.3757043865466,-2.22849323626883,-2.1522934362668,-2.62371498552432
2019-02-27,-2.49164369669304,-2.3236075872071,-2.19224849231661,-2.38814627218866,-2.16895795790451,-2.15753921980931,-2.63552128600974
2019-02-28,-2.51522717213973,-2.34048876091786,-2.19152648753132,-2.50310172353648,-2.17050638802284,-2.17686102692944,-2.63401097738359
2019-03-01,-2.5384285048646,-2.45214013570062,-2.21395165739146,-2.50152993334816,-2.17545621540594,-2.17435617647259,-2.63029351603923
2019-03-06,-2.54521849898869,-2.45763914308745,-2.22233608399073,-2.48700112448184,-2.16824434157805,-2.18013426570406,-2.56654817132051
2019-03-07,-2.56163237385186,-2.49611563753968,-2.25207323703558,-2.50426421003598,-2.18413417126086,-2.19172827573959,-2.50246128936057
2019-03-08,-2.65406228044332,-2.48298490741837,-2.23466100736767,-2.51093059192307,-2.16816348828569,-2.17719337628738,-2.34984018233655
2019-03-11,-2.66525635133763,-2.51458890228252,-2.25837800117293,-2.5211004254527,-2.16060362911938,-2.15982425292983,-2.3480123114923
2019-03-12,-2.69642879410549,-2.5380835116315,-2.30734821254574,-2.54402650299874,-2.16656425063168,-2.14141936966408,-2.35662930041986
2019-03-13,-2.70054693766945,-2.55781164679299,-2.32034411173458,-2.51948520443035,-2.22099646299346,-2.18038356229365,-2.35772124405017
2019-03-14,-2.69171840441405,-2.56379008487448,-2.34464488629113,-2.52262678950082,-2.22322981093481,-2.19496058024563,-2.39015353184465
2019-03-15,-2.70610408026436,-2.60280552959582,-2.44573744930203,-2.50851543442011,-2.22145308783899,-2.26864473342868,-2.40682698360313
2019-03-18,-2.7221575629733,-2.61275322146971,-2.47758237009921,-2.54168854092632,-2.22411582163337,-2.2967246450072,-2.3942607780068
2019-03-19,-2.80951273873193,-2.74191632466922,-2.58680957992192,-2.58431768883064,-2.22937794707353,-2.37832427575186,-2.41494593973502
2019-03-20,-2.81024400422202,-2.73106998152175,-2.59472618406758,-2.58067574773664,-2.22511905444088,-2.39991797414476,-2.40204519996173
2019-03-21,-2.75751033428374,-2.70089778089645,-2.57625254037372,-2.49695158906815,-2.24820009157013,-2.36862274568177,-2.3981678669166
2019-03-22,-2.73290169944176,-2.65212266922518,-2.55613735883545,-2.42929151953424,-2.25742780275039,-2.3325381767642,-2.39549097887174
2019-03-25,-2.7325816298246,-2.64100835209439,-2.54463084419236,-2.43301669721587,-2.19865913812028,-2.27333460085765,-2.40441719450442
2019-03-26,-2.72861062392877,-2.63348757116562,-2.48577048795677,-2.4178050346331,-2.20775324018623,-2.2878568319568,-2.39068066118116
2019-03-27,-2.70058703254508,-2.62958313998552,-2.46704070048742,-2.3710206447709,-2.22502421672615,-2.27095753150574,-2.38748244010893
2019-03-28,-2.63063765844721,-2.56325558222297,-2.41537275186436,-2.36240711845247,-2.21720091765395,-2.24163641356391,-2.3637319421238
2019-03-29,-2.59949123043122,-2.55085370986163,-2.39687049524587,-2.34675704633979,-2.19118789522337,-2.22957173621505,-2.31097156652677
2019-04-01,-2.58513295656237,-2.5135784115047,-2.38415554581067,-2.33032105413169,-2.27252623582219,-2.22853983266059,-2.31240685836881
2019-04-02,-2.58429380815416,-2.49164426225762,-2.38526788521185,-2.31220126997278,-2.27902684348115,-2.22460720395773,-2.31328340364326
2019-04-03,-2.56295286310331,-2.47192347671825,-2.3582822271206,-2.30376976909726,-2.25916626815369,-2.22192953601956,-2.30977933146025
2019-04-04,-2.54318776631352,-2.44658314624998,-2.35621400832444,-2.28615239298984,-2.19340497830165,-2.22188948211955,-2.33132647518583
2019-04-05,-2.54214376054334,-2.43847343931505,-2.35315261883011,-2.27383898027552,-2.20306688487908,-2.22809800840659,-2.36219835964767
2019-04-08,-2.56604088919279,-2.45520987116818,-2.38963454446452,-2.28482325222912,-2.21892209880652,-2.25548415414704,-2.53519794465449
2019-04-09,-2.56448542200268,-2.44935639971715,-2.38364082009628,-2.28257710126469,-2.22674069978182,-2.28481214287228,-2.56513937236432
2019-04-10,-2.55883960396676,-2.45723612813735,-2.39404687031747,-2.2821757463112,-2.24957622379484,-2.33461011609962,-2.57788519539019
2019-04-11,-2.55670463174329,-2.44815773227168,-2.40639680637689,-2.29839794998055,-2.25611675083477,-2.33941758465401,-2.57605342638903
2019-04-12,-2.51533304789789,-2.41685074574676,-2.30229744601209,-2.28653742557639,-2.23264219027223,-2.30097515995516,-2.53187729585745
2019-04-15,-2.51238071566122,-2.40756567856819,-2.27870136829406,-2.29992657196792,-2.25025939451864,-2.3051449971135,-2.51696407432531
2019-04-16,-2.4845372430246,-2.39956284123551,-2.25771719988795,-2.28523736147635,-2.25766848748417,-2.29263730294974,-2.51068565317656
2019-04-17,-2.45623379294836,-2.3692896139953,-2.24028272604728,-2.2529239374594,-2.24913387556861,-2.27718779917463,-2.52017380595487
2019-04-18,-2.43548539603052,-2.34972692416533,-2.22579128725829,-2.24027106479431,-2.25013617676413,-2.26353331077933,-2.53340197862199
2019-04-22,-2.4533256114231,-2.36603983708762,-2.24659988422004,-2.27062444168875,-2.29008420150683,-2.29574596636955,-2.54070624751512
2019-04-23,-2.47453280369817,-2.39531229782464,-2.27925191249793,-2.32668499406728,-2.28276117781224,-2.32977219962862,-2.54715797762323
2019-04-24,-2.48149913326518,-2.39485494117053,-2.30023947164206,-2.31339960651351,-2.34349881014532,-2.38879777040966,-2.56670086568546
2019-04-25,-2.46470452173812,-2.33991332700728,-2.3279730457667,-2.30917857167373,-2.33495952309132,-2.37267677336983,-2.57912426523203
2019-04-26,-2.49195009644405,-2.36802318450136,-2.35594767050545,-2.36107109497218,-2.36422299676317,-2.3875564417342,-2.588258432339
2019-04-29,-2.53858160744793,-2.40887708527463,-2.37445424513071,-2.40389499285292,-2.39768110943645,-2.4387566491241,-2.63057134068761
2019-04-30,-2.55348512932398,-2.40933068092029,-2.3897990165679,-2.37457991097376,-2.43984269830792,-2.45606637312888,-2.73385560638898
2019-05-02,-2.55547535238178,-2.42056120955724,-2.39295629978318,-2.38721644729212,-2.44143142832973,-2.45137760375362,-2.73661499225424
2019-05-03,-2.55859412634032,-2.44658370343215,-2.40151084917899,-2.38954501491727,-2.44835365196442,-2.45843740528799,-2.73801900144375
2019-05-06,-2.57032008379184,-2.46480549440267,-2.42614545204694,-2.4040606120766,-2.47951298457824,-2.44882596264007,-2.71467693722174
2019-05-07,-2.56338127238504,-2.46435700400055,-2.42531464834726,-2.42437196626836,-2.61826738602399,-2.43984656541207,-2.6850217249857
2019-05-08,-2.56419682788025,-2.45603878552511,-2.42625882485278,-2.4305928888143,-2.61350712890679,-2.432530514295,-2.69821619958636
2019-05-09,-2.54627982895912,-2.44951872360609,-2.41268073595781,-2.41983084923429,-2.58146646386398,-2.43550945076617,-2.6760934914498
2019-05-10,-2.54680545869403,-2.45291443752634,-2.41447599837155,-2.41736120908233,-2.5485545681598,-2.41638557480765,-2.6599251856888
2019-05-13,-2.52597404631445,-2.42612837561998,-2.36395466133215,-2.40650354420087,-2.57159832759337,-2.38445716039437,-2.64410775722094
2019-05-14,-2.53759761716132,-2.44082928513007,-2.34982954625292,-2.38936505592501,-2.45420527253281,-2.3740279372258,-2.64512802198864
2019-05-15,-2.57136902594176,-2.4600018547293,-2.45746043773225,-2.37451416515309,-2.46810864179436,-2.38720364986485,-2.68350671737806
2019-05-16,-2.5795115355247,-2.45467103228085,-2.48354125517402,-2.36387946883911,-2.42690730956678,-2.37123804258739,-2.68906699975143
2019-05-17,-2.57825945570136,-2.45100803554015,-2.45966776713841,-2.36611252039945,-2.38833606368958,-2.32223661390167,-2.69031885261082
2019-05-20,-2.58959460526935,-2.47256935394336,-2.46081462644978,-2.37292617996034,-2.38845768501001,-2.30018711047208,-2.6819552867934
2019-05-21,-2.61143687474827,-2.46670945614132,-2.45644926807678,-2.37463647963381,-2.32755108666076,-2.29819525889551,-2.6926827242497
2019-05-22,-2.59507012621296,-2.47826154988783,-2.44153603674429,-2.36431177917071,-2.29425156493575,-2.29812565938057,-2.69870253050115
2019-05-23,-2.6007175309396,-2.47557184370896,-2.44665412296178,-2.36292414796013,-2.27849397440724,-2.29513647647467,-2.69098329734923
2019-05-24,-2.59794663745589,-2.47862956279595,-2.45032065798738,-2.3721459581628,-2.29685072074115,-2.30353911772008,-2.67864156200389
2019-05-27,-2.61664054959879,-2.5439211911117,-2.45413461031257,-2.38618436398601,-2.27525318509898,-2.32260186422554,-2.67445445434241
2019-05-28,-2.60957809599315,-2.52677068872927,-2.44166729585722,-2.37102866912682,-2.19675338770542,-2.33591420049747,-2.66941686981397
2019-05-29,-2.60702582375983,-2.52787996787226,-2.47137850725653,-2.35698736374765,-2.13208103537903,-2.33083923461119,-2.62494844692076
2019-05-30,-2.6141230440131,-2.53228871872415,-2.47636781621008,-2.39575825834571,-2.12101706835213,-2.3598137642116,-2.61799637888734
2019-05-31,-2.60811984938395,-2.53444903953092,-2.46095610230207,-2.37066084586557,-2.10030937938368,-2.3672910567927,-2.59247489096701
2019-06-03,-2.60311156732168,-2.53098504183014,-2.45064948276217,-2.37257297457572,-2.07753975036424,-2.36459072576107,-2.58006107346395
2019-06-04,-2.60856821090692,-2.5283791264566,-2.45609337604007,-2.37355675065958,-2.06716892900929,-2.37772381177295,-2.59686530119887
2019-06-05,-2.63488035809188,-2.53838575942833,-2.46685646476697,-2.38019633152891,-2.05239433195139,-2.39301819363079,-2.62809422146545
2019-06-06,-2.63593000571837,-2.52952757927841,-2.44937071605417,-2.3789323228022,-2.00767771782021,-2.38612611047464,-2.64011891515093
2019-06-07,-2.65567591731608,-2.53726722170001,-2.46503912783755,-2.38486157440595,-2.00387512573449,-2.38473315498598,-2.65948356842579
2019-06-10,-2.64703283845662,-2.51627376212948,-2.45408487807698,-2.39708975514351,-2.01812820106334,-2.38974953500765,-2.65387906749562
2019-06-11,-2.67439470135943,-2.53395739647758,-2.52381135278997,-2.40465720856294,-2.01687081645342,-2.43187493309191,-2.68157430898421
2019-06-12,-2.67093985292457,-2.5244471012787,-2.5399928121252,-2.40149959751041,-2.05463216226528,-2.4210357002219,-2.6995720694335
2019-06-13,-2.67901699248466,-2.51838823984177,-2.54363683997592,-2.42679518178745,-2.0500262980531,-2.4148554796551,-2.70636756511035
2019-06-14,-2.68939242630226,-2.53597461154575,-2.54007397852166,-2.44782960687729,-2.06636919176715,-2.40452434663408,-2.71300051931086
2019-06-17,-2.71512333201554,-2.54544229078625,-2.59827498503003,-2.4701276267921,-2.0671784086925,-2.46873519196586,-2.69812180144276
2019-06-18,-2.73168102327567,-2.55621116175738,-2.62190029439762,-2.49796972257714,-2.05599802460281,-2.48334178400788,-2.67646295126901
2019-06-19,-2.72483322934028,-2.58020974738446,-2.64369952375471,-2.52925239427416,-2.08617016346437,-2.49245362969519,-2.67504674829747
2019-06-21,-2.76001835723465,-2.5879356744923,-2.65476849758834,-2.5638987220232,-2.10127360133014,-2.50250517325488,-2.56766836318864
2019-06-24,-2.76419066616247,-2.61277596586903,-2.6519951660822,-2.55949901129025,-2.10612603263907,-2.44414901358726,-2.56807451183246
2019-06-25,-2.76236952135887,-2.61357514911358,-2.6334498646919,-2.56046732505001,-2.10518904033749,-2.43099825691068,-2.54183318321692
2019-06-26,-2.77094471599389,-2.62136031909356,-2.63552740359862,-2.56239235862633,-2.12903636286874,-2.41746858702666,-2.54047858679674
2019-06-27,-2.75717240351114,-2.61511765739908,-2.63602816490933,-2.56216476413169,-2.18284347442578,-2.42167043473048,-2.53735299240153
2019-06-28,-2.78180391208212,-2.62998215564943,-2.63570709855719,-2.60063986705655,-2.23082006850981,-2.4210187549574,-2.57677131726776
2019-07-01,-2.75469432098645,-2.62092455662776,-2.61795701817761,-2.58859008330497,-2.22470219776906,-2.39743963607415,-2.52982246860075
2019-07-02,-2.76689323179287,-2.61750462512835,-2.62363677492144,-2.65088308299201,-2.25269741200357,-2.39893903403432,-2.51618368304332
2019-07-03,-2.75395954464356,-2.60797632164534,-2.59057466010701,-2.60542419789177,-2.25105847879716,-2.38885416262353,-2.51945843810447
2019-07-04,-2.73538302089826,-2.60391220590672,-2.59360753171432,-2.58213401413747,-2.24683064186604,-2.3844107597795,-2.51646235787
2019-07-05,-2.73637070506688,-2.62081113286113,-2.60354606873165,-2.56589774767932,-2.20543852727202,-2.37193048125638,-2.52135287867717
2019-07-08,-2.74987604984188,-2.65251810394249,-2.63777180299255,-2.58026495334513,-2.24469267634287,-2.38824820951707,-2.52780863025146
2019-07-10,-2.73969875734004,-2.63742635557273,-2.59924520722836,-2.57085167783445,-2.25917073696655,-2.38561053436264,-2.52392356732167
2019-07-11,-2.75826824775619,-2.66390199093489,-2.61620026965268,-2.5797950664228,-2.23149216580004,-2.39029759410477,-2.52493218253211
2019-07-12,-2.77319140189548,-2.66722873370116,-2.61562100730553,-2.57382219386811,-2.23019686626235,-2.35723481319884,-2.52182298209615
2019-07-15,-2.77678276459115,-2.68177796343352,-2.60239594856387,-2.61872018052779,-2.238177435671,-2.38789846055618,-2.50005916382536
2019-07-16,-2.8003389596581,-2.72168688740658,-2.61790241393291,-2.61632510255487,-2.25155674754718,-2.4201483244458,-2.50073797237453
2019-07-17,-2.80991167737573,-2.73705862610235,-2.64690541692375,-2.60609763462986,-2.25767139165997,-2.43509814069051,-2.50593565477003
2019-07-18,-2.81929049975988,-2.73700310971662,-2.63720526645348,-2.61769812529624,-2.2655346706455,-2.44455054649738,-2.53080084000408
2019-07-19,-2.81185506382719,-2.73092886894984,-2.6294016495108,-2.5718754449557,-2.27824291848719,-2.46258742528394,-2.54237988093098
2019-07-22,-2.83065500404555,-2.76001465384006,-2.64709447051085,-2.5564981682082,-2.26511970963837,-2.46099175876336,-2.53078457534036
2019-07-23,-2.806390749975,-2.75278628664396,-2.65850610748396,-2.54244975263643,-2.26720987949512,-2.45598863276457,-2.63324741567973
2019-07-24,-2.81287843123082,-2.75877341370335,-2.66861318370037,-2.54982484079081,-2.27264069344478,-2.50120321519222,-2.65320793327152
2019-07-25,-2.77227109120486,-2.61722173980716,-2.66681847713791,-2.53197610151225,-2.26836087035265,-2.48669002215169,-2.65998272491548
2019-07-26,-2.73941932425367,-2.61651903009012,-2.66996610074253,-2.52897194258183,-2.27762485130692,-2.46994171587625,-2.63485915869804
2019-07-29,-2.75190318559585,-2.64263747754614,-2.69926132954999,-2.54808075213227,-2.27973329858362,-2.47220959188829,-2.64623926866113
2019-07-30,-2.72985821019818,-2.62303417263931,-2.66408442794103,-2.52475672722221,-2.26224392847152,-2.44926841406051,-2.64706542774805
2019-07-31,-2.73919396096021,-2.61922976530185,-2.68060494489075,-2.54457449291663,-2.24471515404919,-2.45735970330845,-2.71336854783905
2019-08-01,-2.65709637244359,-2.58884895502706,-2.66089088782801,-2.48921723409569,-2.12918378366345,-2.44040454442815,-2.71620903869622
2019-08-02,-2.67326387266401,-2.58604569552256,-2.6816953036892,-2.52535901733752,-2.09758239395421,-2.44423693171077,-2.72484637007354
2019-08-05,-2.62738825358198,-2.55236043841123,-2.59129744644555,-2.53697861297213,-2.10815515793898,-2.45335397821105,-2.70594584342881
2019-08-06,-2.61802152529109,-2.55218901078384,-2.58575281756886,-2.53749748804868,-2.12992590375211,-2.46458746294082,-2.66175662482277
2019-08-07,-2.55943531082837,-2.50792587221096,-2.55614603569575,-2.51057701608515,-2.12629326601259,-2.42085163618182,-2.62077961511081
2019-08-08,-2.56096445596271,-2.51245237752273,-2.53711904709668,-2.50808173056838,-2.11625112104613,-2.43193585783628,-2.620691571076
2019-08-09,-2.56523677663692,-2.52051836660648,-2.54228630230122,-2.50264629002607,-2.11250158518247,-2.44187385839141,-2.63729305531358
2019-08-12,-2.53230655257927,-2.48874506653828,-2.51610257302968,-2.45878997958322,-2.09222799788056,-2.44066622755115,-2.50759050343504
2019-08-13,-2.52364798626423,-2.45681032488681,-2.50279644399582,-2.4446242721389,-1.99582892527806,-2.42986415430314,-2.51115147457268
2019-08-14,-2.50737619179056,-2.4361509384057,-2.47944199101013,-2.40880134365855,-1.98746670858952,-2.40494372129872,-2.50261764081395
2019-08-15,-2.49853854744679,-2.41561599496912,-2.45701326113668,-2.41109240573966,-1.95527146004784,-2.37525008138291,-2.45471964139406
2019-08-16,-2.47489078457311,-2.40941035806087,-2.45749160050733,-2.40793412561471,-1.93713663951161,-2.36345712969706,-2.40709552582243
2019-08-19,-2.46672498254975,-2.39716774411177,-2.43591072893532,-2.40469248332039,-1.92938557102435,-2.35983246443221,-2.38282626754407
2019-08-20,-2.46182109743325,-2.39096330625831,-2.42075174825672,-2.41465033775699,-1.88385027291877,-2.35070439639549,-2.37908525599918
2019-08-21,-2.46527936964793,-2.37696038717434,-2.37190230794206,-2.40265540240865,-1.87916895106351,-2.33582081933866,-2.35443530241248
2019-08-22,-2.46284695256126,-2.37816691578388,-2.37047526105502,-2.41733037741989,-1.87592707076967,-2.35348476121285,-2.34480327271019
2019-08-23,-2.44620632567872,-2.42393961639878,-2.35121472195164,-2.38967923843351,-1.57997276364346,-2.36803223155021,-2.33999954413924
2019-08-26,-2.45345556410984,-2.42206326966752,-2.31304154150923,-2.38766894957622,-1.1550205445869,-2.3785067452551,-2.33392793458872
2019-08-27,-2.44828687773514,-2.40865418763081,-2.26722142596728,-2.37738576169736,-1.07403611823997,-2.36484172554096,-2.32465881737903
2019-08-28,-2.44049982770927,-2.40460667469105,-2.27826339561062,-2.36873697672516,-1.07499976328378,-2.36849279290369,-2.31810189528637
2019-08-29,-2.43158949629988,-2.40419523420884,-2.26899682826418,-2.36219709202845,-1.05919184183619,-2.36542119018264,-2.31869338479586
2019-08-30,-2.47232961694953,-2.43145999707991,-2.27866348723664,-2.40240009295004,-1.07076676764209,-2.35213783702796,-2.32636685878957
2019-09-02,-2.47117126535861,-2.44092888872017,-2.27830713488696,-2.40735266380305,-1.07236773925774,-2.35138163323289,-2.3175782690614
2019-09-03,-2.49656095938398,-2.44287092990398,-2.29210295712341,-2.40680672701251,-1.07082730650666,-2.34122895940086,-2.33272402306876
2019-09-04,-2.49986171774355,-2.43591100087616,-2.2902442885315,-2.38885710332344,-1.07202127018949,-2.35793263154875,-2.35605364652873
2019-09-05,-2.5004732359308,-2.40398933228104,-2.28996114632281,-2.38706804731908,-1.07136464003277,-2.37931719176198,-2.36649391284512
2019-09-06,-2.49749056810033,-2.40282199401407,-2.31214464019005,-2.38503591229818,-1.06872484430603,-2.35997447325111,-2.37493208694316
2019-09-09,-2.49126384699472,-2.39949870928488,-2.30559785042992,-2.37920562631182,-1.06384084179033,-2.34263246733096,-2.34661535525641
2019-09-10,-2.51400494528062,-2.41974230206189,-2.32208533130293,-2.42384026792173,-1.06322296096927,-2.35614284537537,-2.43032994295193
2019-09-11,-2.52513829881321,-2.454176503443,-2.322396754225,-2.44515165135964,-1.07305509757678,-2.37085543478688,-2.44113901440773
2019-09-12,-2.55202492577133,-2.48509486548433,-2.33749219701954,-2.48941776791089,-1.07065280507697,-2.37254202111521,-2.45491283050877
2019-09-13,-2.5351434743984,-2.49690763519741,-2.33731738069888,-2.46838222209054,-1.07532009202665,-2.40766011553553,-2.49627852431382
2019-09-16,-2.53166413861176,-2.49645012696735,-2.33332186974033,-2.46330630225697,-1.07907044412268,-2.3997931062904,-2.54056780241971
2019-09-17,-2.53770922578478,-2.49928761185582,-2.34905320277644,-2.48555846499384,-1.08081723401247,-2.3869055913585,-2.56871580848687
2019-09-18,-2.53829336921717,-2.51610960694091,-2.3566080914147,-2.48791798239766,-1.09016458998176,-2.32928687952774,-2.59735533830694
2019-09-19,-2.51895516257503,-2.51864952516241,-2.37663072945264,-2.4918367390071,-1.09047789132282,-2.29790818182085,-2.63288273888201
2019-09-20,-2.52448639910828,-2.52034123413309,-2.37748622214203,-2.48703257943009,-1.09101834356812,-2.28850900280883,-2.64491601725013
2019-09-23,-2.57302075110852,-2.55928997327169,-2.41205192221385,-2.5367421464663,-1.18765647751223,-2.29699593049469,-2.67692032950078
2019-09-24,-2.58500112741484,-2.56510108266416,-2.44056543400935,-2.52352828099313,-1.65144809140596,-2.29453778312627,-2.73197852320186
2019-09-25,-2.58811452678679,-2.57204296398465,-2.49302598560974,-2.52679970414369,-1.93766700751025,-2.29284340818084,-2.75649899095354
2019-09-26,-2.59434076956869,-2.59265278330045,-2.49701378610253,-2.54205100583875,-1.95850962391008,-2.30315825978208,-2.78486157857877
2019-09-27,-2.59876034501011,-2.59626639071353,-2.49411151910329,-2.52022490499771,-2.1019306082191,-2.30874355505614,-2.78381326644292
2019-09-30,-2.60665871454083,-2.60360921425391,-2.51316647949467,-2.53190979875108,-2.13053065996451,-2.33457688361641,-2.83395060461425
2019-10-01,-2.60442663289622,-2.5881844539656,-2.53498162907117,-2.53369088770259,-2.14119463873116,-2.34705957059075,-2.84013717750126
2019-10-02,-2.60095624716586,-2.60541025948624,-2.57598112691768,-2.54907416006486,-2.14672694402483,-2.35301680993882,-2.79402533553375
2019-10-03,-2.60063411586379,-2.6131296483657,-2.57122751964618,-2.55690202846154,-1.98295832706657,-2.32728009571671,-2.70276368723296
2019-10-04,-2.64266590386286,-2.70088339030894,-2.57574552639917,-2.57783014599792,-1.96191350738061,-2.33880040639129,-2.71745644884285
2019-10-07,-2.63375122596926,-2.6871896794666,-2.56493406885782,-2.59906051683063,-1.98053123443082,-2.35260098048795,-2.70182133336584
2019-10-08,-2.64056446980683,-2.69024911320936,-2.57460650333998,-2.60786343100383,-2.01401907462731,-2.36578293253615,-2.7688064148917
2019-10-09,-2.63971582766836,-2.68395530663553,-2.55747264920127,-2.59420904533389,-2.00921038703651,-2.37112287257339,-2.79341415405566
2019-10-10,-2.64264776449361,-2.6789803223079,-2.58172858937983,-2.58344164912605,-2.00669379666807,-2.35923240539978,-2.7918822260023
2019-10-11,-2.63422856270467,-2.67731607421821,-2.59770386879489,-2.5724098585659,-2.03950440203987,-2.37412887151374,-2.75999236580503
2019-10-14,-2.65257613178154,-2.67497082585515,-2.62086544616369,-2.57847033897473,-2.03972877398177,-2.38036058766714,-2.74060744085462
2019-10-15,-2.67352594202223,-2.67599884543797,-2.63836446375696,-2.58604793741802,-2.02741175787384,-2.40364156735725,-2.73492760147477
2019-10-16,-2.63665591518582,-2.65917513446642,-2.62856938037595,-2.5904581076517,-2.02529463257107,-2.38967693775891,-2.71325812097891
2019-10-17,-2.63728466194129,-2.63942453740226,-2.62428892137872,-2.59255609954394,-2.02888737683797,-2.47732149346791,-2.71419979238035
2019-10-18,-2.67996032165539,-2.65792371576351,-2.59389512264524,-2.61612184562225,-2.03573921881479,-2.54522388658393,-2.71582943709542
2019-10-21,-2.66748958371498,-2.64993000090638,-2.59628958122995,-2.61334463660355,-2.03690714274427,-2.55138541459473,-2.71707185383223
2019-10-22,-2.66018856967362,-2.66447239574612,-2.59166032608644,-2.612649108173,-2.03995188686591,-2.54536999899828,-2.70628408030889
2019-10-23,-2.6338728156374,-2.62707839480382,-2.58973137348291,-2.62045184142195,-2.01686931717637,-2.54813519387318,-2.70585000000733
2019-10-24,-2.63948924013156,-2.63247174803257,-2.58931862113122,-2.63169019017538,-2.04981325481071,-2.57653215384834,-2.70491534518964
2019-10-25,-2.65284727437603,-2.63535543412495,-2.59329999541028,-2.64261899719316,-2.02967326699038,-2.57895477889683,-2.70111757753226
2019-10-28,-2.65445422883154,-2.6321659938894,-2.60540882868498,-2.67617976805006,-2.03079854652433,-2.57842048784988,-2.67190515601604
2019-10-29,-2.6577045552843,-2.62452726733405,-2.60112524479703,-2.65706714235988,-2.02873488223682,-2.54735346270026,-2.65467996566295
2019-10-30,-2.64393316938163,-2.61883302246729,-2.53957321253529,-2.59070443581377,-2.02959593038598,-2.54277489013652,-2.65730215793009
2019-10-31,-2.61941261202202,-2.5337730311839,-2.53395780404637,-2.54745819824021,-2.0393537785417,-2.54724232281365,-2.69731732512815
2019-11-01,-2.59287419426361,-2.51676394635397,-2.53208492020336,-2.55879986495794,-2.26236016810196,-2.54401338494002,-2.78788351916172
2019-11-04,-2.60745975220965,-2.52456636767988,-2.53998717248931,-2.56377222296284,-2.33837177453611,-2.53959690269637,-2.7881492065929
2019-11-05,-2.51594340697386,-2.5204817855235,-2.56597152458277,-2.57589078780494,-2.32020155214245,-2.53474146844277,-2.79373329190074
2019-11-06,-2.51976992327559,-2.53088369363414,-2.56373524179913,-2.56690401033454,-2.32708853274184,-2.54077163588092,-2.745841181657
2019-11-07,-2.53970311781545,-2.55705445890916,-2.58048160907549,-2.58435388406861,-2.37526860371433,-2.55560033569743,-2.74607954246385
2019-11-08,-2.51704143186472,-2.53817660807998,-2.56216716108083,-2.60301821395659,-2.38171089623397,-2.58198417103007,-2.74386846853076
2019-11-11,-2.51500457079838,-2.54465464701409,-2.55037944520846,-2.60760408792898,-2.37395174676868,-2.58191031738248,-2.75099342555781
2019-11-12,-2.49693264382454,-2.53628764803654,-2.5341189059093,-2.6125772097098,-2.376682560084,-2.55789988454702,-2.75610290497018
2019-11-13,-2.49087849443814,-2.53474135134842,-2.52930003526248,-2.6134524536761,-2.37940898246791,-2.53350616780955,-2.7570232782112
2019-11-14,-2.52122732896335,-2.55480297691386,-2.5478463883818,-2.62035963857127,-2.36127825995039,-2.5892123494392,-2.78649700441493
2019-11-18,-2.52109307890858,-2.54386007468088,-2.54234752072683,-2.59958158636061,-2.35099858490323,-2.58407586892617,-2.77550386410755
2019-11-19,-2.51141969735986,-2.53897719866568,-2.59790152355421,-2.60236981361546,-2.3548195865043,-2.58030442057414,-2.77501596231995
2019-11-21,-2.52491947801807,-2.53319654630757,-2.60926129746358,-2.60740137306092,-2.34841935246444,-2.5789656275326,-2.76770741146769
2019-11-22,-2.53373319749628,-2.5399564039712,-2.61538220169535,-2.62224739158647,-2.33435628224341,-2.59777300748858,-2.78570376791962
2019-11-25,-2.55445677180926,-2.57255876481556,-2.64798643472962,-2.61443406319379,-2.36899594120743,-2.62580722259749,-2.78287196925815
2019-11-26,-2.55414761067407,-2.56363923683619,-2.66462565500321,-2.60076944972149,-2.33510918657202,-2.63292259089781,-2.76478785176556
2019-11-27,-2.55234452451226,-2.54919223607649,-2.61461423235641,-2.5650779059314,-2.35146039426942,-2.59333119692289,-2.7614655224525
2019-11-28,-2.55248836293125,-2.54849989095978,-2.6013622848836,-2.56878905925097,-2.34667059903613,-2.60110343666932,-2.80715730624346
2019-11-29,-2.55012351114499,-2.54830983595149,-2.61130500713387,-2.58278503009823,-2.35292738354458,-2.63920325917285,-2.82030227577268
2019-12-02,-2.57403081007342,-2.57595587355001,-2.67167330919889,-2.64253082277196,-2.34657864755792,-2.64670349007827,-2.84415494915923
2019-12-03,-2.60416979581773,-2.69798103411208,-2.66431702078813,-2.70013511707716,-2.35165736445364,-2.65761063670033,-2.83570772680785
2019-12-04,-2.62055213086783,-2.72211688743678,-2.69427546273658,-2.73188813101109,-2.35231084508883,-2.69953623178725,-2.85540790144596
2019-12-05,-2.60079095361957,-2.71467587631869,-2.7037297650806,-2.73683714944739,-2.36896386931206,-2.70116590437896,-2.88418246714003
2019-12-06,-2.73299008554918,-2.75083273597685,-2.70753590155659,-2.72826420088856,-2.366758437131,-2.71647552816069,-2.90433519550798
2019-12-09,-2.70939245874581,-2.75349937976757,-2.72426285594356,-2.75523375803444,-2.37572808937793,-2.71358036474755,-2.97964045854361
2019-12-10,-2.68938924031569,-2.75164756310408,-2.7340514299395,-2.75789685220467,-2.34019760678887,-2.71003426812594,-2.9854923377956
2019-12-11,-2.6827359073114,-2.76351556740735,-2.75510328373701,-2.75860098455796,-2.33451916495057,-2.69213337260998,-2.97799351491939
2019-12-12,-2.68529532918214,-2.76475853213196,-2.76300366310414,-2.79397280440701,-2.34413403784209,-2.68663102329033,-2.94027251845341
2019-12-13,-2.68837670566311,-2.77889882725389,-2.76710908724451,-2.82468240394561,-2.35716553187591,-2.7219061200852,-2.85669529859271
2019-12-16,-2.6809068378531,-2.78044433749567,-2.75099117505019,-2.81717896273972,-2.39292276364608,-2.76389280613669,-2.8497790419434
2019-12-17,-2.67567124351045,-2.76888076426466,-2.75693489437615,-2.78192268511088,-2.38495137026403,-2.73948382569576,-2.85987806909856
2019-12-18,-2.66165508238255,-2.76920527401068,-2.76005035135258,-2.77719749647956,-2.37683525607901,-2.77071414210939,-2.85906922740694
2019-12-19,-2.66164496714426,-2.77518626545827,-2.75468825020386,-2.76889814855347,-2.36122830361474,-2.79960924336307,-2.8347837297887
2019-12-20,-2.66082165590081,-2.78720195754508,-2.73707209989354,-2.76241722089065,-2.37641669581759,-2.7910651997684,-2.83226533914342
2019-12-23,-2.66827237092345,-2.7907884856005,-2.7226059575647,-2.7668485880466,-2.36495684700343,-2.76499416868892,-2.83133546836797
2019-12-26,-2.67747067804533,-2.79334864304548,-2.72704852383113,-2.79380757335901,-2.36907049917564,-2.75058321924628,-2.8311386324165
2019-12-27,-2.67947759726988,-2.82041619080138,-2.71183943649577,-2.82658021203084,-2.40526336262143,-2.75354568125855,-2.85940183292281
2019-12-30,-2.68320956417486,-2.84509955180159,-2.77928356808548,-2.84157911013934,-2.41626315739607,-2.80721280982397,-2.8665162065861
2020-01-02,-2.68868932735798,-2.84653167681756,-2.79524108435222,-2.78044870060071,-2.42227476250835,-2.79998072561904,-2.82941662052976
2020-01-03,-2.64586408382741,-2.76540775316332,-2.76064566879831,-2.76295395320298,-2.42711378280351,-2.74956273188709,-2.7792570635685
2020-01-06,-2.64810283316969,-2.73585617459557,-2.75752430927462,-2.72148057035091,-2.44149538098636,-2.72261199501804,-2.75202253267585
2020-01-07,-2.65697367344732,-2.71898634486455,-2.7868738249675,-2.71835918769901,-2.40299426705474,-2.70954041380606,-2.75208647895315
2020-01-08,-2.64421912822611,-2.70108187902197,-2.7767976165682,-2.69964663856142,-2.40683622551094,-2.67592685406232,-2.72117423237516
2020-01-09,-2.62346034091152,-2.67599531083407,-2.75847286392035,-2.67110556974677,-2.41207844889044,-2.63499973466244,-2.71351940522573
2020-01-10,-2.61188620634647,-2.66675217322735,-2.7196760684678,-2.67146357440537,-2.41851954644243,-2.6271774340996,-2.7205816480875
2020-01-13,-2.62154293129707,-2.67233913128549,-2.714455934012,-2.65124050364066,-2.43994846598118,-2.6214079219687,-2.71003464075483
2020-01-14,-2.63236196671627,-2.66633234557705,-2.72251380557143,-2.63051946030944,-2.47795611911019,-2.61250620360788,-2.70279059203758
2020-01-15,-2.65351556216008,-2.66879563645321,-2.71115612516103,-2.62007946344301,-2.5121901944905,-2.61151400284716,-2.71925543252341
2020-01-16,-2.65784173276168,-2.66059512176794,-2.71187693307536,-2.6186971750548,-2.51671438133212,-2.62683276815912,-2.73879754448488
2020-01-17,-2.68291506793044,-2.66428470356014,-2.72897654672515,-2.60578681811289,-2.4938963099049,-2.63334940966328,-2.71077297656643
2020-01-20,-2.68797933068253,-2.66879064489433,-2.74279774968722,-2.60424817460428,-2.50150292376703,-2.62576929091129,-2.69762580639274
2020-01-21,-2.66592848811294,-2.66537921062328,-2.72224839352679,-2.56110692988576,-2.52646640641328,-2.63624838889627,-2.66242847862219
2020-01-22,-2.67498850106878,-2.67545316206191,-2.7420093167027,-2.58284277484458,-2.52566960757161,-2.6104889498917,-2.59463939336535
2020-01-23,-2.63340696697056,-2.61167846362656,-2.68097915242737,-2.59021864220907,-2.51124389974194,-2.54794114747588,-2.55081092116179
2020-01-24,-2.62373671141001,-2.59198178170602,-2.70011773996448,-2.59505072061202,-2.49202380979158,-2.56283266479548,-2.5498628923492
2020-01-27,-2.59289289393965,-2.57805252575341,-2.6722925229085,-2.54001620363474,-2.46294770203268,-2.52779751585041,-2.50085958613367
2020-01-28,-2.58769619299804,-2.57035022466405,-2.649614241497,-2.53057804583042,-2.44275570488602,-2.52392485286387,-2.47204014493308
2020-01-29,-2.59109586106079,-2.5593842648784,-2.63703788955587,-2.44133999285676,-2.44710849427861,-2.51314089397708,-2.43102577936623
2020-01-30,-2.57800351522596,-2.53318017320477,-2.58608870636917,-2.46692211352211,-2.43978632687994,-2.4892912537891,-2.40658130846754
2020-01-31,-2.5637466946087,-2.55144457881265,-2.57945822448862,-2.47621593892861,-2.4297284900128,-2.48255928074475,-2.42177452517691
2020-02-03,-2.59327150707285,-2.5878760183601,-2.5835859298188,-2.46105727698849,-2.38839552594349,-2.49228587346428,-2.41405238275759
2020-02-04,-2.575021939502,-2.57283100695798,-2.57203473625719,-2.46076863390291,-2.38475690768599,-2.49703903092112,-2.41602767094725
2020-02-05,-2.54886886487796,-2.50555567745317,-2.48555927669984,-2.43579607184127,-2.39333441776077,-2.47053243003789,-2.40917314764632
2020-02-06,-2.56354639197861,-2.49645866352882,-2.46196863845666,-2.43496098581805,-2.38802302305558,-2.46020925800032,-2.32357954844105
2020-02-07,-2.55991893803719,-2.48711706728237,-2.46452154320754,-2.43322924553251,-2.37931881459154,-2.49007278437513,-2.31040455152913
2020-02-10,-2.56052711673503,-2.4825723226388,-2.48028296620975,-2.41902419401041,-2.38499392281955,-2.48433219869757,-2.30313942506493
2020-02-11,-2.51617948511828,-2.46875107440778,-2.44254120566107,-2.42595219603166,-2.36240249472692,-2.44272675574146,-2.29917217586082
2020-02-12,-2.51342965837823,-2.46023747538687,-2.41360608741144,-2.41762270662102,-2.35218750587507,-2.43803679830694,-2.28865105864149
2020-02-13,-2.51124830397362,-2.46016089706654,-2.4145160178831,-2.38948144950976,-2.32325304123123,-2.43890506841495,-2.24497222927467
2020-02-14,-2.51188664274161,-2.46146270707609,-2.40916544015449,-2.38565517899791,-2.27083432513152,-2.43483414963234,-2.24674888916811
2020-02-17,-2.51544187504979,-2.47181179030589,-2.3971246826844,-2.39672772691368,-2.27893656400604,-2.43188529021489,-2.2790653286797
2020-02-18,-2.50896002959485,-2.46529023541211,-2.37982160637866,-2.39874650852227,-2.26180345006717,-2.43272934928981,-2.28879398227021
2020-02-19,-2.52394033050577,-2.44438338601953,-2.38441760190147,-2.42110030585064,-2.24476899522531,-2.42552562341033,-2.29913022120596
2020-02-20,-2.53378714366166,-2.44778054137722,-2.3759444687636,-2.42174740408751,-2.18801254889413,-2.43629426472284,-2.32542267804846
2020-02-21,-2.56937618049786,-2.49075794695951,-2.3937349605346,-2.42446483455408,-2.16141770284995,-2.48302640841931,-2.36057598647557
2020-02-26,-2.37435047257427,-2.38330302206833,-2.38181043021329,-2.37673072668144,-2.0400848776838,-2.3726413135715,-2.22911672103555
2020-02-27,-2.29016668957874,-2.30357362562049,-2.28185653281185,-2.39639587161013,-2.0144865728596,-2.36949685427725,-2.20917730847041
2020-02-28,-2.27652992735872,-2.2917510878865,-2.22238747410609,-2.35791620108695,-1.94285026034412,-2.32637036133429,-2.17816770031105
2020-03-02,-2.26460080079456,-2.28219178331614,-2.22941692950937,-2.39322961823434,-1.89837251032206,-2.31800762629383,-2.16478558630559
2020-03-03,-2.25365171133697,-2.27124002983585,-2.21364142324868,-2.38083764254276,-1.87290556668217,-2.29500673420504,-2.1359245782123
2020-03-04,-2.23829872482658,-2.24853611345005,-2.1960242692533,-2.36814439781466,-1.86081838993141,-2.27512281871186,-2.10940730494427
2020-03-05,-2.21358915064404,-2.23020022393813,-2.13314542096242,-2.37172297010735,-1.8423900444956,-2.24034021425275,-2.09572346123934
2020-03-06,-2.1724510262815,-2.18829663999268,-2.09039034886061,-2.23520067439445,-1.67143953672192,-2.21749697246543,-2.08064650890608
2020-03-09,-2.04676082366655,-2.04517495824432,-1.80346422043406,-1.9279380802249,-1.48677339542076,-2.07042198645728,-1.9849944115787
2020-03-10,-1.88616961598469,-1.89753064605968,-1.71337601643431,-1.90726317503453,-1.42379951334042,-1.89583563536225,-1.87102207403614
2020-03-11,-1.78439896645525,-1.80835693994562,-1.61875288885385,-1.83991099189951,-1.34694074306314,-1.72481895785343,-1.78439902877551
2020-03-12,-1.55358095642691,-1.56227504047939,-1.17029572821506,-1.47442912402591,-1.14902367276147,-1.51207976180417,-1.60577884030757
2020-03-13,-1.28902066600525,-1.17219293763804,-0.985738185092362,-1.1483161644184,-0.785942139564884,-1.33658262027394,-1.30995467305109
2020-03-16,-1.18546819689757,-1.07483893278122,-0.879095190710066,-1.05872921135164,-0.712251717848768,-1.25341319375703,-1.1887709512587
2020-03-17,-1.14181282676004,-1.04167156194341,-0.859888994397484,-1.02468450209868,-0.697525499753437,-1.24476295390696,-1.16275033729406
2020-03-18,-1.09651027654103,-1.00074850874786,-0.819137797468711,-1.00485497352125,-0.61320737316976,-1.20719382600029,-1.10142574922929
2020-03-19,-1.06912169241568,-0.975237438201941,-0.788694989765048,-0.985143648234953,-0.573190381122778,-1.17669861051891,-1.07464855025322
2020-03-20,-1.04998617907951,-0.953773122440362,-0.762121159781177,-0.965888474617696,-0.549815239898613,-1.13472980683153,-1.04168938225402
2020-03-23,-1.03425400653172,-0.9401925307218,-0.754251292803359,-0.946186742147123,-0.541062385293339,-1.12839257377627,-1.03376408940121
2020-03-24,-1.00697952140955,-0.911743259937661,-0.721417940630314,-0.912027170946716,-0.518057578876,-1.06663503984666,-1.00052346981868
2020-03-25,-0.98689582552074,-0.877831001514967,-0.699785190749447,-0.884029637256913,-0.494214486416696,-1.04057414264498,-0.972504480416574
2020-03-26,-0.987238719001541,-0.871038701067682,-0.693089130709364,-0.878406134089297,-0.477098146316264,-1.03468025343838,-0.967955907066721
2020-03-27,-0.979045767901793,-0.866147911254332,-0.691708304970072,-0.869404857412096,-0.470869915325818,-1.02570954426013,-0.960612284971595
2020-03-30,-0.975480118076363,-0.863557123936895,-0.69148281312438,-0.866770335196334,-0.467596240427966,-1.02457736276762,-0.950381062613488
2020-03-31,-0.973174801531945,-0.862238591402,-0.688317647393129,-0.864987634051207,-0.465718622512171,-1.0226929419093,-0.949373698949791
2020-04-01,-0.968568133581369,-0.858910506073384,-0.687300533027663,-0.859920751429527,-0.464800283361594,-1.0209479967703,-0.941094578697153
2020-04-02,-0.969908976464924,-0.860117122420462,-0.68648414083722,-0.860213906834072,-0.463401777734975,-1.01547875462682,-0.93658797405462
2020-04-03,-0.96457189199157,-0.850702496862205,-0.68653610163476,-0.856737441155473,-0.45887664966989,-1.00754241174772,-0.93376031133538
2020-04-06,-0.945651835263229,-0.83442355132579,-0.673809910196049,-0.844078674223633,-0.457386706889396,-0.999037729014652,-0.918805625510503
2020-04-07,-0.947028751918937,-0.834897448218201,-0.687128294392783,-0.843768448033268,-0.459879518093447,-1.00134954320449,-0.91911018255742
2020-04-08,-0.963614788953574,-0.846820862858575,-0.69499720748431,-0.845166196031397,-0.464102933484082,-1.01689940647654,-0.92973279340844
2020-04-09,-0.981293116714994,-0.857774081457746,-0.706242095748387,-0.852457533707483,-0.47670096177544,-1.05054677181301,-0.936560587691413
2020-04-13,-1.05277529850103,-0.915987983625129,-0.849272204973362,-0.943023095554339,-0.531473051040184,-1.13501165900862,-0.983501838514164
2020-04-14,-1.18542494637285,-1.08744955285978,-0.964962475822702,-1.1109749920285,-0.697111628799363,-1.23299941715528,-1.10101191567916
2020-04-15,-1.29654176123908,-1.19884004156591,-1.12192639875533,-1.22653820030868,-0.774368272817286,-1.32587706563237,-1.21079290092695
2020-04-16,-1.34756520730631,-1.23669183879467,-1.14354945433911,-1.27034003169115,-0.787755912818645,-1.33201446400215,-1.23310730988117
2020-04-17,-1.42772170405085,-1.3138054044872,-1.25250552932746,-1.31886812365976,-0.922778852526641,-1.39273006303978,-1.31797776096049
2020-04-20,-1.49002126358171,-1.36783170310907,-1.34817771706255,-1.359561519245,-1.01116206321288,-1.43746332078927,-1.3715947012321
2020-04-22,-1.51575824685073,-1.39744267749146,-1.40463534649572,-1.38356923968256,-1.05909394474801,-1.49181837292502,-1.40778020995368
2020-04-23,-1.55384498319158,-1.4256176346463,-1.41840103049301,-1.42728579649974,-1.08363007640381,-1.5000422356043,-1.41852420657322
2020-04-24,-1.59273599016084,-1.44145404902394,-1.47278536376549,-1.4784389223381,-1.05930871644186,-1.57203256162632,-1.44565364382719
2020-04-27,-1.64408715789391,-1.53124171713588,-1.55258366353077,-1.56192130649443,-1.11972660117879,-1.63597347837106,-1.50109888770533
2020-04-28,-1.60594998505874,-1.52362692589751,-1.5412117195638,-1.55492900368876,-1.1813325880439,-1.66020620187336,-1.52609947489241
2020-04-29,-1.66932694119786,-1.56549001890922,-1.59444741202258,-1.60373244200857,-1.22572382978248,-1.7043158747859,-1.55518107413912
2020-04-30,-1.63506025232489,-1.48062300713927,-1.56029500690064,-1.59408604940208,-1.23337534284517,-1.68153912057907,-1.57597199479424
2020-05-04,-1.62565244376642,-1.48045512314679,-1.54382648574427,-1.59314670061074,-1.24433309757669,-1.68950496790327,-1.58199501587836
2020-05-05,-1.64063441651062,-1.49937923656247,-1.5730468206822,-1.63929887528803,-1.27251418942411,-1.70999581100829,-1.62073100157422
2020-05-06,-1.64367229993398,-1.50091210391684,-1.58076964144847,-1.63833043143165,-1.27656237520581,-1.73089203782838,-1.64283688191178
2020-05-07,-1.65956534760476,-1.53678916697788,-1.59659206069348,-1.65756964662738,-1.30785180787222,-1.76702750777713,-1.64953768670614
2020-05-08,-1.70886615031515,-1.580266614893,-1.63609839985126,-1.69964398354019,-1.34792967744361,-1.78891413630764,-1.70709314502453
2020-05-11,-1.74543521144041,-1.61456341048554,-1.66380677434303,-1.80365576767809,-1.4435543569508,-1.79655248895861,-1.72405664808935
2020-05-12,-1.75546557990425,-1.62274566931645,-1.68610705409481,-1.801688311884,-1.43222968701599,-1.78928495987457,-1.70070552018364
2020-05-13,-1.75678372086886,-1.62170655880914,-1.68479020949578,-1.79727518745995,-1.42787437548528,-1.77014450154956,-1.68835193815857
2020-05-14,-1.72160095539257,-1.58174872603507,-1.67230882089166,-1.7710562351785,-1.42185000904232,-1.74275388773524,-1.67148956346156
2020-05-15,-1.72746479435614,-1.59010937463772,-1.67838707909388,-1.76938459111689,-1.41831600425921,-1.73767016629246,-1.67108152404845
2020-05-18,-1.72252246072239,-1.56778588052262,-1.67780642252669,-1.73209209613889,-1.43405668963327,-1.7314313995279,-1.6734413387245
2020-05-19,-1.72046073328119,-1.5698369354759,-1.67535318180206,-1.73610415048388,-1.43076792722895,-1.72346996638554,-1.67262707451599
2020-05-20,-1.73886235930661,-1.58377820571977,-1.68187540129727,-1.74058731916178,-1.43638973771427,-1.74136598742907,-1.68578483054159
2020-05-21,-1.73279957672927,-1.58447699472231,-1.68477877383574,-1.73858414846833,-1.43588988546521,-1.73776341894748,-1.68531506494491
2020-05-22,-1.73617061035671,-1.58539961358861,-1.67048038334832,-1.7389213542906,-1.44293783869711,-1.73424165804029,-1.6929350675634
2020-05-25,-1.71779071385507,-1.57266900726877,-1.65556408803565,-1.73226855017371,-1.4292738740703,-1.73596597791922,-1.69833835241733
2020-05-26,-1.73930649628407,-1.61768901414476,-1.68364688314886,-1.76639050258098,-1.58927073882385,-1.77595533922627,-1.75204408460223
2020-05-27,-1.75136092288073,-1.64087313159787,-1.70599080639816,-1.77454925609005,-1.636660816439,-1.79247544815893,-1.75629054504716
2020-05-28,-1.80345402268919,-1.68948694384012,-1.74972127825214,-1.80332656815091,-1.64308300249548,-1.81335294704337,-1.7628259537235
2020-05-29,-1.81822543170516,-1.70309972655996,-1.76373541019504,-1.8068331408698,-1.64608543219839,-1.83686068646225,-1.77169159608182
2020-06-01,-1.87155397440515,-1.82366976879829,-1.8004458305987,-1.82673731914083,-1.67732605821129,-1.8661016685644,-1.7781075116696
2020-06-02,-1.89780477385248,-1.84273418166386,-1.84606242289479,-1.87448052626454,-1.68878575684342,-1.87119589743644,-1.77988805056954
2020-06-03,-1.90269773759726,-1.82987873177051,-1.81640603101988,-1.84764517034651,-1.6506675451096,-1.85339138511955,-1.79662516411289
2020-06-04,-1.89241325083059,-1.81432234376418,-1.79507130747755,-1.8068188837935,-1.6283514987339,-1.8277017467493,-1.77041636675255
2020-06-05,-1.85424839854031,-1.75862313682199,-1.71263061707345,-1.76518481679693,-1.61524611065196,-1.79955537819707,-1.77811663405227
2020-06-08,-1.86635442659961,-1.76567482178617,-1.71852189841285,-1.77897847760055,-1.59746835076088,-1.80389397470016,-1.78824471429569
2020-06-09,-1.84808029648967,-1.76804425446358,-1.70076155308549,-1.79009885441281,-1.57884292254466,-1.84912139621215,-1.81614895305722
2020-06-10,-1.84432861218871,-1.75597890345037,-1.69910204936272,-1.79726184310751,-1.60480755770052,-1.87139984235862,-1.8153610014169
2020-06-12,-1.820927025708,-1.74764032267947,-1.67591416138012,-1.75103898497733,-1.59985485779574,-1.85534348479201,-1.81686641616358
2020-06-15,-1.82333387220733,-1.7910393590204,-1.66331949129028,-1.75988848594394,-1.59110772563789,-1.87416859475627,-1.7949680010524
2020-06-16,-1.81110352055889,-1.78685209588705,-1.65513453004406,-1.75108177367918,-1.59457428320677,-1.86545442292693,-1.77671568653464
2020-06-17,-1.82990118591952,-1.81495054311137,-1.66664220808386,-1.77057627821609,-1.59445715950571,-1.8622015018749,-1.78515466567582
2020-06-18,-1.82104790324791,-1.80191513610103,-1.66584569898801,-1.76671451958562,-1.58133655334159,-1.87420445438808,-1.79320538906586
2020-06-19,-1.81878428735009,-1.79151103839843,-1.66633761830754,-1.76467720461853,-1.57344584653426,-1.86141149596282,-1.79883619203679
2020-06-22,-1.82374455789342,-1.79810130185804,-1.67111362340408,-1.76959548707173,-1.56866244981202,-1.88792290627909,-1.80416436097756
2020-06-23,-1.83053529536834,-1.80926893853673,-1.68587261608842,-1.76945382416299,-1.55592884303356,-1.89592689431784,-1.80458034996723
2020-06-24,-1.84878632212368,-1.83395465772397,-1.70907042378242,-1.75782642454953,-1.57862715298316,-1.89051736259094,-1.78666177423482
2020-06-25,-1.86039855040164,-1.84957685071766,-1.74919242194777,-1.76579679844443,-1.58262020693065,-1.90567960187488,-1.79715844314922
2020-06-26,-1.86245470420863,-1.84360858178206,-1.75540587547545,-1.76517334560068,-1.55847579023686,-1.90208821933114,-1.80740092491162
2020-06-29,-1.87519606867218,-1.85102375267362,-1.76205468639597,-1.77049743291873,-1.55368028429903,-1.90360880024974,-1.8047029554756
2020-06-30,-1.87446788478459,-1.85544108825221,-1.77259811048639,-1.78054266530234,-1.56007523548745,-1.90656913838632,-1.80205620569983
2020-07-01,-1.88915126767557,-1.87027960630876,-1.78179627187654,-1.78950774511849,-1.5547361886807,-1.90823777990651,-1.82026258778337
2020-07-02,-1.89310599231597,-1.86753971348763,-1.77899029887618,-1.77891583188768,-1.55793378031259,-1.88743770685702,-1.81892849342391
2020-07-03,-1.9338097238211,-1.90862708112953,-1.81970561416757,-1.82242256361605,-1.60357779790401,-1.90527769023351,-1.81809315112421
2020-07-06,-1.93532746574591,-1.91660008134234,-1.83824222341117,-1.86952102454768,-1.62399791483702,-1.93382543358891,-1.85178703949196
2020-07-07,-2.01281897729208,-2.02681026661828,-1.97973526008748,-1.9303439624487,-1.6461666363558,-1.98460355770391,-1.87507593312097
2020-07-08,-2.01885066883437,-2.03073652153,-1.99289755804751,-1.93670259166515,-1.68076729308944,-2.00420162137941,-1.88088242938494
2020-07-09,-2.0552196962453,-2.06259400400173,-2.05328869866004,-1.95884205833796,-1.7272718555466,-2.03878033024781,-1.91951289641481
2020-07-10,-2.07135670572836,-2.090949145217,-2.06872021609004,-1.9745742501485,-1.7455869148491,-2.08545491455008,-1.98348916041276
2020-07-13,-2.10405134252137,-2.12442081451139,-2.1256809009848,-2.05155349174631,-1.76846266739455,-2.15975598073684,-2.05765733780059
2020-07-14,-2.17670983881986,-2.17505673222933,-2.23225439886692,-2.14180816515015,-1.79036750399556,-2.21166816641964,-2.15576052492687
2020-07-15,-2.24078308168205,-2.22925410491721,-2.32420261194425,-2.20635676542017,-1.81469999710516,-2.24198697857159,-2.20762557553479
2020-07-16,-2.24895114418767,-2.24916426996445,-2.33952462773645,-2.24194830680272,-1.81619804669033,-2.26862071671093,-2.24071146107116
2020-07-17,-2.29718535977576,-2.28544764084314,-2.37929724983714,-2.25387260547375,-1.85947028915301,-2.29777612235466,-2.23127670015416
2020-07-20,-2.31797385606636,-2.3181556118551,-2.38878963643051,-2.28064256862669,-1.85243141396351,-2.32977274487563,-2.24350441967942
2020-07-21,-2.34097995874425,-2.31832926786606,-2.39923804353854,-2.28519130431825,-1.90596397740965,-2.32156466614266,-2.22458964435933
2020-07-22,-2.35849838405706,-2.32745407827269,-2.40832255590703,-2.31345668293555,-1.94340615958837,-2.32709341235543,-2.23843992463472
2020-07-23,-2.3938706118476,-2.36051956034878,-2.45330930988369,-2.36449781414615,-1.93278745579914,-2.36552913179325,-2.30143815771136
2020-07-24,-2.39886211480017,-2.3543828177553,-2.43389167877704,-2.36408932050858,-1.92160857288852,-2.35672730516871,-2.2951389713314
2020-07-27,-2.40965328799434,-2.3807882597809,-2.42599462949843,-2.39466179010147,-1.96017564246537,-2.36239427714641,-2.29447110103153
2020-07-28,-2.39924295489777,-2.34095773921532,-2.41686529567653,-2.37583961645583,-1.96366178605277,-2.34756901840955,-2.33293864497356
2020-07-29,-2.3983179726136,-2.36103226150353,-2.42895235660799,-2.33271958820431,-1.92763753892127,-2.35139858548448,-2.34737654587534
2020-07-30,-2.36694205764815,-2.32337303565162,-2.38761664768582,-2.30734324174808,-1.91844318774657,-2.31969540523037,-2.34764379692983
2020-07-31,-2.39095734576959,-2.31625274295815,-2.42116270639854,-2.34117260766346,-1.91666669348954,-2.36364645413232,-2.38934602702657
2020-08-03,-2.35246117158488,-2.30382201905859,-2.3842090619355,-2.32803350627559,-1.89902362776073,-2.3801653981794,-2.39046912614735
2020-08-04,-2.26833062002409,-2.29260657359229,-2.36856314695098,-2.29763798046677,-1.88605128121491,-2.37690435186276,-2.37996724029798
2020-08-05,-2.27158707999081,-2.28682118226112,-2.35136868842866,-2.30076138101116,-1.89971599967858,-2.36514027464915,-2.37371647213656
2020-08-06,-2.26150453828584,-2.28811729189116,-2.32365308677927,-2.29138657790328,-1.89841778664121,-2.34442520917616,-2.36151007747616
2020-08-07,-2.21420740328957,-2.24175766993038,-2.28474070112208,-2.26425357890717,-1.88821501554073,-2.32896432029499,-2.34826870455149
2020-08-10,-2.21474598752695,-2.24617202095152,-2.28360327748608,-2.25900898143748,-1.87941251563842,-2.33245626868113,-2.34932823810511
2020-08-11,-2.20896275210062,-2.24309778293016,-2.28731218966036,-2.2469182737022,-1.85982971660184,-2.35152086088897,-2.37571744482071
2020-08-12,-2.20778506556257,-2.23916866046155,-2.27418814154376,-2.21037717553331,-1.86833102851179,-2.34375587720676,-2.36893279592247
2020-08-13,-2.20951586243812,-2.24161640973739,-2.25815725994382,-2.19685689044951,-1.86251568956949,-2.38388999735002,-2.38435870928449
2020-08-14,-2.19530635269308,-2.24468625433809,-2.25733846232284,-2.18497624155403,-1.88994047752889,-2.39764497821185,-2.35026558020058
2020-08-17,-2.18216609902468,-2.22949061316737,-2.23465311966484,-2.17548846777993,-1.8735841526461,-2.38164762414418,-2.34090459543831
2020-08-18,-2.16659940099304,-2.21718486232127,-2.22633781079402,-2.16445062417156,-1.88382158441851,-2.3718271475482,-2.30521369227376
2020-08-19,-2.17680749931829,-2.23440205759145,-2.24123678119811,-2.1738686175498,-1.8962521325701,-2.38748836502295,-2.33830960577002
2020-08-20,-2.16668485215179,-2.22089652520992,-2.23359999458025,-2.1577622020121,-1.87634286405511,-2.37956648531127,-2.33148041261434
2020-08-21,-2.16162065561038,-2.21730332517474,-2.23259455187409,-2.16023016809654,-1.92544840201249,-2.38279875239736,-2.35360160654762
2020-08-24,-2.16392893333,-2.22865121720586,-2.22453181171044,-2.15644482647558,-1.96273386769911,-2.3763913859444,-2.37016605441812
2020-08-25,-2.18234465595158,-2.23828828454728,-2.23786104115902,-2.15230260449362,-1.96641654117183,-2.38029196569625,-2.36124156923161
2020-08-26,-2.18240749751501,-2.25987837532075,-2.24036545390386,-2.1623542274507,-1.94361724138278,-2.37958988538112,-2.33145929537411
2020-08-27,-2.18747458028374,-2.25144957567958,-2.22661967984936,-2.2047606145795,-1.99929096832312,-2.36460718099344,-2.33289532821349
2020-08-28,-2.20715656362963,-2.27978862495907,-2.26692577969954,-2.24078487435603,-2.02493085865834,-2.41280892914956,-2.33361672498202
2020-08-31,-2.20423864493609,-2.30353296768129,-2.27607968121545,-2.25455049012525,-2.04282541243896,-2.40264929927913,-2.34579858467217
2020-09-01,-2.21567050330681,-2.31104781695994,-2.30237928215875,-2.26807290923026,-2.06404075625994,-2.40244877014252,-2.35730558201774
2020-09-02,-2.31702166731008,-2.37011839392932,-2.35480259861617,-2.31089140794467,-2.07802952547676,-2.42028167489782,-2.38150171078702
2020-09-03,-2.29112882407045,-2.34164763721913,-2.31376779616039,-2.27521488405592,-2.06021219252179,-2.39943613009948,-2.35439678781145
2020-09-04,-2.28795509038739,-2.34076173244403,-2.32804771959396,-2.26899703850232,-2.01533627674045,-2.40763304053397,-2.34386573910129
2020-09-08,-2.33095063418297,-2.39834016902702,-2.35754668442272,-2.29111657885491,-2.01127194058711,-2.42337354830604,-2.39990440281123
2020-09-09,-2.32756736603941,-2.39933727048724,-2.35968352390379,-2.29033183951943,-2.02301167335832,-2.40842981140486,-2.38506515255434
2020-09-10,-2.32920459142711,-2.39135606304612,-2.35321011909527,-2.29532487462804,-2.05806423553671,-2.37533837992404,-2.38034891135236
2020-09-11,-2.345150668921,-2.40461135241799,-2.36740980464306,-2.3368001428201,-2.07105981595313,-2.3719933822449,-2.38961699302156
2020-09-14,-2.32962190424729,-2.40231314188258,-2.37660472388055,-2.34440580145581,-2.08192267752392,-2.38591414246319,-2.39052740194285
2020-09-15,-2.34671629660715,-2.39964816787823,-2.38105666271925,-2.36043765087051,-2.08927984877388,-2.36759860871855,-2.42640886906638
2020-09-16,-2.3510977581082,-2.41436628569726,-2.40845160454713,-2.39903340637598,-2.12124487875335,-2.38714770189136,-2.44290192229131
2020-09-17,-2.38339710835337,-2.42739633339537,-2.41664241991988,-2.41998012211667,-2.16932802009018,-2.39597275238176,-2.46848592522974
2020-09-18,-2.37677786194256,-2.42767165361062,-2.40305311605275,-2.42354828459232,-2.15062527905943,-2.39048075652204,-2.45848497860618
2020-09-21,-2.38077793588174,-2.42931125379824,-2.39184531720728,-2.40469921233243,-2.14539354400366,-2.37770601662766,-2.46285243838122
2020-09-22,-2.37816910806837,-2.4230933664349,-2.36684338510522,-2.3978333248307,-2.10672455960725,-2.37189992605704,-2.44332547128299
2020-09-23,-2.38270262596064,-2.43035389692685,-2.39662229094468,-2.40988353758684,-2.10364068273774,-2.39888336779747,-2.43257205467878
2020-09-24,-2.36406241808307,-2.42815576230779,-2.38644396110432,-2.40478223512659,-2.11477001887299,-2.37159520463513,-2.42099442865322
2020-09-25,-2.38134304010154,-2.44715227505364,-2.41446236058639,-2.41873529389917,-2.15796579624965,-2.39947033665272,-2.44714149451363
2020-09-28,-2.30967855313581,-2.38931126867085,-2.35598862482157,-2.30178835630592,-2.11911967113034,-2.33949951213188,-2.41401721923795
2020-09-29,-2.30920596962589,-2.39533901778174,-2.3507104826291,-2.29060920087983,-2.10832712135128,-2.32971023737909,-2.41898890487631
2020-09-30,-2.31508168956391,-2.40110057800864,-2.34259248779147,-2.26968342596544,-2.10617452364273,-2.34836723296672,-2.40962698632091
2020-10-01,-2.334965600323,-2.41108122098998,-2.33980679226982,-2.25205102104937,-2.10732123273079,-2.34594147095768,-2.40853130598575
2020-10-02,-2.28696933698692,-2.33531499554017,-2.27294621431585,-2.21312975736523,-2.08826684421576,-2.32900539622655,-2.37264008074228
2020-10-05,-2.32982624684142,-2.36050485002078,-2.30657491765872,-2.25261852531801,-2.10789966679855,-2.35776319081011,-2.37480093748192
2020-10-06,-2.33328745913823,-2.36367441620665,-2.31390672805261,-2.27125861777388,-2.16283568469556,-2.36711118481759,-2.3716419963816
2020-10-07,-2.35045135596007,-2.37250462187486,-2.31797980492854,-2.27975108565759,-2.18274132531787,-2.37607368670702,-2.36693731675862
2020-10-08,-2.30024060422644,-2.34379569998822,-2.27724966815987,-2.23691516009746,-2.18585344573552,-2.36122257163621,-2.37791733783889
2020-10-09,-2.27441236659767,-2.31581487315197,-2.26988907384623,-2.19223054450677,-2.17363009220659,-2.36306103643259,-2.31882171942287
2020-10-13,-2.27895381453265,-2.31953186839227,-2.27219657050204,-2.17785459913762,-2.17802701144144,-2.38091072491418,-2.32254571337558
2020-10-14,-2.30947852627095,-2.34477245179095,-2.28179231759131,-2.17463610498881,-2.17186082174232,-2.38757092733306,-2.31463090050369
2020-10-15,-2.30810706934284,-2.32607289174705,-2.25488223703695,-2.1554297233057,-2.17320019543861,-2.40126802995347,-2.30159340369761
2020-10-16,-2.32538817667957,-2.33746077604511,-2.25913007205467,-2.15128656594419,-2.17959136228969,-2.39840425701633,-2.31415276451602
2020-10-19,-2.28840579859751,-2.31373399092774,-2.24684234537327,-2.13391105513639,-2.11929390794972,-2.39530987737339,-2.27475877598796
2020-10-20,-2.28366044603426,-2.29329479517247,-2.24412969026322,-2.12360682165447,-2.12175607086555,-2.39376394726306,-2.27406695235323
2020-10-21,-2.28327765907201,-2.29617097962186,-2.2680124931499,-2.1398136858229,-2.1469491589481,-2.418887669083,-2.29682327375335
2020-10-22,-2.26591500662979,-2.27720891449966,-2.27815858196747,-2.12865059642258,-2.19378566754313,-2.43466749444325,-2.31191251301853
2020-10-23,-2.25922423028564,-2.25528326391453,-2.26988640247417,-2.1181732205494,-2.19826479455775,-2.43028699801462,-2.32386211893516
2020-10-26,-2.27011627404216,-2.25701450843349,-2.27186187892054,-2.11044172325355,-2.17000216099031,-2.43226906091226,-2.32998383812895
2020-10-27,-2.22932627891992,-2.20845230569338,-2.24470130490283,-1.99808421448154,-2.16825784676818,-2.40402489815242,-2.31146956493129
2020-10-28,-2.25234028493947,-2.22998622625762,-2.27452284179919,-2.02636679066421,-2.173390586549,-2.44148482698776,-2.28485345723788
2020-10-29,-2.22017871343032,-2.17609231461841,-2.24294512877831,-1.98857795079785,-2.0705794932705,-2.36249357152442,-2.18067599667161
2020-10-30,-2.20653388792082,-2.14897084523524,-2.22771461208813,-1.98057605703533,-2.04815630470004,-2.33449111972124,-2.16938147248999
2020-11-03,-2.19039043000965,-2.1273307527126,-2.2138670513663,-1.97432773319147,-2.03017803747766,-2.31802850038188,-2.16927138077296
2020-11-04,-2.09560156661774,-2.14031108242834,-2.26318061465002,-1.97730811594684,-2.0335820233643,-2.3326154427064,-2.18185969790051
2020-11-05,-2.09225828121711,-2.13306904561875,-2.27529911022796,-1.97138796170633,-2.0138923501108,-2.3377857399972,-2.19212211895183
2020-11-06,-2.09374746921486,-2.14070352149171,-2.2872273717321,-1.96392079590985,-1.99595936867925,-2.34106157469709,-2.19784094126194
2020-11-09,-2.02244121929641,-2.00968044083111,-2.16686503082338,-1.92929391915411,-1.93592954756691,-2.29387170982943,-2.16397207925944
2020-11-10,-2.03847463095406,-2.00416488375487,-2.16516067471657,-1.94102259242463,-1.93641877174369,-2.30002666545724,-2.15111539501127
2020-11-11,-2.05472083402242,-2.00654279590315,-2.15536604124904,-1.97281763061337,-1.9371309858091,-2.27483820398205,-2.1814359376585
2020-11-12,-2.03253950952497,-1.99606975195012,-2.1326851473104,-1.98007798045991,-1.92680737920125,-2.26895031471219,-2.18508327492742
2020-11-13,-2.02943478194427,-1.98471613113844,-2.12930649961474,-1.98481846082656,-1.91700063674541,-2.26490578699065,-2.18011239307517
2020-11-16,-2.03202826813663,-1.99366063636802,-2.14565578081777,-1.99880733106379,-1.92441537926163,-2.26416925368242,-2.17221114313247
2020-11-17,-2.02535417137479,-1.98392123435031,-2.1421263835823,-1.99890534268529,-1.92518874535798,-2.24718596233722,-2.17323072005605
2020-11-18,-2.04022778374608,-1.99204270956412,-2.14557981189587,-2.00663443097241,-1.95174263515069,-2.24262368177842,-2.21030566879813
2020-11-19,-2.0387787226369,-1.99605967402174,-2.13794275821811,-2.0094404564366,-1.95506277970862,-2.25055912275648,-2.20858667031906
2020-11-23,-2.05202537093838,-2.00667184615435,-2.13533470352501,-1.99463072561206,-1.95906875758724,-2.26458071667501,-2.20416138089781
2020-11-24,-2.05450952602476,-2.00356802001911,-2.13069288617268,-2.00035782767563,-1.95671274451975,-2.23928445388218,-2.19000185856689
2020-11-25,-2.05573808044389,-2.01511431094814,-2.13011987501022,-2.00423972931694,-1.95510494296283,-2.23984238548588,-2.18512934836415
2020-11-26,-2.06128937381137,-2.01786948813351,-2.13401389125842,-2.01278334917822,-1.97696458754446,-2.25350624878525,-2.18723136277916
2020-11-27,-2.07260609449763,-2.04279798012693,-2.15088363302618,-2.13266900110486,-1.97900299860365,-2.26532213864295,-2.20872552337664
2020-11-30,-2.1097273978679,-2.06030122440733,-2.18470048948945,-2.1635316609867,-2.01149534386566,-2.29021896324192,-2.2467008192526
2020-12-01,-2.1051295656389,-2.06820570036408,-2.19889519555734,-2.17437583073391,-2.08108015281385,-2.34820292917876,-2.36156580577746
2020-12-02,-2.11911208699712,-2.09444085442777,-2.21867305385743,-2.19364075463798,-2.07638617660531,-2.38107848841643,-2.39039837965998
2020-12-03,-2.10899732076675,-2.0702895896656,-2.22534134474578,-2.18531129761097,-2.04589054916254,-2.35181202093437,-2.39694107325123
2020-12-04,-2.21825823961562,-2.08918406813388,-2.22952617849441,-2.20985857262091,-2.04158837047522,-2.35580916450931,-2.41513009068064
2020-12-07,-2.21290080557459,-2.08627649260185,-2.19121425819176,-2.20709741099554,-2.06725995646791,-2.32834588088203,-2.40695887266219
2020-12-08,-2.207312006202,-2.0822280550322,-2.16490236581894,-2.20461477544673,-2.07388820336135,-2.31190914089061,-2.41159200617378
2020-12-09,-2.31557733715888,-2.22825805909162,-2.27259358680413,-2.2611014137903,-2.16761260950616,-2.35625400719981,-2.45527641559936
2020-12-10,-2.33920057657949,-2.25710939869205,-2.29956364405248,-2.2789566186331,-2.15213542804919,-2.35727749591742,-2.47755152429614
2020-12-11,-2.33952380215443,-2.27153321424546,-2.30630281460168,-2.28107758613255,-2.15142822721362,-2.40991782527045,-2.49715247678929
2020-12-14,-2.38159110987321,-2.2878804958263,-2.33420804685927,-2.28893767785729,-2.1542415038944,-2.42016409752243,-2.4957190017877
2020-12-15,-2.38480696319475,-2.29810752130561,-2.33745577071684,-2.29727103867098,-2.18215540728734,-2.42188494148096,-2.53420936923218
2020-12-16,-2.3801485957238,-2.28732968787115,-2.31795889573595,-2.28378255284137,-2.16735442626956,-2.40764036417303,-2.53625236717701
2020-12-17,-2.39246378584429,-2.29340052318449,-2.32226020538681,-2.26645555551412,-2.16686156439058,-2.43402498794055,-2.54779644886408
2020-12-18,-2.39693505576266,-2.29528526399841,-2.32856856196982,-2.27053272745243,-2.18793190359011,-2.44578583728746,-2.44662870761007
2020-12-21,-2.37613367972913,-2.26360106096934,-2.30080975488105,-2.24790388555232,-2.14438165375851,-2.40229063023429,-2.38402409662399
2020-12-22,-2.37418387599354,-2.26430478020134,-2.29672363366191,-2.27887428472305,-2.15179540217019,-2.39011132613904,-2.3834274255758
2020-12-23,-2.39943877884163,-2.29011517346287,-2.3157628124846,-2.29636676202753,-2.14507526203041,-2.41256035757103,-2.40542966756817
2020-12-28,-2.41764543820003,-2.29697162716425,-2.33178933323022,-2.30916523535964,-2.14864116195258,-2.41894860078084,-2.41735145104948
2020-12-29,-2.42522702671842,-2.29860820264988,-2.34385738614865,-2.31445367601203,-2.14691504322072,-2.41042538065582,-2.4247271662395
2020-12-30,-2.46240788671535,-2.30920764331221,-2.35191619524534,-2.31906459570975,-2.15635518458036,-2.41334488554968,-2.41940624402036
2021-01-04,-2.45219014502738,-2.29449660524632,-2.3349639389176,-2.31121016747048,-2.14145602867195,-2.41667446693367,-2.41462985708304
2021-01-05,-2.52075886506887,-2.34345805918227,-2.35802751934229,-2.38988355152652,-2.14686975871899,-2.42143652585923,-2.42390201767187
2021-01-06,-2.49611827017561,-2.32844228109864,-2.33684734681502,-2.39396918117132,-2.14417027937716,-2.40096299181512,-2.40951012088609
2021-01-07,-2.50044157828943,-2.37355388306674,-2.33310832224444,-2.40674569929365,-2.20565875353076,-2.45700174675466,-2.40027860293157
2021-01-08,-2.50049402499968,-2.36134276724129,-2.32236279462701,-2.36570126604406,-2.20823427802126,-2.41623404649893,-2.38207289058017
2021-01-11,-2.50250676300053,-2.36410969099348,-2.36558768612093,-2.40849409888036,-2.19630859498569,-2.45105755926371,-2.38592358835976
2021-01-12,-2.53647613641811,-2.38014368915215,-2.39600072372436,-2.43362681169321,-2.20116497862683,-2.46770566382278,-2.38767059994165
2021-01-13,-2.49635566729604,-2.35142649768508,-2.34891085238136,-2.37922666514509,-2.16994860556798,-2.45756130273204,-2.36796460868461
2021-01-14,-2.46640145607286,-2.33953239773019,-2.34815224782357,-2.36345183414035,-2.18143236972779,-2.45823919092487,-2.37138666927281
2021-01-15,-2.44205166852938,-2.34434021578326,-2.37003639147978,-2.35437435217357,-2.18944876480281,-2.45809366732238,-2.34588371312814
2021-01-18,-2.43372615998797,-2.3348705896962,-2.36743006204878,-2.33858429938951,-2.16955163067898,-2.46150710613201,-2.34433427833908
2021-01-19,-2.41365962829193,-2.32604975336244,-2.36562680030444,-2.31951592230947,-2.14220388971728,-2.43825845016981,-2.33206255306949
2021-01-20,-2.42798909272929,-2.35563192117256,-2.40423876741976,-2.32534552487728,-2.1469040689831,-2.45679443247326,-2.32918280872891
2021-01-21,-2.42075275711506,-2.3571633554694,-2.3939566798641,-2.33339093613815,-2.13692461037483,-2.44869717761808,-2.31647941528249
2021-01-22,-2.3891283177932,-2.32768552496312,-2.37154118842723,-2.31167937754382,-2.09874840930983,-2.42529542101739,-2.38488342950532
2021-01-26,-2.33234773793851,-2.31100263532966,-2.39733921947164,-2.28691873432267,-2.13178661595492,-2.40163492611851,-2.41791290988386
2021-01-27,-2.29828481311463,-2.28084172840377,-2.37174958558606,-2.27323647354664,-2.12428899921895,-2.4059749163026,-2.40693926293534
2021-01-28,-2.27495094711141,-2.26460310892332,-2.34424234126412,-2.25457835130227,-2.10606149970756,-2.399024046382,-2.38617052240227
2021-01-29,-2.25466843719708,-2.24133316658596,-2.3161216811165,-2.22979907369252,-2.0513400503196,-2.3751426986738,-2.33783046503956
2021-02-01,-2.22295375552915,-2.22686523787935,-2.30290072439907,-2.21164310816001,-1.9806250692996,-2.37492997453757,-2.30662311770048
2021-02-02,-2.19580460136879,-2.19616476710153,-2.27955283079181,-2.16889013310577,-1.9643097995894,-2.37181161697885,-2.28361089762772
2021-02-03,-2.19785694252283,-2.21253087500445,-2.29064186946389,-2.07392581272535,-1.9636895455315,-2.38021566987695,-2.30268737127285
2021-02-04,-2.20375115957978,-2.14629858813105,-2.29700340173285,-2.07762051005532,-1.98939912990352,-2.40111408274582,-2.32067444281655
2021-02-05,-2.22789683873736,-2.167526753758,-2.32294778994706,-2.07605571584322,-1.9621284336058,-2.42632702105895,-2.32437939023051
2021-02-08,-2.25115586366222,-2.18058786240369,-2.34707672246931,-2.09890297474627,-1.96274865098556,-2.41938369321733,-2.30387010733362
2021-02-09,-2.2336574125604,-2.18306255649814,-2.35749611279169,-2.09967636956564,-1.93938348010948,-2.45267974096164,-2.27846827262666
2021-02-10,-2.2400399553173,-2.19672943601413,-2.37058130186474,-2.09725769743965,-1.9333956788221,-2.4557528739043,-2.25792044341601
2021-02-11,-2.23252723880652,-2.19545416076668,-2.38511376631052,-2.09078226858308,-1.9396696420654,-2.40348206694291,-2.25222249661147
2021-02-12,-2.24203104851687,-2.20679841608048,-2.41682795703968,-2.12048364594203,-1.95638816826179,-2.41467774964918,-2.25946435388989
2021-02-17,-2.26554916697005,-2.2218073253511,-2.44668454214243,-2.13297152288931,-1.94662312012887,-2.43167107942404,-2.27261969767835
2021-02-18,-2.27526804577758,-2.22175778641234,-2.45772537806521,-2.13417780751602,-1.94572867975988,-2.44252997111197,-2.2955793426583
2021-02-19,-2.27079856455452,-2.22181277293579,-2.46899307173151,-2.13915697644224,-1.96483801639536,-2.44690102104787,-2.3017127528601
2021-02-22,-2.20645787078707,-2.16534742710825,-2.01681794491477,-2.11718628041397,-1.95264223972757,-2.37517700634353,-2.26121599510464
2021-02-23,-2.17764879170343,-2.13891180576498,-1.95090751320544,-2.11630899663843,-1.95320817617227,-2.34285743150408,-2.22177495212742
2021-02-24,-2.17157763179765,-2.13061974953287,-1.94236473389773,-2.11017857511526,-1.95450460137269,-2.34451312210021,-2.2240317201303
2021-02-25,-2.18190736991978,-2.14042762106189,-1.92148226462835,-2.11919700428203,-1.96275512668343,-2.35046485062219,-2.2084788579323
2021-02-26,-2.23010007644122,-2.16943372793445,-1.91355493883098,-2.15226311395642,-1.93977510351831,-2.38840403797932,-2.15262895123947
2021-03-01,-2.24642562739306,-2.17207363130014,-1.91009499493071,-2.14991703858905,-1.94507629358775,-2.33503191541392,-2.01600983503593
2021-03-02,-2.13356831875889,-2.09210134111611,-1.86835280557713,-2.05546093282595,-1.91692158474333,-2.28579713241873,-1.94774532634776
2021-03-03,-2.09867719909723,-2.07829157953328,-1.84972401771497,-2.02230033753016,-1.90167812361598,-2.26939575762294,-1.95077787081904
2021-03-04,-2.0965866270078,-2.06443906314244,-1.84060477799983,-2.01090932456224,-1.91703566939067,-2.25151216370478,-1.95064418547828
2021-03-05,-2.09840825778636,-2.06500913288674,-1.8439828586345,-2.03108062429848,-1.89438832277879,-2.24930407330342,-1.95224243299332
2021-03-08,-2.03440785425536,-2.00509443801935,-1.81502787151697,-2.11255868898597,-1.88661940977972,-2.18953952345249,-1.91661799267291
2021-03-09,-2.02094069868166,-2.05466687253484,-1.80631585795944,-2.10617053707539,-1.88124832058858,-2.18362518948541,-1.88581277031325
2021-03-10,-2.01192822848586,-2.03932444207777,-1.79352669473094,-2.10139818050716,-1.90757526152048,-2.16536556727116,-1.87977542947127
2021-03-11,-2.00134594061625,-2.01718166568217,-1.78306731496075,-2.09268294055612,-1.90359278254321,-2.16405279775763,-1.89029756677919
2021-03-12,-2.01678698948007,-2.02795813197345,-1.78528932569749,-2.10736995965085,-1.92630605040426,-2.1618611874082,-1.91045094743117
2021-03-15,-2.0220831554505,-2.03075081695464,-1.78403171774149,-2.09714075693798,-1.93842353003534,-2.15449741649343,-1.92288246947129
2021-03-16,-2.01945951224525,-2.02322047317808,-1.78036585298729,-2.10700679421562,-1.9451210853085,-2.18973681204309,-1.91996498410479
2021-03-17,-2.01528898735099,-2.01778398019486,-1.77512525480166,-2.10431418326583,-1.93168168012542,-2.17922808761903,-1.92057474243367
2021-03-18,-2.00633880994198,-2.00705851428962,-1.76545518459629,-2.08877076454907,-1.93666173304568,-2.17237697110807,-1.92017678112102
2021-03-19,-2.00634269208978,-2.00443483666102,-1.75901769408719,-2.09301456896931,-1.9283735603994,-2.14080506537311,-1.91611770673789
2021-03-22,-2.00258212459356,-2.00358713333948,-1.75832998836233,-2.082230100825,-1.92579449055833,-2.13891365412179,-1.91355560021879
2021-03-23,-2.03866160680388,-2.0407624405568,-1.99561323436591,-2.09664048936832,-1.94296294375003,-2.19730681700188,-1.9274262376154
2021-03-24,-2.06128706449431,-2.0627186006417,-2.04251712863483,-2.09801748430929,-1.95075205800202,-2.21905740450294,-1.95715413090167
2021-03-25,-2.06821184439349,-2.07344525444428,-2.05385575804681,-2.10442163728493,-1.94061818266257,-2.18281794585213,-1.95171598432033
2021-03-26,-2.08050415435762,-2.08442991429569,-2.08590776010081,-2.09689924445026,-1.95875750581226,-2.17952033476148,-1.96312852369758
2021-03-29,-2.09085978248418,-2.09666278295099,-2.11480260397269,-2.08287394919029,-1.98806313571984,-2.19440719232183,-2.01208228254591
2021-03-30,-2.11610409288895,-2.13079879985405,-2.13836919987582,-2.0911830755306,-1.96832809902627,-2.2428598450637,-2.17047875322823
2021-03-31,-2.21952269739681,-2.20691602754789,-2.22728485799762,-2.19056064744734,-2.01558575556571,-2.30326713467741,-2.27902180083574
2021-04-01,-2.27494771525481,-2.23673212227595,-2.27895100060937,-2.2427324646427,-2.07330745362633,-2.34308044791012,-2.31664076521302
2021-04-05,-2.30170335893405,-2.2582978752224,-2.30308471772546,-2.2647730609768,-2.11071502043159,-2.38231513040346,-2.32904776109066
2021-04-06,-2.32376208276635,-2.27765303458516,-2.31884502209546,-2.28395101228834,-2.13504607867468,-2.40441609838416,-2.34043150630321
2021-04-07,-2.43731278662591,-2.38413028687856,-2.40565408646919,-2.32892349742856,-2.16903817998137,-2.49452642941448,-2.39528540457331
2021-04-08,-2.48365856621198,-2.40992321093292,-2.43816997425596,-2.3405394454114,-2.18425364680887,-2.4956563597577,-2.4793708189429
2021-04-09,-2.50461413791154,-2.42078778639192,-2.47273410904329,-2.35092762194671,-2.23102568144184,-2.53364646378502,-2.50896174532802
2021-04-12,-2.54141063792389,-2.47193406667704,-2.51236694491334,-2.37689681028076,-2.27952611496873,-2.55292388807623,-2.50456916232497
2021-04-13,-2.54063508984937,-2.47009168880533,-2.50670588114277,-2.3714443846741,-2.28785400280027,-2.57649874391795,-2.4994056073811
2021-04-14,-2.50650751973151,-2.44852228053125,-2.5126177833099,-2.361696800008,-2.29284042171346,-2.60841452979511,-2.50443452727096
2021-04-15,-2.51928197193864,-2.46148114128344,-2.52216926159133,-2.34533580616824,-2.29429489230178,-2.62145079520336,-2.54176263910661
2021-04-16,-2.54184153325337,-2.47760688919247,-2.5732502634191,-2.36586689660714,-2.27877965047443,-2.64978746791786,-2.54459311084581
2021-04-19,-2.57637260974443,-2.50953265577673,-2.60855003783541,-2.39773265795212,-2.2700251873457,-2.622379399105,-2.54690908140197
2021-04-20,-2.59550568609079,-2.534427767962,-2.63191349335819,-2.40805978376879,-2.28297228002327,-2.69789007831097,-2.56995767829999
2021-04-22,-2.62962763942536,-2.55851677573653,-2.64174235199068,-2.45215330082516,-2.28151771597963,-2.70827497286346,-2.57886074469763
2021-04-23,-2.67718670936294,-2.5901297092298,-2.64922310781172,-2.47523592670303,-2.28879252965357,-2.71723126326775,-2.60274233691577
2021-04-26,-2.67209435950009,-2.54743517883502,-2.68733050070255,-2.47631000751871,-2.28906779677894,-2.71638589894185,-2.58483682706183
2021-04-27,-2.67062006458246,-2.55576127821347,-2.71274556947066,-2.49777714753542,-2.26947184504049,-2.82131662931018,-2.6097889944353
2021-04-28,-2.62665142026393,-2.53145302411021,-2.72679767932056,-2.39618850713713,-2.28503246659731,-2.85466684903425,-2.6244972291518
2021-04-29,-2.61761100270576,-2.51095611460784,-2.72699378377021,-2.38654688198866,-2.28615190655126,-2.84915101745327,-2.62526357782079
2021-04-30,-2.61362766358403,-2.50751245277472,-2.76303295939377,-2.39821789118273,-2.30811904917595,-2.85379837259426,-2.65412503558821
2021-05-03,-2.62737406300392,-2.50604875619861,-2.76497652875095,-2.40446775067081,-2.29591792136159,-2.85251479322955,-2.64435626385617
2021-05-04,-2.56179069199276,-2.49659414165847,-2.76538260775453,-2.42564501057404,-2.29931467021828,-2.85259588413591,-2.63864716966361
2021-05-05,-2.52191820600289,-2.44731643653588,-2.74959448440615,-2.43154496688133,-2.30626654416369,-2.84296227913176,-2.65269010227017
2021-05-06,-2.52357438683168,-2.45530544748628,-2.7496751256671,-2.41692736419292,-2.33600681974393,-2.83333582825971,-2.64935859212287
2021-05-07,-2.53948876088319,-2.46250002109094,-2.68369935631301,-2.41973535004844,-2.32841150058678,-2.85739654829976,-2.68950283273431
2021-05-10,-2.52716480955494,-2.45080323032338,-2.67562951726003,-2.42959240961461,-2.30363071658354,-2.86198215200167,-2.69055275313418
2021-05-11,-2.5271569728343,-2.45104010804132,-2.68554687992206,-2.42853507546619,-2.26484925411879,-2.85331093705112,-2.65397928300555
2021-05-12,-2.51698087532136,-2.43134131814941,-2.66188065193848,-2.42020781621636,-2.223005289238,-2.84984443834926,-2.631409562267
2021-05-13,-2.50734900656986,-2.43426608068708,-2.65354977577907,-2.42064544749609,-2.19409722416804,-2.75613266468052,-2.60194195138236
2021-05-14,-2.52018298330033,-2.44475113623489,-2.63642698254671,-2.44905971478012,-2.18029572372998,-2.73407574235229,-2.52905378060387
2021-05-17,-2.51416098620737,-2.45225164991099,-2.64392681527373,-2.45706538051538,-2.16220272978693,-2.73267739839573,-2.51670915704153
2021-05-18,-2.50975781168869,-2.45644751528904,-2.63573108178882,-2.44015249264699,-2.19003011643475,-2.71381557635295,-2.4683092000189
2021-05-19,-2.46968608382165,-2.44154481445125,-2.59442932845434,-2.41847294275362,-2.20106365140865,-2.7320189883983,-2.46975630679624
2021-05-20,-2.46620556070381,-2.45125770719822,-2.6167637240354,-2.41610863103064,-2.1936563849193,-2.74045429258158,-2.38451761881163
2021-05-21,-2.46317192477186,-2.4411623931115,-2.62874798611836,-2.42005977240718,-2.19750838087989,-2.744748658143,-2.3896302262013
2021-05-24,-2.47084262747879,-2.44823840033761,-2.63340038895295,-2.42085534243208,-2.20770115568117,-2.76143378665829,-2.38114761923926
2021-05-25,-2.47313636726302,-2.48806388663689,-2.6344351333458,-2.43830645058081,-2.19634614126064,-2.76932583269244,-2.36055773721109
2021-05-26,-2.48700559449768,-2.49884466609113,-2.61943958719859,-2.44108271771245,-2.20852284208143,-2.79863926470195,-2.36234880598819
2021-05-27,-2.51243976375348,-2.50888776055701,-2.60371356492962,-2.58680204577304,-2.20391051057994,-2.7750797478239,-2.34429201296575
2021-05-28,-2.53238691963875,-2.53758616257724,-2.6251050403418,-2.63669054791272,-2.20362810423909,-2.78805371895265,-2.32848524365254
2021-05-31,-2.5376779755322,-2.55228887795949,-2.62365172701431,-2.63795366132813,-2.22272843967181,-2.78922337136308,-2.31198236709552
2021-06-01,-2.54034756636334,-2.5768603212714,-2.62066844917404,-2.61106521643551,-2.2043096564568,-2.78583046852276,-2.31836563881278
2021-06-02,-2.61018334891733,-2.60983153311626,-2.61275100290445,-2.62249957574273,-2.21554988730843,-2.69458119932331,-2.31618051917058
2021-06-04,-2.65641663358263,-2.68892214825698,-2.63403365014203,-2.60436039090105,-2.21988487467371,-2.67115427956298,-2.31708697670339
2021-06-07,-2.62354759059588,-2.64996190347945,-2.61360281268935,-2.6024935196266,-2.21869413126099,-2.66846514175818,-2.30398048771565
2021-06-08,-2.59871495489414,-2.642991327998,-2.67535529029494,-2.59542978632655,-2.22464368478272,-2.66629699221933,-2.29037111992418
2021-06-09,-2.511910852429,-2.60372298148931,-2.62267939970557,-2.57539130925258,-2.24424669710622,-2.65889929385153,-2.27451668119055
2021-06-10,-2.49103105546688,-2.6159103798501,-2.6129499754474,-2.58050909584756,-2.28624608292541,-2.65107808316756,-2.29349664034984
2021-06-11,-2.48548044239366,-2.6334281762299,-2.62755103596335,-2.57797181801977,-2.3165604232153,-2.64493569315746,-2.30734582749746
2021-06-14,-2.48963499711135,-2.62230601171242,-2.63125000520814,-2.58256677633271,-2.35231504722159,-2.71204956704468,-2.32527548465782
2021-06-15,-2.50863797083702,-2.65577775074554,-2.64162376593443,-2.58804622417291,-2.36635846747138,-2.73044423555129,-2.37388797515182
2021-06-16,-2.50422027263646,-2.639165463847,-2.64227409253885,-2.57416305822175,-2.39192880398606,-2.71865562162932,-2.38121241561562
2021-06-17,-2.45013870717463,-2.59967300859507,-2.60241637907153,-2.52640278862753,-2.38595028907818,-2.65443709452741,-2.40521747686474
2021-06-18,-2.47441927790721,-2.60733064076126,-2.63113208417156,-2.54994849304877,-2.40559647628961,-2.658275588849,-2.40838027397842
2021-06-21,-2.4789659401809,-2.599351690604,-2.62733466648778,-2.54151185173459,-2.41985266910285,-2.64961261349247,-2.48881867191503
2021-06-22,-2.47626638143494,-2.60830731338723,-2.60420961868087,-2.52854964994286,-2.41449909321083,-2.56090898391108,-2.4737068417737
2021-06-23,-2.45070565115384,-2.59478542630199,-2.59310464233829,-2.50306243197283,-2.43489059834475,-2.5498030956351,-2.48279651044469
2021-06-24,-2.43898842096675,-2.57891378321531,-2.60274099352317,-2.4944108795851,-2.46035240920714,-2.53918312086422,-2.5250358555892
2021-06-25,-2.40400304169264,-2.55304961190133,-2.5945992292423,-2.47221021298905,-2.49953084954836,-2.52134959458064,-2.50371373578857
2021-06-28,-2.39517278591615,-2.57049026578028,-2.59207624961909,-2.47105237690451,-2.48514052404078,-2.52510160601666,-2.51078531366036
2021-06-29,-2.3918170084038,-2.56859540763469,-2.59167400056726,-2.47335431689823,-2.4761850653917,-2.52063385022111,-2.51769226937693
2021-06-30,-2.38996717180646,-2.55521611424459,-2.59243826111232,-2.46806247895034,-2.48850799668831,-2.52165798551032,-2.54330103612451
2021-07-01,-2.39043591088399,-2.54744516883265,-2.59924963367395,-2.49531643806948,-2.50302844802994,-2.51985978316337,-2.52512926205144
2021-07-02,-2.40015907141069,-2.54804854630577,-2.62308102520548,-2.47196413126124,-2.46238194999825,-2.59464155722983,-2.52307229446242
2021-07-05,-2.40692675852795,-2.54693102347765,-2.64179553982634,-2.50749314587682,-2.45426732837537,-2.624236712873,-2.51700359207278
2021-07-06,-2.43621961489997,-2.56674123238456,-2.6763123241881,-2.53780957407245,-2.44724307708082,-2.63057831212304,-2.54710551562402
2021-07-07,-2.44054530561603,-2.55642705648948,-2.67743562238012,-2.55237805011931,-2.4338700386571,-2.60968166782776,-2.52348737207851
2021-07-08,-2.49073727657414,-2.57489294802919,-2.66047984426823,-2.53834312395184,-2.36309320403732,-2.60837039559722,-2.53870384607024
2021-07-12,-2.5009207684319,-2.56738889413149,-2.6623100189845,-2.50157436535275,-2.35393287269758,-2.60527603367931,-2.53894507053888
2021-07-13,-2.49051887653169,-2.55940770126149,-2.65927153718902,-2.5043725238271,-2.34985379728183,-2.59926356484481,-2.51776122285846
2021-07-14,-2.45366504910736,-2.52100956393417,-2.6320494683379,-2.47374466284722,-2.34285645088971,-2.59138109933319,-2.5115178218513
2021-07-15,-2.45157125810307,-2.50496655702979,-2.62900381354281,-2.46974993394577,-2.35068681196291,-2.56741896407742,-2.51011392822948
2021-07-16,-2.47248797057984,-2.48853304073423,-2.62917640971035,-2.49943421242949,-2.35788781315658,-2.57846953961419,-2.50888218378193
2021-07-19,-2.52254307966181,-2.44843538545254,-2.65433229609501,-2.54899099016048,-2.32990119579653,-2.63598210114082,-2.5348770242468
2021-07-20,-2.51866853498317,-2.44650761469428,-2.65502377784569,-2.54404294312323,-2.32192196281729,-2.64150220459987,-2.53171218556345
2021-07-21,-2.52437140962516,-2.44691297494404,-2.64896877486484,-2.54513673315594,-2.32515296426139,-2.63777940330294,-2.53775452848448
2021-07-22,-2.52980147202983,-2.44904606396321,-2.67232428639278,-2.55880307296884,-2.33649768746141,-2.72922665144738,-2.56054352979045
2021-07-23,-2.55304622719809,-2.45523194437903,-2.67862927330617,-2.58243229523088,-2.33196520836593,-2.72294540520132,-2.56331628046542
2021-07-26,-2.56858553983164,-2.47493416016987,-2.68482599174627,-2.56345613737437,-2.31301055443653,-2.74036064937028,-2.56826930604317
2021-07-27,-2.60769066378853,-2.49248938074938,-2.71208414168702,-2.59077631532543,-2.30368940814275,-2.75781750193981,-2.58997714309462
2021-07-28,-2.57961967264693,-2.47982194311391,-2.73657075545728,-2.53926450562725,-2.30540588296179,-2.77192459650543,-2.60078284164385
2021-07-29,-2.57766932222039,-2.47226553582431,-2.73368238945941,-2.53465270878315,-2.29526378962162,-2.77757218200988,-2.62965028399197
2021-07-30,-2.53850156350287,-2.45863227981791,-2.67680619983526,-2.51745536146255,-2.21686635705498,-2.7242803675985,-2.61310413238478
2021-08-02,-2.48076519386852,-2.42429880631275,-2.62633826728131,-2.47820465461248,-2.20535834206264,-2.70541620026058,-2.61326418327835
2021-08-03,-2.3837319001305,-2.4019504543769,-2.60508126111218,-2.4853526474261,-2.15783290629152,-2.68822108473791,-2.61716964789079
2021-08-04,-2.37631371933616,-2.37762143204099,-2.59101239970017,-2.46952685582851,-2.16107097162514,-2.680874165963,-2.63471708212955
2021-08-05,-2.36181594436365,-2.36655974916752,-2.48695720964006,-2.45641190884313,-2.15836052699877,-2.67441476725284,-2.63996687229319
2021-08-06,-2.35736465587965,-2.37202278993416,-2.48538928322747,-2.44388117919952,-2.15130694031198,-2.69616826120662,-2.63957354672821
2021-08-09,-2.38716006854098,-2.3806667147775,-2.51200956004312,-2.4637899448521,-2.16185444030703,-2.71461248036107,-2.66645181316086
2021-08-10,-2.39547092096255,-2.38962052067145,-2.47285031119714,-2.49181204525762,-2.10840709825857,-2.72185758940686,-2.63058965160104
2021-08-11,-2.3847227517313,-2.38049518330256,-2.4756013598824,-2.48203909823683,-2.10547414575749,-2.7110019878709,-2.58219051494491
2021-08-12,-2.41275556089313,-2.41305490015907,-2.49499454867087,-2.51519178861131,-2.09772854162085,-2.71974137951439,-2.57573627775083
2021-08-13,-2.40845488238682,-2.41522505095826,-2.49333440136501,-2.51171080169829,-2.06680613689132,-2.74191658466699,-2.56478299930874
2021-08-16,-2.39318156306495,-2.44093952629721,-2.48236579413035,-2.51110837753134,-2.05237261835873,-2.7067330647049,-2.525686125655
2021-08-17,-2.39161043690501,-2.50947669065401,-2.48489019928482,-2.50630985138888,-2.00894225672793,-2.65539074116726,-2.47172102928501
2021-08-18,-2.36259682605448,-2.48988056837958,-2.47531449670472,-2.50187040100476,-1.99950290298182,-2.63237638535329,-2.41082582422811
2021-08-19,-2.31002738479917,-2.47221420769179,-2.46079541802949,-2.49377487471971,-1.9636807583305,-2.62178400278897,-2.38801400153298
2021-08-20,-2.29529897604983,-2.46973032888687,-2.45660891679303,-2.49204149059951,-1.95274349286623,-2.6256129192862,-2.38172149189185
2021-08-23,-2.29857389914218,-2.4718568000305,-2.45912528251942,-2.50250069103435,-1.94459960943517,-2.63900723791671,-2.36873449207362
2021-08-24,-2.30042806745074,-2.45365436914484,-2.42120062573409,-2.52229656557685,-1.94420003800469,-2.60636323251871,-2.34178343448426
2021-08-25,-2.30139358872183,-2.45894959318216,-2.42360660228036,-2.52353295688639,-1.93395086174856,-2.60487324837994,-2.32966542816742
2021-08-26,-2.32544672743956,-2.47733852305183,-2.41680501726642,-2.57977300627259,-1.92143052873877,-2.59467502088608,-2.32355809654623
2021-08-27,-2.32199821605628,-2.48204158054489,-2.41027107344163,-2.58200793519322,-1.9234400376596,-2.59349786717888,-2.29571236747756
2021-08-30,-2.35099921920718,-2.50817636906604,-2.44721379386138,-2.60421977727183,-1.96787588087596,-2.63418181121995,-2.3020577090327
2021-08-31,-2.39198063614407,-2.55299078681495,-2.46654899037878,-2.62895699308972,-1.97472799289643,-2.63914158924448,-2.30216361091902
2021-09-01,-2.48727403239635,-2.60144206269718,-2.48492047245969,-2.64821450507655,-2.02429338656948,-2.64748717568597,-2.25509641359596
2021-09-02,-2.4819033647154,-2.63915239319665,-2.46601013435115,-2.61259274615705,-2.02212074358837,-2.64080268192808,-2.23002254579701
2021-09-03,-2.47876106887396,-2.64086326802242,-2.53696632650876,-2.59637496619382,-2.01525326713293,-2.63502895599401,-2.22002132918409
2021-09-06,-2.49947502616801,-2.64430259716079,-2.55159303765325,-2.6133029346018,-2.02151551005359,-2.62367367595987,-2.21469837051275
2021-09-08,-2.46840843340958,-2.58766047138935,-2.54622572179301,-2.59639255129191,-2.03940718255247,-2.6071642757175,-2.19919900886902
2021-09-09,-2.41984859498926,-2.53434938296782,-2.54615106770219,-2.57059341243156,-2.03623482147092,-2.57737068556589,-2.1892417343416
2021-09-10,-2.41578029642741,-2.51325008953143,-2.49650740931158,-2.5523765924169,-2.02228277875356,-2.55506059411687,-2.20471946737382
2021-09-13,-2.40129059101567,-2.48758103999976,-2.46608773511814,-2.54033806055451,-2.01650472058858,-2.52867968766714,-2.20235454758864
2021-09-14,-2.41159064132884,-2.49212311369622,-2.47568449712058,-2.56172673907629,-2.04392866194383,-2.51829759441333,-2.20879046321773
2021-09-15,-2.43442579925448,-2.49832204385759,-2.49830201574231,-2.57332158522894,-2.04006172736523,-2.53605764615728,-2.20851111666217
2021-09-16,-2.4454394156567,-2.48965556027294,-2.49680166489484,-2.57543864521703,-2.10358035566253,-2.5864871104727,-2.24010531492847
2021-09-17,-2.49738243128619,-2.51600670569026,-2.50828841760949,-2.58327706255109,-2.11233453562051,-2.59306613217456,-2.27797878213921
2021-09-20,-2.52253854327896,-2.49637272166913,-2.46950500764061,-2.56707102542822,-2.07131061861949,-2.581684328187,-2.26075135111032
2021-09-21,-2.54398457276695,-2.47270974962048,-2.44719153325412,-2.5755004730773,-2.07717557049633,-2.57891617150145,-2.24940698268048
2021-09-22,-2.52773695516287,-2.45196887304952,-2.42214496354852,-2.56352091778677,-2.05373083280063,-2.56138154963159,-2.23587572947002
2021-09-23,-2.49843035693708,-2.43699662697026,-2.45755789956554,-2.53313650417544,-2.06440732671143,-2.57843709197616,-2.23998255120474
2021-09-24,-2.50170950648877,-2.42636918958025,-2.45725620523453,-2.50891095884627,-2.07913521888882,-2.58844376004328,-2.24649965435025
2021-09-27,-2.45446166177446,-2.3628449647912,-2.44097868041059,-2.47512986099513,-2.09438327322191,-2.58777912263511,-2.21908438587698
2021-09-28,-2.4130652466717,-2.31991717993915,-2.40543027686556,-2.43164840177503,-2.07934004836211,-2.5614610191965,-2.22693617070247
2021-09-29,-2.40398778918601,-2.30336970873688,-2.40193105777456,-2.42408493516045,-2.0727143030315,-2.555584964148,-2.22297141567403
2021-09-30,-2.41011100977019,-2.30006519050289,-2.4143646126843,-2.43809554283297,-2.08220057335498,-2.54685325018461,-2.23123658127276
2021-10-01,-2.40455978266866,-2.29422728932555,-2.40991154845861,-2.42338535016334,-2.06828380438767,-2.46916408659276,-2.24920998419379
2021-10-04,-1.58205166327682,-2.292354688538,-2.42906056755034,-2.44619231136566,-2.00234129208005,-2.44579127260646,-2.25832489063862
2021-10-05,-1.57703997224238,-2.28436735502015,-2.40440978777578,-2.44151508217592,-2.01942606367111,-2.43940117955992,-2.26168948739003
2021-10-06,-1.57395829886177,-2.27145598190606,-2.37619016615813,-2.42209301177345,-1.97616101406083,-2.40980525445216,-2.26559687999245
2021-10-07,-1.57577291409241,-2.29714330482914,-2.38239931635254,-2.43284059835672,-1.98337012212262,-2.40799501922612,-2.27505712202483
2021-10-08,-1.57657994476333,-2.30171135717505,-2.4072689586909,-2.39248048317591,-1.99245644673344,-2.40528700773882,-2.27637876850134
2021-10-11,-1.58393707235567,-2.32232460846323,-2.44843460130594,-2.41615829592859,-2.00433811061208,-2.41861064105636,-2.28390717816291
2021-10-13,-1.58708791900782,-2.32298126701528,-2.48749664783649,-2.39606037009349,-1.99431925527023,-2.44191198299375,-2.27709530300001
2021-10-14,-1.58133809684022,-2.32283147811446,-2.48728873839373,-2.39267558630094,-1.98886991851874,-2.43961726277356,-2.25784231176887
2021-10-15,-1.578050418611,-2.29773650573922,-2.45711454123336,-2.34352677885246,-1.99033234457886,-2.43807199349611,-2.25619331032713
2021-10-18,-1.57628013597524,-2.29223212511877,-2.43851060978578,-2.31361238095027,-1.97051614155564,-2.42573761725612,-2.2429864469371
2021-10-19,-1.57542602844287,-2.28837884784812,-2.42329755560599,-2.2783949466537,-1.95317211956632,-2.39867566115134,-2.21986864864598
2021-10-20,-1.57439023784643,-2.30429041043538,-2.44569170658061,-2.2911170411577,-1.98092787237597,-2.41560697658522,-2.24380551967679
2021-10-21,-1.56419761343963,-2.24301807048686,-2.37409977454141,-2.2257954397145,-1.94512163285295,-2.36616595436415,-2.1784968000926
2021-10-22,-1.55273242460345,-2.15861564632492,-2.29732976783296,-2.15023978355799,-1.84975479540912,-2.28214257130238,-2.11425388633636
2021-10-25,-1.55501183946675,-2.16143746505901,-2.29073615424999,-2.15321913157762,-1.84254688979383,-2.28233715367559,-2.11685186715777
2021-10-26,-1.55365761744527,-2.16887382546824,-2.28622916384237,-2.15665926194292,-1.83588345740584,-2.28048734211629,-2.11947736405743
2021-10-27,-1.55654789008894,-2.18967107448978,-2.2852748394098,-2.1468580642726,-1.82141816496604,-2.27346833648203,-2.12750971112185
2021-10-28,-1.56406492964476,-2.21858347280604,-2.3117719496909,-2.16345165357939,-1.82058199367753,-2.27216066989661,-2.10191525794349
2021-10-29,-1.56416401285955,-2.22694348376615,-2.30785837957073,-2.16367072550258,-1.81798808974302,-2.26993185126478,-2.08450811074866
2021-11-01,-1.55697030758639,-2.21361120197934,-2.28414938281683,-2.13392043536727,-1.80752266488373,-2.25336952293391,-2.07913845227802
2021-11-03,-1.55765826419382,-2.20232933079646,-2.26987903732165,-2.12518524663855,-1.80302536178474,-2.27130206405662,-2.07873676065728
2021-11-04,-2.18545136853029,-2.17539623327904,-2.26130099460779,-2.11303714706816,-1.84292753840482,-2.27264292173172,-2.05283398180377
2021-11-05,-2.1830000867171,-2.10307174465034,-2.27739915553561,-2.1064951613934,-1.83053635625171,-2.26829687534494,-2.04955029949888
2021-11-08,-2.19322555713399,-2.08243877384895,-2.28983290945556,-2.10135801196952,-1.85933031411498,-2.28261351201061,-2.03351233618946
2021-11-09,-2.18500617001633,-2.07410845490351,-2.24620513842648,-2.08980044698955,-1.80644138836481,-2.28438696720226,-2.02750549067302
2021-11-10,-2.17715205241964,-2.02943972367665,-2.2255321474957,-2.08240943917716,-1.80739293390908,-2.2691485383722,-2.03145426387131
2021-11-11,-2.16604220951745,-2.02332177469006,-2.22218659110304,-2.073558738364,-1.80341076761055,-2.25098426401291,-2.02354348450493
2021-11-12,-2.16910771550931,-2.01882693464227,-2.22054481096526,-2.08450821277308,-1.78732747085855,-2.18608513939518,-2.02369572462019
2021-11-16,-2.16541372369304,-2.01274326947243,-2.21367209569129,-2.07562397312508,-1.78015471648528,-2.16600698113087,-2.0251528675512
2021-11-17,-2.16775597998505,-2.02422056069217,-2.22351735564885,-2.0914785715437,-1.76382039525513,-2.15854741119663,-2.02617106649181
2021-11-18,-2.16389504926171,-2.01292050408541,-2.24550681890303,-2.10792185839926,-1.76610252925481,-2.16519402268068,-2.02730666984455
2021-11-19,-2.16976012842852,-2.01187165269312,-2.26286748560894,-2.13388031167645,-1.76061293904965,-2.1740489028175,-2.034793123539
2021-11-22,-2.17126034090048,-2.01610634729715,-2.27698234551332,-2.12941622698942,-1.76792212871728,-2.17229013695177,-2.03156997457307
2021-11-23,-2.21718296806958,-2.05230185521506,-2.30792062082207,-2.18286609152813,-1.79186984926279,-2.20797223802763,-2.078935598839
2021-11-24,-2.26178554632202,-2.10357186834462,-2.38825897937118,-2.26641510088157,-1.88593507547505,-2.28455980624176,-2.1255474546898
2021-11-25,-2.26915849577466,-2.10848041374598,-2.37727508929995,-2.26629380623523,-1.87152863869004,-2.25993583036759,-2.10507168336802
2021-11-26,-2.25406128729607,-2.06616785750806,-2.30044759202509,-2.24397503516123,-1.82905220975022,-2.25251291794956,-2.06072758062888
2021-11-29,-2.26251226433613,-2.07609934486764,-2.29980350272969,-2.24090523549437,-1.83254345272825,-2.25835335316691,-2.05067859237018
2021-11-30,-2.26388394811396,-2.07476127012035,-2.26391757644229,-2.22874503591038,-1.78716718866408,-2.25383570226902,-2.07764686709023
2021-12-01,-2.25628481700807,-2.0582627455564,-2.23336353574122,-2.2248404375495,-1.74541468003085,-2.22834822285,-2.0238114400882
2021-12-02,-2.26117229260544,-2.05274869613632,-2.24289229077735,-2.24434907656173,-1.74003581126322,-2.24427709930632,-2.02278709439069
2021-12-03,-2.26151970051212,-2.05383171248879,-2.25278150041537,-2.24263215229709,-1.70309377254125,-2.25479809716918,-2.02382501056007
2021-12-06,-2.29444561413171,-2.05471876787663,-2.24585072111474,-2.24483949402748,-1.70141580379123,-2.24684112171563,-2.04339448804482
2021-12-07,-2.30998169209995,-2.10887120164978,-2.24098425461876,-2.25640079863782,-1.70763234125428,-2.24805553815471,-2.04281686342197
2021-12-08,-2.30765831789054,-2.13154604847174,-2.25186319436366,-2.27797513847565,-1.70763284766204,-2.25124403877316,-2.07579703815832
2021-12-09,-2.31413362467274,-2.14603936880077,-2.28926849690987,-2.28442374608723,-1.74077671323301,-2.24440674743354,-2.07289430425183
2021-12-10,-2.34820336698944,-2.2163255037882,-2.30890024941013,-2.33497951651631,-1.73738793807645,-2.28648595897821,-2.07762194678937
2021-12-13,-2.34827808520474,-2.21580826099953,-2.2971930086773,-2.32779864707524,-1.734465195493,-2.24386685730184,-2.07335459220506
2021-12-14,-2.34965787734434,-2.21228424073658,-2.28517038481418,-2.28656352755239,-1.75400460154657,-2.30549752757586,-2.07773991256256
2021-12-15,-2.35886895523372,-2.21477881425189,-2.24947111033322,-2.28772241613718,-1.74556461232513,-2.33261504457821,-2.06862937919101
2021-12-16,-2.35779801910481,-2.21013549898807,-2.24319999676675,-2.29918223639778,-1.75683079826177,-2.33641079371302,-2.07008888243938
2021-12-17,-2.35476964743361,-2.23070085134153,-2.22183551065651,-2.30256837952346,-1.75851146865647,-2.33363568469626,-2.06170740422435
2021-12-20,-2.34925254522143,-2.22515449795576,-2.20695084162373,-2.28412727630377,-1.76740044905825,-2.34039296319765,-2.04333262140843
2021-12-21,-2.36714538650221,-2.22865418706119,-2.20569804634933,-2.30015811845288,-1.77354721847976,-2.35198841567756,-2.03218397598704
2021-12-22,-2.38023274051702,-2.25433644748055,-2.25075478401839,-2.3051743305529,-1.78227077055269,-2.35746384922823,-2.03191946699381
2021-12-23,-2.41641186446178,-2.2808629152091,-2.27128653685357,-2.31416732048318,-1.78914192576288,-2.36743208259919,-2.05094812311343
2021-12-27,-2.41811216796125,-2.28136090919732,-2.29196440824576,-2.32916571653769,-1.8043444744666,-2.39333459130914,-2.07699759781984
2021-12-28,-2.47313148673601,-2.35461230825944,-2.38521564304763,-2.3753543216633,-1.85649219990747,-2.39713492985822,-2.12385036151624
2021-12-29,-2.48347562726644,-2.35966161324411,-2.40669200103478,-2.40962420956415,-1.86375393422284,-2.39971223895564,-2.14820819093121
2021-12-30,-2.51148036533821,-2.37059931404843,-2.47481983625748,-2.43086490522332,-1.94631818196,-2.42230309060321,-2.15438827278313
2022-01-03,-2.50555020735033,-2.3873525058181,-2.48361071594588,-2.4370544943434,-1.97054333992918,-2.41774444707011,-2.21910630954292
2022-01-04,-2.50626889837847,-2.42165135454459,-2.49420012223288,-2.43870530196574,-1.99305048361293,-2.41698244337908,-2.19173606887181
2022-01-05,-2.53671233758141,-2.44173865212216,-2.4985197765709,-2.46365382407195,-2.05537658108766,-2.42241728702313,-2.19512938579453
2022-01-06,-2.55204998097709,-2.50035515062119,-2.52571863695617,-2.48116159920566,-2.05066145136262,-2.43812323070245,-2.17975979077003
2022-01-07,-2.55285588983652,-2.49124054911078,-2.54283870042853,-2.49754660078366,-2.04121909265041,-2.4514446540515,-2.18271963798939
2022-01-10,-2.55697174598551,-2.51181485348761,-2.53736190069011,-2.49576824426806,-2.03888450306409,-2.45589774492825,-2.17400492464584
2022-01-11,-2.57110717610212,-2.51957575781585,-2.54843748280539,-2.5129777239104,-2.0323124664806,-2.47167046812466,-2.17845329414255
2022-01-12,-2.57104003789638,-2.52760921103168,-2.56450111226203,-2.50710102674234,-2.05266905702488,-2.47672038754021,-2.17229673217478
2022-01-13,-2.57965311343235,-2.54102188190105,-2.55624857379482,-2.45577558038856,-2.07823482878181,-2.57939484109181,-2.18288237942525
2022-01-14,-2.59088135820855,-2.59247676397472,-2.57145663092379,-2.52868169649276,-2.06027258581374,-2.57919590798086,-2.15056839694988
2022-01-17,-2.6005835983397,-2.59919189871413,-2.65115190170809,-2.52040418018646,-2.09465513752214,-2.56887243573158,-2.15549784919572
2022-01-18,-2.59244257806768,-2.61550153955044,-2.67652337112033,-2.51768036604712,-2.09282546643713,-2.60362758076595,-2.17651611195018
2022-01-19,-2.60027137942594,-2.63162034647511,-2.71499462857041,-2.514136151712,-2.10293706584555,-2.61893579570249,-2.19642455664912
2022-01-20,-2.61201549674332,-2.66432536211856,-2.74482979048128,-2.53038616219112,-2.08930069579236,-2.61476454716423,-2.22757390581965
2022-01-21,-2.5915625618376,-2.66564752023172,-2.75776192887227,-2.49639911875726,-2.06398295272938,-2.60029073312606,-2.25758593495883
2022-01-24,-2.56952841369495,-2.65915672975325,-2.73511163105212,-2.4732325214675,-2.03269349965348,-2.58780976359752,-2.25028428783162
2022-01-25,-2.54310681732223,-2.62555277266687,-2.68612492607718,-2.40784877067025,-1.98832988712393,-2.58097977619546,-2.24129483489277
2022-01-26,-2.51397901172524,-2.61283904447284,-2.65509648024806,-2.38571925615884,-1.93894461333052,-2.56087892750848,-2.23091209396261
2022-01-27,-2.49051734194853,-2.59072463932055,-2.63442338851141,-2.33331201345953,-1.93517742457922,-2.54449882246796,-2.22136135073883
2022-01-28,-2.47829158559132,-2.58487904250218,-2.62846646051989,-2.33275624975996,-1.92416551821682,-2.54796465295078,-2.22812288191904
2022-01-31,-2.46229980388394,-2.58314324945225,-2.62160552618034,-2.32525473072482,-1.92248439503434,-2.5490396252308,-2.23772020257575
2022-02-01,-2.49355865038811,-2.61389426973041,-2.68033262154917,-2.30596258880041,-1.95849385899378,-2.60592347775657,-2.27015928800039
2022-02-02,-2.50423028044141,-2.6044315279784,-2.67775528012018,-2.26868268792464,-1.92902303131365,-2.62522425428967,-2.30535737413298
2022-02-03,-2.49217443525075,-2.58689079777907,-2.69371617944078,-2.25938374664197,-1.93268478485653,-2.61014795356296,-2.3235425055861
2022-02-04,-2.49489401032991,-2.58154050228796,-2.70912524680792,-2.2587606873586,-1.92561222270717,-2.61843832288175,-2.36966083619744
2022-02-07,-2.51376645077973,-2.63498594742205,-2.70304242550544,-2.26070731182149,-1.93869586919161,-2.6331813993345,-2.37647733632458
2022-02-08,-2.5132000634383,-2.62830546911003,-2.69562108770692,-2.26499522413792,-1.94756374805066,-2.65199672493828,-2.38593661614831
2022-02-09,-2.44037801432585,-2.32849745714764,-2.66884256413204,-2.25910893024131,-1.94195607520923,-2.64416732936914,-2.35973398489161
2022-02-10,-2.43337047663051,-2.30337158324537,-2.65399547849962,-2.26955006492307,-1.94010143690557,-2.61858654431689,-2.32161175512173
2022-02-11,-2.26939348228496,-2.28724179176279,-2.66436158159415,-2.28003634099972,-1.92837544497335,-2.56281936974055,-2.28126323050116
2022-02-14,-2.27322081724181,-2.2757371338777,-2.67961987335029,-2.27106981534814,-1.94181868883699,-2.54230166920363,-2.30380993453692
2022-02-15,-2.27505300133715,-2.28207809316475,-2.42206291929267,-2.27791868226904,-1.93376816411807,-2.54599006684519,-2.30074691715045
2022-02-16,-2.28803205854463,-2.28498227117086,-2.42444783289632,-2.2810193347564,-1.89665687206493,-2.5378900538419,-2.28300630342252
2022-02-17,-2.29933267072069,-2.29012867219614,-2.42587085446839,-2.28104781512713,-1.88886136812946,-2.54547328763681,-2.28480582155032
2022-02-18,-2.29777573227501,-2.29093213466642,-2.42462525728484,-2.28538337578401,-1.89107354057968,-2.55449603910274,-2.28875262393349
2022-02-21,-2.28467052052741,-2.2970379838582,-2.41156621849088,-2.30829573262384,-1.89898454822718,-2.55589697009799,-2.29102351505729
2022-02-22,-2.2876307150962,-2.2971075556366,-2.41582429735383,-2.3191714562039,-1.91378585898021,-2.5361590923533,-2.31216105052756
2022-02-23,-2.29831924290636,-2.32540071267337,-2.44378927811212,-2.3460420553862,-1.9069205401405,-2.53969286726471,-2.28170786155675
2022-02-24,-2.26476496098685,-2.27382868537835,-2.35983195005282,-2.29930411969705,-1.8583552268073,-2.45650556499332,-2.22959505109665
2022-02-25,-2.27560878238447,-2.28188840186905,-2.369124271774,-2.35015797210637,-1.85083423821538,-2.45101669849178,-2.23197356910262
2022-03-02,-2.27699053819898,-2.27659672985415,-2.36432106450326,-2.35058063889972,-1.82731606708271,-2.45446996004745,-2.21414577004085
2022-03-03,-2.25300058284644,-2.27380921833289,-2.3649386089849,-2.37203974597353,-1.817199903942,-2.4375644494607,-2.20115468307632
2022-03-04,-2.23780538598824,-2.25732302280359,-2.34335798824026,-2.3895025785129,-1.81030546866752,-2.41763914894956,-2.20210308482166
2022-03-07,-2.22727944884001,-2.24185262261208,-2.31906838650259,-2.4535085000618,-1.82903141310513,-2.3848412479098,-2.19404374420283
2022-03-08,-2.23833424959261,-2.2382471943537,-2.31677384943629,-2.45504303490781,-1.83304115153858,-2.38301506917349,-2.18698848492118
2022-03-09,-2.21760661160642,-2.20063659373255,-2.29632938754961,-2.29217295614857,-1.83232750879731,-2.35732694620515,-2.17247673290026
2022-03-10,-2.19918779015098,-2.19367758608017,-2.28137924779265,-2.27954093204436,-1.81990903631553,-2.33671288483871,-2.17078774991431
2022-03-11,-2.19288659564546,-2.19547060882158,-2.26451743156158,-2.27368835163848,-1.80654772358758,-2.3279149510484,-2.17179928423086
2022-03-14,-2.23558071690208,-2.38667545185966,-2.25904186336243,-2.24166495674837,-1.80286087482161,-2.27073238288718,-2.18271250665733
2022-03-15,-2.23633903786015,-2.40293875537401,-2.26210724987735,-2.23463432887604,-1.80073078314467,-2.27026632210221,-2.2224112121153
2022-03-16,-2.37671746323939,-2.41534243282945,-2.25614375336581,-2.27204971071713,-1.80400451989208,-2.30296236438082,-2.26544091568126
2022-03-17,-2.36858051206576,-2.41762865834222,-2.24995573533177,-2.2786007696544,-1.79900746849784,-2.29608563272741,-2.27613776028352
2022-03-18,-2.37366835757572,-2.40865893270748,-2.42770991148008,-2.25051966926254,-1.80113688248131,-2.30475891351613,-2.30181054531122
2022-03-21,-2.36772507028946,-2.39062648290633,-2.42760307557616,-2.25323003370216,-1.83165079600647,-2.29817907714497,-2.32741738009875
2022-03-22,-2.36582471862759,-2.38458662568201,-2.42378790557638,-2.2564715759071,-1.8374234221729,-2.29496769943943,-2.32829028832509
2022-03-23,-2.37016880674921,-2.38209628574707,-2.42773998027133,-2.25373342339651,-1.83857768055405,-2.29643376288135,-2.32873787669504
2022-03-24,-2.39404565069075,-2.38175824432531,-2.44027380417152,-2.25083869422363,-1.84775297900171,-2.30692975364523,-2.33018880124613
2022-03-25,-2.40668079849027,-2.38626970283945,-2.44734009426112,-2.26468254537364,-1.85483997721801,-2.32735191898591,-2.33566282129529
2022-03-28,-2.41519231744788,-2.38385950804472,-2.44405674953323,-2.27060575605063,-1.89277252481896,-2.34026953375311,-2.35292146691175
2022-03-29,-2.46747825335243,-2.47414631511618,-2.53092587099081,-2.31118277869845,-1.9686481203353,-2.41247709387813,-2.41272387162148
2022-03-30,-2.46966869448131,-2.48247495001354,-2.52785390970126,-2.31353500669922,-1.98810704024358,-2.43363087236862,-2.41834066647243
2022-03-31,-2.47720755055659,-2.48871613692647,-2.50377069979392,-2.30450459816524,-2.03028254435318,-2.4316409117266,-2.44380547254738
2022-04-01,-2.53897602478111,-2.50491418458821,-2.49812333371026,-2.28377591062997,-2.04488132343217,-2.44675421663829,-2.45609023009552
2022-04-04,-2.56682192499326,-2.52545709715941,-2.51542773323074,-2.2894850457006,-2.06289694178577,-2.46660637971719,-2.45186205237678
2022-04-05,-2.59370476064046,-2.54804139138139,-2.55787310763817,-2.29593202419858,-2.05918556552564,-2.50871565207422,-2.46946118360694
2022-04-06,-2.60340048134191,-2.5727144803337,-2.55955279590102,-2.30338255271305,-2.04801539210303,-2.50801860209451,-2.49889915854303
2022-04-07,-2.65222291754415,-2.62264296872739,-2.5563396866766,-2.43803037688987,-2.05656206491473,-2.53774589567318,-2.52815007072467
2022-04-08,-2.68681161449379,-2.64118443483416,-2.57417659700623,-2.44322603604049,-2.07240361645433,-2.55730606292121,-2.54542822582594
2022-04-11,-2.72998924726349,-2.6367660830648,-2.61122009395044,-2.45264170619478,-2.0995554459487,-2.56255432771443,-2.54812281553667
2022-04-12,-2.72257717790516,-2.66750552949156,-2.63893095523475,-2.50975453752391,-2.11132545662641,-2.66307322725076,-2.55219223399739
2022-04-13,-2.74303355885227,-2.69662427970033,-2.63355015001603,-2.54553198315296,-2.14334858603153,-2.68722555908455,-2.54577232877635
2022-04-14,-2.75568498166707,-2.71165085256092,-2.66701154923412,-2.54020631901244,-2.15667917192345,-2.68653476513264,-2.55715923626351
2022-04-18,-2.77736383623372,-2.72547810229976,-2.6706271314434,-2.54793214587846,-2.17464058645071,-2.721711000041,-2.55550433692425
2022-04-19,-2.75588814660556,-2.69703833070364,-2.61922851385763,-2.62376578580051,-2.17517653686512,-2.68696741577986,-2.5592191826803
2022-04-20,-2.77166741158973,-2.71815758316132,-2.62783145270662,-2.61733701847458,-2.21424360309416,-2.72271684113501,-2.56139040662607
2022-04-22,-2.7516290458026,-2.69600206350093,-2.6180298849924,-2.58104083361563,-2.18623547537197,-2.69826831113576,-2.52678672334283
2022-04-25,-2.72781815085404,-2.67577195717121,-2.59710732368141,-2.58961421135244,-2.19344974695102,-2.62052013239028,-2.49898430126231
2022-04-26,-2.6922986643801,-2.62775488113775,-2.57653630845189,-2.50302626815402,-2.17946364967817,-2.57255145814416,-2.49637577219754
2022-04-27,-2.67139253571309,-2.61184773784519,-2.54818366275816,-2.50525219150552,-2.17576915132004,-2.55582283346801,-2.48546940829145
2022-04-28,-2.67411113816783,-2.61137719487918,-2.54004022892571,-2.47343045126196,-2.16711839738379,-2.54187524157477,-2.53574242151457
2022-04-29,-2.68744601413633,-2.61475792845077,-2.51078475004549,-2.43530749083606,-2.15721993773837,-2.5289076531452,-2.50848305301167
2022-05-02,-2.6680259519828,-2.60069351419746,-2.49098838517804,-2.42428832205154,-2.14664689712225,-2.49326609307475,-2.50152026928168
2022-05-03,-2.6685969506018,-2.61549447066927,-2.50452183712704,-2.43203378767051,-2.14718791794098,-2.50004134311064,-2.49491569571662
2022-05-04,-2.6698061920604,-2.59695758678872,-2.47743457009039,-2.46709059081789,-2.05726677903109,-2.44090374483671,-2.44622009949778
2022-05-05,-2.6337121960851,-2.56850297914498,-2.43184267684091,-2.44217373505236,-2.02006515058311,-2.44065975143216,-2.45360603044285
2022-05-06,-2.58065108861697,-2.49273687574644,-2.39855597651016,-2.42707166263674,-2.0201602713221,-2.42357034415997,-2.42897606034113
2022-05-09,-2.53956469114494,-2.46726875236053,-2.37997604535655,-2.41976936947034,-2.01475560941436,-2.42266922191406,-2.37676695475313
2022-05-10,-2.52690577148136,-2.47160610642773,-2.38940456614693,-2.43942178149723,-1.99502667442158,-2.42164398011178,-2.36331173738786
2022-05-11,-2.51379475357001,-2.46947553527677,-2.37442200237831,-2.44730649867366,-1.97326874092939,-2.42911689116009,-2.3390330707913
2022-05-12,-2.49294216772007,-2.47523598135616,-2.36258939531108,-2.43987452413981,-1.93794921529716,-2.42433176658405,-2.34336539703688
2022-05-13,-2.50509323356833,-2.47723216642455,-2.36128250180601,-2.44504958377413,-1.94258373737887,-2.3619346178918,-2.3482107390882
2022-05-16,-2.50111401058264,-2.47183285788527,-2.34957392026796,-2.43949812784734,-1.93383143640539,-2.33991195092391,-2.35126643200415
2022-05-17,-2.48435503801836,-2.46262726555226,-2.34828246443611,-2.43028235145357,-1.91485988935254,-2.32842090928193,-2.33680656427609
2022-05-18,-2.47692790724816,-2.45746488372405,-2.34075757194086,-2.42099757371801,-1.90537596692176,-2.3175610434175,-2.34223930502314
2022-05-19,-2.49413368856522,-2.48173380889524,-2.36508832718681,-2.42794551252301,-1.90593758899599,-2.33752239231013,-2.30061225777376
2022-05-20,-2.48262901615138,-2.47702259891125,-2.35068383306201,-2.416528558234,-1.89294263105331,-2.33248861788431,-2.29452324252176
2022-05-23,-2.48213062572749,-2.48999377996231,-2.35730901340291,-2.41757202486164,-1.90846754848938,-2.31598032140657,-2.30392143318916
2022-05-24,-2.48620254872463,-2.49021174394231,-2.3523599977442,-2.42589629040979,-1.91168006947738,-2.31659418492691,-2.29557014747178
2022-05-25,-2.5183333485949,-2.53052181115526,-2.35485671810236,-2.47687642465276,-1.91961058468208,-2.32539493418411,-2.29800979916085
2022-05-26,-2.53982074320816,-2.54811114588977,-2.36170375108592,-2.4959561094063,-1.91360487190996,-2.34238657306211,-2.30788301409817
2022-05-27,-2.54161495919676,-2.5488403657969,-2.36724473256452,-2.53152660711077,-1.91914894180509,-2.36048696859735,-2.31479750829865
2022-05-30,-2.55153187260132,-2.55490558444827,-2.34198706463001,-2.60155482087522,-1.9335579624302,-2.37857880369079,-2.34514367292139
2022-05-31,-2.56681562006452,-2.57082048422236,-2.34272156616725,-2.61436134992903,-1.94459656531823,-2.40401196344027,-2.34715893131322
2022-06-01,-2.57386039071814,-2.56341965283351,-2.33381959369171,-2.60349507921343,-1.9478279286252,-2.38848272827156,-2.33273181437944
2022-06-02,-2.56874385208465,-2.57828764333495,-2.3629093907252,-2.5914580289926,-2.00314065838641,-2.44898874187363,-2.38158907363513
2022-06-03,-2.61055095189221,-2.62200371561648,-2.41081669879245,-2.62296868358605,-2.0406951013348,-2.45624216428748,-2.39457093226742
2022-06-06,-2.66650346216312,-2.73242704655689,-2.44469526654443,-2.64809510607886,-2.03740559522245,-2.4671103720748,-2.42253123807955
2022-06-07,-2.72846838899814,-2.78111620919622,-2.47746010972425,-2.67220857344778,-2.06928685966226,-2.48815090821073,-2.48228744058336
2022-06-08,-2.72340621123803,-2.76950932265862,-2.47927084825565,-2.66884026501654,-2.09839858739391,-2.46547058816036,-2.45088592787597
2022-06-09,-2.73619010977477,-2.77432786530779,-2.49663155000724,-2.68055475337141,-2.113234244612,-2.4643979935131,-2.46630718070979
2022-06-10,-2.74416632577417,-2.7639509350059,-2.48698162577759,-2.6779325108116,-2.16072579159569,-2.47594432561552,-2.47098432540872
2022-06-13,-2.71191296287476,-2.75415613176006,-2.46235332284296,-2.65601887866913,-2.14271460904322,-2.5655542280593,-2.45654352955365
2022-06-14,-2.73085115056155,-2.75599017294288,-2.47971509344463,-2.65117237686397,-2.15294959175886,-2.60030092103388,-2.44881908476108
2022-06-15,-2.72598826590966,-2.73962625541984,-2.46575837322293,-2.64844277905357,-2.151988743068,-2.6085579981826,-2.44889227875538
2022-06-17,-2.65935841853821,-2.70936488415859,-2.45327342285336,-2.60176132442874,-2.15695613402414,-2.6245949334595,-2.42824282807275
2022-06-20,-2.64171029003161,-2.68625415201681,-2.41902708164436,-2.57964249763871,-2.15435248302963,-2.62174719957446,-2.45272407086074
2022-06-21,-2.6462030795426,-2.6782242983409,-2.39120894903137,-2.57724696363354,-2.16021060169425,-2.61627000473966,-2.43422845818913
2022-06-22,-2.66069796773826,-2.68529481286456,-2.39075484177024,-2.60240786280486,-2.11776093181021,-2.63441421797655,-2.42318152885139
2022-06-23,-2.66704175885899,-2.68895018057184,-2.40013343569057,-2.59774621041123,-2.12907042936807,-2.71919705577758,-2.42351162464177
2022-06-24,-2.66109027046143,-2.66086376916009,-2.40681088015272,-2.61980285046175,-2.1360720661607,-2.69494555465426,-2.41331360046266
2022-06-27,-2.66880576761606,-2.65442340219679,-2.41200074067922,-2.610397498056,-2.13294073464719,-2.70250080707176,-2.41297546650036
2022-06-28,-2.64255560484236,-2.65046016139907,-2.39165056353704,-2.62173708517423,-2.13507716496003,-2.6681043000831,-2.40274369994804
2022-06-29,-2.62610723081176,-2.64399571849245,-2.45548781034085,-2.61599561340722,-2.1337878428715,-2.67797018913017,-2.38589622588952
2022-06-30,-2.61862559245911,-2.62360575061105,-2.43184741916351,-2.62373885183539,-2.1011337403042,-2.68014557794824,-2.3726545517356
2022-07-01,-2.57164022425467,-2.60134128004036,-2.4532128735828,-2.61155200179826,-2.06968365513064,-2.70971123420637,-2.34910388140549
2022-07-04,-2.59396593023747,-2.61555290894603,-2.46027279077609,-2.63116438528482,-2.09886880966287,-2.70689387898386,-2.34448714195306
2022-07-05,-2.57299950733616,-2.59884431039922,-2.45074688039038,-2.60563526954992,-2.07938666548209,-2.71050266431829,-2.32804660109899
2022-07-06,-2.56297820510141,-2.59433485476765,-2.4439413437954,-2.58056283434882,-2.09280056227025,-2.70117505024926,-2.26217615568313
2022-07-07,-2.55183180648207,-2.57965736456238,-2.43553154210454,-2.58031317506719,-2.09091441493826,-2.67707200847511,-2.21530866088112
2022-07-08,-2.54091433469872,-2.58004021036413,-2.43793858201171,-2.59074327310603,-2.0917163724754,-2.70285836351267,-2.16871718928361
2022-07-11,-2.52738883399619,-2.56664265757306,-2.43892966358606,-2.57408798484361,-2.09328869293622,-2.7031186632162,-2.14337487329187
2022-07-12,-2.52306385118337,-2.55569355179406,-2.45036432728685,-2.58635229330021,-2.0864145107308,-2.68690886480698,-2.12128473723615
2022-07-13,-2.53622038418835,-2.56548823701409,-2.46973899921162,-2.61354926305226,-2.10170617599142,-2.68563205871645,-2.12617468419273
2022-07-14,-2.5019427162585,-2.5537543344268,-2.45979957374717,-2.61465066267846,-2.08329466671217,-2.67625308950524,-2.1333151363417
2022-07-15,-2.50363492296529,-2.55482304094782,-2.4420160183205,-2.61668276746837,-2.09772426505901,-2.67969653282172,-2.12191899234602
2022-07-18,-2.53779121992356,-2.56508120879574,-2.46307707226868,-2.67489412702584,-2.09795012217245,-2.69479187848156,-2.13883678997032
2022-07-19,-2.53013805723177,-2.5531178861567,-2.49944651796462,-2.65007899784569,-2.0985048037192,-2.69350989939774,-2.13874306737884
2022-07-20,-2.53349911425013,-2.56355056102432,-2.56326671619506,-2.66852444367495,-2.10242494124272,-2.698492899032,-2.14752230663687
2022-07-21,-2.51882483229794,-2.54962220332669,-2.56544988735917,-2.66567166882811,-2.14386686329532,-2.73492019398658,-2.15138587779225
2022-07-22,-2.52115197484266,-2.55215050406885,-2.57122051292823,-2.63890878301682,-2.15045589559286,-2.73429789534941,-2.16314121536079
2022-07-25,-2.51675161044675,-2.58667595446066,-2.59691732677335,-2.64761032154609,-2.16609066384047,-2.79633880228068,-2.16966760299282
2022-07-26,-2.50188083867303,-2.57798049687774,-2.58947102850631,-2.64455058828263,-2.17426012487842,-2.7498554641069,-2.15563095357795
2022-07-27,-2.52902680323153,-2.59538575156442,-2.6266691514428,-2.65398130233385,-2.1697657208254,-2.77750279698724,-2.16030256819615
2022-07-28,-2.54469372639854,-2.58598121694171,-2.62629796314079,-2.55627055362933,-2.18370341401959,-2.78295987574932,-2.16358945415527
2022-07-29,-2.54432702917649,-2.58823292544931,-2.67807720304408,-2.54658180762633,-2.20608343611197,-2.7818251567248,-2.17280395864028
2022-08-01,-2.55307109998424,-2.61087207814704,-2.68272834321769,-2.55159393594678,-2.24172861734594,-2.78264110553304,-2.20421702563576
2022-08-02,-2.54761123321466,-2.57886402321188,-2.66649976502771,-2.54388889018685,-2.23374749024747,-2.77754255158954,-2.20120529287554
2022-08-03,-2.56770042099162,-2.57502928262425,-2.677676472104,-2.56111883749339,-2.24965340008841,-2.76268580959002,-2.19892258369077
2022-08-04,-2.57827950082368,-2.57423896591132,-2.70098585588126,-2.58169967561364,-2.23047752089322,-2.76129156216896,-2.2516868832907
2022-08-05,-2.55057274055366,-2.51280267697051,-2.70645557599247,-2.56402520694699,-2.21908002653198,-2.77960136373838,-2.29924801332501
2022-08-08,-2.55920430781194,-2.51976186051077,-2.68566460527795,-2.5617859787578,-2.19691989728475,-2.79778351548554,-2.37422839349476
2022-08-09,-2.46736044680751,-2.52467467597,-2.6823023281925,-2.5775069108944,-2.13868492928483,-2.78870042886678,-2.36989050414281
2022-08-10,-2.47481660115868,-2.54294357667655,-2.69920225683836,-2.56111298931259,-2.0550601140683,-2.80306081396396,-2.38369032816828
2022-08-11,-2.48622808803814,-2.5462298873451,-2.47174671457468,-2.55843429051779,-2.07979272161648,-2.78583890704758,-2.35212234982158
2022-08-12,-2.53268981367965,-2.57918408415534,-2.46678510825527,-2.57464345126707,-2.1141767551603,-2.79784397075154,-2.33512080317419
2022-08-15,-2.51148262520855,-2.57601439902421,-2.48421348749293,-2.58347067722784,-2.09574620470438,-2.79171591455674,-2.34022276789398
2022-08-16,-2.50366282983238,-2.59270488182202,-2.47721870001081,-2.57535264651269,-2.1003306163906,-2.78684765203586,-2.34043134282505
2022-08-17,-2.51475731390416,-2.61669301934273,-2.4562049161257,-2.60985434214012,-2.10944991071627,-2.80149912289613,-2.35368739244057
2022-08-18,-2.52338956343957,-2.62835975623769,-2.44287133022496,-2.61488404754439,-2.11802147758022,-2.80358914044323,-2.34882959818938
2022-08-19,-2.53218711245708,-2.62561546155257,-2.41553075550653,-2.62132342849012,-2.11462539906514,-2.7986048717273,-2.34070842914873
2022-08-22,-2.53030140608455,-2.63160233887475,-2.39978933175172,-2.65393944015068,-2.11605357110464,-2.78582004608307,-2.33767432869031
2022-08-23,-2.54517110775407,-2.63628975067199,-2.39047110391776,-2.64921652219808,-2.11574385612285,-2.786541333721,-2.33902211121217
2022-08-24,-2.56107359229824,-2.65172609876953,-2.38603793853996,-2.66171933996001,-2.12308664098612,-2.8311811035383,-2.35114420845041
2022-08-25,-2.56963225184191,-2.64872244975916,-2.37813310751828,-2.66353053094889,-2.12486062944054,-2.84600472331221,-2.3548623193512
2022-08-26,-2.56796822609986,-2.65461619762639,-2.37477556935418,-2.79285859903529,-2.13352629869901,-2.83623280564916,-2.36503662462396
2022-08-29,-2.56875889661295,-2.65347804790448,-2.36602367004175,-2.81139181973334,-2.11861509933554,-2.83115505407934,-2.34624938253694
2022-08-30,-2.58546304427079,-2.64938296513046,-2.36219865616504,-2.83475471204983,-2.12881453103583,-2.82892388162207,-2.34568720297479
2022-08-31,-2.58391556974965,-2.64925741696185,-2.35599512355026,-2.80733064009176,-2.12013424712027,-2.80678303231634,-2.34832851942054
2022-09-01,-2.55068093977285,-2.62075341275131,-2.34719334516897,-2.76951059018907,-2.10717236920498,-2.74000952936125,-2.29320158119051
2022-09-02,-2.5554712467214,-2.60414453210737,-2.34469320152277,-2.75628756709671,-2.12388519986617,-2.70351430120532,-2.27527108333814
2022-09-05,-2.57828772000853,-2.68774344947602,-2.33627431784155,-2.79581653379704,-2.14106659132858,-2.67354975664057,-2.27875792876053
2022-09-06,-2.57079231664223,-2.6809883138181,-2.26985404199794,-2.79185949450186,-2.14263554170749,-2.65522948511382,-2.27990786805091
2022-09-08,-2.72210973395316,-2.69406646971823,-2.26328753098034,-2.7772303692082,-2.20690712344922,-2.66146961100673,-2.31309851551335
2022-09-09,-2.73963083207266,-2.68235402779027,-2.25163732487502,-2.79659991050222,-2.3430661028467,-2.64678620481358,-2.33330306719393
2022-09-12,-2.73851263637869,-2.66073490060979,-2.38273957216911,-2.77510088907506,-2.34960598674798,-2.6541385757001,-2.36707913091656
2022-09-13,-2.73224171166466,-2.65612588826174,-2.3795626931744,-2.78887265462013,-2.35365462175199,-2.61819838544104,-2.37448058291203
2022-09-14,-2.7730993515125,-2.67593319433518,-2.37596068265096,-2.79737382373502,-2.37116677615181,-2.63240072840405,-2.34094420595641
2022-09-15,-2.78458032086776,-2.67624038607358,-2.38135883469766,-2.78471612890161,-2.37552254846544,-2.63518606840541,-2.33869137698738
2022-09-16,-2.78758802415041,-2.66238979464434,-2.38782962146578,-2.7891928989114,-2.33720522946568,-2.62605312703872,-2.34487467024483
2022-09-19,-2.74419090782506,-2.63558601560078,-2.34178074479396,-2.71985401671713,-2.3317946685344,-2.60952232375975,-2.33003428429549
2022-09-20,-2.74515407488061,-2.63151352170869,-2.37165786980782,-2.67892874587268,-2.32839078347698,-2.60388974849811,-2.3422169619389
2022-09-21,-2.7579579102921,-2.64201625628864,-2.39018414368584,-2.67218081771873,-2.28568988272487,-2.61306914526987,-2.35302584164682
2022-09-22,-2.72615901269946,-2.60076075828205,-2.37874364324922,-2.61448391922719,-2.23541316331794,-2.61502793573553,-2.34583523074733
2022-09-23,-2.67567347791517,-2.55717055209523,-2.36895435418884,-2.5788145981926,-2.22505067623307,-2.6013676843465,-2.3377353195252
2022-09-26,-2.66598295632135,-2.54819627523161,-2.36520257561032,-2.57133157669563,-2.2007687237756,-2.58513522610759,-2.32473782676257
2022-09-27,-2.67958795394211,-2.56315233194527,-2.37305229350556,-2.58594050757149,-2.2009062676057,-2.58233736235494,-2.32628843438888
2022-09-28,-2.6661043348054,-2.55581976390062,-2.3845572617645,-2.5790583997571,-2.21407986558141,-2.59422189772984,-2.32439594513102
2022-09-29,-2.65868998981959,-2.53270733737979,-2.38716170803027,-2.55546654044314,-2.19970756887833,-2.59442305690146,-2.31754142548357
2022-09-30,-2.6737372528668,-2.55343978814002,-2.37764578915677,-2.58039708745466,-2.19425618688069,-2.59827964764456,-2.29993243937022
2022-10-03,-2.60602439599771,-2.5140448511651,-2.15986787517351,-2.47385791924371,-2.17662225226746,-2.63700403334693,-2.32632210054859
2022-10-04,-2.58438975829254,-2.50322559846544,-2.09201068186478,-2.47550912419607,-2.16704609268298,-2.65655855465356,-2.31712162985015
2022-10-05,-2.59456018913781,-2.49001477394757,-2.08030384172069,-2.46637761077341,-2.1509228480506,-2.68034535608349,-2.30704782890264
2022-10-06,-2.59967708298507,-2.47502965067839,-2.12132778029876,-2.464549238792,-2.16759411434473,-2.6872714579596,-2.31858429218559
2022-10-07,-2.57897246228713,-2.43270018179023,-2.13155837588215,-2.46987092109393,-2.17078470219559,-2.680676621876,-2.31998354161736
2022-10-10,-2.5697325044455,-2.43113648927671,-2.12587004124577,-2.4708416500506,-2.16344696981251,-2.68843583320662,-2.32152558806652
2022-10-11,-2.57647814321916,-2.45072045112462,-2.12439708275193,-2.47334872567683,-2.1567883688502,-2.55119477553238,-2.32816342473462
2022-10-13,-2.56628308772435,-2.43939710685591,-2.11802029878417,-2.4658986252116,-2.13081408646705,-2.50543805173948,-2.3156627410816
2022-10-14,-2.55075499532951,-2.4259937394896,-2.10725919013859,-2.44378417982933,-2.13777650159784,-2.47931999839527,-2.36918958016831
2022-10-17,-2.55298561230129,-2.42704770343714,-2.10421056457247,-2.44671787774513,-2.1334858036377,-2.47994929545633,-2.37347510176605
2022-10-18,-2.53960057717959,-2.42809935325177,-2.06782913001694,-2.43806253951597,-2.16341000662423,-2.47228554491906,-2.35098545475648
2022-10-19,-2.56537932953213,-2.44416529031177,-2.07087844098675,-2.47814660295079,-2.17190145736442,-2.49469325481565,-2.36928241657579
2022-10-20,-2.56728389130603,-2.45423272286487,-2.0594389555249,-2.5026727403871,-2.1774912532988,-2.5021651487155,-2.35517793895526
2022-10-21,-2.52581652552906,-2.44500166887646,-2.04618418662364,-2.50159195970853,-2.20177224169327,-2.48891957983028,-2.35469110721583
2022-10-24,-2.49687919537266,-2.43868821063729,-2.00729289626923,-2.49250033950272,-2.22748368278307,-2.46847198979014,-2.36672884416918
2022-10-25,-2.53203528993637,-2.46967857248658,-2.00880908281925,-2.51484768566591,-2.25797043824202,-2.4603488084441,-2.38387026822802
2022-10-26,-2.5067798501943,-2.38350444585779,-1.98413733429873,-2.23905548430464,-2.18159993842239,-2.43479351598459,-2.37362594901969
2022-10-27,-2.48688606448425,-2.36717838855551,-1.97628584631325,-2.22033809224546,-2.12262094884524,-2.40634413384016,-2.34614071261603
2022-10-28,-2.49791646717105,-2.38570505768158,-1.97155046769222,-2.19224477781597,-2.12537668998114,-2.39895423089638,-2.34728054664777
2022-10-31,-2.44245931932282,-2.31131190019007,-1.85121642000591,-2.17239500212371,-2.08411032451646,-2.35794989904896,-2.32070075618032
2022-11-01,-2.38917141784089,-2.27229961901846,-1.8384604064665,-2.16382079683085,-2.08086097077665,-2.32670045191766,-2.26276417067551
2022-11-03,-2.42117931738103,-2.31096479714699,-1.88751203344518,-2.22430504949453,-2.08330617940101,-2.30925281032062,-2.2839604926994
2022-11-04,-2.41918792205324,-2.31647413748353,-1.92362729211383,-2.22644331048289,-2.08005965012543,-2.31115928561433,-2.2958043637342
2022-11-07,-2.39693430412037,-2.31955049793142,-1.92494653181619,-2.21394495214364,-2.08764169668383,-2.29411318735141,-2.20339534504457
2022-11-08,-2.39938119201916,-2.33185717183782,-1.92458428864549,-2.17665210078085,-2.06856701124186,-2.29906260348446,-2.20098196315032
2022-11-09,-2.32746566796013,-2.04059411561387,-1.90437277746624,-2.14838882579093,-2.06533367887729,-2.25454136340557,-2.18904276370089
2022-11-10,-2.28058579674382,-2.02747570661769,-1.89073937837815,-2.1462135977005,-2.02210917925022,-2.22457213643438,-2.15658861384087
2022-11-11,-2.23349173931162,-1.99079501250471,-1.8894774641681,-2.12629948896812,-2.00239702525485,-2.25145415643362,-2.15240715175226
2022-11-14,-2.21932033725944,-1.96269827231081,-1.89665485355478,-2.11403234165622,-2.00555593885315,-2.28537315510144,-2.16391161460568
2022-11-16,-2.22191957850361,-1.9578516643904,-1.89814557687596,-2.11109585756954,-1.98120978745238,-2.19234565214889,-2.14992260077687
2022-11-17,-2.21930710074926,-1.95209963446605,-1.88233784688769,-2.11303313656411,-1.93536780670972,-2.15614116301073,-2.13470524289936
2022-11-18,-2.21644661660823,-1.94380470170888,-1.90224174713351,-2.10388566789232,-1.87641726871809,-2.1274470075337,-2.11380779153584
2022-11-21,-2.1946930784794,-1.92893867724262,-1.92910565254824,-2.09642044770927,-1.85315622482394,-2.11024075416272,-2.09361379759467
2022-11-22,-2.19100024606756,-1.92522988802997,-1.9343004981007,-2.09926862092139,-1.83727558200675,-2.10682062967929,-2.09581520276518
2022-11-23,-2.21346549766765,-1.93034101400827,-1.93840809354013,-2.10306444630563,-1.83914419890457,-2.1000306145647,-2.08772963504543
2022-11-24,-2.21391424224072,-1.92930523512711,-1.94646675952657,-2.1051001495511,-1.83606999382286,-2.0958331142789,-2.06665374604646
2022-11-25,-2.20469049471897,-1.92882452481355,-1.94511958528667,-2.10398667082633,-1.82451597712364,-2.09925998900233,-2.0589316438068
2022-11-28,-2.21145292895087,-1.96210869271431,-1.96491259921889,-2.2839511656436,-1.87342608397526,-2.11298850625632,-2.07076742225785
2022-11-29,-2.18953459886047,-1.95942058339016,-1.96751338681989,-2.27509630191615,-1.89269058383554,-2.12867964148135,-2.07860851196308
2022-11-30,-2.18190173636161,-1.9540373523839,-1.96268536062996,-2.31140298804564,-1.87499029764662,-2.11539729949153,-2.07581519736172
2022-12-01,-2.21058013944104,-1.99859707728821,-2.10802281149976,-2.34412555261583,-1.91946322440919,-2.13942707753809,-2.09470859638914
2022-12-02,-2.22358096363948,-2.00473187778996,-2.11756779489096,-2.32736629906188,-1.91469193982709,-2.1547771116254,-2.12178288308002
2022-12-05,-2.24220305264488,-2.01491271989161,-2.20201574420667,-2.35410195017553,-1.93049525100296,-2.17328832392665,-2.12227843260729
2022-12-06,-2.25141969067969,-2.01386551688033,-2.21754096167158,-2.35941671037234,-1.93091406594829,-2.17588957941319,-2.13263115148916
2022-12-07,-2.26451226304427,-2.01488928367764,-2.23807051370095,-2.37793243988486,-1.92175991645399,-2.18567484934454,-2.2128168905944
2022-12-08,-2.25588138479067,-2.01551335354034,-2.23313783541519,-2.4264783278362,-1.93221518231795,-2.18217987643749,-2.20734344453991
2022-12-09,-2.32752364182104,-2.36066003995069,-2.27453665155109,-2.48467949202545,-1.93042011563113,-2.22551908653233,-2.22450892946025
2022-12-12,-2.38057088418688,-2.3494977402237,-2.26327645723425,-2.48083176047588,-1.93104014124825,-2.24201947231684,-2.23603958617711
2022-12-13,-2.40586950963627,-2.39692921909402,-2.24681088856966,-2.51186717364051,-1.91996993992122,-2.26897062119171,-2.23412450119122
2022-12-14,-2.38700947015104,-2.39483987807015,-2.22290322989148,-2.52825029792692,-1.86857030656506,-2.26556731785142,-2.21315020992006
2022-12-15,-2.34225965712093,-2.37413286714618,-2.18215045030808,-2.53709423077727,-1.85766992892721,-2.36910397535576,-2.21752300365071
2022-12-16,-2.35290379041247,-2.39007763270759,-2.21191165332715,-2.54717042639645,-1.89235992573869,-2.42984321929745,-2.22539282549525
2022-12-19,-2.35738448909911,-2.40402234032017,-2.22012942469207,-2.56183092265256,-1.91969544201789,-2.4895402924142,-2.26409411572239
2022-12-20,-2.35164954150181,-2.37372388395427,-2.20799227753154,-2.54836983974928,-1.91379896061608,-2.44299061811834,-2.27143396882196
2022-12-21,-2.35706438130231,-2.36540907990986,-2.21343181495543,-2.55397369800799,-1.92868507389789,-2.4498744264916,-2.28289512206305
2022-12-22,-2.34873500645784,-2.36160075659412,-2.2153777260437,-2.55148668781403,-1.92958216070453,-2.47225638172168,-2.30300179936416
2022-12-23,-2.35552042861273,-2.36983105360837,-2.24407841666277,-2.5594474872401,-1.92769884025787,-2.46700626144575,-2.31883574200563
2022-12-26,-2.35368671133995,-2.36853951513662,-2.24833344893343,-2.56189173765885,-1.92264131209475,-2.4699008282764,-2.33101848326144
2022-12-27,-2.35561641769453,-2.34960257787593,-2.24775001111805,-2.56252308284157,-1.9116977537338,-2.45544238376825,-2.32609398094979
2022-12-28,-2.39038550216171,-2.3531129496847,-2.24599164794957,-2.6071811790505,-1.92599593450015,-2.40821245343102,-2.32988699956412
2022-12-29,-2.39397744270741,-2.35424735996958,-2.25898000274325,-2.60952146261698,-1.927272168373,-2.41539791146573,-2.34707646815645
2023-01-02,-2.36783584188069,-2.34113213614489,-2.23845717215067,-2.62455548226592,-1.891822927249,-2.42511188467638,-2.33382292136647
2023-01-03,-2.39021904182799,-2.34573041483596,-2.26744284538152,-2.66864341791236,-1.90202563861472,-2.44921600164504,-2.36356055161251
2023-01-04,-2.38100589296265,-2.3046849427693,-2.26533719313031,-2.64636008809722,-1.88216834874082,-2.45684911113498,-2.37789644947462
2023-01-05,-2.37272056816003,-2.29879540636473,-2.23946313984619,-2.62660173134907,-1.8772283217718,-2.45729898130163,-2.35290339034534
2023-01-06,-2.36860487576076,-2.28818743310085,-2.23470213158761,-2.61980407591542,-1.88590489410901,-2.45479711665322,-2.36045898965593
2023-01-09,-2.36805164198275,-2.27294716366833,-2.24331545790111,-2.61981130537722,-1.88274207191081,-2.44508570749441,-2.31876548533019
2023-01-10,-2.34564793288853,-2.24224499571217,-2.23377214416438,-2.56347940062428,-1.85175552065853,-2.43355746605158,-2.2871774827493
2023-01-11,-2.36262276644343,-2.26922808921237,-2.29414520369666,-2.55695933037966,-1.88602292096687,-2.44386615217169,-2.31388274492926
2023-01-12,-2.32368862308274,-2.27776394979405,-2.32461785987956,-2.54502388596992,-1.89802470581036,-2.45985214313348,-2.27661586014441
2023-01-13,-2.32977341382354,-2.30447469700036,-2.37046892428498,-2.53974990795119,-1.94576382566359,-2.47548110596419,-2.25519094964715
2023-01-16,-2.36799151432506,-2.31201556353381,-2.44758918550155,-2.53643312334354,-1.95185268121566,-2.52881800885141,-2.24653096067276
2023-01-17,-2.3665149931618,-2.30399971798095,-2.37802038055311,-2.52461284874268,-1.938134126028,-2.53656464986434,-2.25931444461512
2023-01-18,-2.37075876230189,-2.3028757049991,-2.33728217504494,-2.52630276638696,-1.94460370829338,-2.5193142077168,-2.24404210892267
2023-01-19,-2.3917104005665,-2.35003366697112,-2.33384184674308,-2.53111093387477,-1.97303304523421,-2.59526982205374,-2.24484596599244
2023-01-20,-2.39538134336629,-2.36577047512141,-2.33306004907081,-2.50890322262584,-1.97356167314639,-2.59231171860825,-2.24223866817917
2023-01-23,-2.38827619102639,-2.35314156988963,-2.28473111725377,-2.45891164477473,-1.96368988590223,-2.57468503516714,-2.23528438642807
2023-01-24,-2.3842320719622,-2.35844439032264,-2.28253685932452,-2.48937444582063,-1.97085662361094,-2.59946201056387,-2.23766990126506
2023-01-25,-2.37557413395414,-2.3501302537178,-2.25351589061783,-2.48963876827817,-1.95736073641474,-2.60524917796985,-2.22373841504303
2023-01-26,-2.37534037185822,-2.36752926837337,-2.26168164614501,-2.49816007728873,-1.96531022746253,-2.61599817651665,-2.21835761904474
2023-01-27,-2.38715640849801,-2.36713063758517,-2.26225465115068,-2.48919514069714,-1.96991210846272,-2.68855018924657,-2.23048618045707
2023-01-30,-2.38737750598408,-2.37480122862257,-2.26166557006537,-2.49753918063274,-1.98763632321693,-2.72313261654746,-2.23256699273751
2023-01-31,-2.41114891057531,-2.38462319729741,-2.29510957495299,-2.4762928252528,-2.01927398917594,-2.71991902007257,-2.19050795592476
2023-02-01,-2.41356019534572,-2.41088316210151,-2.29371909258256,-2.4380305936189,-1.99643670818524,-2.65541070898207,-2.19721653362775
2023-02-02,-2.36084564137613,-2.44052734838973,-2.2447602636066,-2.31333926616862,-1.98155297521126,-2.55285428008123,-2.14977919620736
2023-02-03,-2.36428968709486,-2.43836649791159,-2.25894469717827,-2.32186813464077,-2.00180642614127,-2.54135573019966,-2.15620863863562
2023-02-06,-2.35489099855735,-2.45785187652381,-2.25187124892461,-2.32356653802254,-1.99053017909783,-2.54412801621371,-2.15808283866334
2023-02-07,-2.34051075559522,-2.47555270799352,-2.24699378967997,-2.29934225596106,-1.99863290437012,-2.55379863536564,-2.18559652374973
2023-02-08,-2.26939847552812,-2.47535150560465,-2.25414723479292,-2.30426988214891,-2.02903557480292,-2.55706625643144,-2.17996577969628
2023-02-09,-2.25565804566079,-2.44262281146313,-2.25072336589408,-2.31622574803567,-2.00436468208962,-2.54005111741004,-2.15144097691834
2023-02-10,-2.32361651349923,-2.09719550238834,-2.2380469676975,-2.33187957495017,-2.01015562906852,-2.54838718536445,-2.16035319446233
2023-02-13,-2.34349289601969,-2.08942976306801,-2.23807751632515,-2.3331191629872,-1.95417443335968,-2.54320235775555,-2.19811307520131
2023-02-14,-2.34887573968083,-2.09617014871327,-2.1751230903869,-2.32529666463144,-1.9605987503056,-2.5270623495008,-2.21204321061047
2023-02-15,-2.33388162117291,-2.08418840375159,-2.21012029848492,-2.32458503951496,-1.95750716313097,-2.51841419237836,-2.21268464711095
2023-02-16,-2.33022473552927,-2.08094937996439,-2.2380663418641,-2.30654797959652,-1.96405433464904,-2.52611198645386,-2.23576729040713
2023-02-17,-2.34478739195601,-2.07800008880654,-2.25979653524013,-2.30350159974238,-1.95236197163168,-2.53575103182174,-2.25950552652635
2023-02-22,-2.32289438932495,-2.07254685159379,-2.26422802805328,-2.26217365851808,-1.93982822437021,-2.5351053205962,-2.26800618267042
2023-02-23,-2.31944791596966,-2.08118854315162,-2.31504486328227,-2.27304422912204,-1.94489418163122,-2.55286913309117,-2.27063963138746
2023-02-24,-2.3267496867232,-2.07422116000863,-2.31878864150421,-2.25986563423659,-1.95280536381365,-2.53476505525059,-2.28025600634624
2023-02-27,-2.34409155617545,-2.07474048017,-2.36279780554857,-2.25272377345429,-1.98660615937275,-2.53561910783603,-2.29152651417354
2023-02-28,-2.33654560354686,-2.06689344554631,-2.36740485180534,-2.24665856843092,-1.99818376977443,-2.41257513559779,-2.28929507850841
2023-03-01,-2.30239490656538,-2.056852615763,-2.3427424417652,-2.23968683384911,-1.96035421629994,-2.39237078421997,-2.2775144404741
2023-03-02,-2.28029605381266,-2.05468662477688,-2.33546135295677,-2.22492120736666,-1.96421379360084,-2.37287824522893,-2.27153724462275
2023-03-03,-2.28054965678677,-2.05706107484569,-2.32593926959799,-2.24087791105989,-1.96895090935993,-2.37255459052428,-2.35216133244445
2023-03-06,-2.2654154909332,-2.04983215631567,-2.32624161592664,-2.25919752293398,-1.99117308523275,-2.40741422662608,-2.36719100531373
2023-03-07,-2.30979722283998,-2.06062217173645,-2.36673947733052,-2.38415953408249,-2.04295991110514,-2.48088729782355,-2.45066406434157
2023-03-08,-2.31600166081531,-2.06563017504733,-2.37083239111304,-2.37955986383479,-2.0341023894854,-2.49785025540523,-2.47341754445985
2023-03-09,-2.32486412353857,-2.06624284958746,-2.37998140613418,-2.384995099965,-2.03837617830839,-2.49619575446967,-2.45928614132019
2023-03-10,-2.33896604562991,-2.06142714578407,-2.3818902290928,-2.40263355395649,-2.01965568450342,-2.50013588592969,-2.41976444496542
2023-03-13,-2.4313474677078,-2.07944604815273,-2.38065573988096,-2.42476629957736,-2.02338775214061,-2.48597118833284,-2.44260182090413
2023-03-14,-2.44933498959914,-2.09509319349368,-2.38268702235019,-2.43653730931449,-2.04986810844851,-2.50727965373093,-2.50075407602071
2023-03-15,-2.42278837755695,-2.39338339050226,-2.38175441380444,-2.43120531934669,-2.03733908156001,-2.4653122472126,-2.52351113163203
2023-03-16,-2.42954582416442,-2.39538547239028,-2.39022907250832,-2.39728853037463,-2.10813288171974,-2.4659314124664,-2.50398055737808
2023-03-17,-2.43138588102583,-2.38799859718375,-2.50634230236724,-2.40964678722885,-2.13101389820284,-2.47749598656645,-2.48785604580221
2023-03-20,-2.43435735472242,-2.39786196872592,-2.48459115186688,-2.41099250179939,-2.14804876642117,-2.4712706612936,-2.48639126914448
2023-03-21,-2.42664980584987,-2.41248882452209,-2.50037302069715,-2.41854323315696,-2.14890868622437,-2.49074297270811,-2.45558610865707
2023-03-22,-2.41625127664813,-2.41605418671324,-2.50090147993954,-2.41991050161279,-2.15239375058992,-2.46784185836787,-2.45363830899523
2023-03-23,-2.36933548413634,-2.39550947699498,-2.47296388587859,-2.47809904749569,-2.12323537619708,-2.43529933088957,-2.42101421069399
2023-03-24,-2.36286918154735,-2.36720499293972,-2.47231724621176,-2.49668501467032,-2.12118006411066,-2.430483453961,-2.41457738601046
2023-03-27,-2.36304523481122,-2.37243022294973,-2.47627169810446,-2.4978303716451,-2.10154092962701,-2.44292833442606,-2.40971199588291
2023-03-28,-2.36068413928374,-2.37409140045095,-2.48442578197724,-2.50805281496109,-2.08544496581552,-2.44487933287817,-2.4140841656044
2023-03-29,-2.3679692532132,-2.3588739838013,-2.4870567005456,-2.5015537159835,-2.05603521999711,-2.56910186666178,-2.42304932976248
2023-03-30,-2.39259819201728,-2.36581428242504,-2.51346622875299,-2.4918378010717,-2.04999837829964,-2.58821263992646,-2.42683827465845
2023-03-31,-2.42218161942588,-2.36122819791011,-2.52228910604759,-2.5061929190823,-2.04382986644363,-2.62548721270437,-2.41531527994545
2023-04-03,-2.4096559991522,-2.35216905707299,-2.52335985923977,-2.50615899926134,-2.04690447684513,-2.63335415752199,-2.4042724136737
2023-04-04,-2.43661614476964,-2.36292872538422,-2.53221237294966,-2.51837427670015,-2.0489312775725,-2.6174443406234,-2.41039352578605
2023-04-05,-2.44574018169714,-2.36446530881757,-2.5543174029473,-2.52201516763634,-2.04431579264979,-2.61804194959068,-2.4021429239041
2023-04-06,-2.45346695644627,-2.37078937528817,-2.56469606099382,-2.53975789608382,-2.0532946582456,-2.61187398083333,-2.41304340431447
2023-04-10,-2.45519392022637,-2.37569516171231,-2.5662593104463,-2.5433023887241,-2.05766219751829,-2.62425789602683,-2.43314440489425
2023-04-11,-2.43606392688673,-2.35913847673188,-2.5774060985278,-2.55224047561886,-2.03919749572912,-2.63089165611212,-2.48444612988852
2023-04-12,-2.45143944595149,-2.34558960606157,-2.48388581524201,-2.5544585432372,-2.03235713977949,-2.62800870498848,-2.51225848035947
2023-04-13,-2.46721501757792,-2.35884297412674,-2.47922851945437,-2.54357970766033,-2.02774388353319,-2.63913073036309,-2.52285377119847
2023-04-14,-2.50395853355701,-2.40628761834428,-2.50192523699386,-2.54701266911132,-2.06458553951659,-2.67226561343523,-2.55353653382488
2023-04-17,-2.50897762782522,-2.42585889066026,-2.50706335360043,-2.5765268088961,-2.08215217214642,-2.67608661961728,-2.56891585938243
2023-04-18,-2.51207777839699,-2.43058819491401,-2.52950394655085,-2.56359683509353,-2.08999611998016,-2.66940805379586,-2.59714032246625
2023-04-19,-2.52645624218422,-2.44354292462775,-2.56664217959406,-2.5603237977869,-2.10138618910901,-2.69224608950879,-2.60794342977178
2023-04-20,-2.53165162041343,-2.42990748505104,-2.55900006215604,-2.60062766448047,-2.10712787484938,-2.68254016657177,-2.64624448817733
2023-04-24,-2.53380606527292,-2.42350521067365,-2.56156159967322,-2.61816556744084,-2.11989930035988,-2.71020020760538,-2.65016490655741
2023-04-25,-2.62731403488142,-2.4556543567975,-2.58686577262864,-2.60007679869076,-2.15625280628457,-2.77952297059917,-2.70212519526208
2023-04-26,-2.66427164200409,-2.47859801824554,-2.59647907325234,-2.59738587959599,-2.15827638578263,-2.79500401299081,-2.71250508199581
2023-04-27,-2.68032005423126,-2.48764720879474,-2.6034763794187,-2.61388507942018,-2.168107427487,-2.80196471012249,-2.7080583949984
2023-04-28,-2.66973864058609,-2.47919632459068,-2.58861407593945,-2.60346652260192,-2.18350566213479,-2.77933549412529,-2.71378639411705
2023-05-02,-2.62363608662341,-2.48706453807885,-2.590416037285,-2.58522508488388,-2.20779788298413,-2.80276838792607,-2.60130360844109
2023-05-03,-2.64775040975242,-2.48459292568725,-2.6249995829738,-2.62176617510372,-2.28373877178674,-2.77912878796679,-2.56239457524008
2023-05-04,-2.62928422943909,-2.48868507298836,-2.62832503911728,-2.60418342531715,-2.28817478857817,-2.74759787496184,-2.52625281418147
2023-05-05,-2.61126233232944,-2.40967747799831,-2.65038702011464,-2.5531515059517,-2.25968883177431,-2.72761787441473,-2.51402020382572
2023-05-08,-2.56679334039415,-2.40356681457621,-2.64876473190149,-2.54586683668964,-2.24938415115689,-2.73574518815861,-2.51267763740722
2023-05-09,-2.57161423184519,-2.36887423206068,-2.6544762634741,-2.53358373412026,-2.23045770862844,-2.72283366934295,-2.51697157012007
2023-05-10,-2.55981422210662,-2.37895587710371,-2.64115667253525,-2.51825932101242,-2.23757265856573,-2.70957332995002,-2.51933483172711
2023-05-11,-2.54353690011567,-2.37236525764259,-2.62609111784779,-2.4979582944436,-2.23252902391879,-2.68347425577112,-2.50913164566524
2023-05-12,-2.57431194590449,-2.40532293706162,-2.62119704342406,-2.49758551111574,-2.27818932729304,-2.46037414162179,-2.51577407089386
2023-05-15,-2.59426028253857,-2.42885838232762,-2.75550214087526,-2.49501906800736,-2.31783307160958,-2.4733186139758,-2.51897235558846
2023-05-16,-2.59418439772333,-2.43404496398045,-2.72840881147596,-2.49829456259989,-2.32413917166184,-2.46757407220582,-2.5256758226257
2023-05-17,-2.59788678555981,-2.44010529521499,-2.74595570981066,-2.52483760837483,-2.31892497187976,-2.48452175628006,-2.53221849811574
2023-05-18,-2.60046914090349,-2.44541529025129,-2.75149660734808,-2.53788605296731,-2.30946806660905,-2.47641323460465,-2.54254636822416
2023-05-19,-2.60286920358013,-2.44456932420883,-2.7391112837386,-2.5827224748847,-2.29315163510789,-2.48030364616055,-2.5363616315312
2023-05-22,-2.58178238509744,-2.43446728444111,-2.71712391618069,-2.57442298488882,-2.28183955324413,-2.45845433881438,-2.530969907653
2023-05-23,-2.56617187309207,-2.4138476735339,-2.70994958595781,-2.57178596480757,-2.27650252381989,-2.45179991418626,-2.49656010758397
2023-05-24,-2.56984467989525,-2.40476981061098,-2.72138969385856,-2.57665068581378,-2.27690601674528,-2.45524591384944,-2.47456052797374
2023-05-25,-2.54263791768101,-2.385086190767,-2.72297929187306,-2.57491823857354,-2.27517291840375,-2.44310434899336,-2.3909141140025
2023-05-26,-2.50907859021733,-2.36229313541904,-2.69591427614005,-2.56057877501825,-2.23071210683706,-2.43679675468201,-2.38409009799802
2023-05-29,-2.50512852013437,-2.3661180825413,-2.70210761458425,-2.54877600296538,-2.23982592678447,-2.42421870574771,-2.3830225561769
2023-05-30,-2.48476956541839,-2.3558057091443,-2.70593866402882,-2.54787094781825,-2.20812995374288,-2.42855783474733,-2.38313769907222
2023-05-31,-2.52449189831179,-2.3741597799604,-2.71187144083948,-2.57224409281842,-2.21262354368631,-2.41975419246479,-2.46278135671488
2023-06-01,-2.51858894459858,-2.385471877315,-2.70364608153158,-2.56419360430047,-2.20037798623734,-2.4420941877453,-2.49421335577901
2023-06-02,-2.54168504565733,-2.38430364193756,-2.70309763184293,-2.57782934737037,-2.19367366086475,-2.45156408023352,-2.55550865357712
2023-06-05,-2.58099549287876,-2.45437651422137,-2.68795169538884,-2.62879619121163,-2.2086169392574,-2.449197590097,-2.55810170287625
2023-06-06,-2.64236202200304,-2.47478422860903,-2.66921792366126,-2.63964773163776,-2.23507780751884,-2.45355810075414,-2.54548230372054
2023-06-07,-2.65029688184842,-2.52226299986486,-2.68207500771141,-2.65287557680693,-2.27603978151826,-2.46846477827114,-2.55819036646163
2023-06-09,-2.66297315614844,-2.52518625932876,-2.67786397589892,-2.65729259640386,-2.27424378365428,-2.47948621347733,-2.51886707166959
2023-06-12,-2.68023667668577,-2.53589851863897,-2.68657144691169,-2.67897462863933,-2.29154087007345,-2.47466770929304,-2.50640019637101
2023-06-13,-2.71036828574579,-2.54582014868139,-2.69639756234661,-2.66851778112853,-2.30441939972307,-2.66484833030347,-2.50966600899874
2023-06-14,-2.70899359606106,-2.54110412870045,-2.69074225635471,-2.64110539815996,-2.28836410343678,-2.6510411955612,-2.48448117304608
2023-06-15,-2.71421324238613,-2.54998892129799,-2.71628817746208,-2.6371334862707,-2.2962407777925,-2.62759849156293,-2.39598134189697
2023-06-16,-2.70683245645163,-2.56099094934419,-2.73064581056888,-2.63125041810611,-2.29081884930639,-2.60668597072669,-2.38805742145433
2023-06-19,-2.71317683512546,-2.56472953301629,-2.73707758554642,-2.6417908530861,-2.30407662292349,-2.58624385211597,-2.37677297785107
2023-06-20,-2.71802745296611,-2.58533686832201,-2.75184452815375,-2.63404827417686,-2.31764521732962,-2.58836928146341,-2.37012303375182
2023-06-21,-2.74887543886042,-2.59714495533549,-2.76786949014094,-2.63687676379094,-2.3383197360542,-2.6225517022577,-2.37148139009065
2023-06-22,-2.76631201755403,-2.63486864945772,-2.7525199109995,-2.6421730431492,-2.31203290010414,-2.61328733205282,-2.35116254201163
2023-06-23,-2.78474522867447,-2.654096910255,-2.75992807347482,-2.63859526146762,-2.31303919892909,-2.61477870464148,-2.37270124583175
2023-06-26,-2.82126108493445,-2.66594264966571,-2.75927437860427,-2.67512845666807,-2.32501972776966,-2.61709500736902,-2.43105877411455
2023-06-27,-2.8429908862023,-2.65157194642909,-2.75876359438376,-2.69043151152991,-2.36916800910332,-2.58859247125622,-2.39485203480271
2023-06-28,-2.84807487359251,-2.6406557614088,-2.7486469478118,-2.69712801527183,-2.35359861289639,-2.59719733520799,-2.3940960845172
2023-06-29,-2.92483180315335,-2.66780419960238,-2.76050148135322,-2.70960886219651,-2.39003475356497,-2.60192841459216,-2.38886569672088
2023-06-30,-2.90827043648568,-2.66823696309831,-2.7065428125014,-2.70304084338272,-2.37673909990596,-2.59609738557458,-2.3923357133546
2023-07-03,-2.91474016627002,-2.68788096974911,-2.71588240684947,-2.65723789143681,-2.39354874813351,-2.57860594641578,-2.37174694841247
2023-07-04,-2.92745863200125,-2.71455209222592,-2.73603365680644,-2.66037332287566,-2.42772867690751,-2.58193403786746,-2.37615121649969
2023-07-05,-2.92836647227422,-2.74439179111727,-2.75592504321345,-2.66921476841881,-2.40328375969461,-2.60098929921446,-2.37903494306648
2023-07-06,-2.92282002187393,-2.72055484994536,-2.77239298529916,-2.66190740705159,-2.37285646782566,-2.61357344805581,-2.35547142928717
2023-07-07,-2.89209006170283,-2.7264991881941,-2.75476547930922,-2.65217585549258,-2.34872459277974,-2.59745147603493,-2.35886058304073
2023-07-10,-2.89483973228839,-2.73084302983319,-2.76146957414649,-2.67167641714671,-2.35193351583792,-2.60180045698606,-2.39112667928549
2023-07-11,-2.86620682487979,-2.68669485488368,-2.78166802747349,-2.67362340129947,-2.31581086765526,-2.61129119029618,-2.39237591088953
2023-07-12,-2.86363617106636,-2.69009198124061,-2.75465211230615,-2.68054907913329,-2.31385145696198,-2.65979628316341,-2.3957622008171
2023-07-13,-2.85702941514353,-2.67595313969386,-2.76253343377083,-2.70832716437496,-2.34319774082953,-2.70508606624819,-2.42389752024261
2023-07-14,-2.84465953696655,-2.66166228445607,-2.76011880310082,-2.74838114150201,-2.32452954869148,-2.72863507042069,-2.51721596925814
2023-07-17,-2.85424245153385,-2.64116302242155,-2.7544455671742,-2.73691620039704,-2.32902075248843,-2.70396327683023,-2.51885773300969
2023-07-18,-2.84004830912636,-2.63901104413027,-2.7566426486149,-2.7344936497155,-2.32986586264805,-2.73704224842085,-2.53413355142465
2023-07-19,-2.85164124400567,-2.63449304354836,-2.75335496972718,-2.75277175243724,-2.33814393794541,-2.73936731736617,-2.54235982535345
2023-07-20,-2.80747149920559,-2.6358058467443,-2.77939793664921,-2.75893611931205,-2.33023875550693,-2.73004751940482,-2.54023701325649
2023-07-21,-2.81512917312743,-2.64919170000349,-2.79232792571906,-2.74299160647433,-2.35299781557405,-2.75080256658067,-2.60947915134539
2023-07-24,-2.77841996213586,-2.62228573431366,-2.73927068668028,-2.75149708213586,-2.35173083398175,-2.75107500297446,-2.61505950321983
2023-07-25,-2.75051647648757,-2.62334191145616,-2.73590608015311,-2.7361935890354,-2.35770269788811,-2.729867042521,-2.63658603804747
2023-07-26,-2.77793842197595,-2.6792491790119,-2.75937151178733,-2.70244722098425,-2.39095185605928,-2.78036690660182,-2.72519707001257
2023-07-27,-2.77591836280662,-2.67434598134958,-2.76610276724161,-2.6605721023841,-2.3944440928512,-2.7517316227538,-2.73797715842659
2023-07-28,-2.76720766448619,-2.671848634204,-2.76975424112062,-2.6517346664904,-2.40679910834486,-2.75294618115947,-2.76007239470983
2023-07-31,-2.77640280499613,-2.68873888216539,-2.81849569215746,-2.65746115766428,-2.44247016496812,-2.78212823286341,-2.77121474770391
2023-08-01,-2.77510345737508,-2.68963556361132,-2.79851125884949,-2.72382727590691,-2.43376669941925,-2.73253925129032,-2.80619415539053
2023-08-02,-2.76560828032716,-2.66516265500336,-2.79294923491606,-2.72655324623074,-2.40879428896697,-2.73333458015708,-2.79881025931405
2023-08-03,-2.73840071184264,-2.63042126810916,-2.79067314683657,-2.72090291053058,-2.41047502298348,-2.70582866198809,-2.74418928223182
2023-08-04,-2.71357947186984,-2.4303162762624,-2.78924465138791,-2.72183720775852,-2.42563303363226,-2.67609695435279,-2.7972912715349
2023-08-07,-2.72331172544122,-2.415702687409,-2.80494976562705,-2.74837122513346,-2.46382800562047,-2.6922777234578,-2.76953089274184
2023-08-08,-2.66985832852778,-2.40218715420317,-2.79175687730367,-2.74502007847887,-2.33830296032421,-2.6527346307206,-2.74037970056
2023-08-09,-2.66007292981525,-2.42041450325546,-2.81160860391428,-2.74980714584033,-2.34370286213391,-2.6778903466695,-2.76336711090921
2023-08-10,-2.65426914154884,-2.41593923935417,-2.84379584145519,-2.76321450478555,-2.33953929409992,-2.66718856595468,-2.76847763703536
2023-08-11,-2.66711374797956,-2.43346959914845,-2.85317981869896,-2.77616971787645,-2.33442641413882,-2.67011260260158,-2.72906490267946
2023-08-14,-2.66943479286843,-2.44544373430947,-2.90182221870909,-2.78188404918947,-2.32423505421439,-2.67115539219209,-2.60583254497057
2023-08-15,-2.66979603086901,-2.45230647867765,-2.90958214968138,-2.80891659220799,-2.32681160845067,-2.54721337103795,-2.58999645751866
2023-08-16,-2.66263440189988,-2.44624165817844,-2.88631080490906,-2.81781829430098,-2.30525182628794,-2.49667229533795,-2.58418798049195
2023-08-17,-2.65918429805522,-2.43979131141743,-2.88629266255071,-2.81140590228992,-2.29251556807138,-2.50408117466903,-2.59112608385203
2023-08-18,-2.67746721579808,-2.44782620053436,-2.87699696278837,-2.81780965356037,-2.28321702216691,-2.4835261355414,-2.57223881108934
2023-08-21,-2.67792924615827,-2.45724821943795,-2.88524073889562,-2.84611787814952,-2.28706937101285,-2.4622206819368,-2.54378658641044
2023-08-22,-2.70306086251147,-2.4827947352199,-2.95080985245991,-2.86209917703276,-2.28261713434664,-2.46055543089538,-2.53399378615609
2023-08-23,-2.72829184869251,-2.49544480344458,-2.95960336615434,-2.90831012064216,-2.27687688874245,-2.47273901052474,-2.54303100430917
2023-08-24,-2.73356448276844,-2.49307281471568,-2.96107996992038,-2.96737536260816,-2.28064651329374,-2.46786457105042,-2.51619296207816
2023-08-25,-2.72107375593735,-2.4944867377998,-2.92798327263913,-3.02599625325778,-2.26515309654207,-2.45517853436021,-2.52044913338777
2023-08-28,-2.6637037227651,-2.46691162466236,-2.89721636672728,-3.01566415301205,-2.25899443035337,-2.45377860500996,-2.50481002792968
2023-08-29,-2.64269705993664,-2.45073933507405,-2.88291173606036,-2.96122968101677,-2.24723021421663,-2.45761787997613,-2.4621465261908
2023-08-30,-2.64278232495884,-2.45043431435663,-2.90763713840038,-2.95729672595317,-2.25598744008761,-2.4481464673357,-2.4704618745855
2023-08-31,-2.64091648670128,-2.4620923095926,-2.91231710348425,-2.94541681768639,-2.26685650615211,-2.44471489889816,-2.44108005359517
2023-09-01,-2.65820447310368,-2.48613852112444,-2.91797250832859,-2.94114396517959,-2.2752358179691,-2.44737117146893,-2.44288542367203
2023-09-04,-2.67985707137305,-2.73150343565296,-2.94458272796561,-2.94508631623288,-2.27321760632653,-2.45280490420117,-2.44689189450114
2023-09-05,-2.69903814306194,-2.77291705947675,-2.94218988281765,-2.9291332417843,-2.25978063243729,-2.44407523019404,-2.45381993929819
2023-09-06,-2.74981641377909,-2.81176355076469,-2.97935239642878,-2.93822183750096,-2.37129982700356,-2.41842027998321,-2.45692225079847
2023-09-08,-2.77248256358445,-2.79253755740918,-2.97449409736947,-2.96657700524265,-2.3987274748157,-2.4154774753208,-2.46298484175183
2023-09-11,-2.76489907295144,-2.77913771683451,-2.96572529565715,-2.98472009369364,-2.40198803425874,-2.4031108105055,-2.45175853358247
2023-09-12,-2.76309681733618,-2.78164417322684,-2.96667661006467,-2.97789875725327,-2.39721457423848,-2.38632849015818,-2.46655424053237
2023-09-13,-2.7592580879432,-2.77526298426864,-2.94722732262465,-2.97054327422449,-2.39753088398771,-2.36968605681676,-2.55227583356427
2023-09-14,-2.76036902410722,-2.78349733660169,-2.93883065640975,-2.96816282039668,-2.37444262138116,-2.4517010182814,-2.52972445753502
2023-09-15,-2.76630139937771,-2.79817875538608,-2.96442387288108,-2.96808544323046,-2.40506667861532,-2.48334196495808,-2.52550634966053
2023-09-18,-2.77162677501416,-2.80963913659122,-2.95394224721327,-2.95826094830428,-2.41753585357789,-2.47881798452465,-2.51281801591721
2023-09-19,-2.79312479932238,-2.80843740242375,-2.95737157359879,-2.95276601474661,-2.42145419561659,-2.49474169019405,-2.52569474285216
2023-09-20,-2.78299233730501,-2.80252995143105,-2.93534391781667,-2.90409857536325,-2.43398738119851,-2.49279605021786,-2.55582929989084
2023-09-21,-2.76182336532219,-2.74099188465211,-2.92838835690887,-2.88491292174055,-2.38783954966833,-2.47536844012774,-2.54797324683512
2023-09-22,-2.77673928184586,-2.75170714213973,-2.94125429250541,-2.88233930316282,-2.40617516383225,-2.45237781204837,-2.52076786673902
2023-09-25,-2.78153332800014,-2.76503306522265,-2.94307507490704,-2.8753924891059,-2.40661726882369,-2.44598478489633,-2.52482499060068
2023-09-26,-2.79979753355129,-2.78127265978872,-2.96315490146779,-2.89316029180944,-2.43938994658124,-2.4639896483324,-2.49887910385875
2023-09-27,-2.86466724215288,-2.79135398483628,-2.9845867901715,-2.91890961545875,-2.39714450611184,-2.46150286344027,-2.47421749220118
2023-09-28,-2.86469723246294,-2.80510502346604,-2.97173711003387,-2.96624905584561,-2.38500731938799,-2.45991442344458,-2.49522030354314
2023-09-29,-2.85901400594935,-2.80126750954189,-2.98299904403829,-2.97107788098585,-2.38128098756578,-2.48373005799379,-2.4887048628194
2023-10-02,-2.86712901843355,-2.79374040428536,-2.99033981140347,-2.98749407756251,-2.37517483129176,-2.47692645489972,-2.49808229537092
2023-10-03,-2.88336675948264,-2.80102800637804,-2.98822167400485,-3.01065596313656,-2.37895636226104,-2.46345113189295,-2.51987075134242
2023-10-04,-2.86854999563612,-2.76005657257586,-2.96565546473808,-3.0019344967723,-2.3835409839236,-2.46810543640832,-2.4835223251293
2023-10-05,-2.84228187832209,-2.69379420873718,-2.91835657272965,-2.96244314163894,-2.39516259842272,-2.44610732397248,-2.44783300471161
2023-10-06,-2.77138781310203,-2.64114324230706,-2.81541420534199,-2.92516134212898,-2.33161037751785,-2.46383909806047,-2.41917607705072
2023-10-09,-2.77775850241512,-2.6654062140278,-2.81014756865356,-2.91108739839767,-2.32307800606074,-2.45675326827552,-2.40350911942579
2023-10-10,-2.77791434426559,-2.67904824706439,-2.81692700996458,-2.89935613330673,-2.33132750376581,-2.46509466355933,-2.41294303078481
2023-10-11,-2.77699668840712,-2.66935135583918,-2.81915260406895,-2.88730953395744,-2.31947376790593,-2.46590675601839,-2.41731330236455
2023-10-13,-2.78389674671833,-2.66911545314371,-2.82837921014695,-2.87684260993434,-2.32235500038674,-2.487492126867,-2.41183639995096
2023-10-16,-2.78755060270715,-2.66157018825055,-2.81825366525754,-2.87630469289071,-2.35606358722957,-2.52796013678834,-2.43847410258283
2023-10-17,-2.80322336715031,-2.64994547715832,-2.79083186540727,-2.8616599879946,-2.33077897766655,-2.50540466448273,-2.45661067188641
2023-10-18,-2.77529588744476,-2.64546570256948,-2.78533897826307,-2.85638564397887,-2.31927256769235,-2.49589143041664,-2.45574626120436
2023-10-19,-2.73803527467085,-2.62690378789193,-2.76613569770222,-2.83510079622803,-2.31418841543819,-2.48629538247966,-2.44405529523045
2023-10-20,-2.74327036273956,-2.62214890147739,-2.7572893008016,-2.85868701181341,-2.31020130683914,-2.50037766341958,-2.42855290071266
2023-10-23,-2.74659992316553,-2.66635934375273,-2.75901842074764,-2.81667379614096,-2.30682976437149,-2.51663938431056,-2.42532019716432
2023-10-24,-2.72445613076853,-2.64101594926379,-2.74093906628807,-2.78413513937097,-2.30259866624373,-2.55208878284933,-2.4318971182244
2023-10-25,-2.65303623230321,-2.56952367823236,-2.73458686199374,-2.6350404966498,-2.29476088338902,-2.55563804622241,-2.43113588050093
2023-10-26,-2.63507970613542,-2.55471530139627,-2.73615115932798,-2.57905085967081,-2.27277891880947,-2.50582982279263,-2.4393394647061
2023-10-27,-2.63767024878408,-2.56932558944822,-2.72668044918892,-2.57173196529441,-2.28406762331668,-2.50411071821553,-2.44878064221965
2023-10-30,-2.65430718502939,-2.5665919355143,-2.73579447085973,-2.56610634130318,-2.28027233390169,-2.48766822218229,-2.46281615923921
2023-10-31,-2.66496753807099,-2.57517567679379,-2.7199816068002,-2.56989621390418,-2.28024317077236,-2.49983662780014,-2.46644057849343
2023-11-01,-2.6628509150486,-2.58282555296128,-2.71520720113212,-2.56354535166689,-2.2910288317335,-2.50868833457666,-2.49051052100869
2023-11-03,-2.61410749458018,-2.50547241763335,-2.67838217052629,-2.52886600430879,-2.23442299545687,-2.48318325343802,-2.47644066999151
2023-11-06,-2.6257489394834,-2.52065425450975,-2.68713866896273,-2.53264449706946,-2.23160572321826,-2.45365026256399,-2.51657728707716
2023-11-07,-2.5957750828144,-2.53173720990066,-2.71408964897677,-2.54524250599204,-2.22237158776652,-2.47522923102761,-2.5514343540116
2023-11-08,-2.6484216919117,-2.5677224964257,-2.79730649451778,-2.56051419307936,-2.26744245935998,-2.50170523924362,-2.59013325473103
2023-11-09,-2.64715300371882,-2.5424054702669,-2.72222046178778,-2.5591478517355,-2.2619755685066,-2.49003689430041,-2.56228859837699
2023-11-10,-2.64740471582857,-2.46695944522786,-2.71796304143118,-2.52671570734527,-2.25770024785535,-2.49496351520391,-2.5596283448854
2023-11-13,-2.64420858637193,-2.45433041337486,-2.71843519419962,-2.54113867517887,-2.26867671758058,-2.50078727525905,-2.53263962835422
2023-11-14,-2.63998491438898,-2.44988589321544,-2.70550305739462,-2.51056755159256,-2.26339338167565,-2.25043547703271,-2.52082275571752
2023-11-16,-2.62215915833686,-2.44576940396327,-2.72054200740836,-2.46962568024071,-2.25287467144292,-2.25320984732761,-2.5109858704832
2023-11-17,-2.62664802934126,-2.45448574992999,-2.74174886933973,-2.46640953282988,-2.27497701406911,-2.26396767309363,-2.50228790125286
2023-11-20,-2.65207641641471,-2.46238092932919,-2.73957543597661,-2.46300397697135,-2.29115079228527,-2.2584504236819,-2.50660550002323
2023-11-21,-2.68243859726872,-2.47732598712344,-2.76407322951303,-2.46863851090057,-2.29596106382715,-2.2584125914575,-2.51998400987712
2023-11-22,-2.6924498084113,-2.46956079072791,-2.75642506655551,-2.47235816013065,-2.30311855299448,-2.25840509757249,-2.51184926752746
2023-11-23,-2.69819356281864,-2.35265463663409,-2.76400261660361,-2.49696835451962,-2.33786573875102,-2.24952826930441,-2.52318332767013
2023-11-24,-2.70234037357755,-2.36234513282391,-2.78577229367944,-2.51553983607535,-2.34789930169023,-2.24588218947119,-2.53433514364897
2023-11-27,-2.77717944581205,-2.40419146526345,-2.79242665476031,-2.62222374817861,-2.34395159353106,-2.25079050867893,-2.55726558353478
2023-11-28,-2.7873968175921,-2.40591040318998,-2.80616167640569,-2.67021476773153,-2.36510612006116,-2.26968828742231,-2.57694363414136
2023-11-29,-2.78959362431161,-2.41116159340608,-2.83859263988999,-2.68183536297853,-2.40605721471539,-2.2630016022494,-2.60525747035012
2023-11-30,-2.79795135328083,-2.42387297778911,-2.84329853838943,-2.68218214934154,-2.41302813079782,-2.27294130048744,-2.61696352088154
2023-12-01,-2.79599768703735,-2.42073540648229,-2.85777572382587,-2.6550687744372,-2.40215661988773,-2.27229385632104,-2.62146276467497
2023-12-04,-2.78893588430922,-2.41363659420973,-2.85108331760689,-2.63717600604167,-2.40112213973452,-2.27072912949275,-2.60142505535297
2023-12-05,-2.85329617888244,-2.47409015002777,-2.90885261241808,-2.67218856610109,-2.48841405299303,-2.28976029168381,-2.63281802734015
2023-12-06,-2.83676913005548,-2.47869223159297,-2.88502760988697,-2.66978611365599,-2.49685532540611,-2.31708879423106,-2.63368117587377
2023-12-07,-2.90822346006456,-2.50350143787788,-2.90403621430585,-2.67933491024536,-2.49893680161189,-2.31987660069366,-2.64592585674772
2023-12-08,-2.90458307913852,-2.48873002856808,-2.8950620913685,-2.67968828999445,-2.52543564681462,-2.32052677651244,-2.65613053864994
2023-12-11,-2.92363228692674,-2.51393971413765,-3.02081256194774,-2.69728661590346,-2.53811782004292,-2.3041133691746,-2.71912098955161
2023-12-12,-2.93399270679565,-2.58477417827063,-3.01314741829376,-2.74793442469083,-2.5520063357789,-2.30401569502974,-2.72726738422907
2023-12-13,-2.90689644012716,-2.58680500829262,-2.93995246067622,-2.73186660344382,-2.50329508374454,-2.30770081093688,-2.75901445125252
2023-12-14,-2.90662339180764,-2.58650301571889,-2.90118941230024,-2.75678052335522,-2.52553216700662,-2.61776133140139,-2.78578491648289
2023-12-15,-2.90990792036886,-2.59530420035959,-2.86477481872316,-2.82929897487201,-2.50526075135216,-2.59758864331343,-2.8278048188631
2023-12-18,-2.91708045301116,-2.58411512692907,-2.859761552048,-2.83953700745022,-2.50505942335255,-2.60083054120294,-2.79121511990023
2023-12-19,-2.91724504624695,-2.57751949199643,-2.88523957929346,-2.81067294780161,-2.50945205257064,-2.5098053272073,-2.81303452038168
2023-12-20,-2.91090289435195,-2.57744307720626,-2.87701306048307,-2.79983539018362,-2.51905431984082,-2.52025397104365,-2.81204226268705
2023-12-21,-2.9242103677204,-2.59100851997149,-2.89300072845412,-2.80162966229458,-2.51264383801901,-2.5333137985617,-2.86036531405146
2023-12-22,-2.92080306494752,-2.77166192226292,-2.90076548928792,-2.78737207366043,-2.52048309261788,-2.5501446255087,-2.86705428606089
2023-12-26,-2.93122303206392,-2.78546046200963,-2.90398499932295,-2.78927249453343,-2.51914729182422,-2.56344008808486,-2.81760205967722
2023-12-27,-2.94170837014653,-2.78033630148398,-2.90971273858676,-2.79269460254072,-2.5349897357288,-2.569020312103,-2.81658104033977
2023-12-28,-2.95767076900801,-2.79959375681189,-2.91232594224155,-2.80149141459256,-2.53158590018945,-2.58413149141868,-2.80285998150361
2024-01-02,-2.96355316223868,-2.79828613055917,-2.90409549134362,-2.79551819408966,-2.51960988678602,-2.57460140966796,-2.73950019413613
2024-01-03,-2.95048222314649,-2.78207162817489,-2.92422347666006,-2.7990177814164,-2.51966876518137,-2.55556305238264,-2.6950206019785
2024-01-04,-2.95925321985788,-2.78440505135457,-2.93467246705396,-2.79337337083505,-2.52394177519346,-2.55597580260869,-2.68169679035254
2024-01-05,-2.96653296079797,-2.77432292472602,-2.93119331929639,-2.81672441572985,-2.49609305155414,-2.52144764447673,-2.68040108705475
2024-01-08,-2.96205797502646,-2.77788303078801,-2.92747720908473,-2.82496662227064,-2.4921288481081,-2.5157838739322,-2.67298061220799
2024-01-09,-2.95572168412016,-2.74746762479369,-2.94429646230876,-2.80541551600506,-2.50120401543996,-2.51086834386807,-2.63253869200267
2024-01-10,-2.96398612357605,-2.74221547411721,-2.93673879249668,-2.77622776664817,-2.52452143922796,-2.5025174619837,-2.62616057060514
2024-01-11,-2.9719031170244,-2.77326343205481,-2.9469196542036,-2.77404676117861,-2.5270043250075,-2.49551280609308,-2.59974242597496
2024-01-12,-2.96507507311512,-2.76830561243458,-2.93517431968121,-2.74421257659334,-2.4567527034146,-2.55191248789645,-2.56250741944985
2024-01-15,-2.98141633266838,-2.80372023260641,-2.95209748860647,-2.73812291300275,-2.46074871101997,-2.55661376340821,-2.5551448724142
2024-01-16,-2.98766604264903,-2.85038410012278,-3.01378463273845,-2.74580614823179,-2.49223685696273,-2.55123672668467,-2.56462462898548
2024-01-17,-3.01717489799051,-2.86848850232301,-3.10534553090865,-2.77874554901073,-2.48455395674774,-2.52029309313526,-2.55631196021854
2024-01-18,-3.04871214212228,-2.83853485202766,-3.17106885441425,-2.78488826872936,-2.50259270575748,-2.5158978329081,-2.53350896989618
2024-01-19,-3.04905541947202,-2.84838985553169,-3.15707949203364,-2.78613115954443,-2.50000064504187,-2.52929525110994,-2.56048018716554
2024-01-22,-2.97182776206695,-2.82826712218422,-3.1520504852428,-2.82560178638683,-2.48903882256656,-2.62546611194599,-2.54882874683271
2024-01-23,-2.95784935571186,-2.82082943765266,-3.14361558187033,-2.830175842133,-2.494306967828,-2.59816088684694,-2.54764935623858
2024-01-24,-2.92514366611302,-2.83245853766031,-3.19843366962169,-2.83122712061193,-2.50952676606043,-2.59013414961012,-2.55353411009664
2024-01-25,-2.93966930223463,-2.87231128167445,-3.20858466193625,-2.8442584033027,-2.51919947671052,-2.58297450602407,-2.55345426163314
2024-01-26,-2.94263486552687,-2.85528813624244,-3.21474158913056,-2.81592674926347,-2.51475182989245,-2.5839596189598,-2.58170306338545
2024-01-29,-2.93541570632764,-2.87271887137886,-3.18265865365599,-2.82431960168663,-2.52690455168168,-2.57084942402877,-2.5895554596071
2024-01-30,-2.92845163774452,-2.86505099699722,-3.18171441983936,-2.81889610265005,-2.51406923305619,-2.57170552324069,-2.60667596621124
2024-01-31,-2.88874554845316,-2.84383202249262,-3.19182272527092,-2.74602470089244,-2.51685042125362,-2.59356190496754,-2.63298846924313
2024-02-01,-2.86611469583818,-2.83228075569332,-3.17063747797858,-2.7005971762182,-2.52819732951837,-2.5963989950619,-2.59054619398507
2024-02-02,-2.84122909515122,-2.80950281185576,-3.16483672750326,-2.70338692737559,-2.53356466991527,-2.59804487912204,-2.58181097498437
2024-02-05,-2.84314350693662,-2.8323920470934,-3.17171916952093,-2.70880137710844,-2.49675572672455,-2.63156144298352,-2.60018971118401
2024-02-06,-2.77078160403643,-2.7224162570104,-3.16555454256053,-2.70757938110526,-2.49335029822835,-2.6450658807533,-2.56683317273097
2024-02-07,-2.76058215959835,-2.15349049926254,-3.14490171904936,-2.7037029216061,-2.49101196998833,-2.63903074230104,-2.454141566816
2024-02-08,-2.72799371894948,-2.12240126475345,-3.11121418034342,-2.7163852744778,-2.47391317393608,-2.59792741985921,-2.39356299667527
2024-02-09,-2.72408595510804,-2.09645698032498,-2.76559852658334,-2.72509316916631,-2.47998601218988,-2.4561968440495,-2.40423448466748
2024-02-14,-2.73364328716447,-2.09341252878129,-2.76224750037998,-2.74103900421157,-2.54978192924889,-2.44766304786592,-2.42131194854581
2024-02-15,-2.72964933151321,-2.08847708332742,-2.76691997589521,-2.748905522996,-2.53987920314646,-2.43302072479361,-2.41156001450304
2024-02-16,-2.74828534425604,-2.0834588782998,-2.75304908992711,-2.75447086162008,-2.55025505591376,-2.42744107614177,-2.36813272731135
2024-02-19,-2.75236077174873,-2.07952118897525,-2.73494013090685,-2.73519771914883,-2.56862220489834,-2.4375812748389,-2.36707704155758
2024-02-20,-2.73218124529461,-2.07978632120945,-2.7210279011669,-2.70769269578561,-2.56792775766073,-2.45338268792535,-2.37509408746038
2024-02-21,-2.73237334819413,-2.0821185102518,-2.73478086153717,-2.70889697508899,-2.56607218084119,-2.45485188057633,-2.36231227500926
2024-02-22,-2.78112121288746,-2.08843415261807,-2.71433570289159,-2.71432392659114,-2.59416492889769,-2.4624187822768,-2.37630300313176
2024-02-23,-2.78640654576424,-2.08625177960433,-2.71459787294831,-2.71488766484914,-2.56617580480302,-2.48251627110451,-2.35980443192372
2024-02-26,-2.818128666197,-2.08712043135074,-2.71108211669513,-2.7302631636958,-2.57645248285636,-2.49612303785457,-2.34810534883635
2024-02-27,-2.8140029608583,-2.07932836825626,-2.70685983476723,-2.73177861996118,-2.56888529784075,-2.50536685751133,-2.3471264707707
2024-02-28,-2.81196231137969,-2.08053436008503,-2.70091847680506,-2.72908400855723,-2.57132345125651,-2.49766637080831,-2.33694793365188
2024-02-29,-2.78484612776429,-2.07125116651857,-2.70143285885816,-2.7242771197763,-2.55995658312278,-2.48671907448778,-2.32650191415339
2024-03-01,-2.7856113460488,-2.07173026177079,-2.70087928126536,-2.73162055182274,-2.58426547844956,-2.42044358478107,-2.31995187566063
2024-03-04,-2.83074820444943,-2.0800389092925,-2.70251825528277,-2.80838740410325,-2.58841632905586,-2.41545818842412,-2.32148076833958
2024-03-05,-2.86151005647549,-2.08414747923581,-2.70997408712963,-2.84887989361882,-2.58336771812196,-2.41936963549984,-2.36539971090212
2024-03-06,-2.88633476780618,-2.0847478258696,-2.71297878518057,-2.86326989071285,-2.58942871263639,-2.42452867644591,-2.37327619579697
2024-03-07,-2.85571468404429,-2.08722433909477,-2.71799042050352,-2.8740446813088,-2.66449517091195,-2.43267820006789,-2.37500508662393
2024-03-08,-2.93584697420161,-2.11463238496089,-2.60944645612302,-2.8637806501218,-2.63401096553724,-2.43290811148971,-2.40300848250977
2024-03-11,-2.98803450007764,-2.64395533765066,-2.61999708852045,-2.89698117633668,-2.65395503336526,-2.43345502461984,-2.536311663824
2024-03-12,-3.03849633307021,-2.74706932635332,-2.61263256615945,-2.91030212783154,-2.65726084805805,-2.47312404036361,-2.6162483324436
2024-03-13,-3.03117724910522,-2.8255535047615,-2.83537797286636,-2.91400593952203,-2.62848826100837,-2.63623308649413,-2.62219062403346
2024-03-14,-3.03130055311792,-2.85292530435163,-2.84489425826141,-2.93290069076052,-2.63053181514559,-2.63626104312764,-2.63639710538962
2024-03-15,-3.03455013732425,-2.86698980398771,-2.84161209518812,-2.91725492398118,-2.60945354338407,-2.6595659109254,-2.64427753776928
2024-03-18,-3.02977164673535,-2.88720879085674,-2.82070163704972,-2.93892795852819,-2.59033328254358,-2.68504713859572,-2.69002570252814
2024-03-19,-3.03210034378972,-2.90576561694472,-2.80922274892143,-2.97785938309491,-2.60150403112383,-2.65121105414644,-2.70667343528275
2024-03-20,-3.07878925235204,-2.93617153573814,-2.81344787033969,-3.01702838031448,-2.59501996664956,-2.55264978877571,-2.69891281710479
2024-03-21,-3.06140131245209,-2.95339258455369,-2.78430145995248,-3.03587692387304,-2.61603530975112,-2.5138236877275,-2.72561904087989
2024-03-22,-3.06442699242235,-2.94044390099808,-2.80367842253631,-3.04870632458977,-2.60805486761809,-2.48644164829378,-2.71063176515164
2024-03-25,-3.08465445566351,-2.94917505638897,-2.80293268873595,-3.08567216546933,-2.63648585112395,-2.47290565425329,-2.73538638954044
2024-03-26,-3.06030626760635,-2.94497091686168,-2.7988154613226,-3.05595733744071,-2.62602172811416,-2.46839229951736,-2.72780320603735
2024-03-27,-3.06780574427995,-2.93211450415263,-2.78685344236053,-3.074840699751,-2.6275918386729,-2.45829554529691,-2.72813919057419
2024-03-28,-3.07290646914599,-2.92741516216229,-2.77506605221938,-3.10935948632267,-2.6339542634506,-2.46421532686989,-2.74750634682472
2024-04-01,-3.04762558418957,-2.94778765897607,-2.76874981863496,-3.09050792491888,-2.63254982328534,-2.45911677688812,-2.64366242182748
2024-04-02,-3.045402938511,-2.93508737842922,-2.76955278520935,-3.08579767724184,-2.60288544376196,-2.52638959835693,-2.58002556768397
2024-04-03,-3.02895603831712,-2.88084638373205,-2.76087222753831,-3.09001879440915,-2.58929400879947,-2.52357014280156,-2.57225762270574
2024-04-04,-2.96657663850327,-2.82808116377638,-2.71512730785148,-3.00784493847144,-2.54931827950444,-2.53323292758172,-2.55887057837657
2024-04-05,-2.97527153823104,-2.84360042822796,-2.71427927660157,-3.03008154881152,-2.55447752757584,-2.53867921328591,-2.57389727980572
2024-04-08,-2.98266103614617,-2.82998543931333,-2.67255149504319,-3.01588578057746,-2.54826852517143,-2.53152537903403,-2.57797132429441
2024-04-09,-2.99482858831703,-2.84519368921008,-2.81034552534537,-3.03702695909286,-2.58847660188189,-2.54407735095738,-2.58772538355963
2024-04-10,-2.96329343380798,-2.83224311851237,-2.80424135796352,-2.99772184237744,-2.54906876732797,-2.55025052678252,-2.57890526558477
2024-04-11,-2.96946808904001,-2.83080567979604,-2.83032708538838,-3.0011488775295,-2.56240138095539,-2.53244188791083,-2.5871216085386
2024-04-12,-2.99365320259427,-2.84820904574703,-2.82899705850538,-3.00582151138685,-2.57739091927602,-2.52519162250491,-2.56335935101188
2024-04-15,-2.96605685081053,-2.83765232566955,-2.82320286126625,-3.00510414028943,-2.57187522990036,-2.53328483802611,-2.55345708799594
2024-04-16,-2.95226499476841,-2.8364670104393,-2.77936569772994,-3.03404887422721,-2.58596928179062,-2.52523316689749,-2.5532975915761
2024-04-17,-2.96058690628452,-2.81948280725765,-2.81716577768196,-3.02854507258226,-2.58112774529443,-2.49072365615228,-2.55096716632407
2024-04-18,-2.93081679270403,-2.80829542411873,-2.82944482577404,-3.00842344126598,-2.57277815250036,-2.50741302394439,-2.5361785395941
2024-04-19,-2.92556430218794,-2.80530477099699,-2.84775813488548,-2.99321803034851,-2.59557162260038,-2.59857822426244,-2.54153831966419
2024-04-22,-2.92735009824402,-2.79865622736581,-2.8376854682381,-2.94065006392704,-2.57899844612354,-2.63314564958012,-2.5048609428655
2024-04-23,-2.88899124015449,-2.79488060953344,-2.80216340399591,-2.88944953723283,-2.57104991220041,-2.69418571746256,-2.50295036194532
2024-04-24,-2.87705899617414,-2.79524120419591,-2.81212041670437,-2.88345441094435,-2.57146286457715,-2.69838180435082,-2.498747677328
2024-04-25,-2.87942875538423,-2.80420968018577,-2.81757896433139,-2.89031961075759,-2.57805099465206,-2.7023071186285,-2.51697049041605
2024-04-26,-2.87008658010183,-2.8197079806457,-2.82717107118798,-2.84383057838412,-2.53269066786149,-2.67229437004741,-2.51881043540696
2024-04-29,-2.85890253310146,-2.82829255769035,-2.84791102067474,-2.82415504685131,-2.53012430572093,-2.67308967907192,-2.5172268468575
2024-04-30,-2.87613872671559,-2.8166741718185,-2.85617700739223,-2.73328937647918,-2.53233904671552,-2.63119548506022,-2.58511926203388
2024-05-02,-2.81909768424423,-2.69883973477377,-2.85021304253214,-2.72201360766611,-2.54746849073604,-2.61971779439626,-2.57538899569294
2024-05-03,-2.79420103303741,-2.70521006514419,-2.84592041482455,-2.63765324406978,-2.53593034125818,-2.60478103221664,-2.57443246433902
2024-05-06,-2.82523557740576,-2.75283317385554,-2.90781510949601,-2.64268919783357,-2.58498611403119,-2.34469356999101,-2.58171621091927
2024-05-07,-2.7840239822999,-2.76061058317723,-2.90825913153523,-2.62273670631558,-2.57572434310755,-2.29934742761555,-2.57440168427252
2024-05-08,-2.77678948995192,-2.74945841720912,-2.95158831505235,-2.61245614959963,-2.58502423651197,-2.23958303331675,-2.56147246336604
2024-05-09,-2.75262035120692,-2.72247601117649,-2.89581283002738,-2.59735051205833,-2.51759654760275,-2.23230873752808,-2.51145382942954
2024-05-10,-2.7476966266781,-2.72136813984187,-2.89659913002708,-2.60869558923897,-2.54489974095937,-2.22537666905156,-2.49269932123447
2024-05-13,-2.74680277675618,-2.72914286138671,-2.90087275354756,-2.60500188258326,-2.52671863795378,-2.22028407335099,-2.47924947403682
2024-05-14,-2.72873338202186,-2.72639864984048,-2.90937806379592,-2.60605812225764,-2.49700344031595,-2.2197251701835,-2.50808296319713
2024-05-15,-2.7475031215085,-2.73653014030415,-2.88451338686737,-2.58951053476304,-2.49942417628691,-2.18286283106253,-2.52147452449255
2024-05-16,-2.75617786343388,-2.73977024470321,-2.93881155542296,-2.58286107473643,-2.50916481880454,-2.14433948502335,-2.51483134454015
2024-05-17,-2.76154344789388,-2.74732908796131,-2.94538199481128,-2.57845183232953,-2.52348286862138,-2.14274254340332,-2.52863218943684
2024-05-20,-2.77585602350218,-2.76184880896426,-2.95692124921295,-2.57313482128218,-2.5268649474687,-2.1406975489421,-2.54598985322772
2024-05-21,-2.78053796809205,-2.7676772850337,-2.95462429616906,-2.56010380545202,-2.5232360028329,-2.13523432626748,-2.5399378264548
2024-05-22,-2.77765305991263,-2.7657830356345,-2.9896301464977,-2.5678550422236,-2.52328277069665,-2.13732984327525,-2.57488259545162
2024-05-23,-2.81223082434406,-2.77340283066133,-3.0074397747104,-2.58238292035221,-2.52161877991994,-2.12287673507742,-2.57968941663676
2024-05-24,-2.81543423192986,-2.776674395348,-2.99983274581005,-2.56505557033771,-2.527707154891,-2.12632179931105,-2.59166988960841
2024-05-27,-2.83017577648843,-2.78106368885683,-3.00438213288935,-2.57324785945616,-2.52015141771497,-2.12681096266633,-2.57233410908838
2024-05-28,-2.8207016865457,-2.79032674229588,-3.01245070040803,-2.59747864789223,-2.55347536251209,-2.13264073922038,-2.56803763994157
2024-05-29,-2.80659716365709,-2.77578984087854,-3.00324170788528,-2.5882058700028,-2.55251444531743,-2.13316707837636,-2.56296089889283
2024-05-31,-2.83543826592523,-2.80120254662681,-3.01151268077988,-2.62631934280518,-2.55968148846634,-2.15874126230931,-2.59419313840879
2024-06-03,-2.88573735418291,-2.95456110096373,-3.01726410626166,-2.62608739144493,-2.53669283171094,-2.14944431861521,-2.6825725027747
2024-06-04,-2.92423064944225,-2.98674344698175,-3.04848202590566,-2.70907235818836,-2.56183208053281,-2.16292946987375,-2.69275640717614
2024-06-05,-2.9392291797578,-2.98355560989392,-3.05102331489296,-2.76539133216627,-2.56431253492956,-2.31326937199861,-2.69905085585574
2024-06-06,-2.99756119212689,-2.95687689725128,-3.04197706389108,-2.78923852925281,-2.57525052070601,-2.36496999670676,-2.70237976432995
2024-06-07,-3.00600908734442,-2.97410628070673,-3.02991636141709,-2.77432362355925,-2.5611850206212,-2.44533344367755,-2.70219859834568
2024-06-10,-3.01094673542879,-3.02289788943302,-3.11623154242174,-2.78361886902799,-2.59646973696079,-2.45615134748824,-2.78525591560078
2024-06-11,-3.03484514819042,-3.03940656637343,-3.12600513350524,-2.78713086919666,-2.592658613944,-2.44674315813778,-2.8212132615989
2024-06-12,-3.01544524291947,-3.01011597230895,-3.07967841318649,-2.764777530192,-2.58949957159454,-2.45671130087029,-2.83888160637272
2024-06-13,-3.04168607759918,-3.01196201239555,-3.07397980577094,-2.76219747563915,-2.6243739720718,-2.46131798832842,-2.83906026134331
2024-06-14,-3.03516505305947,-2.995924729841,-3.11747125421742,-2.78140271392352,-2.63739036684401,-2.52536847723712,-2.82916946227859
2024-06-17,-3.00550514485736,-2.99700357357705,-3.11791925184531,-2.80645838539048,-2.64564959172951,-2.61621681922755,-2.85679019473001
2024-06-18,-2.98670165737991,-2.95602627810149,-3.11201479607357,-2.80400774040498,-2.64636206919,-2.67091041064199,-2.86643316791185
2024-06-19,-2.96331275121305,-2.90459775574298,-3.12349239301412,-2.80752187084647,-2.63330428085619,-2.68237555274062,-2.8585503905165
2024-06-20,-2.94939478363472,-2.88656797228781,-3.11048659355262,-2.79176672334505,-2.61249306014288,-2.67134259778102,-2.88183607015201
2024-06-21,-2.94030723624925,-2.87558847913033,-3.12390332982251,-2.80970519483888,-2.6043790002447,-2.64893161967993,-2.89943478550444
2024-06-24,-2.88235546697845,-2.88044675191232,-3.1396424827488,-2.77278823631374,-2.60581190206138,-2.66821940251596,-2.87237897155682
2024-06-25,-2.88053345673101,-2.88932939832547,-3.14489546492356,-2.78158540299946,-2.60060394265834,-2.66992460904007,-2.8573460614944
2024-06-26,-2.84588104874892,-2.86078297567759,-3.12705277295327,-2.73793431309114,-2.60074662838085,-2.66023275529845,-2.86608597672786
2024-06-27,-2.87463827657712,-2.86803982838339,-3.10448970984077,-2.72050777051728,-2.63119149975647,-2.68085622203803,-2.86589850275777
2024-06-28,-2.8888995860588,-2.88714878503319,-3.11041787662013,-2.75145837989957,-2.43769561078316,-2.67635098603908,-2.87638319433635
2024-07-01,-2.87903258181341,-2.88551674843859,-3.10686081350685,-2.81995345035316,-2.42605714709959,-2.68052453921374,-2.83064213361193
2024-07-02,-2.89530633917602,-2.8929387076904,-3.11828459553572,-2.84069658922656,-2.44479695121747,-2.71213346953964,-2.82572448283545
2024-07-03,-2.88379521069964,-2.916733107932,-3.1070628007201,-2.85564227724082,-2.42576625430587,-2.71434401920362,-2.8429679213964
2024-07-04,-2.87798473165978,-2.90952380462751,-3.08541287169919,-2.83960508368868,-2.39327878198454,-2.70879079696878,-2.83608088500093
2024-07-05,-2.87339930586493,-2.91173243741008,-3.09328491206459,-2.84375607591744,-2.38327298345432,-2.70807474989898,-2.81689902053595
2024-07-08,-2.89782291559776,-2.90030288386552,-3.12378723172461,-2.81709819324932,-2.37635571063116,-2.61613117510707,-2.83248309107402
2024-07-09,-2.90923485414654,-2.88427465851466,-3.1120560597792,-2.80434477797227,-2.39987824063619,-2.5353688642877,-2.82518293561919
2024-07-10,-2.91929334760073,-2.86883727653467,-3.11375350645106,-2.76482349132466,-2.39787693970367,-2.55064174991846,-2.82019865715939
2024-07-11,-2.94854610958679,-2.88677888248374,-3.13718675955671,-2.78194778908684,-2.41044690767431,-2.564073734498,-2.82010560900661
2024-07-12,-2.95696004601477,-2.90104923951925,-3.121837995479,-2.78495024097146,-2.41376066946419,-2.56576542598705,-2.81819162013751
2024-07-15,-2.96847855901571,-2.9181497476651,-3.12481136502172,-2.78686900133297,-2.41536240359336,-2.56831261715811,-2.82166844089949
2024-07-16,-3.00087979006617,-2.92102515436527,-3.13475047048555,-2.79651261072766,-2.42257252495727,-2.56589529020442,-2.7831773397429
2024-07-17,-3.00741430993093,-2.97052940795253,-3.12756088648521,-2.78826608422711,-2.42171345946474,-2.56739870724256,-2.78437439532143
2024-07-18,-3.02669279749944,-3.01548273624109,-3.09869228427675,-2.80866668375617,-2.4136290499949,-2.58251647439584,-2.79070332743207
2024-07-19,-3.02644274470112,-3.02755858017733,-3.09279429892889,-2.84199262591149,-2.42359582661945,-2.57914215895507,-2.78577253747472
2024-07-22,-3.05502340084746,-3.05115373187351,-3.09625701357173,-2.84261554031739,-2.43048451017141,-2.59265578053593,-2.77388397378646
2024-07-23,-3.1408036799523,-3.06960892867421,-3.13023279518759,-2.86174656178593,-2.44445916298359,-2.61117837147137,-2.77593685089505
2024-07-24,-3.15431674869529,-3.06449421334958,-3.13894971195407,-2.78934314791872,-2.44957335698767,-2.61529440898436,-2.78881108972437
2024-07-25,-3.21194828985251,-3.09539382988523,-3.1543815262826,-2.82281056195362,-2.45855398319534,-2.59184769376913,-2.7951388206366
2024-07-26,-3.21160093352193,-3.10715086430492,-3.16305045977723,-2.82083484815974,-2.45739011778637,-2.59950049695983,-2.80871732657759
2024-07-29,-3.24370340773326,-3.10252602876423,-3.16433960054581,-2.79979512070593,-2.65907612257395,-2.61021502157303,-2.80915420309163
2024-07-30,-3.26067005051904,-3.11844528102948,-3.17261669710333,-2.76260457417793,-2.6772609867445,-2.60673311838952,-2.85871713994374
2024-07-31,-3.23667443408582,-3.12619650862376,-3.15401595274591,-2.76397917491273,-2.68622430507539,-2.5905171181624,-2.8246686463604
2024-08-01,-3.23527605517511,-3.11738470990408,-3.14732364593001,-2.74921497760762,-2.69796857038576,-2.56017219601376,-2.81214740325566
2024-08-02,-3.22107102848179,-3.10418242948816,-3.14606336679993,-2.71849370347562,-2.6906856168729,-2.5711335973487,-2.80634853918528
2024-08-05,-3.15317327189933,-2.74026734650157,-3.05859367259506,-2.63854794171838,-2.51807427157341,-2.5424521709877,-2.7339047798409
2024-08-06,-3.1089338719655,-2.70511094887761,-3.04472217052164,-2.68485735553538,-2.52592798996243,-2.6165253262546,-2.73299097763227
2024-08-07,-2.97793269056844,-2.63820299366976,-3.00799096126082,-2.65842573041089,-2.51735880799849,-2.70846740767472,-2.70079697174076
2024-08-08,-2.95888206050287,-2.62862503930491,-2.86207367633185,-2.67988883854748,-2.51441816906238,-2.69496161638326,-2.70537154796447
2024-08-09,-2.94117212386159,-2.61212595930367,-2.87422662440737,-2.6783344582692,-2.52356686147213,-2.69562598185576,-2.65457256365536
2024-08-12,-2.94074892813435,-2.61114165677587,-2.8746592904024,-2.6697677639888,-2.51665375996358,-2.70137257680632,-2.65834781494154
2024-08-13,-2.91404826764622,-2.60438568860758,-2.87335515707707,-2.66367118486273,-2.51968685893946,-2.70362017007696,-2.66569557839545
2024-08-14,-2.86801258564901,-2.5977144945967,-2.83965069861362,-2.61838901782002,-2.48259852709797,-2.63405977446277,-2.66830029910762
2024-08-15,-2.87297245948129,-2.59541748876856,-2.83161892602519,-2.61363293484678,-2.48178110083876,-2.61428395069278,-2.6741283269798
2024-08-16,-2.85556088571055,-2.58073998807375,-2.84313385632163,-2.59281935820479,-2.48029858761453,-2.6080761314045,-2.64815804560283
2024-08-19,-2.86423869193157,-2.52306945628614,-2.83211633683166,-2.58586708384286,-2.47145918073574,-2.6017764169109,-2.62765457099967
2024-08-20,-2.85246034499118,-2.49605296122725,-2.83480336101868,-2.58033791937354,-2.47985110992118,-2.58780921193565,-2.61638776734751
2024-08-21,-2.84904792986657,-2.49531454883033,-2.83689058942139,-2.58625201516537,-2.47872887582442,-2.58500717443259,-2.63052448479204
2024-08-22,-2.78098718571633,-2.49257086119955,-2.8134221271507,-2.65741781681563,-2.47173994908845,-2.58712035896173,-2.62684979196546
2024-08-23,-2.7703683915676,-2.48198576345248,-2.80843362968164,-2.66155765033173,-2.47426002106303,-2.58639691582786,-2.63435921541141
2024-08-26,-2.76893612128256,-2.48315974950663,-2.81416642887122,-2.66193507507951,-2.47926202833028,-2.59189128382861,-2.62742809148389
2024-08-27,-2.7673416760912,-2.48498829715638,-2.82046801073225,-2.66979527465532,-2.48087228174385,-2.57743727950047,-2.62233328022088
2024-08-28,-2.73821908852422,-2.45211739643245,-2.82116352032873,-2.6881977457976,-2.47052190827643,-2.56260474209869,-2.62268913150247
2024-08-29,-2.74031622218249,-2.4467829315555,-2.81047581918181,-2.6826334600751,-2.46234512366009,-2.57400068166855,-2.64589650968884
2024-08-30,-2.75066848234847,-2.44621017278285,-2.81929983717126,-2.70162505196049,-2.47283259531354,-2.60202376222729,-2.64155568945283
2024-09-02,-2.76704016873367,-2.44584839737338,-2.81944320372634,-2.7428046735951,-2.50712684448241,-2.59110302939651,-2.62087244781071
2024-09-03,-2.80450999552336,-2.60700193395086,-2.8751857527971,-2.82968806695482,-2.71991813362143,-2.53479308554389,-2.67183371292581
2024-09-04,-2.80072565962775,-2.6353537856899,-2.88172041205052,-2.82755297736298,-2.69059542921749,-2.52946624980039,-2.68016587276237
2024-09-05,-2.8964207888884,-2.70088021626424,-2.91970520068132,-2.87758093926944,-2.6987109979402,-2.51251121289556,-2.71735371042369
2024-09-06,-2.90379923854424,-2.69588183649403,-3.08049758485167,-2.86777354105731,-2.69623720133086,-2.51286460949612,-2.70802658851959
2024-09-09,-2.9113701355722,-2.71441310387443,-3.07828016869492,-2.87863516830412,-2.6977561803804,-2.52089106273755,-2.77086947636531
2024-09-10,-2.90851106455511,-2.69804175991364,-3.05815699034849,-2.88747720961778,-2.70882894578306,-2.5160584197244,-2.77466918275941
2024-09-11,-2.93072532288931,-2.70342998634769,-3.05563308717771,-2.90054596955037,-2.69419842239161,-2.51495084085575,-2.77790352468821
2024-09-12,-2.96430712340971,-2.69845555048545,-3.0800611144232,-2.9685488178815,-2.74981808863778,-2.57789063017084,-2.81096801423092
2024-09-13,-2.93981749183201,-2.67937328712499,-3.09788903096787,-2.96942185147872,-2.75536089222389,-2.56854392293243,-2.81491467096511
2024-09-16,-2.9709272143904,-2.69571186321463,-3.10656530406123,-3.0212894486424,-2.79641852672095,-2.57639969388973,-2.84850949118459
2024-09-17,-2.98278151243717,-2.80097917372144,-3.14402961916345,-3.04154617970751,-2.83298820623429,-2.55052859567392,-2.89311041450896
2024-09-18,-2.99297782726001,-2.84358609399259,-3.11915620669882,-3.06638775814014,-2.76202779409299,-2.56241742557849,-2.93876273739913
2024-09-19,-2.98865822697095,-2.8337292347761,-3.1040707270196,-3.09237486473945,-2.75485783777222,-2.53439395145533,-2.94755379086635
2024-09-20,-3.06628533192001,-2.79209790223945,-3.13084092604447,-3.05705953325085,-2.72271722443161,-2.53438088283629,-2.94854061443898
2024-09-23,-3.07850590129214,-2.82707804322631,-3.15073158407664,-3.01312180403765,-2.70112737251364,-2.56794333749885,-2.92169916929406
2024-09-24,-3.02694286742589,-2.78229290627853,-3.10310161723701,-2.99448700128516,-2.68215426732766,-2.5520448907837,-2.92359251768726
2024-09-25,-3.03191943759036,-2.7748113394172,-3.09236309205193,-2.98094673528631,-2.6731935629033,-2.56175317197382,-2.93592258814891
2024-09-26,-3.06176232715402,-2.8196446639662,-3.08180195649436,-2.97095242472992,-2.67133761080688,-2.58308147657808,-2.94520851707388
2024-09-27,-3.07245930973492,-2.77719241395771,-3.10797487161978,-2.9696966550861,-2.60136742814794,-2.58823862683691,-2.94168079127824
2024-09-30,-3.03734319717129,-2.76710860096818,-3.11274625005107,-2.98124960215241,-2.57879793919211,-2.5963153351184,-2.9608584217233
2024-10-01,-3.01888709659347,-2.75326127744556,-3.12278090950709,-2.96765508524572,-2.56532797033365,-2.62371968362213,-3.04105467543053
2024-10-02,-2.98212954450318,-2.69012575253165,-3.10706504778161,-2.94335328213643,-2.47947223854786,-2.72294945954334,-3.07961982633204
2024-10-03,-2.96190251758723,-2.69547996288369,-3.11795265348596,-2.92560583545933,-2.48543765612465,-2.7407244510656,-3.09727151187103
2024-10-04,-2.95180378447899,-2.67021376210305,-3.12964229490609,-2.91604000832994,-2.48210617256219,-2.77447121605706,-3.10822409586874
2024-10-07,-2.93699168666371,-2.66123591047442,-3.12294644420232,-2.92872623331318,-2.48298586558398,-2.78445331550508,-3.12837395913788
2024-10-08,-2.93785090309935,-2.66420255144833,-3.13577968636663,-2.92906059283042,-2.48930686254172,-2.7846580862057,-3.15517571347919
2024-10-09,-2.93301069592622,-2.65964729148452,-3.12344346440939,-2.93982307221822,-2.48014143508265,-2.80477719117461,-3.15183534616785
2024-10-10,-2.93236849252541,-2.65785345285038,-3.12253809368109,-2.95364580522953,-2.49295338830211,-2.80939034132843,-3.12625593550558
2024-10-11,-2.94565929444553,-2.66622107109556,-3.14311159682773,-2.96515122355965,-2.48133761043315,-2.81246199798485,-3.04324765725163
2024-10-14,-2.96953158789632,-2.68325846832253,-3.15147701353788,-2.96902146044143,-2.47363936869536,-2.8500470909029,-3.00020867238262
2024-10-15,-2.9588050385882,-2.69143882887017,-3.1533024005848,-2.96065567375068,-2.46801390160651,-2.83415659023553,-2.98611050834233
2024-10-16,-2.95808432043093,-2.68382162084955,-3.11536552918775,-2.95270987675039,-2.46685208809769,-2.94215119090918,-2.97822521105771
2024-10-17,-2.9040848174363,-2.66073293691948,-3.12639387518787,-2.931699529157,-2.48820194614947,-2.95941250287308,-2.95456151253554
2024-10-18,-2.90957759005887,-2.65164210952756,-3.12369373573389,-2.86667562079626,-2.46050841652177,-2.96682287954947,-2.93928566318319
2024-10-21,-2.91436757105219,-2.68004417914622,-3.10783819124134,-2.88542257691042,-2.48012181248712,-2.96421945770461,-2.93792966916685
2024-10-22,-2.91700484147983,-2.65174091554402,-3.10542973644013,-2.94770839678359,-2.49321730475898,-2.96865233243877,-2.96527623371212
2024-10-23,-2.95695603175779,-2.66409677776596,-3.15120040799302,-2.97046666076446,-2.50209488353319,-3.02071334036747,-2.98805335057936
2024-10-24,-2.94713079394176,-2.65622621796161,-3.15887682759001,-2.96377838166283,-2.49715989785902,-3.02957642350856,-2.98500757800935
2024-10-25,-2.97083261290025,-2.65860621336735,-3.17558764422115,-2.98058132066344,-2.51549600160677,-3.03735891279827,-2.98878994162088
2024-10-28,-2.94773204115371,-2.6709563512412,-3.1761275625618,-2.99606874088584,-2.56402482725976,-3.04872783587369,-2.99628469558029
2024-10-29,-2.98617921395028,-2.66026207279616,-3.18284261634917,-2.82588398195477,-2.58299934557295,-3.07895624685227,-3.00303672346468
2024-10-30,-2.99979002504212,-2.67875632168211,-3.19759999946384,-2.82592325679843,-2.61021838259961,-3.04529929611337,-3.0154969319886
2024-10-31,-3.03117981265549,-2.5957357477928,-3.22779188430325,-2.80965561027587,-2.71828403348073,-3.02041150151825,-3.03458179406434
2024-11-01,-3.08251947409752,-2.58325098223774,-3.23322333944919,-2.80685699786093,-2.74855171770999,-3.01587113582764,-2.98014899624261
2024-11-04,-3.05962615134194,-2.58691093058525,-3.22075084640408,-2.80878001441823,-2.72912882030434,-3.0006877553446,-2.96937338640536
2024-11-05,-3.00210237615444,-2.60682000637421,-3.23199940736164,-2.80897769093682,-2.72116071391092,-3.01777297027415,-2.96366335522631
2024-11-06,-2.92756690025788,-2.58196504202246,-3.19266319726576,-2.79484129560981,-2.62694002361162,-2.99858592410826,-2.88658195353338
2024-11-07,-2.90641369344574,-2.58049136653804,-3.18984968023842,-2.78264257099472,-2.59877315162801,-2.96906509631481,-2.85124290609742
2024-11-08,-2.85624887734405,-2.57418911939726,-3.20085008674311,-2.76709411414075,-2.55274930533532,-2.92459289057214,-2.80383300041646
2024-11-11,-2.84763998163068,-2.57553809280413,-3.21105483862543,-2.76910285725123,-2.53854467639831,-2.91567857634232,-2.83174495781833
2024-11-12,-2.84617714489772,-2.57862921526285,-3.21281743881696,-2.77952529364428,-2.48472858399122,-2.9226506444318,-2.86546015323278
2024-11-13,-2.84416505211097,-2.57926468074034,-3.22741904504218,-2.78879874837194,-2.48611879621207,-2.81940796788989,-2.86442178405389
2024-11-14,-2.84199032731048,-2.56529195118728,-3.04969116192045,-2.79861091071132,-2.47947498957216,-2.79031322639841,-2.85559227287385
2024-11-18,-2.88857802041594,-2.57178025307835,-3.04327370976541,-2.79928181702084,-2.4870739000361,-2.74417972239203,-2.87569049391312
2024-11-19,-2.88338054884517,-2.58237077861234,-3.04613390835887,-2.84233885798796,-2.52747053924493,-2.76685953436121,-2.87685757799871
2024-11-21,-2.86478178793782,-2.57037715383952,-3.04749661743273,-2.82675025057455,-2.52290951524552,-2.76636818038918,-2.87540183748761
2024-11-22,-2.84348409534704,-2.58490688577728,-3.01705403636984,-2.75282695643682,-2.51408069474596,-2.75177916310768,-2.84825267977025
2024-11-25,-2.84731442433595,-2.58553617366286,-3.00972048801048,-2.67313655370758,-2.5153444236134,-2.75132819093335,-2.83473117467468
2024-11-26,-2.80949765660858,-2.57718149938333,-2.97853451691634,-2.66971759953205,-2.49439496974713,-2.72536573577365,-2.80245108097286
2024-11-27,-2.77634881429008,-2.54130330373362,-2.95167074928968,-2.64750544869415,-2.45455433698284,-2.63370345786493,-2.76925954117798
2024-11-28,-2.76605646212245,-2.54154641287041,-2.93065528521942,-2.63484163825723,-2.43315149690952,-2.62444683768164,-2.731159168033
2024-11-29,-2.74304169975184,-2.49644800216301,-2.90507087980533,-2.68339736724559,-2.40246110968783,-2.59279300654488,-2.7103513127548
2024-12-02,-2.73025412499352,-2.49002523043847,-2.89429011302191,-2.68129453032543,-2.39646754273348,-2.60762369264292,-2.69309183405827
2024-12-03,-2.74190087455832,-2.60764028098961,-2.89106924394702,-2.6899384912643,-2.383510429851,-2.62579896224888,-2.68529762370384
2024-12-04,-2.74375514841931,-2.61593375510806,-2.87382005022289,-2.6785602697653,-2.38261318919718,-2.59163829527531,-2.71439526428472
2024-12-05,-2.74197698218229,-2.60764990087378,-2.86618422648034,-2.67652598027191,-2.38431193751699,-2.57692674061861,-2.69036682473314
2024-12-06,-2.78939704304708,-2.60624219663666,-2.80323856661445,-2.66675179082488,-2.34098879055589,-2.52353952803398,-2.68057167267624
2024-12-09,-2.83358404702787,-2.61797267041834,-2.80122924119532,-2.66494068011733,-2.37185631271678,-2.53062319645102,-2.66942442048675
2024-12-10,-2.84945513813464,-2.60202627726702,-2.80923459100919,-2.62418453639154,-2.37191692753611,-2.52034398851577,-2.63497296492337
2024-12-11,-2.83420141006473,-2.54983629535544,-2.74235727139059,-2.57400764281977,-2.34462607548567,-2.49301369465374,-2.63855261457732
2024-12-12,-2.81272332204325,-2.53286642593079,-2.71668194888229,-2.55747993016191,-2.34804233412546,-2.48225723384836,-2.63282816977798
2024-12-13,-2.81400903639462,-2.52600835065808,-2.70961828776987,-2.55205594132104,-2.39925642374118,-2.47127733297828,-2.63461138930937
2024-12-16,-2.82277459354777,-2.51932714194869,-2.70224611910295,-2.54090318764126,-2.39193445155207,-2.5304782800942,-2.63333746145882
2024-12-17,-2.81166475796424,-2.47854300478816,-2.78582675849257,-2.51879646020808,-2.39978994193254,-2.52372376534987,-2.63817993850199
2024-12-18,-2.78922991937854,-2.45684411958261,-2.78784346824752,-2.4942971098363,-2.37630005270153,-2.5424775324062,-2.63359219901222
2024-12-19,-2.77187062096717,-2.44972834160422,-2.78608660226132,-2.47641309018382,-2.34057408570938,-2.53467084227137,-2.63627403680531
2024-12-20,-2.78799805102601,-2.43393531576986,-2.79536400878581,-2.47362480037776,-2.309368558686,-2.5432718285085,-2.62211402598387
2024-12-23,-2.77860889621563,-2.42692983766506,-2.8138443956486,-2.49141585012918,-2.29011051367027,-2.54223460636169,-2.63495541353899
2024-12-26,-2.77093882771756,-2.42868067921706,-2.80187580877719,-2.54293893382867,-2.29022536987171,-2.51624236204545,-2.60474430506837
2024-12-27,-2.8130015852314,-2.44048044597682,-2.82374659842421,-2.54611841055301,-2.29752372337008,-2.53557762730326,-2.59689857221367
2024-12-30,-2.84516501658549,-2.46974896967375,-2.83984857365594,-2.5616984671489,-2.3088905423558,-2.57455678878455,-2.61287851308976
2025-01-02,-2.85409354792986,-2.45602918766154,-2.853875785561,-2.53646207175007,-2.32155737316052,-2.55412198090605,-2.58925049892414
2025-01-03,-2.87799401677225,-2.50179009899226,-2.86757684295724,-2.54512603435409,-2.34049059744916,-2.554002872101,-2.59604356652685
2025-01-06,-2.8293752823008,-2.48605478202117,-2.8665495578454,-2.54211752771856,-2.33652584004601,-2.53587037809552,-2.55284466996802
2025-01-07,-2.80458359524966,-2.47761800425601,-2.8553183329252,-2.53665545312774,-2.313400721922,-2.52089820097863,-2.56199462008497
2025-01-08,-2.78923859232313,-2.47096839214957,-2.86621547012717,-2.54832163764349,-2.31336996379816,-2.54655354282579,-2.54605874660808
2025-01-09,-2.81879710920748,-2.49151334357753,-2.87336102921262,-2.55632485456316,-2.31486372998919,-2.56847257961129,-2.52991627856129
2025-01-10,-2.82099697271192,-2.48629207775093,-2.94170305354363,-2.56151034238698,-2.33096372695582,-2.62717575473034,-2.52564794718664
2025-01-13,-2.81429198490401,-2.47535692182037,-2.9597734803472,-2.55981468595892,-2.32428821109937,-2.60874954102454,-2.57066033488248
2025-01-14,-2.80065945863973,-2.46099640607672,-2.96489295963349,-2.59340902584098,-2.33378518523576,-2.61882405294456,-2.62533706785022
2025-01-15,-2.80315175273192,-2.49283125344427,-3.01875719562525,-2.6356375064458,-2.33856290291983,-2.67619207309744,-2.6178374097756
2025-01-16,-2.82515885706687,-2.50049805956471,-3.05214048884546,-2.64417549034442,-2.36383634764529,-2.68599275562094,-2.6296984709241
2025-01-17,-2.82069433650954,-2.49520521868467,-3.06660237646194,-2.6475444799436,-2.35571668409924,-2.69280042712298,-2.62197214419379
2025-01-20,-2.80119145386543,-2.49774272356004,-3.0710942443358,-2.64782983634007,-2.34936082702996,-2.69322587095557,-2.62707041685542
2025-01-21,-2.81428152864518,-2.55923821822128,-3.10293402193389,-2.66881492218119,-2.35229993044306,-2.70957772756612,-2.6313127156843
2025-01-22,-2.83942908324328,-2.6055608848096,-3.08279247204385,-2.70629268789008,-2.37476342607133,-2.71774475856331,-2.62984575951959
2025-01-23,-2.854888770134,-2.59023236162751,-3.01271115767403,-2.71428522840086,-2.40211848579675,-2.70312326785939,-2.60365386087375
2025-01-24,-2.85368867982509,-2.62534801062982,-3.00460015676313,-2.72426860367278,-2.44527197299053,-2.70133387928605,-2.62556212324911
2025-01-27,-2.86348279231628,-2.63590919096858,-2.96520473122081,-2.74738520565811,-2.48480063649735,-2.64449332179482,-2.60959539780833
2025-01-28,-2.86022768321618,-2.62202982781302,-2.97111329722241,-2.75699700664125,-2.49197847443161,-2.68052484500753,-2.6445136604272
2025-01-29,-2.86172391123375,-2.61552620384408,-2.9642620888242,-2.7697960710875,-2.50162003895599,-2.68506324167528,-2.67981039958225
2025-01-30,-2.84689646658772,-2.54230187426412,-2.92980846130968,-2.73564513856718,-2.50159519146546,-2.68144249791879,-2.66912277726854
2025-01-31,-2.86830902266467,-2.52325591910904,-2.93495142556168,-2.80131677349111,-2.50490972512303,-2.71454989579065,-2.71959162370753
2025-02-03,-2.86894221766807,-2.52652597007764,-2.93658015351706,-2.84230281060691,-2.51467462266577,-2.72609155168184,-2.73227869006486
2025-02-04,-2.91296008444111,-2.54033493215161,-2.92303740360796,-2.8606337952351,-2.51685265817521,-2.74410096424443,-2.75590563749499
2025-02-05,-2.91591759794963,-2.50175173591884,-2.91797048998375,-2.68753378995102,-2.55197873885985,-2.75268002536308,-2.73557167388535
2025-02-06,-2.77211936795653,-2.47697887862283,-2.9060248458003,-2.67144260853095,-2.53171323001412,-2.76069057201804,-2.75840114192668
2025-02-07,-2.74844888477015,-2.41235415475287,-2.88738281912673,-2.63902793437584,-2.53024153697936,-2.75509812867208,-2.79219924366287
2025-02-10,-2.74987143138561,-2.37843228709075,-2.88762111198229,-2.61759596123534,-2.54157328153943,-2.74286037213192,-2.80908151539423
2025-02-11,-2.75280926181629,-2.38534978446755,-2.89032976373656,-2.61208010738741,-2.54141051357087,-2.76671984958733,-2.70967917063247
2025-02-12,-2.73198839546472,-2.32124378643934,-2.84037489047121,-2.60071908783896,-2.51222667122299,-2.72475454759843,-2.67522981578322
2025-02-13,-2.77475398949894,-2.32436972662363,-2.87585443854093,-2.60530975378153,-2.58072000626989,-2.6694788744167,-2.68625891899353
2025-02-14,-2.7667972005445,-2.32449309110606,-2.80513570419935,-2.60286569659029,-2.53453624438617,-2.6768975145186,-2.67181500522323
2025-02-17,-2.76263824853841,-2.33112024054974,-2.7786997347363,-2.60560032868682,-2.55221737401771,-2.67287660678245,-2.65371784686456
2025-02-18,-2.76791997957018,-2.33071378492079,-2.77004347670474,-2.60236864341799,-2.57000970438161,-2.65608816138658,-2.65386113322305
2025-02-19,-2.76604802582941,-2.32597663322792,-2.74650931065726,-2.58927760157873,-2.55707464846454,-2.65822545388311,-2.65218429383234
2025-02-20,-2.76934768482529,-2.3324090749606,-2.67331129745406,-2.59134079795611,-2.56250753401358,-2.66047614881062,-2.6479020174112
2025-02-21,-2.78112439220893,-2.33899738784813,-2.70214846468159,-2.60768834004081,-2.56605840166347,-2.67321125932836,-2.66815461725087
2025-02-24,-2.76366262824765,-2.33815964204782,-2.68875529078808,-2.59569221098851,-2.54958944796721,-2.66902311126532,-2.66971664768042
2025-02-25,-2.7710107194891,-2.33942257908031,-2.70693745440497,-2.60338603378027,-2.54593684707011,-2.71795463241007,-2.68852025323263
2025-02-26,-2.76850243266823,-2.32875265136148,-2.69019096496685,-2.59508000207031,-2.5278192563518,-2.72042302026345,-2.67153028116857
2025-02-27,-2.76455423009113,-2.33218072846935,-2.69085385766837,-2.56537711504801,-2.5331903466027,-2.70820194234164,-2.6678288581487
2025-02-28,-2.76123331272979,-2.3802581250276,-2.69039166965048,-2.56697976252948,-2.53477912512673,-2.68515679650441,-2.66265029975046
2025-03-05,-2.72201408759463,-2.40728515396464,-2.68320675836642,-2.55965378570097,-2.53519236128366,-2.68186838831722,-2.66254358847747
2025-03-06,-2.72440489083985,-2.3966198807046,-2.67178028984503,-2.54127084370052,-2.53861450577133,-2.70470403095737,-2.63335696055163
2025-03-07,-2.72230221268976,-2.38603212413367,-2.66866856421475,-2.51265012160089,-2.47078809884937,-2.69459876801884,-2.67095470786805
2025-03-10,-2.72527226976828,-2.41865628583231,-2.67361341891206,-2.65474221567701,-2.48724918417415,-2.6757149092952,-2.69150344854051
2025-03-11,-2.89181083605658,-2.43608273243397,-2.675905763716,-2.67556498416964,-2.48894035350556,-2.66184103426557,-2.70636431282217
2025-03-12,-2.90846288453648,-2.49393037145669,-2.6887576287594,-2.70072991207861,-2.49196199057088,-2.62047835413382,-2.73127778943943
2025-03-13,-2.90565486355976,-2.53284601470436,-2.65837079005715,-2.71042201236523,-2.4827150266193,-2.60179382084928,-2.71628083762238
2025-03-14,-2.86135665124383,-2.51487086350076,-2.65037397039002,-2.71259672686582,-2.49090593746746,-2.59494027239318,-2.71368939301465
2025-03-17,-2.88572282018681,-2.64902434545833,-2.67099369395932,-2.72775509523294,-2.50629925480371,-2.63486506156366,-2.73044381630348
2025-03-18,-2.8781184061781,-2.66796672368304,-2.67367564630166,-2.7158569239514,-2.5115971845919,-2.68150597288853,-2.75358643099766
2025-03-19,-2.89422786800187,-2.66275134590918,-2.72970535073844,-2.70115812590604,-2.5448152507653,-2.67229367486628,-2.75459900219333
2025-03-20,-2.8829290446836,-2.65622010786667,-2.75736129192265,-2.69240845335379,-2.54389570137057,-2.69528755530125,-2.76589789263965
2025-03-21,-2.89638503642481,-2.65924100089426,-2.76132818365673,-2.70875434034532,-2.53949973690142,-2.72671195879582,-2.77002276811223
2025-03-24,-2.89881428014935,-2.65875889828339,-2.77108781511341,-2.70532473994708,-2.53827498244274,-2.7193241781941,-2.71175608091613
2025-03-25,-2.86644492439041,-2.54442519166862,-2.88192457005256,-2.68750704585111,-2.56263517598256,-2.70021553508915,-2.71571686957287
2025-03-26,-2.85589103124022,-2.55001613893702,-2.88910280859289,-2.67865845744454,-2.55099880276714,-2.718807147381,-2.72770453812234
2025-03-27,-2.87427159786981,-2.5547893201851,-2.90515489525552,-2.69226613562406,-2.5530148795193,-2.70873218554864,-2.7151054155588
2025-03-28,-2.86102334291031,-2.55306098353796,-2.89819122777569,-2.67310735740439,-2.53237037060235,-2.70951960818913,-2.69222537755205
2025-03-31,-2.84861804718849,-2.58565273230749,-2.89921866981976,-2.67466779388495,-2.51237752201965,-2.69732377148002,-2.70424208493611
2025-04-01,-2.84327933243505,-2.57313204755983,-2.88833266637235,-2.65386754750149,-2.50756252218945,-2.70593440517949,-2.68974071319921
2025-04-02,-2.86578196632249,-2.57625436449241,-2.91054243167339,-2.667238211615,-2.50564124939151,-2.73117802803013,-2.68823178758723
2025-04-03,-2.86029100079097,-2.54046936819908,-2.92308744239393,-2.64420375758292,-2.49239486690479,-2.71798183499313,-2.66808878225623
2025-04-04,-2.81538302595327,-2.52006875902584,-2.9064669549411,-2.60800031160544,-2.4515168526333,-2.70085268586162,-2.63482308820512
2025-04-07,-2.76761851807407,-2.47496568413245,-2.87193932412489,-2.58567002607194,-2.40907744556468,-2.66494381202114,-2.6258986208487
2025-04-08,-2.73834076451146,-2.43078329152571,-2.81922302457358,-2.53871516495794,-2.39186118531846,-2.66689968365671,-2.59988972311959
2025-04-09,-2.64988510318566,-2.37395624505158,-2.76409069863482,-2.49373945056396,-2.31259129158178,-2.63556935896081,-2.57012699938608
2025-04-10,-2.62261403745923,-2.35853700449081,-2.73395683331329,-2.47546002818731,-2.29794060289045,-2.66730741576274,-2.55933788186225
2025-04-11,-2.61157746086126,-2.35152383202264,-2.75808167589566,-2.48444643182493,-2.31660077745057,-2.67647819058887,-2.57392719555176
2025-04-14,-2.62334051275005,-2.35250211983308,-2.76510040302718,-2.46181165320656,-2.32858277907122,-2.68509060019412,-2.64595192941975
2025-04-15,-2.63847535536459,-2.35814281157928,-2.7763669833198,-2.43762328153726,-2.34296705506813,-2.67587826847614,-2.6504730547144
2025-04-16,-2.64208407020038,-2.34453812028962,-2.76272275156805,-2.44376500594423,-2.34080397950386,-2.66385634592088,-2.65450609242234
2025-04-17,-2.64352849959495,-2.34493787030946,-2.76034892374131,-2.44593508326817,-2.33083302824092,-2.66567566114862,-2.66956356725638
2025-04-22,-2.64313830486104,-2.34538193351795,-2.75149699749209,-2.44235963486718,-2.32138922532476,-2.64234674040042,-2.66361668801127
2025-04-23,-2.62821159378148,-2.33565996317525,-2.7503318656252,-2.43275083946848,-2.31617286278847,-2.63041942653981,-2.64904914717555
2025-04-24,-2.62411875680526,-2.3351976403329,-2.6741243485338,-2.42802300497564,-2.3106905205398,-2.61972958562857,-2.68955260211163
2025-04-25,-2.64374796543524,-2.40675386058538,-2.66868970721588,-2.43628238900485,-2.3074619389706,-2.6231474545833,-2.6621788295539
2025-04-28,-2.65081354779238,-2.40947895818328,-2.66518720389266,-2.44494362172219,-2.31120708089162,-2.62312912376873,-2.65688353843607
2025-04-29,-2.64616469518854,-2.40372477713438,-2.66066440728415,-2.4268516171047,-2.3220592923649,-2.63216829081335,-2.6525281289717
2025-04-30,-2.65762641555613,-2.39653311979564,-2.66382332173264,-2.34711912006875,-2.32871476887591,-2.634447461841,-2.65576963544453
2025-05-02,-2.6360841189898,-2.39227363325246,-2.67833597779324,-2.34395101084373,-2.34032309176909,-2.6401927271632,-2.65666716553904
2025-05-05,-2.63196743308799,-2.39115010023977,-2.67638051386433,-2.34216989809473,-2.34234056790411,-2.64315042829282,-2.65811675414133
2025-05-06,-2.63111622829722,-2.39507045482141,-2.68042940233579,-2.34383856891717,-2.35173733700213,-2.64398407515219,-2.67262832763675
2025-05-07,-2.65395777973795,-2.40954301504461,-2.68316486721886,-2.35652730052209,-2.37318763674757,-2.66323948759799,-2.69836154117321
2025-05-08,-2.64398047841885,-1.96496891447372,-2.67759689538669,-2.35328154824109,-2.35948114149013,-2.64683455159339,-2.74398358875725
2025-05-09,-2.56109294432706,-1.98135295637091,-2.70383896953712,-2.37954122054426,-2.45469332114653,-2.6965939160413,-2.62807051998457
2025-05-12,-2.56103538756753,-1.99618702114297,-2.72258558550818,-2.41301936189967,-2.43014862718721,-2.71469928019268,-2.61060400358829
2025-05-13,-2.63822575144403,-2.03276418504341,-2.7835651168036,-2.45326030860854,-2.52827877748314,-2.70869123508974,-2.61548611079815
2025-05-14,-2.67250133691929,-2.04305656480787,-2.81273453007314,-2.4726300709242,-2.54720032438672,-2.71608097142999,-2.61396793519431
2025-05-15,-2.68696186063213,-2.04733551095226,-2.80375286917847,-2.47272314990846,-2.54590221278229,-2.57003885547891,-2.61346109380074
2025-05-16,-2.69304988884792,-2.04951112083021,-1.8594648365074,-2.50128241055008,-2.53840124556879,-2.52421452612684,-2.60835611095287
2025-05-19,-2.68245191952644,-2.04648756064646,-1.85757468291179,-2.53757601055068,-2.52853319437848,-2.49436278239246,-2.61523412083071
2025-05-20,-2.68012966860611,-2.05601542017109,-1.85695784189845,-2.5441906803339,-2.50796706228025,-2.48190026684587,-2.59267941619991
2025-05-21,-2.66306459362701,-2.05122350732495,-1.85611237962586,-2.53319165136502,-2.51210909863468,-2.47816122721806,-2.58927655373981
2025-05-22,-2.67560465933428,-2.04584504577887,-1.85658030230706,-2.5408188947299,-2.51003934370316,-2.46088288437054,-2.60900757263135
2025-05-23,-2.61484744447608,-2.02223501524895,-1.85845423360327,-2.50047353789989,-2.40180188302507,-2.4527194636131,-2.60094597924164
2025-05-26,-2.60544308345102,-2.01999452698576,-1.87289105420356,-2.50758130011997,-2.42272920266792,-2.4690417152339,-2.59154837659681
2025-05-27,-2.58608904733641,-2.01494914710446,-1.86564721161994,-2.49131552969449,-2.3755737977501,-2.47438461891666,-2.62100413317506
2025-05-28,-2.58954460228257,-2.01643039567261,-1.86613492238561,-2.48681742381019,-2.38439674537689,-2.46884443413865,-2.62144894604326
2025-05-29,-2.58505248693189,-2.01457896777713,-1.86784670608591,-2.51144126279448,-2.36394475433793,-2.4738826756077,-2.62709053365768
2025-05-30,-2.5866293306265,-2.01614359235929,-1.86671811899221,-2.65638345710017,-2.35614068525571,-2.47761175252721,-2.63630913351586
2025-06-02,-2.61324509379296,-2.01876367384831,-1.86408031752094,-2.64003793183545,-2.34654303683883,-2.46806906018677,-2.60909998084274
2025-06-03,-2.62243470034759,-2.02219798114108,-1.86673853995861,-2.67309212819277,-2.33603052212035,-2.46238781533591,-2.60986389047328
2025-06-04,-2.62035736032144,-2.01705715206903,-1.8631442312631,-2.65035674325417,-2.33277299349421,-2.46561090371228,-2.6095726176915
2025-06-05,-2.62109480571401,-2.01700147858538,-1.86439233916409,-2.64537497707254,-2.33150831989708,-2.45680523121902,-2.60963596496327
2025-06-06,-2.65643810974044,-2.58604427660513,-1.87052282843577,-2.70236996588603,-2.38071315869489,-2.47195726555836,-2.62253860826927
2025-06-09,-2.80736886887888,-2.58849296747517,-1.87084427488566,-2.70744734528507,-2.38510962614047,-2.46491395921128,-2.74303520215398
2025-06-10,-2.81948882953059,-2.59492017337803,-1.86722786515729,-2.69615168772366,-2.41246602946452,-2.45288617457232,-2.80879272722956
2025-06-11,-2.8066890041699,-2.55818595174544,-1.86586398168976,-2.64369197575601,-2.41895756204159,-2.48041352903464,-2.83566035994731
2025-06-12,-2.79012309172473,-2.55221970591762,-1.86174532264999,-2.64000732263199,-2.41145626290385,-2.49115983679448,-2.84644850052692
2025-06-13,-2.77508047167442,-2.54338555885641,-1.86274753173233,-2.61951944922374,-2.41815651823545,-2.62704351310329,-2.84637984323531
2025-06-16,-2.75400994842562,-2.53509291249993,-2.83995908456977,-2.61411288152317,-2.41456595260608,-2.64600277354383,-2.83441565744181
2025-06-17,-2.76990861939156,-2.54543734215791,-2.83895364721371,-2.60484141985282,-2.423090884719,-2.68720339056854,-2.84615967710385
2025-06-18,-2.78066324924576,-2.51854602198985,-2.8626560440559,-2.59937680126476,-2.44144030758283,-2.72462978208724,-2.87882964366396
2025-06-20,-2.79863576750727,-2.52910770349869,-2.87156404705044,-2.61699821843001,-2.44703215823955,-2.72153886327503,-2.87131071360824
2025-06-23,-2.79353226337139,-2.53776055205961,-2.88305382501197,-2.60833953343493,-2.446313470478,-2.75903871462815,-2.87457941625089
2025-06-24,-2.85163165973101,-2.60032957884157,-2.83669379330425,-2.62015639561932,-2.5746656023453,-2.77355055834076,-2.8973038652406
2025-06-25,-2.8634858794362,-2.60843954112691,-2.8272444512582,-2.6272811981538,-2.56351743179224,-2.76408330660505,-2.8732228186345
2025-06-26,-2.90192009524158,-2.61878229882606,-2.8603446487569,-2.65044523564425,-2.62220984188432,-2.76906314350564,-2.84266353241504
2025-06-27,-2.88879775292584,-2.61509637940207,-2.85022085393761,-2.63413435873367,-2.61309167800081,-2.75265449242559,-2.85084731358016
2025-06-30,-2.86988848982089,-2.62974915268135,-2.80554108609044,-2.61536926040176,-2.62355421394607,-2.72080338730977,-2.83097066694021
2025-07-01,-2.88834859540213,-2.64555135694554,-2.77441016006837,-2.61599664501605,-2.64840000752294,-2.71241057405943,-2.77783842914464
2025-07-02,-2.89127376576379,-2.63784521977984,-2.75411749059504,-2.63644076090709,-2.64534968294407,-2.71550339008026,-2.75918175701861
2025-07-03,-2.88006592211393,-2.63199017151523,-2.73319697150997,-2.64141784678917,-2.65303610660737,-2.72963803620016,-2.76446377272049
2025-07-04,-2.89387322109295,-2.65831227022601,-2.74508326879118,-2.66899089469296,-2.64528488485955,-2.73865775122089,-2.77332382986489
2025-07-07,-2.89511874707329,-2.67926924471264,-2.7389645125102,-2.66814388005786,-2.65587642199832,-2.75053844433471,-2.7665639115824
2025-07-08,-2.89551412029546,-2.68193021246059,-2.74458522435786,-2.67774664283093,-2.63721565707973,-2.74822736549586,-2.78624684577096
2025-07-09,-2.91372798857674,-2.72724366969152,-2.75152231187439,-2.69139678938807,-2.64505652151604,-2.77455908751665,-2.79759374254952
2025-07-10,-2.92560968136321,-2.73679959638759,-2.74943812607431,-2.70768364011877,-2.63187742070752,-2.81921967524777,-2.77212038790974
2025-07-11,-2.9481461503923,-2.78827643199646,-2.75399737601316,-2.77372763337193,-2.65134688846967,-2.81821070029594,-2.78428934851954
2025-07-14,-2.95558276839851,-2.80542387987202,-2.77228958219794,-2.77877068107823,-2.67299491130518,-2.79278058603618,-2.7818575972167
2025-07-15,-2.97129289421044,-2.80033321147401,-2.77406094280513,-2.80042512871359,-2.64654455586923,-2.80430749145528,-2.7855494483447
2025-07-16,-3.01969167786828,-2.81116549220871,-2.66608945002422,-2.80163142448799,-2.65604830891967,-2.8072238363245,-2.79615450306347
2025-07-17,-3.01667155571364,-2.80603940484034,-2.66785956062921,-2.80362114160685,-2.62690379865146,-2.80744965848415,-2.77901374007133
2025-07-18,-2.98193560414756,-2.84052050931607,-2.63651483399329,-2.78407282687936,-2.54281451527113,-2.82708915675704,-2.78006259172452
2025-07-21,-2.98146149141042,-2.83753378263002,-2.62697068796213,-2.80188185859258,-2.52054383704766,-2.8397654202281,-2.76660160672442
2025-07-22,-2.97281187872288,-2.85603736429181,-2.61758022316296,-2.79340028625867,-2.51891156735583,-2.8316892533316,-2.76889632068634
2025-07-23,-3.01075904858969,-2.86916337754791,-2.62301056173847,-2.8544670132527,-2.52383966878881,-2.79017104276723,-2.75772975678413
2025-07-24,-3.01845385306107,-2.86613144140814,-2.620757429286,-2.85009281935697,-2.51347980298435,-2.78895628615539,-2.80529789577055
2025-07-25,-3.02053550757168,-2.89273033209989,-2.61173950414208,-2.85596590884186,-2.51557396598979,-2.77674989867204,-2.84017213112375
2025-07-28,-2.96374237495213,-2.87984597724794,-2.613988147594,-2.86738826625341,-2.49504826527819,-2.79417730853337,-2.84056962758259
2025-07-29,-2.99483557732314,-2.88279213706668,-2.64784262055074,-2.89334469447554,-2.50214130510322,-2.82955319971658,-2.87100899493722
2025-07-30,-2.95192009077814,-2.84805090331032,-2.65592740885274,-2.75423535653834,-2.47956505988318,-2.81500811014595,-2.92035187605089
2025-07-31,-2.95109727404373,-2.8069251377872,-2.67801600877023,-2.7462083027289,-2.4673132453666,-2.82172662767443,-2.9184618758321
2025-08-01,-2.89346977791854,-2.80479259110555,-2.50267008445462,-2.70411823959729,-2.43513907362881,-2.78811592249698,-2.83494792376778
2025-08-04,-2.84682504699919,-2.76694639695895,-2.47327752641625,-2.69858795784647,-2.42647651351404,-2.7799383981168,-2.78970005903058
2025-08-05,-2.82444803036471,-2.75839959650364,-2.47170363133278,-2.68972320557274,-2.4132358509873,-2.76801174838644,-2.78762228067199
2025-08-06,-2.72037846031325,-2.75187827842138,-2.46644762381589,-2.68031067572069,-2.41076934430478,-2.78519593916367,-2.76012346355474
2025-08-07,-2.70977022683746,-2.74791057642071,-2.46247060869214,-2.66339252720068,-2.39284679052927,-2.78538512950071,-2.76810424478708
2025-08-08,-2.73400426873371,-2.77005765615761,-2.47493164505807,-2.64947144968298,-2.41037870245943,-2.77704967041959,-2.76263627553925
2025-08-11,-2.73111826697375,-2.78040123589842,-2.47748136255369,-2.64948244851862,-2.40998263455295,-2.78515286348055,-2.75719817347658
2025-08-12,-2.72447424270023,-2.76443220933505,-2.47018948235166,-2.63275447067058,-2.20524891063791,-2.79306279440331,-2.7016730853731
2025-08-13,-2.7256020249967,-2.77111283649903,-2.46396955988029,-2.62723403519548,-2.20134805395966,-2.8048300004557,-2.68011294053705
2025-08-14,-2.70418269000194,-2.73023529190628,-2.49898180075857,-2.61233873345855,-2.18338373037208,-2.8110494625703,-2.68429050809633
2025-08-15,-2.70218883218984,-2.72971800318582,-2.28742780847761,-2.62092248063933,-2.19732387290671,-2.4401848768368,-2.69373102330115
2025-08-18,-2.7199085917547,-2.72490846685939,-2.25771155210182,-2.64464008431998,-2.23025129038381,-2.42795103056252,-2.69715134374527
2025-08-19,-2.6696576070257,-2.68276973896852,-2.21651748942868,-2.59435914115676,-2.22662499716881,-2.37970073440821,-2.69990463029434
2025-08-20,-2.68103786862312,-2.67686491427392,-2.21212436966143,-2.58140166062753,-2.23529757960896,-2.38587475326814,-2.66295954775464
2025-08-21,-2.68236152489201,-2.67187637670947,-2.21538560802803,-2.58642896730282,-2.24306256227425,-2.39588337648947,-2.67385599827056
2025-08-22,-2.67340469504777,-2.65555693353913,-2.18854732999088,-2.56680635866789,-2.25837192332853,-2.39698159419072,-2.66284772025164
2025-08-25,-2.67582354744896,-2.6618368735266,-2.18995634894672,-2.5618659320629,-2.26173089873607,-2.3977627418029,-2.66073658493171
2025-08-26,-2.69577395564672,-2.68227370092264,-2.18792711093773,-2.56846140372408,-2.27658500254436,-2.40301633422889,-2.66358749015748
2025-08-27,-2.68701235729957,-2.67254863004721,-2.16590663418053,-2.55528812491049,-2.27093205643144,-2.40251637432547,-2.65930726640684
2025-08-28,-2.68223998402322,-2.6742789274189,-2.1599329174097,-2.61380225053007,-2.2726698557172,-2.41153707709957,-2.68760549644808
2025-08-29,-2.69998625619264,-2.7369945636848,-2.1601041233254,-2.63166545671397,-2.29288223314824,-2.41126555657412,-2.75222742570422
2025-09-01,-2.73857706646419,-2.77031917546066,-2.25843479022629,-2.66486013084126,-2.30104595277999,-2.4273893919308,-2.80755613007078
2025-09-02,-2.73387897280277,-2.78286910370055,-2.18761025029175,-2.64287155011977,-2.2930740827858,-2.42862904562878,-2.82531166490605
2025-09-03,-2.74289437385705,-2.79486444441622,-2.18566881423982,-2.64863626623595,-2.30106117321371,-2.43992751327862,-2.82158830528465
2025-09-04,-2.83428940382316,-2.79379374862683,-2.18824949210772,-2.65363325668742,-2.30345276081364,-2.43763523313277,-2.82920754002328
2025-09-05,-2.8199516043421,-2.74568025813369,-2.1620409104582,-2.6097886374077,-2.30299088224269,-2.42603478934309,-2.81001418792105
2025-09-08,-2.80281078495147,-2.72425072596286,-2.1571523426665,-2.60808405510691,-2.31083179048247,-2.42591714691952,-2.80355883854448
2025-09-09,-2.80421821780145,-2.71823843995259,-2.15199899662041,-2.61316015983682,-2.31767084385557,-2.42512695519546,-2.78362483988
2025-09-10,-2.81369463952111,-2.71737257301019,-2.14884630197114,-2.61503578597446,-2.57687208742797,-2.40668035737913,-2.83614233328648
2025-09-11,-2.77646561804923,-2.71641908939267,-2.14752449377783,-2.60557802001794,-2.56221351072908,-2.40085140961086,-2.8451615928371
2025-09-12,-2.79576092813303,-2.75929744952387,-2.15793526538522,-2.64449953092611,-2.58503713577597,-2.41309893875459,-2.83077929599658
2025-09-15,-2.78899502559039,-2.75241825192212,-2.26859935821055,-2.6339366936167,-2.59102696847885,-2.7529660402365,-2.83885399264194
2025-09-16,-2.78712677660391,-2.77115956003125,-2.30908575896276,-2.61981895887799,-2.62071757171485,-2.77707201294704,-2.83685261030574
2025-09-17,-2.82520269205292,-2.79751054017937,-2.35405819813949,-2.64991943500989,-2.63347755979136,-2.86990226432233,-2.86361805844986
2025-09-18,-2.82792144486325,-2.80452980540674,-2.33804504446735,-2.67100440905342,-2.64306418376192,-2.88017134118193,-2.90223089931019
2025-09-19,-2.83974029476963,-2.82209440144642,-2.33785760499901,-2.66868940384448,-2.62784994149961,-2.89206763985422,-2.89926695185045
2025-09-22,-2.8428399798345,-2.82892645784431,-2.36484543164056,-2.67929240852444,-2.63005741132215,-2.89845184744978,-2.90692981893058
2025-09-23,-2.83532488582643,-2.80683620341609,-2.36123772934585,-2.67647123776565,-2.63632789044431,-2.90553940342196,-2.89501612704258
2025-09-24,-2.85882679095184,-2.81383762482876,-2.33626790297668,-2.67779103629612,-2.6399749907602,-2.9033666730048,-2.89661803827055
2025-09-25,-2.87346933293017,-2.82316092346238,-2.36819231151424,-2.68902839124394,-2.64980343764847,-2.90694208513143,-2.90909188416492
2025-09-26,-2.91659706189569,-2.85734517604303,-2.3857516697271,-2.71874504435868,-2.69253622021756,-2.90329163825264,-2.90791472223885
2025-09-29,-2.89219041873534,-2.81545247371267,-2.3734107977889,-2.70530115316,-2.68417903477458,-2.92057903943092,-2.89534131458286
2025-09-30,-2.85847001960253,-2.78209696215492,-2.38122668828085,-2.6976996782225,-2.69263543314441,-2.91571619728519,-2.90974739236398
2025-10-01,-2.89504453409829,-2.76429317129892,-2.49475510567688,-2.67826074078405,-2.67976915832908,-2.91993554552935,-2.92543243193191
2025-10-02,-2.88761647792761,-2.74951641389565,-2.47655619383072,-2.68949035880305,-2.66793940172383,-2.91481804098509,-2.93978848155407
2025-10-03,-2.91117745353832,-2.75390742414977,-2.48403725818507,-2.69247482806108,-2.69373569289644,-2.89878802980196,-2.95747252260956
2025-10-06,-2.94686573229201,-2.78941625441336,-2.53293224170507,-2.74276073253828,-2.70287329430733,-2.9104269018666,-2.95999642772427
2025-10-07,-2.95179855658685,-2.79034461571632,-2.55399933502401,-2.74828530139454,-2.65946220131271,-2.87098692664272,-2.96143331267667
2025-10-08,-2.95082326888283,-2.78138177709507,-2.56710120416413,-2.74355889913013,-2.64637306138693,-2.8763959408675,-2.95699881803279
2025-10-09,-2.9634354185981,-2.79878941496946,-2.61106749296311,-2.76353240163297,-2.67009110664052,-2.92996823568671,-2.97128098942004
2025-10-10,-3.01077053807387,-2.79559056710654,-2.62523791329317,-2.78476820011776,-2.67647373416009,-2.93822743971332,-2.98080909665562
2025-10-13,-3.02738573849315,-2.79642316613262,-2.64570326631353,-2.76908948170841,-2.70340212969475,-2.93429185598367,-3.00795020376192
2025-10-14,-3.01721087621102,-2.77682922395883,-2.62479656206721,-2.65391125935332,-2.70040997564481,-2.94010888880687,-3.00038849623076
2025-10-15,-3.00517828402027,-2.746740402953,-2.62319926201918,-2.64601711882032,-2.58752298596212,-2.9073029027079,-2.98159539694299
2025-10-16,-3.01859773722596,-2.75134150126893,-2.61048642294116,-2.64224237166418,-2.56981982799438,-2.91487566445779,-2.99249056411001
2025-10-17,-3.00038460687277,-2.7208930323937,-2.61539591906784,-2.63375873366726,-2.5447331659324,-2.91262114045482,-2.98361834978996
2025-10-20,-2.98245770935613,-2.70485320360362,-2.60388275385609,-2.62656730062883,-2.55094038355339,-2.88108045119477,-2.97056671445063
2025-10-21,-3.00598890025705,-2.63558800681666,-2.61297857809273,-2.62382116950765,-2.53659149774208,-2.88243151298622,-2.93113461529496
2025-10-22,-3.02182223059332,-2.64906496944122,-2.63324253416371,-2.62181297237821,-2.53143263879418,-2.87440068173974,-2.95694969715276
2025-10-23,-3.01671505998744,-2.64666181464475,-2.68793898064235,-2.61862107991759,-2.52974301259338,-2.88257935605109,-2.95939812663023
2025-10-24,-3.01309060883078,-2.64999962687575,-2.67169289769831,-2.62418610449802,-2.52291155321913,-2.88493122962337,-2.95332174999501
2025-10-27,-3.00512971400093,-2.63482167504505,-2.66249304986357,-2.62169473829899,-2.51286928574704,-2.8722174278723,-2.95753978089301
2025-10-28,-3.02615148875787,-2.65393876195071,-2.67834954148362,-2.63044324220387,-2.53101850443344,-2.88428831557035,-2.9658197429325
2025-10-29,-3.05611371016293,-2.67247001053872,-2.66928491392704,-2.60039612077062,-2.53672537652893,-2.88112789992042,-2.92938742042582
2025-10-30,-3.07330109558781,-2.57109000943145,-2.70612257384457,-2.61010846030593,-2.53055935404438,-2.84627826768571,-2.9353301508667
2025-10-31,-3.10433667494659,-2.55579136785901,-2.73169923337932,-2.60183566974596,-2.53864825242787,-2.83576982787865,-2.93593751156399
2025-11-03,-3.06656344922277,-2.5359662412128,-2.72742997630698,-2.59595866350864,-2.52825257816833,-2.85486923218552,-2.93491711506697
2025-11-04,-3.06628370469304,-2.5418482384028,-2.72002688992729,-2.59691673597363,-2.5418171472633,-2.84835352875531,-2.92796991672361
2025-11-05,-3.0301512346293,-2.54360248975068,-2.71750445129974,-2.59860031924157,-2.5703358297513,-2.88768031290396,-2.95858370300567
2025-11-06,-2.98787046124953,-2.54583005983468,-2.71933944991621,-2.59321656489038,-2.5699616854974,-2.88934682281435,-2.95291398565698
2025-11-07,-2.9885009782075,-2.54212930510853,-2.71798700849356,-2.58752205026981,-2.58134315051749,-2.87180104886134,-2.90830674836824
2025-11-10,-3.00154786830054,-2.55043408366881,-2.72765196139564,-2.59924391556164,-2.57955137889125,-2.87754242896648,-2.91181305456322
2025-11-11,-2.98010656550608,-2.53988099653039,-2.71365213626954,-2.61845608464119,-2.47677534770208,-2.86749813242017,-2.91183961372256
2025-11-12,-2.96476453057194,-2.5503486138764,-2.68717094761974,-2.71152075593668,-2.47859563133958,-2.83796386269435,-2.91916140248075
2025-11-13,-2.94935846495998,-2.53919184097136,-2.30238266609251,-2.73027243840243,-2.54522411634637,-2.83967717286562,-2.9326346599935
2025-11-14,-2.97447185603489,-2.54390182973233,-2.27466916708113,-2.77463109528409,-2.58303969852563,-2.74798588907139,-2.93021740915377
2025-11-17,-2.99226292825799,-2.55807877164583,-2.28768846557176,-2.77061453443496,-2.60144310025373,-2.72985395075082,-2.93660927405552
2025-11-18,-2.98090432684342,-2.56656923301031,-2.28734051657458,-2.78630340362443,-2.58104849165403,-2.73300355390274,-2.93327749573877
2025-11-19,-2.97750076085577,-2.62699788596129,-2.29091066213913,-2.80710709012011,-2.59328920307397,-2.73216441090383,-2.9753807383562
2025-11-21,-2.97169967755069,-2.60584792463275,-2.28556220498692,-2.80869260752952,-2.56798993391989,-2.71079610335862,-2.94681467022079
2025-11-24,-2.97168111476017,-2.60610768438779,-2.28334622416999,-2.80616373662638,-2.56755920450633,-2.71097444881484,-2.91203036554685
2025-11-25,-2.9788210617354,-2.60336275662062,-2.29307485495776,-2.81518467622001,-2.55132097176931,-2.69766065046581,-2.91499735374185
2025-11-26,-2.97082198237104,-2.60395540933464,-2.30079708468731,-2.82281121266139,-2.5569437055662,-2.70442328819326,-2.92319405542984
2025-11-27,-2.96488465478944,-2.61222887426156,-2.29827279995051,-2.83473194986597,-2.55469749483304,-2.69638470056791,-2.93225633702356
2025-11-28,-2.94135056371167,-2.61732452959981,-2.2987777192174,-2.90795214551193,-2.55002193347382,-2.68386265715661,-2.97564336419872
2025-12-01,-2.95397852951174,-2.80923360581967,-2.31346283659526,-2.95830090305761,-2.58433157254716,-2.69505999054834,-2.95799485961042
2025-12-02,-2.94989708884937,-2.85093002562792,-2.32174806281619,-2.96795764481102,-2.58892428753949,-2.69205921303452,-2.94339033586721
2025-12-03,-2.97814871700994,-2.79937535346435,-2.32431668080318,-2.94485416915591,-2.60522922062787,-2.68665698152345,-2.9420804271435
2025-12-04,-2.97381767383545,-2.7955917043999,-2.32176492439127,-2.93177179269462,-2.59346128367557,-2.70431531719962,-2.95796347791269
2025-12-05,-2.92604119537302,-2.67976116304116,-2.26622665927511,-2.86232120850935,-2.48963514433639,-2.59338683340787,-2.83792415883657
2025-12-08,-2.90629458813394,-2.65719963855881,-2.23661700743529,-2.83341987846035,-2.45041939458846,-2.58794659907012,-2.85106235365651
2025-12-09,-2.88121157869644,-2.60292416560449,-2.2267844718194,-2.81002738901136,-2.42064981015252,-2.55778130637955,-2.87170004224739
2025-12-10,-2.86214609022358,-2.60499311992038,-2.22648675665454,-2.80880427907054,-2.43345161055368,-2.52004099095102,-2.87928437325567
2025-12-11,-2.87268184751851,-2.59932211438345,-2.2308205366239,-2.8242762013871,-2.5082592968932,-2.52355654496741,-2.87546449060183
2025-12-12,-2.88319445028278,-2.60067163355681,-2.24551737661881,-2.81802922381721,-2.5088566150789,-2.54191949157139,-2.86343991122027
2025-12-15,-2.88983594293162,-2.6192242363661,-2.5879359625594,-2.76732567118047,-2.50827308718709,-2.55072780416687,-2.86193332824695
2025-12-16,-2.87762396416596,-2.62113632588893,-2.65846026869205,-2.74528917132998,-2.48503664892234,-2.60950241276141,-2.86406314687068
2025-12-17,-2.86182468949435,-2.58635220885502,-2.64523924141307,-2.74376374240434,-2.4429293132778,-2.59965283917861,-2.88040502506691
2025-12-18,-2.87914412096181,-2.57211597535212,-2.65255088283099,-2.72211589670876,-2.44122899901321,-2.60985229995646,-2.89572967767569
2025-12-19,-2.85706773564356,-2.56414058107107,-2.65580929507653,-2.70920185353644,-2.42827945989181,-2.60256180577547,-2.85676371693169
2025-12-22,-2.85960809554333,-2.57829130812621,-2.67005920203333,-2.71304551279631,-2.43862136136022,-2.61213293208926,-2.83947004308528
2025-12-23,-2.86067615943104,-2.57504049810677,-2.67907477284583,-2.65663835446769,-2.43084629325985,-2.61573757147849,-2.82892619962877
2025-12-26,-2.85552510981665,-2.5695619405499,-2.65656348106022,-2.64028837006044,-2.44143132305029,-2.62080515547516,-2.81539121727522
2025-12-29,-2.8710600754176,-2.58534725735541,-2.6596139241332,-2.64277799876495,-2.4467315515378,-2.60758291285484,-2.79600693459386
2025-12-30,-2.86388579654913,-2.55919047292395,-2.65191077957535,-2.63941029506265,-2.44334573469644,-2.59944067162284,-2.75273135291489
