"data","ITUB4","BBDC4","BBAS3","SANB11","BPAC11","BRSR6","ABCB4"
2017-10-03,24.0238737376239,13.4610904742651,-2.12263890421718,-4.58828404247291,-1.60853177640208,-15.8541570006267,-13.3113524881703
2017-10-04,23.7280115768713,13.3832906974672,-2.06049116137633,-4.50772353603113,-1.57105651750919,-15.7299647581335,-13.2420663012884
2017-10-05,23.5200375767663,13.3123861747844,-2.31673474170636,-4.43213201625978,-1.53463975906112,-15.3944831483078,-13.1544340862157
2017-10-06,23.6855509808021,12.0151688391697,-2.0735171795455,-4.20224756224617,-1.38147523919273,-15.0998638343506,-12.9436160046369
2017-10-09,21.8543642538356,12.802806556342,-1.77102664187966,-3.92754324402858,-1.30781228970879,-14.916709874962,-12.7340787595986
2017-10-10,20.424341357329,10.9449812022846,-1.81390044300185,-2.55278505824286,-0.155764738434399,-13.2313144166185,-13.615557903316
2017-10-11,20.7305801880051,11.099788553463,-1.59838494884561,-3.58160384969839,0.0111495557198751,-13.2320637126595,-13.4294657859845
2017-10-13,21.3166488324202,11.4883514949238,-3.8551198593014,-2.55265914311977,0.157070485301318,-13.1080377171539,-13.4462540930703
2017-10-16,21.2960448970204,10.9865111860738,-4.82848353311755,-2.07003094948504,0.585305832703298,-12.6122778796105,-13.3570695535844
2017-10-17,21.285674003738,11.7140734467821,-3.86454186607588,-3.36369943745706,0.536942555010633,-12.9403583322342,-13.3680903697636
2017-10-18,21.6109705862857,11.5890971658085,-3.5362780027486,-3.5987939764908,0.184822803354393,-13.0981014243986,-13.1517171518107
2017-10-19,21.2409868931127,11.4566562143895,-3.55100918321352,-3.50498456408472,0.821025885783463,-12.8496081630043,-13.6130670829832
2017-10-20,21.6048075181356,12.050768961781,-1.74732004884334,-4.20013667121766,-0.812478003530053,-14.9944291149167,-11.9012126414088
2017-10-23,21.1128366023619,12.1686994101441,-5.58152316935768,-2.84436200016818,1.48997221582337,-13.9431350460438,-12.4024880127597
2017-10-24,21.1674745001912,12.0966830742501,-5.58821522350457,-3.70182491570738,2.24155764656984,-13.4677639932444,-12.7479110885548
2017-10-25,21.390549674069,12.2436809604414,-6.79628856993828,-3.27994111769114,3.07935051465947,-13.7503205534466,-12.8870309080939
2017-10-26,21.3871941033907,12.6123169976539,-6.46891495602079,-4.34659806835066,2.90896694724814,-13.4874744713209,-12.6054905526004
2017-10-27,21.596722385857,12.914726117743,-6.02888094590767,-4.54927109217132,3.1905988568982,-13.5098524092912,-13.614042913128
2017-10-30,21.2423407514035,13.1363853250691,-6.21736964914572,-4.49552114048599,3.338643541274,-13.3025975189424,-13.7018813091725
2017-10-31,21.5004731584767,13.2624461360241,-6.07412873557986,-5.35859034942939,3.39167926935939,-13.2573803166191,-13.4644991622318
2017-11-01,22.7227158458005,13.9298222011342,-6.50796446353839,-9.60604800193897,8.28038815678536,-13.9146836051885,-14.9042301330541
2017-11-03,19.8395176356923,10.3939491792448,-4.9434969710672,-7.75019319407374,9.07638242007233,-13.9172187806296,-12.6989402892389
2017-11-06,19.5059255964483,10.4954854289358,-4.60935618892909,-8.50170639266376,9.28463709579995,-13.6769690295835,-12.4980165100077
2017-11-07,18.2436934227237,9.94850735137588,-4.80453536471114,-7.48339062261271,9.17730401923522,-13.1298543454407,-11.9517244605702
2017-11-08,18.1574898656978,10.0773076079525,-5.29257305665586,-7.47649355106404,9.63366851874383,-12.8550013985656,-12.2443979861087
2017-11-09,18.735264495681,8.61051264260734,-4.86009978409048,-7.60814706483529,9.66365793622904,-12.5713353392787,-11.9698528863128
2017-11-10,17.9017534030237,8.83124953084796,-4.33691857442328,-7.24113053333682,10.7901681429582,-13.3360133304191,-12.6091086386506
2017-11-13,18.0909356201658,8.82367312222533,-4.39835963362552,-7.19976618703318,10.6174068961804,-13.2893134666299,-12.644576351283
2017-11-14,15.3737405068874,9.00395029731537,-3.83686575026969,-6.50357367241752,11.1497799069337,-12.6623676962968,-12.5246635921525
2017-11-16,15.328838483872,9.0023831388481,-3.89159529365802,-6.44893300247079,11.1218300084123,-12.6465846868533,-12.4659386481503
2017-11-17,15.43858964174,9.38142101926257,-4.88450683385926,-6.60219232569518,11.6724303703506,-12.5987926202694,-12.4069492515294
2017-11-21,15.6866894059052,9.7899903802516,-4.55060047400226,-7.01455832498296,11.9922457962338,-12.4380232378631,-13.4657435455422
2017-11-22,15.2107727618966,9.76276140493079,-4.49729733233664,-6.86128603358733,12.0297729460428,-12.2788965386495,-13.3658272082967
2017-11-23,15.3480313969661,9.69993034849916,-4.75121850453128,-6.73488116454347,11.9141822183541,-12.1549835388974,-13.3210607558472
2017-11-24,14.7528204962952,10.5585717075849,-4.2756002008524,-6.03771932790198,10.8844791930637,-12.5224977531736,-13.3600541150158
2017-11-27,14.1726445176033,10.6961264862541,-4.22460515257244,-6.45723863475803,11.2159265974497,-12.1882652421644,-13.2145885718123
2017-11-28,13.6953130321865,10.7785590631203,-3.86863008360464,-6.45132129995034,11.6645317123494,-12.3137243553411,-13.5047280687601
2017-11-29,12.8843819352019,11.0379443804407,-3.70907990824438,-6.17958850985425,11.4213373512506,-12.1457422128911,-13.3092530359035
2017-11-30,14.0282834485622,11.7308261566248,-6.9828913878761,-5.22875535523834,11.5763977238745,-11.8726120312931,-13.251248554654
2017-12-01,13.8384387725202,11.7098161283339,-7.09789570303803,-5.66484339187782,12.3034983999624,-11.2152537854161,-13.8737604204845
2017-12-04,13.5803675541123,11.8991591562934,-7.1614447708075,-5.30159061233595,11.5276867906427,-10.6400929772637,-13.9040851406412
2017-12-05,13.4381048177088,12.6803953434962,-6.78125506203188,-5.14282525953723,10.8599490569348,-10.6709938791468,-14.383375017424
2017-12-06,13.5665820308377,12.6249707894672,-6.92239017960151,-5.21908142423939,10.8711480254339,-10.759851976896,-14.1613772650018
2017-12-07,13.6496047872764,12.9061051782766,-6.70637781310563,-4.84972051514729,10.6918435208809,-11.0944304013993,-14.5970247567817
2017-12-08,14.5515465438249,13.0386568365076,-7.4904747742595,-4.3205636237821,10.325161500924,-11.4123325288727,-14.6919939543422
2017-12-11,15.3895705359103,13.622284042336,-8.22420568332464,-4.10077454803695,9.83348381262975,-11.3980309147049,-15.1223272448095
2017-12-12,15.3337338577003,13.7940470202399,-8.04043465893046,-4.05285087859334,9.83610725634935,-11.5243084001095,-15.3462941966562
2017-12-13,15.5633929888517,13.2511973477615,-8.06967474191241,-4.32642902953268,10.0103937811965,-11.5805625238449,-14.8483178225197
2017-12-14,16.1983310399696,13.0080421332994,-8.34112809766264,-4.41302297283496,9.87659845741145,-12.2149730989781,-14.1138474612047
2017-12-15,16.2698158245427,12.6093894326234,-8.33537246026664,-4.51717144303526,9.96732093964521,-11.9027130811399,-14.0912692123695
2017-12-18,15.9071345325582,12.2917406982808,-8.28168648310601,-4.21055110242799,10.4110392680005,-12.1959069025262,-13.9217700107793
2017-12-19,17.3008731046647,13.0602305192763,-7.98633955950194,-6.00909686064617,9.81932978822323,-12.3980384226588,-13.7869585693574
2017-12-20,18.1932055640532,13.8639494197721,-8.20810136618199,-6.15029105273857,8.95129609853586,-12.4188421245463,-14.2312165388943
2017-12-21,16.0866940676669,14.7877953002501,-7.4967728725937,-5.54760605434232,8.76545092639577,-12.4137936826257,-14.181767684751
2017-12-22,16.5829657388544,15.1340398319887,-7.2024021534824,-6.49697118498631,8.45594989671259,-12.3115206678803,-14.1620614612067
2017-12-26,17.3888055169205,15.1900909581735,-6.98248236483697,-6.76488316807836,8.98272345310018,-12.4966975376085,-15.3175568576704
2017-12-27,18.0565166116532,15.4848337570955,-6.17767607393172,-7.18027693041644,8.80075002505534,-12.9033413836661,-16.0808060057898
2017-12-28,19.4958434533793,15.4509002081985,-6.3893874797552,-7.70494811503205,10.2895319199283,-13.663322551737,-17.4786174349819
2018-01-02,16.2493481514094,16.3869918430338,-6.68341662950834,-7.13092715760741,11.5835968551688,-13.3071949507191,-17.0983981117773
2018-01-03,15.455273337945,15.6215526342131,-6.66171488821649,-7.6975365880942,12.5339655600816,-12.896925518373,-16.354614537556
2018-01-04,15.8982139937423,15.724026086728,-6.66354447186862,-7.78957114366502,12.3606084781706,-13.1106276730115,-16.4191052700958
2018-01-05,15.8875027257244,15.4427181780179,-6.61639734249873,-7.88676949683202,12.364549738942,-12.9435689703016,-16.2480348330519
2018-01-08,16.344977724864,15.3982477960946,-6.38397431175803,-8.62224568237817,13.0729884791902,-13.2451645147964,-16.5648294912163
2018-01-09,16.9715790540748,15.7543501306412,-6.39706398490505,-9.21356966495725,14.2724123137003,-13.8120619527495,-17.5756458958044
2018-01-10,17.3355279509343,15.4288611589426,-6.7498267487076,-9.181863524334,14.7144103629696,-13.8790687405642,-17.6680404592407
2018-01-11,17.4450788452934,15.4227788755504,-6.87009200039866,-9.63181989255918,15.1072017882269,-14.0130282393495,-17.4601193767635
2018-01-12,16.9590547728072,14.4430666889293,-6.76068823084269,-9.28134370339186,15.2329679820511,-13.3336079950321,-17.2594495145209
2018-01-15,19.7669935497582,15.6541306575789,-8.04034246971913,-12.5108181899942,14.1282830648195,-16.5246243928384,-12.4736222196049
2018-01-16,20.002555650436,15.7383854939382,-8.09907396983905,-12.9991359196004,14.2923735303075,-16.275450850352,-12.6596539348902
2018-01-17,20.6217837164379,16.5306661553505,-7.05917227901156,-13.1693196179275,14.5453753956563,-17.7498433353879,-13.7194900351178
2018-01-18,19.4249397451777,15.1940896396114,-6.31568037047771,-12.754559420492,15.1006014689235,-17.0996742969604,-13.5497167657825
2018-01-19,19.8265912220958,15.5838669459891,-6.92055970933674,-12.5501231257638,14.3407593134275,-17.1096107635925,-13.1709238828195
2018-01-22,20.6460753206169,16.5261669500943,-7.57972788138404,-12.2017823056582,12.9544818189894,-17.2594334684736,-13.0857804341849
2018-01-23,19.7036947470928,16.8840063514742,-7.55235020617501,-11.5159350938275,13.9471245379395,-17.1271796214674,-14.3393607150367
2018-01-24,19.4293874158895,17.3487640318366,-8.20434491843402,-10.4829525457616,11.9093804148584,-14.757014514408,-15.2432198839809
2018-01-26,18.5206844012527,17.1145992609674,-8.42392829123487,-11.7506727463885,12.9006519089952,-13.6726855295906,-14.6886490040013
2018-01-29,18.4873230869818,16.9954141250628,-8.39400300243773,-11.6985830035266,12.6840104057274,-13.4360183328855,-14.6381432789222
2018-01-30,18.1238374352404,16.5145843925976,-8.42278520324498,-12.1746044979136,13.6139884530235,-13.243441524793,-14.41157905491
2018-01-31,18.3872036229121,19.5109622433373,-9.90268109456283,-10.1980339406054,10.7982237952529,-14.7705689957834,-13.8251056305507
2018-02-01,18.2400662502466,19.5968633235976,-9.77291471855267,-10.0945308403524,10.5054432856414,-14.7700777636881,-13.7048495368924
2018-02-02,18.0623646167411,19.4481392379649,-9.63284982603375,-10.1679673732134,10.5930896624158,-14.8190350347259,-13.4837412831487
2018-02-05,19.2281036807399,20.1460925789574,-9.43749226005875,-11.0356143265486,10.4295842542903,-15.2019152376784,-14.1287586897018
2018-02-06,17.8608975917526,20.4435645832115,-8.72897722739567,-10.6135475188876,10.2515133451476,-15.3274857656735,-13.885965008155
2018-02-07,18.1779866358335,20.8932671133989,-8.79343055562995,-10.6798666919177,8.83335231349747,-15.2102019843672,-13.221106830815
2018-02-08,17.9989091979813,21.0996186360576,-9.50482830833532,-10.6708398276062,9.39435731612364,-15.2268647448269,-13.0903522693941
2018-02-09,17.7066584245658,21.1818350086285,-9.39677060004881,-10.6825799836947,9.35331349745599,-15.1654218259414,-12.9970345209653
2018-02-14,16.6475169610333,20.6593305128742,-8.9425162741781,-10.5480660306507,10.0307293322275,-15.2773711624262,-12.5696233388799
2018-02-15,17.0180888025893,20.9420658192074,-8.72307055923518,-10.5145736330528,8.64677335988929,-15.3677280026119,-12.0015557867861
2018-02-16,18.0241621594594,21.1458825496074,-8.75285242329077,-11.1871464606589,8.6268630491856,-15.6549796336759,-12.2019292406269
2018-02-19,17.9273449054205,19.9263165984736,-8.44062523753924,-11.333828045414,8.64162583252823,-14.806960047499,-11.9138740059701
2018-02-20,18.6211093680387,15.3461487506121,-7.37883694396793,-9.60629042311467,9.1142529432059,-13.9723939732717,-12.1239897215023
2018-02-21,18.3396222084163,14.5947746819488,-7.37714835873474,-9.25905902328553,9.25465743331577,-13.8042004925587,-11.7486464491019
2018-02-22,18.9118404071684,15.2830236580753,-10.0706714957338,-9.14965434226405,9.88579319932257,-13.5995098475891,-11.2608215789793
2018-02-23,19.0250560329305,15.7388357712989,-10.0462973595343,-9.4968428760718,9.54966146270506,-13.5031987230004,-11.2672143083279
2018-02-26,18.8884549615359,16.3120408332198,-9.19383940946169,-9.77252470299485,8.98143252158881,-13.6987179230404,-11.5168462808475
2018-02-27,18.7993973111077,14.5900149689282,-9.31336118666124,-9.306554680536,9.27934428795708,-13.2241836235676,-10.8246570772281
2018-02-28,18.6802480010383,14.7788580915521,-10.523008641624,-8.59229210777032,9.2710965202694,-13.367351726728,-10.2475501367374
2018-03-01,18.6422175427298,14.9743650640326,-11.8859183804688,-8.34722266326236,9.62877120528283,-13.2925655935516,-9.71964717476243
2018-03-02,18.5446063288472,13.7667053057999,-12.3471026379924,-10.0389256056372,12.2878052608897,-12.8084818192215,-9.40460683268557
2018-03-05,18.6472871700205,13.8695635986325,-12.1087410875485,-9.64095709542028,11.4909620233136,-13.0627253210452,-9.19538928795253
2018-03-06,18.8409668482696,14.0910454703718,-12.1766960205023,-9.59262314748284,11.3117406902534,-13.0812558889503,-9.39317795195939
2018-03-07,18.9073692623801,13.711450546211,-11.9782349678391,-10.0809645624225,11.7299657752442,-13.0059600986417,-9.28362595493197
2018-03-08,18.9531943052976,13.3650855019815,-11.4225707855321,-10.1658587096132,11.4821940437952,-12.6522643704918,-9.55977998543717
2018-03-09,20.0331779131362,15.6881160303177,-12.4499816468046,-9.58827046131675,10.6962468788938,-13.3858317406691,-10.9934569735572
2018-03-12,20.4660401174943,16.6429969777138,-13.0166046619619,-9.47161835291796,10.6575036482254,-13.8742432347744,-11.4040744937792
2018-03-13,20.4601489925006,16.5117080981604,-13.2431403945104,-9.45851109749393,10.5779210930309,-13.4941688873586,-11.3539578043289
2018-03-14,21.2359889840301,16.2814937714941,-13.2052241736825,-10.6019167191329,11.1471843614628,-13.4279941239469,-11.4295321002247
2018-03-15,20.8171755037599,16.3081592249411,-12.9516900395754,-10.4935319410612,10.4765435613077,-13.4961738358427,-10.6604824735293
2018-03-16,20.8262905874884,16.2347274205963,-12.9346766739809,-11.0172579538489,10.5525621167084,-13.1933024930936,-10.4683430038696
2018-03-19,20.9032575506653,16.1893642703275,-13.5365819363742,-10.9586727676835,10.7251268502539,-13.1711794095748,-10.1513145576143
2018-03-20,20.3209196978205,16.5385907555092,-13.8195298425375,-10.5272004625822,10.5143012669506,-13.0937253614974,-9.93335605366308
2018-03-21,19.2763427242367,17.3996425953533,-13.0061524977858,-10.0613264357938,8.65996457654915,-12.7766792797118,-9.49179168284789
2018-03-22,18.0236534817621,16.2466301122177,-11.9798036113131,-10.2083410321715,9.02688939631582,-12.3933187557208,-8.71570959109017
2018-03-23,17.3338140972978,16.0823260161703,-11.5122485257847,-9.74022181231579,9.47915294321335,-12.1641324916872,-9.47869022689375
2018-03-26,16.0669390494952,15.2027692748372,-11.4407052027641,-9.48284740218029,10.2566584345765,-12.4689749869035,-8.13383916706102
2018-03-27,16.2822935452047,14.8790062738913,-11.4098953296946,-9.39061325779201,10.2145824675925,-12.3917416425875,-8.18363205661445
2018-03-28,16.2529469491903,14.8383813663555,-11.788776736411,-9.25291482357553,10.4806052020063,-12.5916439414969,-7.93859801606866
2018-03-29,16.3811262904665,13.8514557862938,-11.4086632336441,-9.05005538391152,10.4832615937524,-12.3247011893649,-7.9324238635921
2018-04-02,16.2429445920269,13.9592554003133,-11.327089665761,-8.85767886820236,10.4669602505685,-12.4186126478962,-8.06577906104919
2018-04-03,16.391517018934,13.2559914687888,-11.5862639426438,-8.95982845203984,11.8258915944694,-12.6713018530003,-8.25600583450829
2018-04-04,17.1196207023851,13.7821587442224,-10.9910674623932,-8.99955275010501,9.48426869648026,-12.5672157192179,-7.82821221137167
2018-04-05,18.4883636698308,15.1444125807099,-8.44555206381767,-10.0512699706001,4.61443607700668,-12.2628374704346,-7.48755282269504
2018-04-06,18.3400973817238,15.0569697674823,-8.81632002317517,-10.0371641107545,5.65547615967564,-12.4471300229635,-7.75192915198856
2018-04-09,19.5680195496574,11.7266172236347,-9.13765085238698,-8.98075673782486,6.04208797715129,-11.9338949304661,-7.28442222976543
2018-04-10,19.3438609275876,11.4985581514125,-8.44440427208371,-9.25998078905698,5.79162214395487,-11.6940382968973,-7.23561786491698
2018-04-11,21.3220408286849,14.2263082243648,-10.4556018940766,-10.394268029218,6.18268655587732,-12.3447024748981,-8.53646321073443
2018-04-12,21.4003788331835,14.1434995769979,-10.6226295120035,-10.3473677916669,6.38680962057684,-12.4426752429297,-8.51801548415816
2018-04-13,21.1059456704939,14.0844814472312,-10.9360823593958,-10.231134193243,5.78131168042918,-12.0302261315763,-7.77429611393913
2018-04-16,20.9184154861545,13.7482203376534,-10.4684294706671,-9.81786920619475,4.90458093953488,-11.6294391680195,-7.65547891846149
2018-04-17,20.9408063383521,13.9183820578972,-10.6782215688022,-9.92014199587846,5.21438864783531,-11.5921154485055,-7.88309803089851
2018-04-18,21.1441798189566,13.9434370392019,-10.3602527449093,-10.0220921934074,5.0575811719795,-11.5397029298643,-8.22315016195694
2018-04-19,21.1617932787056,14.0080444280618,-10.3639818650232,-10.1048020222694,4.98537608584674,-11.5465322150992,-8.13989769022243
2018-04-20,21.07103218142,13.9540937367185,-10.3790824374314,-10.0347110548684,5.01043016850535,-11.5551785289864,-8.06658406535756
2018-04-23,20.5460904863372,12.3875001686988,-9.96134293556797,-9.78044978039579,5.56905013529319,-11.1808506001699,-7.57999747419544
2018-04-24,20.2609851237817,11.822825790903,-9.90802191526024,-9.32637275219758,5.43353779288954,-11.0269237290344,-7.25603031108201
2018-04-25,20.2927833432925,11.7568577820861,-10.0292136935578,-9.42287158258042,5.42095368238268,-10.7022683495596,-7.31624118206342
2018-04-26,20.6354721109741,10.320237412279,-9.74974916671719,-9.39448930452738,6.13548325634796,-10.8143418072561,-7.13261250110036
2018-04-27,20.1922752365969,10.3545245995693,-9.81244969864861,-9.42993733599182,6.22996420851126,-10.6201779106783,-6.91419909935883
2018-04-30,20.05552492578,10.158995286387,-9.86412728221328,-9.36856509255112,6.27614528644003,-10.3934786568477,-6.86449446699491
2018-05-02,19.4768984787428,10.3534951508126,-9.75445300445947,-9.29186309964569,6.17130621581569,-10.2456952200821,-6.70968852118385
2018-05-03,19.3804322777122,9.73926487630047,-10.3108402543649,-9.73104920699136,6.22972510596027,-9.70129718903365,-5.60623560958305
2018-05-04,19.9716864024899,9.12914457208505,-10.0960115536411,-9.61747694654133,5.15831753457826,-10.093214608707,-4.45244540026376
2018-05-07,20.2387843588081,9.46331922842118,-10.2781884258334,-9.47606319728058,5.20305260170673,-10.112257385699,-5.03864718012308
2018-05-08,19.9129699332089,9.37035125871567,-9.75801995582731,-9.65319720678048,4.57963248906815,-9.62876820737864,-4.82296831100625
2018-05-09,19.9502906471479,9.34084359978608,-9.87132540490289,-9.62958380679314,4.49157978278799,-9.59037960546355,-4.69142521256243
2018-05-10,19.2035048028332,8.9540346104084,-10.5325863344489,-7.86024300928048,5.4056548385583,-10.0807075869856,-5.08965732108495
2018-05-11,19.4621190645199,8.37558082133462,-10.1305430665998,-7.80020670442593,5.07634281947904,-9.93364358771322,-5.04964934659457
2018-05-14,19.2668087974998,9.81651085982391,-7.11436492058409,-12.1752759711409,5.29305713536189,-9.07239415549308,-6.01434174546749
2018-05-15,19.4435987513453,10.3202747028553,-7.46322641329256,-12.2429384749632,4.76135262653068,-8.62606396196151,-6.19299723051402
2018-05-16,20.4586196140298,9.65900371942231,-6.31254110411972,-11.7500944955011,6.76688075731693,-10.3869188304067,-8.43494966074159
2018-05-17,20.6496479705856,9.54750647551977,-5.31645852955089,-13.0117194051411,7.92160023078451,-10.8598253587916,-8.9307513834063
2018-05-18,21.7037481513633,12.5460353311366,-4.67659104060865,-12.3143325912269,2.95238990978953,-11.1633380772754,-9.04791168317853
2018-05-21,21.510372830049,12.6622408548874,-4.83047461158348,-12.4247199158997,2.97038948865349,-10.9985380384111,-8.88927060769558
2018-05-22,21.5037572429193,12.7477225969415,-4.84961382944611,-12.3091521605389,2.62994191367008,-10.8236263567936,-8.89902940675223
2018-05-23,21.0738849510284,12.3964255459493,-4.60947416730779,-12.8817557464022,4.44413300369573,-11.3150326638216,-9.10818092314187
2018-05-24,21.2234812219244,11.2895007556058,-3.40397686707815,-12.9702075933774,3.10262967245142,-10.9997597309962,-8.24166745852996
2018-05-25,21.1512614586237,11.2046705088543,-3.4255386268642,-12.7649592852506,3.28632106565158,-11.1601603863104,-8.2915947347043
2018-05-28,21.1424306566422,11.6315240502566,-3.4066260359379,-13.7712482452175,3.03314782766611,-10.6203961594364,-8.00883209397308
2018-05-29,20.6993866383228,11.8570050230389,-2.61978542084888,-13.5076385431718,3.14297577887703,-10.8806839293323,-8.69125954688584
2018-05-30,18.9339166702679,8.34361573044414,1.55330401450708,-12.8954873797291,0.697546876424379,-12.5142513124441,-4.11864459947025
2018-06-01,20.198273049223,9.23118727343505,3.97070868110345,-12.7760087298518,-0.783511718809805,-12.7255698632395,-7.11507869186033
2018-06-04,20.8933724847732,7.30138175276874,1.48624781960442,-13.0371766575647,0.0119966623282153,-11.9315106999144,-4.72431136199543
2018-06-05,21.6815383260172,8.15971882663937,1.04899044023407,-12.2154165878055,-1.26830097244192,-12.1697877791888,-5.23674225345448
2018-06-06,21.881076010654,8.71046520900472,0.753249430250371,-11.730617643529,-2.17603134786566,-12.1374054351889,-5.30073622332547
2018-06-07,23.3867407452321,10.2790530859569,2.12088495320413,-7.79351497960482,-8.05843303237327,-12.6162823723071,-7.31844840010794
2018-06-08,23.5128142805743,10.427667855305,1.63302558172861,-7.84814713479309,-7.7815771539281,-12.8572119791568,-7.08657144972999
2018-06-11,24.1213220856918,10.8327955490731,2.12798284277392,-7.29501329172233,-9.57981419051473,-13.2609525668692,-6.94632042843252
2018-06-12,24.9938930295365,11.4076402271011,1.22954008495403,-9.03339294373342,-9.23647300403986,-12.8591216945247,-6.50208569929357
2018-06-13,24.8592023647546,10.9780669617488,1.15260426433178,-9.24469015845742,-8.58190004633952,-12.8345831646305,-6.32870022140776
2018-06-14,24.7670251069458,11.2235980957306,1.24664850852212,-11.0653377395105,-7.84835346456197,-12.2295507861516,-6.09402972097453
2018-06-15,24.8074144309326,11.1022079565113,1.49899162533679,-10.7187793690429,-8.15556064962487,-12.454796661671,-6.07947733244189
2018-06-18,24.9894638117071,11.2067145644405,0.93100206640807,-11.2248197326388,-7.58097225144799,-12.4090646431364,-5.91232381533246
2018-06-19,26.0962727359871,11.2223327964564,2.94446559808037,-9.91050039343643,-10.5082484976265,-13.5222258408088,-6.32209639865209
2018-06-20,26.5991822586509,11.3843366501513,3.24906014550277,-9.70686753842891,-11.3882793239651,-13.7393149389716,-6.39811725293928
2018-06-21,26.477095116628,9.72631762611243,3.3644677627057,-9.70765452138073,-9.4935814196814,-13.8547018587934,-6.51194270559058
2018-06-22,26.386635511775,10.0081706747515,3.22664258586394,-9.64685597011054,-9.79940853258481,-13.7935474118216,-6.38163685787356
2018-06-25,26.3251816957723,10.4140113636806,3.14024850398361,-9.70195065777356,-10.0323399664599,-13.5629962218454,-6.58215471735762
2018-06-26,26.1647110093541,10.397101988046,3.21335497136447,-9.79591869732564,-9.83076928276512,-13.7320768236257,-6.41640316504818
2018-06-27,26.154205979045,10.3522979375839,2.23305162138008,-9.7504786452656,-9.1438346980956,-13.6194394680718,-6.22580272657597
2018-06-28,24.869605383847,10.7834090108827,3.29983850385751,-10.0385088067655,-9.58934892068208,-13.9888142283728,-5.33618094276696
2018-06-29,25.2438254775905,10.4053531799876,3.5078924595466,-11.5787951524373,-9.03825813304039,-13.3159801165221,-5.22403771512491
2018-07-02,23.6729163837175,10.6215403153186,3.69454909401437,-11.4126589910353,-8.84255169810253,-12.9003059602165,-4.83348914369613
2018-07-03,23.3165755456708,10.528235777632,3.55338557375421,-11.6110056438211,-8.45371993686071,-12.7089381954455,-4.62453312092967
2018-07-04,23.936302166862,10.7703105409177,2.85936356609597,-12.1013076124073,-7.86407953933093,-13.3055836682679,-4.29500545386962
2018-07-05,24.2489374096871,11.3720211074526,2.48672866017935,-12.2221820116184,-8.61844005566903,-13.2394491083979,-4.02761600163365
2018-07-06,24.1556602031231,11.4062436273348,2.06383053502934,-12.1172198175226,-8.11018630627958,-13.4605234454552,-3.9378047962299
2018-07-10,23.7232287388412,11.2087734176732,2.08703319248875,-11.9853127370195,-7.6580801770575,-13.1898031724212,-4.18583926250506
2018-07-11,23.7769438379403,11.2682305540117,1.93313383646671,-11.8992787476129,-7.80675642587388,-13.1428964828112,-4.12937657212066
2018-07-12,23.6017318441122,11.5381164267809,2.16599559699264,-12.3246520209282,-7.85350302841677,-12.9284602595575,-4.19922855898318
2018-07-13,25.9334027328299,10.4618712704422,2.09074078766819,-13.5286895488786,-6.62903031559436,-13.9544751042691,-4.3738198221982
2018-07-16,25.8486870181557,10.1712815266381,2.14954166066496,-13.1827803308003,-6.63658258973429,-13.701906030287,-4.64824125463711
2018-07-17,24.9265240612245,9.90337870057648,2.9288092075397,-11.1785160928488,-7.54837160130941,-13.0085824966297,-6.02324177855279
2018-07-18,24.6100757793198,9.58369692187834,3.01575269022357,-11.1266407367365,-7.25336473103833,-13.0335911817256,-5.79592874192133
2018-07-19,24.33544340694,10.284618645428,3.97330294171689,-10.6990241872161,-8.14492012630946,-13.5713689419009,-6.17805173865845
2018-07-20,23.7344432551188,11.8374415474285,5.25678300295525,-9.12340007851951,-10.3147889425512,-14.0606531187098,-7.3298256657221
2018-07-23,24.9794292081253,12.9515907625605,6.27757413926761,-10.2118109179124,-11.4557885200776,-15.7611348377997,-6.77985983416373
2018-07-24,25.2481227029596,12.9962869936758,6.36250600549846,-10.3566539886424,-11.0995697800141,-16.182503802789,-6.96818813068823
2018-07-25,25.3290916528512,13.156024459157,5.6437947662245,-11.044655842996,-10.7325546987768,-15.7040593562035,-6.64764098025631
2018-07-26,25.5254088434487,12.8959726201855,5.20204350904147,-10.4999961340041,-10.9935103858686,-15.4810828358297,-6.64883561697336
2018-07-27,25.5088432158849,12.8067271330469,4.75223629156401,-10.3821283509064,-10.8380239297288,-15.4657512820302,-6.38190307783046
2018-07-30,24.3177046315641,11.7197933481026,4.53581545672998,-9.6023664787671,-7.4179190050945,-16.5855118049901,-6.96751614754503
2018-07-31,26.3687507109192,10.543641553459,5.13453429769356,-8.85894651837895,-8.53815918320556,-17.5548902501456,-7.09493061034162
2018-08-01,22.9755791550082,11.3059868047802,5.80846183361121,-8.24423866943069,-8.12766944854509,-17.1779611326703,-6.54015854275357
2018-08-02,22.8026259537582,11.402869995266,5.86339925771039,-8.46998614870141,-7.93613781479559,-17.1102698311619,-6.55250141207574
2018-08-03,23.9487408028486,11.0938941285516,4.66521629275618,-7.47521162510223,-7.58158162960193,-17.5275066808264,-7.12355128862585
2018-08-06,24.0253786443803,11.0411542239804,4.51975498013331,-7.39500508501815,-7.33381843218092,-17.6502551716199,-7.20720915967494
2018-08-07,24.2834901726542,11.4929468328709,5.44739160491677,-7.70013410997716,-8.21205565704733,-17.0920192210679,-8.21961962234953
2018-08-08,24.5092224198879,11.7610181440958,5.10415195841891,-7.16838743745092,-8.5479732697029,-17.107893930654,-8.55013788459485
2018-08-09,24.340417677707,11.9140816729494,5.19445521848692,-7.11357290474619,-8.67951433514352,-17.0998583836681,-8.55600894558556
2018-08-10,23.9826826669186,12.1452642805907,5.09831655459126,-7.34018115808657,-8.44002124994302,-17.1253463484508,-8.3207147456202
2018-08-13,23.551732118517,12.0562590641216,5.02417345737102,-7.1388804021227,-8.51562437668833,-16.7433505457456,-8.23430931545302
2018-08-14,23.7921385430946,12.2016607041359,5.16132956683339,-7.2359760178825,-8.60479948836073,-16.7005260900824,-8.61382721773827
2018-08-15,23.8881512823007,12.1856836256565,5.23114924701667,-7.21985639958382,-8.59182951038873,-16.7030286461383,-8.79026959886299
2018-08-16,24.1840142397912,12.9471675086352,5.05450782221874,-7.29758953336992,-9.30243315940057,-16.9869518346209,-8.59871504325371
2018-08-17,24.0235947834204,12.8801842874437,5.03044118708483,-7.22972195629551,-9.15869726120445,-16.925723233931,-8.62007780651794
2018-08-20,24.4032360291305,13.0601956962463,4.4591149244326,-7.04018975888002,-8.8200355025776,-17.0155310129371,-9.04679037541466
2018-08-21,23.8522001530282,13.6799803088993,4.50387016311021,-6.79791259890476,-9.50213066134482,-16.958779189328,-8.77722817546017
2018-08-22,23.7114456944809,13.6157916807763,4.48924201795057,-6.78337706164663,-9.46002661855528,-16.878470713187,-8.69460499981878
2018-08-23,23.7843118600845,13.4734899844458,3.86453274062249,-6.68281601806037,-9.26657426997288,-16.7377334246175,-8.43521087250204
2018-08-24,23.5803549260214,13.6295428987184,4.23156424840496,-6.70349523484136,-9.34966719892586,-16.8007621592234,-8.58753748015409
2018-08-27,20.094482495981,11.4093644504437,5.2888976196969,-4.41538187892154,-6.29413619098471,-16.799864101697,-9.28336239451833
2018-08-28,19.9247234069999,11.3008421652794,5.28131650378852,-4.56149783251394,-6.28294169246298,-16.4291608827634,-9.23328166832757
2018-08-29,19.0370957146419,11.2026844980273,4.87689903075047,-4.45835649297323,-5.26405224824427,-16.247207627653,-9.14706287454916
2018-08-30,19.1944450228157,11.5253956612244,5.15289512735468,-5.85352355036611,-4.89460475145691,-15.8327007007757,-9.29190680879611
2018-08-31,18.5550502516222,11.2419685602752,5.760841621773,-5.55983289170415,-4.65220698759444,-15.6032144437503,-9.74260611062148
2018-09-03,18.5242360234235,11.4168236239535,5.146823043297,-5.53655414289156,-4.42808502984869,-15.4129656977373,-9.71027782019646
2018-09-04,18.5720119583652,11.3124775594748,5.21154496178857,-5.50495005678223,-4.43018098340604,-15.4882380686009,-9.67266537083933
2018-09-05,18.6499795878884,11.4700172507123,4.23849200135609,-5.36762648225556,-4.15561751520819,-15.3199787713662,-9.5152660711269
2018-09-06,19.2107417113508,11.7037272522071,5.29540659606769,-5.33722610978762,-4.96440250960731,-15.6833338062248,-10.2249131340059
2018-09-10,19.2488214479534,11.7445123199421,5.40269342482766,-5.72186451686545,-4.80172136342523,-15.7127764338412,-10.1596648785913
2018-09-11,18.7120102320151,11.1589689662802,5.32437185367392,-6.13189306638191,-3.69552446033176,-15.6007918063507,-9.76714171890486
2018-09-12,18.5755235138643,11.1308421715241,4.32223936253194,-6.80949341262221,-3.61158327949697,-14.3627242405611,-9.24480411524003
2018-09-13,18.4136349117455,11.2344573173995,4.41069067385202,-6.70468821895231,-3.5772138182136,-14.6061830584697,-9.17069780736139
2018-09-14,18.2900298209631,11.3567587407907,4.14642527172614,-6.76074276088945,-3.51440691599237,-14.5100237933086,-9.00804036328953
2018-09-17,18.2630198333248,11.0713597800472,4.39209372932981,-6.89204289404397,-3.40232968674562,-14.4000570404158,-9.03204372149643
2018-09-18,17.9002948587261,10.7390551728025,4.1282937866054,-6.18693451061072,-3.53003504212585,-14.3406782514458,-8.70999601395153
2018-09-19,17.5908219319204,10.2538965690327,4.86677586870643,-5.85472120520767,-3.84658260393246,-13.5702739388163,-9.43991662170311
2018-09-20,17.6355836111322,10.2457828445369,4.44731750874701,-5.92894155023257,-3.51729048945004,-13.7153589248448,-9.16709299988877
2018-09-21,17.8145670564454,9.93914074384343,4.68182543775958,-5.89415025305149,-3.57040790887009,-13.6008089875032,-9.3701660886236
2018-09-24,17.4844153010437,10.7988110857154,1.77298273564595,-6.07370181421415,-2.14768486263598,-13.8672458416802,-7.96757660387466
2018-09-25,17.6743986205605,10.5198683690376,2.80532566988686,-5.58709820621354,-2.8235337452949,-13.5018012424225,-9.08715946555404
2018-09-26,17.9807292145978,10.338594433671,2.94843936401691,-5.59033492720005,-3.12354656612176,-13.4391860366154,-9.11469548234847
2018-09-27,15.6053963810759,15.2323592342185,3.76478001859081,-10.1490536898314,6.30522633421875,-18.0192954057381,-12.7394128725344
2018-09-28,17.0842763496366,15.8469091737213,4.58878699936457,-9.46908289197718,3.46897814557012,-17.6770837248044,-13.8427840515111
2018-10-01,18.6103528718104,16.2147916119778,5.25337366595171,-11.3755320325391,1.21972164384559,-16.5747936610557,-13.3479140999907
2018-10-02,19.4351641947514,17.2373897953836,6.76437456701008,-10.9183445280778,-0.0590525050857131,-16.7678777076931,-15.6916538162886
2018-10-03,22.3237673997466,21.1692519184561,11.809561014089,-12.0677408508128,-6.1421539706161,-20.1678958442663,-16.9247896665965
2018-10-04,22.8941875164064,21.5607834474319,10.3818942378527,-10.386777154018,-4.9601957385302,-20.5464202956347,-18.9434720135082
2018-10-05,22.7955340342505,21.6203411041674,7.2089272614695,-9.57846556956686,-4.30897288657994,-18.3916220144797,-19.3457419292608
2018-10-08,24.362731290725,22.9399406998364,11.0222353171978,-6.45182772735282,-9.78894208250413,-21.4819679851086,-20.6021695127937
2018-10-09,24.9918877902005,22.8624957581759,9.99758972791658,-5.01538270182279,-9.31984036164877,-22.6663056453758,-20.8504445674457
2018-10-10,25.3559203200358,22.797437872348,9.89690368460226,-6.01476957284273,-9.17332457478986,-22.9512855921274,-19.9108821372261
2018-10-11,25.0369031271102,22.5490131606551,9.8544227919626,-5.9509413952206,-8.77646883698043,-22.8156360707996,-19.8972927767273
2018-10-15,25.323239852009,21.8846949366955,9.96855579108049,-5.69407397061853,-8.80243355650016,-22.8374051043703,-19.842577948296
2018-10-16,25.8958073731961,21.6714225102474,10.3175934924918,-7.11325955150921,-8.75399741454416,-22.3979443899959,-19.6196220198862
2018-10-17,25.9323036454384,21.4513792346383,10.4206756245485,-6.98026855487789,-8.73267273703979,-22.437673326275,-19.6537438864324
2018-10-18,26.6789713633189,22.7453730133862,8.72151193718327,-7.69597967359051,-8.74516752760874,-21.6637706949995,-20.0409384176896
2018-10-19,25.9488324493765,22.6602683309997,9.0481215272192,-7.77238632452728,-9.08727355992779,-21.4672495477996,-19.3303128753407
2018-10-22,25.389249981323,22.8442999892085,9.21180840927518,-8.04195437101705,-8.78601499171866,-21.4895152332766,-19.1278737837944
2018-10-23,25.7637687974664,23.0707176747705,9.32831891931907,-7.42476090491768,-9.6469639022652,-22.6686048343421,-18.422475750031
2018-10-24,25.8566759025615,23.1868097737961,9.44630437679091,-7.8059006836607,-9.52506760332463,-22.7445614337965,-18.4142603323668
2018-10-25,25.9881802265787,22.8481714058492,9.62639772348464,-7.98820324324745,-9.29465891973341,-22.8291553500303,-18.3507318429013
2018-10-26,26.5998616544509,23.6125342533459,9.8148490568982,-9.37521517547211,-9.17453769877111,-22.6439768942034,-18.8335151962484
2018-10-29,27.175840426349,25.9898095895874,10.5626242739552,-8.00566823299008,-11.1479530151241,-23.2813425786441,-21.2933104631332
2018-10-30,26.4423847023275,25.7662692627149,10.4947204240496,-8.27980620029114,-10.2790023850019,-23.0608774887134,-21.0836883150855
2018-10-31,26.6611315297353,25.9825256780687,10.5094326700183,-8.33942285622954,-10.290052977314,-23.2696773468299,-21.2539366974489
2018-11-01,26.7215716727863,24.5256642013207,10.940878509674,-8.55307792875998,-9.40832054275844,-23.9123126386851,-20.3144032735774
2018-11-05,26.6797026988367,23.4607691116613,11.5580113681423,-8.35430254096294,-9.1834483051475,-24.842132861471,-19.3185994710589
2018-11-06,26.0109149396036,23.8586677744606,11.7576672299827,-8.20831392596784,-9.30872586050665,-24.7852711410309,-19.3249390165414
2018-11-07,25.980706788343,23.9177021903014,12.1750317764308,-8.19237170800536,-9.23730802607167,-24.854410902325,-19.7893501186732
2018-11-08,25.9939524527568,23.7908167052133,12.1217823227134,-8.14925516887416,-9.00619280264314,-24.9686370067334,-19.7824665024328
2018-11-09,26.0821739538574,22.5049338382018,12.7201709461426,-7.86151012920897,-8.93531984381036,-24.8635241626619,-19.6469246025206
2018-11-12,26.6686717885519,22.8420190524138,11.8086938716397,-8.1030962873321,-8.78884230989384,-24.4769148717659,-19.9505312436137
2018-11-13,26.7210886345744,23.0220297037327,11.8920665553866,-8.9491199086175,-8.72095762467861,-24.328971252664,-19.6361361077336
2018-11-14,26.0790544589919,23.1128034037389,12.0621328500185,-9.0373810763388,-8.59689451205697,-24.1795687793911,-19.4401463449625
2018-11-16,26.4721401302322,21.8012041531534,12.1363228988119,-8.32738834503052,-7.95027460591791,-24.1005662727467,-20.0314379585025
2018-11-19,26.4610285412701,21.5179099747199,11.9650706988504,-8.26576775752218,-7.36436979900195,-24.1750808195678,-20.1387908387484
2018-11-21,26.1776315488011,21.8377439711189,12.1034968940546,-8.10391891397445,-7.33685403677785,-24.0504522885996,-20.6276471746227
2018-11-22,27.098271905732,19.3059221110459,11.9893224659435,-7.43067099265937,-6.98791645000203,-23.7197358179256,-20.2551932221343
2018-11-23,27.7976454498172,20.2611032855294,10.0042462853492,-6.91100483481461,-6.92675192311511,-23.83242090137,-20.392817361396
2018-11-26,27.2676687597027,19.4371590432662,11.3072733732988,-6.83135849859985,-8.2251254363415,-22.389356248843,-20.5662609924835
2018-11-27,27.1595433966464,19.4515188107649,11.3998558512078,-6.94598459735685,-8.03191612449011,-22.6493893646102,-20.383627972162
2018-11-28,27.2751415343071,18.9218249434569,11.4933583143435,-7.02814129674655,-7.91012410373454,-22.5422017361414,-20.209857655485
2018-11-29,26.7107746968594,19.2360588520184,11.2576656453056,-7.57066607302149,-7.57141543393843,-22.6383999041927,-19.4240177830308
2018-11-30,25.1053159295275,19.0701631401833,11.5699028276115,-7.21646882817733,-6.84546571974276,-22.546853290512,-19.1365940588902
2018-12-03,26.2719584667419,19.0039208736923,11.5718145247181,-6.67020279371036,-7.66578012203974,-22.3569332588097,-20.1547776905925
2018-12-04,26.751137067136,19.0930599257185,11.2018405985828,-6.5437350448467,-8.10374987652207,-22.2583006329941,-20.1402520370745
2018-12-05,26.5521495050568,19.2554418025885,11.0552111037143,-7.14647990641827,-8.08277913514593,-21.7039449837338,-19.9295983860616
2018-12-06,26.4291428711012,19.5007675448268,10.9039304733312,-7.53415719823134,-8.40829634306332,-21.2441847106356,-19.647202637329
2018-12-07,26.2808490056755,19.7896606640925,11.0670272247937,-8.2080782495463,-8.17632309052339,-21.1477812225557,-19.6053543319364
2018-12-10,26.3266690451726,19.5264522906843,11.283966191514,-7.93620996859377,-8.11201530033532,-21.0368886410882,-20.0519736173537
2018-12-11,26.9102898999973,19.5176593943537,11.1920553009301,-7.96628570583916,-8.75927963600206,-21.1168309307109,-19.777608322729
2018-12-12,26.8498138833171,19.5693537470301,11.3314082894153,-8.24020347925145,-8.66084921540955,-20.7046390506735,-20.1448841744281
2018-12-13,27.1317462088982,19.7160424550743,9.49407280277656,-6.96918992617881,-8.68538092880888,-20.9329425694775,-19.7543480422838
2018-12-14,26.9817695700694,19.6665472627296,9.466411266747,-6.98589505687377,-8.63979293916162,-20.4372560506771,-20.0517840528335
2018-12-17,27.110360525111,20.3499553830337,8.97449476304953,-6.13380921248201,-8.60172864641724,-21.3493311140669,-20.349941698228
2018-12-18,26.3071738349308,20.6131487576702,9.06377572783484,-5.86262506742665,-8.35397508058562,-21.3404615174375,-20.4270366549861
2018-12-19,26.3429458665635,20.5833751000384,9.06517126403337,-5.83310920661742,-8.17244024826514,-20.8709766536221,-21.1149661221305
2018-12-20,26.4735837509058,20.8199924138969,9.17325331125183,-6.53408687700151,-8.04424731893197,-20.686600172921,-21.2018951072001
2018-12-21,26.2438936671881,20.9057104320716,9.17977852986244,-6.5453106628193,-8.15929838161757,-20.8562545615822,-20.7685190231031
2018-12-26,26.5195055412293,21.1548207597871,9.33593929155868,-7.59767387293159,-8.4674392055245,-20.0313969250345,-20.9137555890845
2018-12-27,26.6831179398925,20.3601919780751,9.78692956365796,-6.82338667520299,-8.21048556520907,-21.3792607950886,-20.4171064461249
2018-12-28,26.8077079605172,20.2412490069014,9.59038524887618,-6.69226226721734,-8.33669638299379,-21.290116774196,-20.3202667918877
2019-01-02,25.4765777237935,19.9678986683275,9.85046132229222,-6.24479040261247,-8.65475819312744,-20.326411631274,-20.0689774873992
2019-01-03,25.6284245938258,20.2168960252709,10.0751987147387,-6.43549024305057,-8.62236406675714,-20.95379450603,-19.9088705179976
2019-01-04,25.6499167229359,20.2595610867199,10.0095030617873,-6.46280539233757,-8.5850395594363,-20.7335302625496,-20.1376056571196
2019-01-07,25.619620619108,20.5295895932072,9.90145759455939,-5.96879288223605,-8.78518542823103,-21.7678673997725,-19.528822096635
2019-01-08,25.5142233486265,21.0597671439892,10.8673596962916,-5.95053498984878,-9.1887925051959,-22.1756981885678,-20.1263245052949
2019-01-09,24.8668555609627,21.3919835293011,10.6573298132473,-7.07974017484596,-9.71548516082927,-21.1516165207022,-18.9693270471336
2019-01-10,24.6639145657486,20.9929815569412,9.99562011307184,-6.92751452237055,-9.23072840111745,-21.1545439056803,-18.3397294065933
2019-01-11,24.8026950112465,20.9098951086863,10.0583404317274,-7.19260440726364,-9.24505963461792,-21.1120026593923,-18.2212638503863
2019-01-14,24.5267251077735,21.6816042394822,10.7878470876953,-7.90310012433043,-8.91541158624315,-21.5749217942252,-18.6027429301523
2019-01-15,24.1432629583559,21.9117443042599,11.1436647995101,-7.39701240961524,-9.12381446156697,-22.3132555869788,-18.3645896039649
2019-01-16,24.2355334676872,21.34036584452,9.68503071412084,-6.86890040934378,-9.01513573174618,-21.8542407579454,-17.5226531272927
2019-01-17,24.318182430457,21.4275749614084,9.5334457936756,-6.77092061287303,-8.87164165447203,-21.7852879400949,-17.8513529781011
2019-01-18,23.3566776115084,21.8511296825185,9.76119450257743,-6.35943162027693,-8.6152009751305,-22.0723354672273,-17.9220337339696
2019-01-21,24.3095327527055,21.9730445376885,9.10567545831618,-6.28223452017193,-8.55377761666407,-22.6974402560088,-17.8548003558654
2019-01-22,24.1956777802812,21.9846936026384,9.26733600273668,-6.22258583990328,-8.63851145751807,-22.4558706644076,-18.1307394238272
2019-01-23,24.235725214713,20.7041201151633,10.0508409191138,-7.21340575291817,-8.15157980478768,-21.8722977160074,-17.7534029752768
2019-01-24,23.7892649746914,21.0289045211862,9.76373882216337,-7.02706247475921,-7.91152634806897,-22.1992930458375,-17.4440264493752
2019-01-28,24.1877572037102,19.5019058204401,11.0748674950473,-6.62329435385315,-7.1219114464698,-21.3742992601892,-19.6450254586855
2019-01-29,23.9854266209922,19.6199147670935,10.9205492965013,-6.65752064377935,-7.08248057024452,-21.3021094742982,-19.4837799962649
2019-01-30,24.2912378385344,19.9789174073137,9.55500539110639,-5.56728584313187,-6.98032846517854,-21.0197432891908,-20.2578030394534
2019-01-31,24.6811329029967,17.0951933068973,10.1480420877748,-5.8014072250873,-6.67515083509803,-20.3065520635159,-19.1412581739675
2019-02-01,23.8942705933327,15.3545912803186,10.5826372633388,-5.06844722409485,-7.12032157982116,-21.803101991931,-15.8396283411431
2019-02-04,23.7802008563072,16.0037540847504,10.9383394420573,-5.42920241464802,-7.30450382658252,-21.8971617778173,-16.0914263640671
2019-02-05,22.2413013279741,17.1997936980383,9.09546469435807,-4.44023452656942,-7.05113840696123,-21.2425930203054,-15.8025937665344
2019-02-06,21.7422715944655,15.7306840465112,9.72025077801205,-4.86486439156013,-6.45749857633793,-19.7125825155951,-16.1582609354956
2019-02-07,22.6075374214466,16.0974132168603,10.5219104229054,-4.22668406522039,-7.31998509184795,-20.9219504909781,-16.7582414131659
2019-02-08,22.2539385319884,16.5226248734247,11.230551062832,-4.74573747421234,-7.44598098919562,-21.2222605808874,-16.5931354239498
2019-02-11,22.7613060068101,16.2953770433319,11.3934218438116,-3.67404432268049,-7.14150389447994,-22.0136775962319,-17.6208790805613
2019-02-12,22.44795006519,16.668326034927,10.9457744296608,-4.53276880156473,-7.29880313889256,-20.7297395070297,-17.5007390822908
2019-02-13,22.6053795302669,17.0148041175618,10.2652687644587,-5.15026128971561,-7.1069886801392,-20.7426773054926,-16.88552513694
2019-02-14,22.8672476576963,17.5482305717948,11.2339135615954,-5.22382293836187,-7.79579702639887,-21.535471470505,-17.0943003558208
2019-02-15,23.0380035641525,17.6416170260043,10.2145166945352,-6.8618117952327,-6.97209709184892,-20.5990286924766,-16.4611997051338
2019-02-18,22.0075079545238,17.9545897111221,10.3760815703737,-6.50203266089386,-7.15670085891513,-20.50587805714,-16.1735676590706
2019-02-19,21.8584561540996,17.8057319039068,10.6641175670177,-6.22473910084898,-7.15480521479379,-20.6287756465056,-16.3199856628757
2019-02-20,21.5901080191754,18.0687324318211,9.6718887836146,-5.89467662481196,-6.97947161192027,-20.2544698497712,-16.2021111481076
2019-02-21,21.904526755157,17.5061919973785,9.83584619247134,-5.78615137567458,-6.93465499552605,-20.0318178388873,-16.4939407349189
2019-02-22,21.9965163508954,17.3652387279714,9.87722806318103,-5.96728962771979,-6.87345123658793,-19.9420700068337,-16.4561722709064
2019-02-25,22.0428257147039,17.6715288201461,10.1680032722712,-6.57252741461048,-7.00187837516948,-20.0272443786143,-16.2807076387269
2019-02-26,23.3376989417749,18.2952338070246,9.9014811629992,-5.82542959794971,-8.20428520064355,-20.9925855776695,-16.5121135355359
2019-02-27,22.3027648722816,18.1311670611762,9.32652634412546,-5.97982357012426,-6.85556279203651,-20.9512960307561,-15.9737758846664
2019-02-28,23.5325559797072,18.7815556215804,9.48043959889286,-6.96848398349439,-6.98335168170981,-21.993454969729,-15.8492605652472
2019-03-01,23.0394199994342,18.7600422909156,9.17822178685218,-6.92479411889286,-6.9737843656234,-21.2509413138565,-15.8281642788293
2019-03-06,21.5254272871461,16.9132821606103,10.1855561097637,-7.27811331878688,-6.35939981111745,-20.3478022426717,-14.638950184944
2019-03-07,21.2989315359444,17.7131418437092,10.6615552286412,-8.14642110942498,-6.63975916049686,-20.3206259064409,-14.5668224319321
2019-03-08,21.140555171866,17.0017598669935,10.9530607955743,-8.15460953519434,-7.41153727868236,-19.844295377711,-13.6849336428461
2019-03-11,20.7955035160292,18.1499867013985,10.1415566316411,-7.55838674371324,-6.69693944154653,-21.0166138028598,-13.8151068609493
2019-03-12,20.4577230361048,18.0626001097785,9.5995230726661,-8.18445658227942,-6.93420140872805,-19.3439034895187,-13.6572847380232
2019-03-13,19.859024076731,17.2987205359965,9.37738924841724,-8.07164440713022,-6.98960850447386,-17.9989962584191,-13.4748846911215
2019-03-14,18.4416434067116,17.528799012693,7.86429993919034,-7.15960103367012,-6.46323371017254,-17.6018924099386,-12.6100152048136
2019-03-15,18.3025574044345,17.2859603224916,8.52403981224822,-8.28224185722065,-6.21194379077488,-17.4841054777566,-12.1342664134221
2019-03-18,17.7367935597699,18.1659747625087,8.77467168504985,-8.8408135451532,-6.09943433377,-17.8504135155512,-11.886778612854
2019-03-19,19.4533181054864,21.487575800404,5.62955458502919,-8.66750408312591,-6.9160600137521,-18.2554651396761,-12.7314192543654
2019-03-20,18.9892036905986,21.4515031399636,5.49718899441598,-7.46159535262757,-7.95129088597841,-18.912394367399,-11.6126152189731
2019-03-21,18.675779821393,19.6523262469422,6.53032452502093,-4.58762109143166,-7.66195885583377,-18.583117150045,-14.0257334960457
2019-03-22,18.5583408342479,19.5859016652498,6.4004850103636,-5.00094326608222,-7.07366255924534,-18.7639218468477,-13.7061998376861
2019-03-25,18.7688326196199,19.9319416606904,6.16942119831937,-5.10966025019589,-7.60024823797688,-18.5538173492877,-13.6064696411693
2019-03-26,18.9679079287972,19.8600814438905,5.93720266002357,-5.16511507257195,-7.27775707732433,-18.5699802951413,-13.7523395876736
2019-03-27,19.0031620250431,19.8781759266719,5.87638185980076,-5.30440273709522,-7.15810651361079,-18.6027025681572,-13.6925079926525
2019-03-28,19.8138662554271,19.13371245134,6.57413177935639,-4.69169918974837,-7.97677562236219,-18.836072656845,-14.017163017168
2019-03-29,20.2448667536694,18.7736043197935,6.73437725607194,-4.44139083788065,-7.86500588984948,-18.9817069001173,-14.4647447016874
2019-04-01,19.9647756806198,17.2022290508454,6.71536473407162,-4.79745419873822,-6.05897778723919,-19.2068738446722,-13.8190636348872
2019-04-02,20.6927069661998,14.1525926983869,7.47781724266529,-4.96001630567184,-5.04330115740899,-19.0133042134462,-13.3064952307249
2019-04-03,20.2744634097758,15.1907744008024,7.867723476045,-4.19679103038232,-6.05868768259976,-19.3501855033997,-13.7272970702415
2019-04-04,19.7416485660337,15.9147878514309,7.92091232423238,-3.48807563413759,-6.34794966024769,-19.4806576357202,-14.2606658115916
2019-04-05,19.7900420672004,15.9292133247971,8.32728036897722,-4.59815875196271,-5.75464457933248,-18.7813198731842,-14.9124125564954
2019-04-08,20.2190662142268,15.0942611101803,8.54151055524677,-4.74580248911246,-5.84227650384531,-17.9162028746815,-15.3505560120146
2019-04-09,20.3289096391618,15.3493934260171,8.6409932647515,-4.38073191068553,-5.83749053860371,-18.395203147456,-15.7058707331852
2019-04-10,20.3819497460163,14.4075774444433,8.10147112612717,-4.12237670062833,-5.73666746128568,-17.5344037951346,-15.4975503595382
2019-04-11,20.6169978764998,14.3061568432883,7.82189967865927,-3.97343881372959,-5.89308135058909,-17.2523815063517,-15.626152727777
2019-04-12,22.8665471150833,13.2923395089985,10.1400174286474,-4.78351636162162,-8.10583684224251,-17.7052239057126,-15.7043269431525
2019-04-15,22.5513840843935,13.2545569176958,8.06908816242562,-4.87077892306358,-7.0851920712081,-16.734983278963,-15.1840748912802
2019-04-16,22.6219624586402,12.8814043543884,8.28922364750177,-4.85565814538286,-6.93933302569088,-16.7242062798766,-15.27339300958
2019-04-17,22.7566710792602,12.8133053739764,8.50177809452645,-4.57009380063656,-6.93325921703451,-16.8201245775994,-15.7482769524925
2019-04-18,22.0365437215373,12.3244143709546,8.44728928175387,-4.77186923827009,-5.71569794471788,-16.9319418095584,-15.3887383816995
2019-04-22,21.9851616332868,12.0849280909654,8.58384468637403,-5.48840952749688,-5.07740717147221,-16.7852003864933,-15.3029173251639
2019-04-23,21.686242453727,11.8828967104223,8.4626477063872,-5.85502614405779,-4.28352524482264,-16.5702317223921,-15.3230037592639
2019-04-24,21.3135358394665,11.2207185576923,8.33080732031119,-5.94061204451705,-3.35985179396823,-16.3698041162183,-15.1947937627664
2019-04-25,21.8322154202526,11.9412052973309,6.90595708252076,-5.22066956420461,-3.7301993079137,-16.0782660290303,-15.6502428989556
2019-04-26,22.0047000453077,11.3553648535121,7.26532977765769,-5.15165973061681,-3.63421355383905,-16.7820705342208,-15.0574508578008
2019-04-29,22.3420673682292,11.675344307421,5.63609900239484,-4.91362142324452,-3.40896531978213,-16.3814926485925,-14.9494312864258
2019-04-30,22.4585694060213,11.952148059627,5.39002318742437,-5.35665174937893,-3.1237956363736,-16.2604695833253,-15.0598236839948
2019-05-02,22.533768803629,11.8417554265317,5.65309224577158,-5.69015743371082,-2.34910201197263,-16.5888130546906,-15.4005439755582
2019-05-03,22.3453819373298,11.4203776222771,6.68007488677755,-5.49959885680126,-1.66324231436857,-17.3444575362838,-15.9385357389308
2019-05-06,22.4776610798768,10.7903484256392,6.64840933101077,-6.33585371114498,-2.96356478699247,-16.4484086093291,-14.1685917290603
2019-05-07,23.2174449979904,11.2906330891554,6.82316162603515,-7.00854688866119,-4.53631243563606,-16.2546817836066,-13.5316986052771
2019-05-08,23.0906748237335,10.9903562265104,7.11483783849961,-7.16912304339026,-4.19996478797836,-15.9823696548828,-13.8444114024921
2019-05-09,23.1915145160637,10.9911261849775,7.13427562643786,-7.12252197984711,-4.43357563975997,-16.0007298339116,-13.7600888739603
2019-05-10,23.2895491141171,11.0695689490405,6.86265603294819,-7.07703596790915,-4.42016488906697,-16.0079701970663,-13.7166030420633
2019-05-13,23.4856614805905,10.9630911533102,6.70904074005848,-7.48225307842489,-4.04709566068519,-16.0849809862762,-13.5434636485729
2019-05-14,22.7058230466668,11.0636886571975,6.93387856065375,-7.34007246135828,-3.96716918063028,-16.0815261585247,-13.3146224640048
2019-05-15,22.5917730142494,11.1464071510386,6.87695570780845,-7.67104037586321,-3.96631588795058,-16.0958366259628,-12.8819429833198
2019-05-16,22.6268767393723,11.1714396130407,6.67821446822525,-7.63534290801635,-3.89585638242971,-16.0342175237458,-12.9111140064463
2019-05-17,22.9633238927619,9.68796106444134,6.99307744399082,-6.8523227794994,-3.87157752846545,-15.5156721261969,-13.4047899670323
2019-05-20,22.8546372934912,9.62357122775708,7.00954930700242,-7.12751170562423,-3.92755725603256,-15.7380719029856,-12.6946169636082
2019-05-21,24.3139330507456,5.7090117685761,7.28673256265184,-7.00574871459801,-5.81325959755855,-17.0910085893092,-7.39966048050782
2019-05-22,24.513081237858,3.25683390454096,7.95217453578915,-6.21224217271936,-5.59004673114093,-16.5172466485092,-7.40255412581858
2019-05-23,24.3141692898265,3.67528128161749,8.25139593301736,-6.39288367707445,-5.14811758543455,-16.3440535190166,-8.35579172293581
2019-05-24,24.5156981711501,3.21426931002525,8.05773826636052,-6.27478722752056,-5.28718564183151,-16.0960414148904,-8.1296914632934
2019-05-27,24.473126137596,3.28242168498608,8.045854369022,-6.25897007043208,-5.12180697916225,-16.3535019299002,-8.06712321210962
2019-05-28,23.7975213333245,3.18065498772236,8.32739693769527,-5.95593112354533,-4.58327948427415,-16.5328341586822,-8.23352849224037
2019-05-29,23.7124550716371,2.95299066309116,8.35951976215534,-6.09619065653427,-4.15801257521456,-16.5481349909592,-8.22262727417553
2019-05-30,24.1257760478533,3.85553662107331,9.63478646017496,-6.75182325109087,-5.5110302237796,-16.7235287874451,-8.62971686678604
2019-05-31,23.799227170396,2.82565150402165,9.5695517638874,-5.42813705524583,-5.34453705695642,-16.9746127035924,-8.44714362251035
2019-06-03,23.8453231314143,2.63328052799377,9.66827942659811,-5.52473237828397,-5.2153979560671,-16.9531608525923,-8.45359189906282
2019-06-04,23.9784410886609,3.05837250204961,9.88263284299553,-5.81250664550667,-5.53222840418911,-17.1189101176867,-8.45580126632356
2019-06-05,23.7713134004899,2.8235728611169,10.1479744438608,-6.29079626431844,-5.31655182074277,-16.8557497519907,-8.27976286841569
2019-06-06,22.6169188114444,3.64527556803434,10.4850470825875,-6.56618088600693,-5.12418216645312,-16.4623989871767,-8.59447942242946
2019-06-07,23.7046482042844,2.81491623677331,11.1508068808469,-5.46337035009508,-5.69625458262432,-17.7407879636821,-8.76995842550308
2019-06-10,23.6851891142917,3.45143801561363,11.1475391454573,-6.53503558305017,-5.79129596709497,-17.2202737876037,-8.73756093761376
2019-06-11,23.5036167921882,3.5999097163367,10.9123398455345,-6.41765430340097,-5.66762669771993,-17.20617922882,-8.72440612411849
2019-06-12,23.4610202014119,3.80052529194117,11.1041120533446,-6.95333993687139,-5.35281048185402,-17.4634267887391,-8.59608033923323
2019-06-13,23.7177868906091,3.93128760731824,11.2542590820111,-7.90762886596391,-5.1347933083328,-17.1974964158174,-8.66341498982428
2019-06-14,23.7561284895114,3.97190738561433,11.1231692627655,-8.03729433305953,-5.16069526276514,-17.0183405689712,-8.63487497309525
2019-06-17,23.5811934771506,3.79100853194107,11.1000797026965,-7.88301129249997,-5.02642925764696,-17.0929077853286,-8.46993337631258
2019-06-18,23.6075228251922,3.0039360565986,11.0314221573539,-7.73711043820673,-4.84428465876867,-16.6700627188936,-8.39142322327572
2019-06-19,23.2915549637662,2.48785332809517,11.2727727512384,-7.56398888104493,-5.04101750485807,-16.6614749576351,-7.7856996995617
2019-06-21,23.1420581701837,2.90174832085227,10.938346459048,-7.83199758346955,-4.8941514982102,-16.474626437515,-7.78137743088925
2019-06-24,23.0596100093467,0.756810003944345,11.466542132438,-7.15521121828434,-5.02780204163725,-15.3138966373691,-7.78605224843839
2019-06-25,23.1710167708598,0.690893781494289,11.6051430092322,-7.71907347607078,-5.07399067645195,-15.1298234153091,-7.54416599375434
2019-06-26,23.0742842602438,0.763373484851193,11.6014242453696,-7.53241195326436,-5.017024846609,-15.3109627981024,-7.57868239248875
2019-06-27,22.8816086997471,0.917714335187959,11.5421839766319,-7.40880162705806,-5.083123293314,-15.3627712408176,-7.48681085037736
2019-06-28,23.4361416855321,1.34816593623908,10.8803104232624,-7.45594201535049,-5.26207827830916,-15.4162378715612,-7.53035987981279
2019-07-01,23.2430829409414,0.967179073327522,10.6036806356735,-7.22954440591696,-5.22411298638874,-15.1127387175735,-7.2475465400632
2019-07-02,23.1382994291987,1.02709109348464,10.5346726116589,-7.20179536747337,-5.11862416239414,-15.0385676443221,-7.34107596015264
2019-07-03,22.5883694980877,0.885548813501003,10.6510174469407,-7.01755153012663,-5.12389052589464,-14.8742085876951,-7.10928511481302
2019-07-04,21.7838402341212,1.2398725504255,11.4049898284224,-8.50545446273016,-5.30188827261374,-14.5604238034206,-6.06093607420455
2019-07-05,21.3019145012742,1.19388420800729,11.3061105814586,-8.41252180051168,-5.05087213959076,-14.3992022645742,-5.93931308606344
2019-07-08,21.0428579061695,1.09885978238772,12.428528552789,-8.91144553940573,-5.42927911656576,-15.287749886066,-4.94177169930872
2019-07-10,20.1047163252431,1.0844607328135,12.4248213435314,-8.41760855699059,-5.22833741023744,-14.4874340041568,-5.48061843020311
2019-07-11,20.0056485707174,1.12098092252184,12.3810485563679,-8.74537159783287,-5.01608743147263,-14.2128377090652,-5.53338131123643
2019-07-12,20.3988706692537,1.26518971248005,12.4235715012851,-8.16150890199432,-5.31132248686847,-15.0899266709421,-5.5248738232139
2019-07-15,20.5410802928969,1.18927083371369,12.3054981510552,-8.02914578546365,-5.57141070211256,-14.8760045665242,-5.55928822356545
2019-07-16,21.3023090769155,1.92423708107694,11.7710481274624,-7.96252475599078,-5.62729247051112,-15.5098159393456,-5.89796111960737
2019-07-17,21.6337845138748,2.06576189328982,11.9817114415073,-8.20620815837121,-6.00835434707911,-15.2828751198211,-6.18382022340051
2019-07-18,18.6681687087603,4.07714592309848,10.7783549281783,-7.58523634973879,-5.54356578679474,-14.7474286657252,-5.64743875777829
2019-07-19,17.5274915333952,2.85383534934896,11.7191650956117,-6.04154214757887,-5.55980634026935,-14.7784741745076,-5.72066931600006
2019-07-22,16.8985127380644,2.4956968010347,11.1150220496641,-5.29793803096133,-5.24814845570254,-14.4537912226437,-5.50935387945568
2019-07-23,16.4072816198638,3.03703813229454,10.3800673302444,-5.40153158464998,-5.0355760096061,-14.1635990885061,-5.22368039964056
2019-07-24,16.2718977833246,2.72099613581129,11.9828957089774,-6.55763601625711,-5.50593689417762,-14.1425597541481,-4.76965696353044
2019-07-25,18.0038364462442,1.60574733509603,9.77134772808478,-5.29655137752089,-5.79861281037124,-13.0015256031118,-5.28424171842113
2019-07-26,18.0239025250506,1.23278625449795,9.55845908449515,-5.23628346364941,-5.80315702555429,-12.3928749653559,-5.38283240948412
2019-07-29,16.6187937193942,1.23210563851308,10.4039202365182,-4.48954886034714,-5.69366749364248,-12.9269286774449,-5.14467456299097
2019-07-30,16.8666340409444,1.47740042858212,9.86497426905013,-5.15867777344135,-5.50343559955633,-12.544523089421,-5.00237227615796
2019-07-31,17.2151569454044,0.565187371719588,9.46846609702867,-4.47541893440009,-4.97199783224293,-13.0837295624951,-4.71766408501452
2019-08-01,17.7521022410845,2.14755202632946,8.26099489413835,-4.52071207639622,-3.67911187332,-13.118861822405,-6.84196338943111
2019-08-02,17.9162903202545,2.20751368884822,8.05659554238191,-4.50243809889874,-4.54506994231317,-13.2592658557528,-5.87362565451991
2019-08-05,17.2301825408695,1.93425599833423,7.26632593138734,-4.39820937619616,-3.61231260245591,-12.8526458319587,-5.5675966599803
2019-08-06,17.3001307779609,1.93425497664212,7.41350681399645,-4.38318602212068,-3.76955741953419,-12.8604881916029,-5.63466093534167
2019-08-07,17.4114740667007,2.09300500832016,7.59691375556788,-4.61999042058999,-3.93691694203005,-13.0055200602615,-5.53896540770726
2019-08-08,17.4838313572082,2.24839601794275,6.91255902011473,-4.54534912783897,-3.96642389186932,-12.7891380755421,-5.34387530001529
2019-08-09,17.8021146783721,2.0262853185628,6.86056949845958,-4.18479416304033,-4.65836704137877,-12.6897450345107,-5.15606325646459
2019-08-12,17.1675927260422,2.04170186872845,6.44030913910309,-3.50344669912276,-4.49285255348714,-12.4895643663289,-5.16374011493485
2019-08-13,16.2545250444291,2.57802586017409,6.6105282948133,-3.10186451582753,-4.55976212896429,-12.3684935177981,-5.41295903682663
2019-08-14,16.5458852061525,2.6058660051293,6.85294869431204,-3.65929443362194,-4.48788480299089,-12.6332996354361,-5.22422103354494
2019-08-15,16.1212053409438,2.88696493913278,7.12048767201544,-3.91441973987182,-4.42115672321487,-12.5901040113525,-5.20297747765286
2019-08-16,16.0966368388249,2.7552509356841,7.17222820620077,-4.22287519533768,-4.19979962110592,-12.38460394472,-5.21683721954619
2019-08-19,16.147547279711,2.11716134827163,7.35609235059561,-4.39222409832223,-3.86913145535448,-12.298428655337,-5.06101676956445
2019-08-20,16.3208739266354,2.01503324133143,7.50784058952355,-4.33885761051294,-4.16690792600496,-12.3629335935918,-4.97504862738064
2019-08-21,15.9539323181377,1.76823623661055,7.73089301842023,-4.33502923914968,-3.80411921206053,-12.4007312229824,-4.91318189897591
2019-08-22,16.3121508641995,3.28667833921068,5.87447385293559,-2.76322252383346,-4.9715210838551,-12.4628051690772,-5.27575427958
2019-08-23,17.0628746924532,2.16161181556986,6.71131097047591,-2.39358618878783,-2.53779436199688,-14.5792156465583,-6.42520128115594
2019-08-26,17.6698238298116,0.402443345414454,8.00914743157174,-4.61427797324734,0.256332769623896,-14.3680389931057,-7.35543041006866
2019-08-27,17.6421070341707,0.284085047704586,7.79044056502587,-4.76585098370534,0.468351651796244,-14.542080818874,-6.87705249611812
2019-08-28,18.2179274467096,0.995084212837,8.18220118400899,-3.71531071290823,-2.36298682692835,-15.3556818904453,-5.96123341327369
2019-08-29,17.9526475010806,1.26935004285016,7.87916247080136,-3.71806147858311,-2.30676603168324,-15.2841182133511,-5.79221429111462
2019-08-30,18.0317712276295,1.2384135712956,7.77506389216496,-3.71050662941866,-2.1410734947243,-15.3170206883269,-5.87664787862024
2019-09-02,18.1651453556721,1.38613253463257,7.35385949269309,-3.48150412137427,-2.36445333687658,-15.3560418896695,-5.70313803507745
2019-09-03,18.1730917581157,0.986856668669851,6.58492547858517,-3.49873711092157,-2.09382366526101,-14.9516526353275,-5.2006604938607
2019-09-04,18.2510649140419,1.10882371403616,6.76110279847074,-3.61418640476287,-2.09291078455751,-15.2152073225107,-5.19868691471769
2019-09-05,18.8918550923794,2.48523928443278,6.02774171377388,-3.56555816955148,-2.25642487699805,-15.3071877429195,-6.27566530111698
2019-09-06,19.7596049459117,3.33248836395126,8.50471127282776,-6.15409726248615,-3.42188904480074,-16.4917432390001,-5.52907503640369
2019-09-09,19.4991272292614,3.04145965682682,7.79539762926752,-5.95132771412727,-2.72019255293102,-16.2357100724614,-5.42875417583608
2019-09-10,19.4855874139193,2.77527618751207,7.43050259001574,-6.18467736841231,-2.18087430563152,-15.8505274140848,-5.47528710331847
2019-09-11,19.7233187128536,3.14759479373726,6.39703429613547,-5.80708341622716,-2.44511509443026,-15.3623967836455,-5.65335250842333
2019-09-12,19.6894240046149,2.62310242711166,6.54495536411331,-5.75179079103466,-2.26278799791293,-15.1966012322918,-5.64630177460054
2019-09-13,19.2136651616836,2.43081495913563,6.86823081171196,-5.68628622106922,-2.23062359304398,-15.1045080316399,-5.49129308677806
2019-09-16,18.7914300448167,2.76391010146213,6.59000227140481,-5.62534225967799,-2.32647375227172,-14.9826574834025,-5.21086892233144
2019-09-17,18.6279906416484,3.37444579381015,5.87902232735129,-5.24447215963534,-2.42228163468405,-15.1257688117469,-5.08893615674356
2019-09-18,18.4708177537092,3.2867468146698,6.22669935934242,-5.20104589127875,-3.00294209730307,-14.3161986391166,-5.46407730002298
2019-09-19,19.8655159192663,1.13855586761543,5.70272826909456,-4.38488014930802,-3.37300639324003,-12.9125779670362,-6.03633554639202
2019-09-20,19.4463453081203,2.19701364662984,5.65375195333788,-4.75026788888573,-3.31816345094142,-13.4322066654615,-5.79647290279947
2019-09-23,19.4585351403611,2.12372047781416,5.76239058349715,-4.8997249891143,-3.20538258969069,-13.6684052150574,-5.57113340780996
2019-09-24,19.4165264470927,2.00650983563543,5.75853040970421,-4.70828212603224,-3.26214343640545,-13.3902631228006,-5.82087800719404
2019-09-25,19.2959828016088,1.41532068899454,6.21875684968744,-4.52682593464577,-2.95231877208272,-12.9132462617414,-6.5376693718209
2019-09-26,18.7360996707289,1.94135844853813,6.10448470963941,-4.59085794195035,-3.1969415672102,-12.7859038924493,-6.20823942729651
2019-09-27,18.842559555596,1.84913564827553,6.12388735748132,-4.50768045829167,-3.18071072956912,-12.7263938590398,-6.4007975144523
2019-09-30,16.1977061735844,3.8302943546838,6.21757504730927,-3.75723648238547,-3.37742562540938,-12.805961739055,-6.3049517287276
2019-10-01,16.0714012960748,3.57820822637824,6.0263630406541,-3.77056765776984,-3.15035016408826,-12.9154803095631,-5.83957443168591
2019-10-02,16.4568056303896,3.84510540874074,4.94696964111018,-4.19077105372335,-2.85436013512535,-12.8047036494335,-5.3990458419583
2019-10-03,16.0141590091372,3.03619367555194,2.11789266731007,-3.21854304274711,-1.64112674034432,-11.6470365172052,-4.66153905170255
2019-10-04,15.7445363891053,3.11502222707237,2.18273887471079,-3.06685003394725,-1.91345372053726,-11.5004329916176,-4.56156074478633
2019-10-07,14.9580114889047,2.50258786383438,2.56856680797126,-2.36069893571475,-2.32626346697721,-11.0901265412984,-4.25207721672005
2019-10-08,14.9078845324204,2.37538629579355,2.59576565728016,-2.29109170328729,-2.31124086282156,-11.0510183223723,-4.22568559701295
2019-10-09,15.2044617498856,2.84139549870986,2.73890643950701,-2.40591671199314,-2.28302265145152,-11.1087632855987,-4.98706103905916
2019-10-10,15.2070600225768,3.00277166022701,3.17432372327558,-2.73761876249969,-2.73862906617562,-11.5490385865503,-4.3588689908538
2019-10-11,15.0730916425146,3.17806010754128,3.17714958225125,-2.67481673562434,-2.86582693775747,-11.5746200824782,-4.31303757644708
2019-10-14,15.1483525350776,3.32658999221485,3.34462734427019,-2.8437412535463,-2.77739435420832,-11.878200167064,-4.32023409674401
2019-10-15,15.3268040824551,3.37652972777303,3.92206266418838,-3.08037226680706,-2.87779401790087,-12.0858510919251,-4.58137909778343
2019-10-16,15.2728096276705,3.81082820449766,4.94302756247922,-6.64316235638961,-2.70591018252271,-10.444714317304,-4.23287853843107
2019-10-17,15.0060466504368,3.56720203764064,4.31518511562115,-6.34973167790417,-2.25496752553261,-10.3017905340041,-3.98194406625777
2019-10-18,14.1739317693089,5.27237920700755,0.619706007799117,-5.43308632271155,-1.81639122979452,-9.48035828992621,-3.33618114168323
2019-10-21,14.1173351163528,5.52802452613959,0.420918072205396,-5.71396629321709,-1.62773461497219,-9.37898307450468,-3.34559373200379
2019-10-22,14.4503543646789,5.80108572090354,-0.212953230277208,-5.6339869749395,-1.75743697362629,-9.62997552847512,-3.01708737826427
2019-10-23,15.1141646115574,5.87486439736359,1.16898444225197,-6.64064391645873,-1.77966685175274,-9.09990967188416,-4.63779301107733
2019-10-24,15.0259813821126,6.37369465285971,-0.442752848572852,-6.24925702949079,-1.60349905367356,-8.68358460011597,-4.42058250311912
2019-10-25,14.8024427795182,6.18114326757486,-0.648569130018778,-6.30450736669044,-1.24706437363763,-8.6484967362371,-4.13494844050906
2019-10-28,14.3045755577484,6.96721859760294,-0.863653756623741,-6.47888733574407,-1.484629756457,-8.42169369969182,-4.0229296068347
2019-10-29,14.0789408629481,7.09205623270512,-0.921054076582102,-6.34911421217664,-1.7938288999467,-8.10925958099306,-3.99774032595471
2019-10-30,14.9261585924977,5.94031443017722,-0.701790610789566,-4.31482945499309,-2.9025456591971,-9.01914519150575,-3.92816210618945
2019-10-31,13.9890536302826,4.4643147321869,0.0324305990468261,-4.78696006164706,-2.57845623474388,-7.83425214890015,-3.28613051622523
2019-11-01,11.8920254261026,3.60171585667917,-0.835507959909144,-5.15979502068402,-3.11723611505002,-9.47833450421822,3.09713231707967
2019-11-04,11.0393621110211,3.12847682936502,-0.986443621923293,-5.3345721302425,-3.00734740092041,-9.65788808484429,4.81841229754438
2019-11-05,12.4188151722876,5.91959978480894,0.0173264342343984,-11.306512727737,-2.45037463950841,-8.64540555199182,4.04655152790628
2019-11-06,12.3508269433018,6.04842823797775,0.0526673046148716,-11.4683998961236,-2.36378683397411,-8.60853255368582,3.98879679788906
2019-11-07,12.3836568157446,6.80517784531698,-0.922134249644436,-12.3053140999804,-2.14523074468936,-8.09022592973911,4.27407036299172
2019-11-08,12.3721583428125,6.56491546597548,-0.225542291369379,-11.8936168328919,-1.71291145674678,-9.62575479805126,4.52075157027136
2019-11-11,12.2509976563647,6.55776864051092,-0.141387479710495,-11.7836378273495,-1.86268152784217,-9.62397780831949,4.60291834634604
2019-11-12,12.8514988070566,6.02676827111306,0.170009369247921,-11.4653031409626,-2.23040485963072,-9.94708197545132,4.59451352862714
2019-11-13,12.6050465595393,6.25244581958504,0.190621043888974,-11.499546807277,-2.12304907830987,-10.0578125020086,4.63229496458209
2019-11-14,11.7761861777269,6.43583940727275,-0.266740854566521,-10.2176795737499,-2.7513586119558,-9.83743965489595,4.86119311016847
2019-11-18,11.7290246896175,6.54500305189026,-0.27573415732256,-10.3297916533498,-2.75957012766308,-9.52173993517372,4.6128081320015
2019-11-19,11.6542858326213,6.55829114332359,-0.255723400738155,-10.4392356313303,-2.82069382044514,-9.47309418103225,4.77617005760096
2019-11-21,12.0525084873395,5.73592186733261,1.08912205486187,-10.8322569263138,-2.93300797734646,-10.3675204214609,5.25523291558714
2019-11-22,12.7929530674387,5.98987138559266,1.32819777644176,-11.3993434017202,-3.1714632512535,-10.7888740056229,5.2486584291235
2019-11-25,12.8658899277895,5.85979973719438,1.15551199572708,-11.1044023611479,-3.21630449100629,-10.7671230300836,5.20662822152684
2019-11-26,13.1103191562599,6.24288322183409,1.18938825947201,-10.9866341068778,-1.96870297380649,-12.8602403525616,5.27298679567984
2019-11-27,11.8262315210702,6.14204795891478,2.36032825305465,-8.95040639641009,-1.65907252752019,-13.989746262434,4.27061745332457
2019-11-28,11.5542922248473,5.91322984960091,1.64347904629621,-8.94075642112782,-1.26467445933913,-13.7658282751356,4.86025803485817
2019-11-29,10.3003346755673,5.37862015014255,1.63852614303583,-8.02114363025125,-0.890203946716806,-13.7684222817691,5.36228888999153
2019-12-02,10.3407481291164,5.33722874514792,1.4237398190316,-8.09009713553911,-0.774003555503999,-13.7138713165229,5.47625531427013
2019-12-03,9.83038203543006,5.83425370702857,1.36255415825475,-7.64001969451655,-0.907738612841179,-14.0838338153677,5.60440222201207
2019-12-04,8.26075343154907,6.18177337003028,1.13196619495117,-7.06743626295451,-0.481612215623304,-14.75869574937,6.73325123141728
2019-12-05,7.25765635821516,6.39717305324445,1.2913647904792,-7.02822857834281,-0.46517583927702,-14.5260596986368,7.0732699143178
2019-12-06,7.12211436853539,6.72360392585524,1.022248001295,-6.68129981594724,-0.319627454408419,-14.1756687593905,6.30862973406055
2019-12-09,5.6440387165725,6.48904398072386,1.40289406561342,-6.41997492009421,-0.176760527628893,-14.1916756652173,7.25243435003061
2019-12-10,5.31213095364456,6.36453848794272,1.52054227297536,-6.43669221854307,0.185239929119355,-14.3513843007641,7.40562487562518
2019-12-11,6.37163271828737,6.74775803295045,0.833741393229126,-6.75718337232768,0.510293130262895,-14.3822287927343,6.67598689033212
2019-12-12,3.12183142429461,6.89448466700646,1.33395978408409,-6.14191257169703,-0.471702161494047,-14.7711573922749,10.0344962500808
2019-12-13,4.32460162403582,7.38809460093179,1.78732387292857,-7.9743462863173,-0.884215488709543,-14.6528301104428,10.0113717875735
2019-12-16,4.98149380734086,7.94875707714494,2.82368334344623,-7.64124065082954,-1.21283582543833,-14.9817973690059,8.08193961734175
2019-12-17,4.763484780876,8.10214301874851,2.55596000175183,-7.59939086663157,-0.99850601689063,-14.8030899199884,7.97939900213424
2019-12-18,4.80308915943261,8.26891486372989,2.52895235998943,-7.9122239429722,-0.895510039469201,-14.8146915927321,8.02146919202161
2019-12-19,4.74200412844345,7.98636128123767,2.84627898477608,-8.30720564649638,-1.17955635790905,-14.073374811559,7.98549242150718
2019-12-20,4.69803950319507,9.35181304634954,2.27025497445648,-8.29795910565726,-2.13983513668246,-13.7659604630511,7.88364718138972
2019-12-23,4.11436074899341,8.69222139634079,2.17315323025068,-8.50791728047302,-0.734713312050252,-13.5651864118659,7.82808162880433
2019-12-26,5.62360764372106,10.1934075165291,1.75211012116075,-9.15929867475793,-1.55878737046264,-14.6031015858182,7.75206234962793
2019-12-27,5.50763016399799,9.50415503587374,1.85334181286189,-10.3215495665053,-0.420709734906685,-13.6494048314677,7.52653712014608
2019-12-30,5.57190026936072,10.4564076457752,1.226003868766,-10.5259104246958,-0.857656335877138,-13.8887566620676,8.01801163873865
2020-01-02,6.09535375830631,10.556011622435,0.583691801546529,-9.436085101624,-1.44010185328729,-13.863555335887,7.50468510851044
2020-01-03,6.64193264029155,10.7904388112968,-0.204414392274913,-8.76817708815283,-2.36001767136904,-13.9413559338386,7.84159363404703
2020-01-06,6.47442595526554,10.4717283599546,0.11662447387689,-8.88615522437021,-1.46362443479062,-14.205569843195,7.4925707132588
2020-01-07,6.88813974150798,9.73073862517342,1.15945447685866,-9.09654355196946,-0.949588084790495,-14.6364107728003,6.90420956602022
2020-01-08,2.42507899053816,6.23520959939385,-3.1940724608721,-13.4091419923157,-1.4258544148117,3.73956664101726,5.62921363705027
2020-01-09,3.48839730549801,7.27544691493311,-1.41986484162086,-13.1215044392857,-0.879221153645659,-1.13544660975304,5.7921928238741
2020-01-10,5.18371955463989,6.29027197120322,-0.810728168730321,-11.4797669564693,-1.23995892774861,-3.90899035732579,5.96545288443093
2020-01-13,4.54827511768848,6.4531615965771,-0.673212490165909,-11.808498059309,-1.0564616793988,-3.81146243069653,6.3481979453047
2020-01-14,4.29769945282634,6.93678261943976,-0.372224762431379,-13.0112468475764,-0.637927737049743,-3.96623879256725,6.7531560673587
2020-01-15,4.32665938892062,6.94545428309963,-0.591089129232323,-13.221617741759,-0.0512222447349711,-3.98607086843216,6.5778863121382
2020-01-16,4.33897237558279,6.92845170087767,-0.742517659504934,-13.1209221730955,-0.127756002413197,-3.99262599505405,6.71639775360717
2020-01-17,4.30736715449666,6.86849522922864,-0.746116887908478,-13.1024493189381,-0.236780659322434,-4.08479330204336,6.99427778448704
2020-01-20,4.33440087068646,7.21773543577811,-0.674047365354234,-13.0555180131622,-0.397479567731596,-4.10392076479772,6.67882940458121
2020-01-21,5.04608934350789,5.81353121319281,-0.714789721987813,-12.4032642114071,-1.00210039172406,-4.12780699136689,7.38834075978512
2020-01-22,5.16007328531989,5.23330932059216,-1.02485587823053,-12.3772799443014,-0.76740371560388,-4.21596209423888,7.99211902646265
2020-01-23,5.19578662794051,5.15043326845009,-1.33953882205874,-12.3114076914417,-0.598589636409638,-4.22743596759393,8.1307522211134
2020-01-24,3.70178872505991,3.18783086526386,2.65907401898619,-10.2580546930075,-0.997499222297378,-4.52312225701159,6.22998256300651
2020-01-27,5.30763625714025,2.73405954687756,1.02754258752859,-9.95065067635983,-1.01347044548515,-4.72217650276074,6.61705923305932
2020-01-28,5.39566283351962,2.63897411373065,0.954949736303625,-9.9657505015922,-0.883271412677573,-4.77547128510104,6.63490651581692
2020-01-29,5.24029414922766,2.48712211086353,1.23046169555427,-10.2499341208737,-0.820707403990424,-4.64671231934131,6.75947588855998
2020-01-30,4.33134731328665,1.91671882093148,1.61766991484966,-9.56998166342886,-0.913595378528909,-4.68719281664269,7.30503380953268
2020-01-31,3.62359682441974,1.68360665308479,1.85025098769232,-9.22703819210644,-0.856543647898601,-4.71979972068449,7.64592709549269
2020-02-03,3.72677338244683,1.8588357986495,1.84503573382078,-9.39697525387261,-0.870178784953071,-4.6824482508879,7.51895737479648
2020-02-04,3.75663215479177,1.76167201745716,1.69477424781224,-9.20262160858745,-0.805129914654447,-4.67341391209087,7.46808701527161
2020-02-05,3.46448554398757,1.86284733097859,2.04069332002969,-8.73168332011003,-1.14275420040771,-4.96773377016034,7.47414509568223
2020-02-06,3.43366338499637,1.90049030549786,1.91501356607111,-8.81874668858035,-1.18924961869181,-4.87928033140728,7.63810938211409
2020-02-07,3.03653386486468,1.68692996382938,1.62201682462991,-8.64270987716464,-1.19564796518549,-4.13944447637175,7.63232166539791
2020-02-10,2.93339796805683,1.25703999289534,1.97064594394795,-8.59963809347841,-1.31804516050899,-3.83494432875876,7.59154367784605
2020-02-11,3.34496575803164,1.31877787247097,2.08735035524265,-8.80008029596556,-1.11605618629347,-4.11880550258611,7.28384799909987
2020-02-12,3.27921635355722,1.41613654390827,1.47607248589814,-8.75123859534048,-0.883913022189892,-3.97625804958508,7.43998428375182
2020-02-13,3.08767081953124,1.18038000711218,1.58580434659692,-8.66806361324268,-0.982548935373933,-3.99097898483642,7.78773636021268
2020-02-14,3.64301128025106,1.79016407443811,1.61205016768899,-8.70458305203906,-1.39015757758617,-4.14985162534508,7.19936673259214
2020-02-17,4.5557029275847,5.13374147488815,2.68618600911224,-8.68601984157112,-3.58173401286466,-4.5387250957911,4.43084853864178
2020-02-18,4.58142062620173,4.61824307218054,2.70043125631714,-8.4511578584308,-3.13617298919555,-4.28499652673092,3.97223241965786
2020-02-19,4.89450444638279,4.5626859155177,2.63168439797945,-8.0745926014517,-2.45558088065922,-4.26352799829035,2.70482672052133
2020-02-20,4.86469515296812,4.53470003575386,1.95657660099818,-7.8893423584845,-2.52100689570963,-4.2924959827022,3.34687344717615
2020-02-21,4.86789391251192,4.50070634587083,1.94266841828958,-7.91075652418467,-2.45526805265296,-4.29467675506684,3.34943265523213
2020-02-26,4.7568945261707,3.85356637046112,5.42062562941452,-6.8346598361199,-2.00064528037382,-6.72406213673709,1.52828072718447
2020-02-27,5.89609868729671,3.95462120634945,6.50414061614056,-7.70743124898829,-2.06033504492561,-7.56288967114628,0.975795455273445
2020-02-28,7.12055568665901,4.26019599200238,6.83387401043945,-8.00735348489722,-3.33928150177957,-7.69767390724461,0.829683204820569
2020-03-02,7.09770637254212,4.86221481027927,7.06437817318658,-7.96337547091564,-3.80454872658155,-7.49710072592431,0.240725567413534
2020-03-03,7.08201537458635,4.33796537432388,7.32636299874993,-7.90967904557172,-3.54370287404929,-7.79336781267859,0.500405984639453
2020-03-04,7.0398821940914,4.10036437438313,7.19089999704899,-8.01398445143472,-2.95100687301425,-8.12309141254277,0.756936171468229
2020-03-05,7.73168769488233,3.7456079982464,7.90425414948532,-8.24433895408104,-3.54974092250033,-8.49105596822734,0.903586002194665
2020-03-06,9.22107718674269,3.85068369385205,8.68881377243449,-7.47126420123207,-4.71505137315365,-9.46889652864807,-0.105362549995434
2020-03-09,10.7245202182448,4.05441047736566,12.5386547613288,-2.97443993233706,-5.64514770296888,-13.6022614099721,-5.09573641166127
2020-03-10,11.7261494244506,4.82882641642492,14.1496295702838,-4.16045329100437,-5.1834988077645,-14.7405720932202,-6.62008121917021
2020-03-11,14.1386490826067,5.78471680418856,15.4905105753708,-4.97394842650985,-5.3718207528958,-16.8656550225951,-8.20245226016534
2020-03-12,19.1466557584532,7.8344818631824,19.5445190290345,-3.92838563465092,-7.54538395796151,-22.2462156411102,-12.8056714169475
2020-03-13,22.0244661872874,9.85115899209275,19.8376390508898,-1.00050396578047,-7.99209760275095,-26.4774014207603,-16.2432612409783
2020-03-16,22.5200671114945,10.0151270525206,20.1908837967312,-0.776307273804306,-7.48280818844454,-27.6835069185751,-16.7834555799224
2020-03-17,19.0006731252454,9.05104992378499,20.5828464528751,-2.33006320489037,-5.91923241215525,-24.445765577376,-15.939508307484
2020-03-18,21.2848605907001,9.74993898885691,21.4130574978195,-3.21301603037392,-6.09318403874414,-26.7515428857833,-16.3901141224751
2020-03-19,21.9126277459555,10.0102693822923,21.6382862740652,-3.16175646053428,-5.96507122078341,-27.8175891450417,-16.6167665759536
2020-03-20,21.8904007466258,10.1944765474312,21.5295481988879,-2.81299832689901,-6.19948750195523,-27.9813891513676,-16.620550512723
2020-03-23,21.1360940728353,10.0773970755462,21.508706307751,-4.10634203703876,-5.7204608132885,-27.0019073969514,-15.8934872088538
2020-03-24,21.9294659272124,10.1261296570308,21.6230186422848,-2.82786857596865,-6.04809132422286,-28.6500480127176,-16.1526063136188
2020-03-25,22.2209898721633,10.8478656430697,21.2402295747086,-1.43290335016378,-6.02478599520347,-29.7956326158683,-17.055763128706
2020-03-26,22.5357639989118,10.8864037846363,21.5841383950483,-0.925835678403161,-7.47402381452319,-29.5590627673444,-17.0473839183256
2020-03-27,22.502998286444,11.1375909184765,21.5112089005573,-0.716739624241356,-7.21229479728903,-30.013137449333,-17.2096262346144
2020-03-30,22.7092124798411,11.4409405747035,21.8440384290875,-0.397982575277993,-7.82650541746607,-29.8776981228889,-17.8920053679992
2020-03-31,22.6081057042088,11.5805753234211,21.897913016138,-0.6050876346861,-7.84598949297421,-29.7993418302791,-17.8361750858284
2020-04-01,22.8356504818094,11.3928812071867,21.7712764423138,-0.235514083970131,-8.13635555845,-30.2707307349623,-17.3572077539275
2020-04-02,23.0408397322003,11.5994981884184,21.7043327831521,-0.10745408629198,-7.70086377543004,-30.356284044085,-18.1800687979639
2020-04-03,23.6647780545363,11.9573246980944,21.159971396145,-0.862916182156184,-7.490993546217,-30.5765573660728,-17.8516070543295
2020-04-06,24.6385769477244,13.0400482056219,20.6982715148608,-1.09554013335581,-8.00147377649938,-31.7346065822319,-17.5452761761201
2020-04-07,25.0415121736037,13.7629385231045,19.9927465878257,-0.691844152649068,-7.7881475093107,-32.4401555792528,-17.8770500433214
2020-04-08,25.1154442571795,14.1732147737561,18.9772980472225,0.420490040452734,-7.42772586612086,-32.9962405564531,-18.2624806960369
2020-04-09,25.5123863454659,14.1778291472538,18.9174968427657,0.680981364460152,-6.99652186377013,-32.6727876435719,-19.6193841926035
2020-04-13,25.656650139563,14.4203352557375,18.8556440601647,0.397417384180585,-7.25360428702513,-32.6708903670076,-19.4055521856131
2020-04-14,25.6862132564475,14.722024306253,19.4107570000172,-0.202627637733428,-7.61825076566423,-32.7399941357915,-19.2581220235286
2020-04-15,26.6574814757298,14.9586953412153,20.5649358388122,-3.14667490967818,-7.43949304043974,-32.7549935560007,-18.8399511496388
2020-04-16,26.4050410391642,15.1623561870324,20.3199539834947,-2.68908532061523,-7.44189262707403,-32.6016347400162,-19.1547385219859
2020-04-17,26.9482540685484,15.2676619699768,20.3085717728218,-3.36028867068859,-7.79064956345892,-32.9561464813339,-18.4174030958656
2020-04-20,27.0943881848492,15.3892716416982,20.428262751707,-3.47784456546347,-8.13836272471787,-32.9613811556069,-18.3343341324662
2020-04-22,25.9528195581016,15.4527939437308,19.3389579739614,-2.4438043234791,-8.19992594963433,-32.3711644865562,-17.7296767161241
2020-04-23,25.7504942694933,16.2570123004162,18.8452447782445,-3.31765833609531,-7.28956408225502,-32.5550720640147,-17.6904568657891
2020-04-24,24.2302381137404,18.1346139215261,15.88240781371,-3.24222182490961,-4.08927973536996,-33.9383122226474,-16.9774460660496
2020-04-27,24.2046628435833,18.1255979325907,15.8600058671205,-3.18560482942343,-3.921909838953,-34.0495049332772,-17.0332470416409
2020-04-28,23.0993556451966,18.0252867246493,16.2655131378654,-2.57836257450711,-4.52532195826745,-33.9339503452987,-16.352520629638
2020-04-29,22.7929896529551,17.7974864920068,16.0129952857313,-2.5529581011959,-4.04081655667038,-33.9686045879191,-16.0410921849078
2020-04-30,24.1809573487464,18.5880040063039,16.3629804731937,-2.65046738713099,-5.39288217219407,-34.4492081389496,-16.6393841299694
2020-05-04,24.0153749466852,18.4795231843801,16.1263425581966,-3.4939921129906,-5.29348045173788,-33.7253499119512,-16.1084182125823
2020-05-05,23.3388023154058,18.6449108670773,15.9398011022698,-3.33193381016203,-4.94500643385715,-33.505273995366,-16.1413000453677
2020-05-06,22.4199822849617,18.4872874536226,15.9859079414203,-4.78054230350243,-3.45318903915258,-32.6363495782789,-16.0230967590706
2020-05-07,22.2972845422835,18.9554594263231,16.4391729910135,-5.06363889203935,-3.79935584866563,-32.469583002945,-16.3593392159701
2020-05-08,23.9839390088313,18.6131992738761,17.0667035814979,-3.88558799369792,-6.35817145148385,-33.6671503320642,-15.7529320869594
2020-05-11,24.0637947295859,18.7425969816223,16.7663686674631,-3.51404068467862,-7.06186723231639,-33.845585432727,-15.1512670289493
2020-05-12,25.0402907705042,19.4682187357858,17.3706069933263,-2.9234890164963,-8.8567465827534,-33.9365393049249,-16.1623415954418
2020-05-13,24.2325698957033,19.2813654933528,17.1257670182601,-2.79106337694385,-8.74482739072379,-33.7034495598648,-15.4003620797838
2020-05-14,24.0345021682758,19.5434473831427,16.1111296422736,-1.65574814220734,-9.78363617037997,-33.7476760328927,-14.5020188482121
2020-05-15,24.208844288595,19.5764468839555,16.3182351450848,-1.44655532850926,-10.1269623711376,-33.9628265679496,-14.5671820500388
2020-05-18,24.5416607493278,20.1078986259252,16.2995410365305,-0.750140773317256,-11.1108336267609,-34.3888107415919,-14.6993152701135
2020-05-19,25.5990441678724,18.8889610843703,16.5154308006838,0.283987517623501,-10.8771183940546,-34.7139964122861,-15.6963087642094
2020-05-20,25.6500870884832,18.9588478578997,16.4616901746772,0.128291798175539,-10.9156040739204,-34.3516858192903,-15.9316270260249
2020-05-21,23.5840227365055,19.4967716486815,17.2013344922072,1.34780208974692,-12.0004815370608,-34.2796154888306,-15.3498339412497
2020-05-22,22.2299084939278,19.6617681145819,17.9485626214595,1.50278160728732,-12.2393545591915,-34.2974115483458,-14.8062547297193
2020-05-25,20.5597611359974,20.8871950329695,19.8739134941318,-0.956547637877122,-10.4414892819547,-34.5541858651956,-15.3686468780713
2020-05-26,20.7293431609687,21.1437034070569,18.6087121586073,-0.685332299258917,-10.15684689597,-34.563239957566,-15.076339573838
2020-05-27,20.2219997455268,21.2668692016289,18.0514498645772,-0.897255753363325,-9.54660038066703,-34.173462906762,-14.9229997709406
2020-05-28,19.8039280845609,21.284082672914,17.8538648085501,-0.855138928809936,-9.24485827342264,-33.9304456936779,-14.9114326701144
2020-05-29,19.7564304428855,21.4223609616297,18.1484618939991,-1.00298509529969,-9.67073095670204,-33.7824399599047,-14.8710972866079
2020-06-01,19.9713138581211,21.5336414929696,18.3864786388746,-0.754732629564899,-9.86814951039796,-33.8701836638779,-15.3983681861245
2020-06-02,19.8831460391056,21.9252608350618,18.3257570839361,-0.604146822171344,-10.093440861365,-33.5855860896535,-15.8509901849136
2020-06-03,21.9856979043151,22.2540571284496,20.143944756693,0.723120121958488,-10.5636102120341,-34.8716896629965,-19.6715200363855
2020-06-04,21.8863583733429,22.4626711210389,20.4699378574499,0.723126102000251,-10.5995999873032,-35.0139944244976,-19.9284990420312
2020-06-05,22.2376627554088,23.0567118814241,21.5338318429421,2.59480188248629,-11.588279946109,-35.7219118686082,-22.1128165475441
2020-06-08,22.6437072081142,23.428489563019,20.8769209231739,2.50599754919223,-12.2092931164653,-36.5267496411069,-20.7190724859272
2020-06-09,22.5748360686358,23.0748942797249,21.7478292323637,1.96811575933982,-11.8979828179031,-36.6953616242503,-20.7723308979108
2020-06-10,23.3228865242156,23.5555995631384,21.4652300357322,2.46725165910797,-11.4228522765112,-36.561370714946,-22.8267447907369
2020-06-12,23.3740110039456,22.8602938464687,21.4730281539767,2.3726857551452,-11.8305276167045,-36.5078845619674,-21.7416065808644
2020-06-15,23.6422867227467,21.6710155217018,21.4847852942269,2.7715915908088,-12.641231545239,-36.6810097662204,-20.2474378180248
2020-06-16,23.9308657534885,21.4197288164519,21.6749312756898,3.03948859500717,-13.1882115437392,-36.9273007654284,-19.9495021314697
2020-06-17,23.5983096443275,21.911857990655,22.0840224939383,2.21922708369287,-13.4203009747225,-36.0949715833782,-20.298144654513
2020-06-18,23.2899755314239,22.0047864754842,22.2964933308459,2.20465076245685,-13.4135708475673,-36.0626217760062,-20.3197134766374
2020-06-19,23.4660438034313,22.0966083906582,21.7380549039564,2.26860692177041,-13.2915794893493,-36.0298593149662,-20.2478752155008
2020-06-22,23.6031687579011,21.9826659944,22.0127890262438,2.4313073255318,-14.1357020850217,-35.8194159847247,-20.0748130343303
2020-06-23,23.9629643536348,21.9092752252776,21.5630131559023,2.45596209977595,-13.5167772288908,-35.982809810185,-20.3916277955148
2020-06-24,24.134234020198,21.6453081793461,21.4635671238808,2.44035544126113,-13.0702360225799,-36.1059549566805,-20.5072737854257
2020-06-25,23.6820211514282,21.6132048110809,21.7929597832153,2.68719169253586,-13.7838393483779,-35.8920220052701,-20.0995160846124
2020-06-26,23.4909150840646,21.7324264076923,21.9047849633529,2.91790101090875,-14.0907649701237,-35.6527094996836,-20.3025529962112
2020-06-29,23.3597711665611,21.6501945893203,22.2274582475398,2.81372319357862,-13.8895819326395,-35.5576470871362,-20.6039181772241
2020-06-30,23.5366240142055,21.9114831629938,22.5006263540256,2.26886649679,-14.6687048250175,-34.9841129502529,-20.5647822527445
2020-07-01,23.251303744747,22.0353172618506,22.6877471134316,2.05365390187703,-14.6727133494593,-34.8803625913804,-20.4749460810665
2020-07-02,22.2948953962896,21.2863127619432,22.2087037377069,3.60049168456075,-14.883455066311,-34.9328731377055,-19.5740753764839
2020-07-03,22.9159187671258,22.4201977736805,21.838843168677,2.59510471414239,-13.6789311281164,-35.7421161418963,-20.3490171536129
2020-07-06,23.6313670278613,22.4488546765004,22.6779800436082,1.32675017587643,-14.1237735646354,-35.6703632412756,-20.2908151179353
2020-07-07,21.6481505228707,23.057865843498,22.5408357557135,1.29872806167745,-13.6406368107871,-35.2274345733022,-19.6775087996704
2020-07-08,18.2630867744159,18.8968145447681,22.2465887122423,0.217960292594057,-10.1531857231442,-34.5484830144505,-14.9227815864257
2020-07-09,19.9016095891582,20.3050733938961,19.3842057384995,1.05030044746684,-10.3518318222745,-34.8250230090421,-15.464334337704
2020-07-10,20.42906743205,21.0013576640116,18.8741494406045,0.99062052559735,-11.0028459699477,-35.3238193191787,-14.9685297731371
2020-07-13,20.4667294148469,20.8866425279193,18.876489037705,1.10656242165824,-10.8667375423579,-35.2778789486825,-15.191806911089
2020-07-14,20.661536678053,20.8647067350998,18.7823641785298,-0.165160161294907,-10.507326670571,-35.2357700517013,-14.4003507081154
2020-07-15,20.8314006206006,20.8855201905611,18.9676226663684,-0.652293848676223,-10.7418345372831,-35.0553717437924,-14.2350433477783
2020-07-16,20.9374289850636,21.0022424171149,19.7168092457958,0.348416955010478,-13.3215965504846,-34.9270957543694,-13.7562052981307
2020-07-17,22.3573463967788,22.1589469585659,18.7148315090632,-0.457428086499959,-13.1479300421651,-34.5664175537026,-15.0593491820402
2020-07-20,22.3147479780612,22.0239711906698,17.5928768691825,0.155124653539332,-11.6265741125774,-34.788626060391,-15.6715205184845
2020-07-21,21.6841799376946,21.8427514150002,16.2783832398788,0.668072166204965,-11.0554897878219,-34.8420480974883,-14.5758488734683
2020-07-22,21.6940739413086,21.9992526259559,16.4979087677337,0.0211063035334718,-11.0053357044314,-34.7819413587908,-14.4250645753094
2020-07-23,22.2874403351248,21.9507703732422,17.9804600348597,1.76735339811771,-14.4774289233606,-34.2964068680491,-15.2121883499346
2020-07-24,21.79689934538,21.2623962250283,17.8474093410049,0.480038661593042,-11.8823528149908,-34.2128876289852,-15.2915031290302
2020-07-27,21.8271639557417,21.8168932152911,17.986345402958,0.535841802876163,-12.5909426423034,-34.1695081306984,-15.4057936038652
2020-07-28,22.0610690742126,21.6545093743199,18.1406141300777,0.495923811504383,-12.5706118253921,-34.0367649271014,-15.744739637621
2020-07-29,23.1658761516954,21.6833725935333,17.7097824889618,-0.24394009190523,-12.2401820899414,-33.9778417997659,-16.097067252578
2020-07-30,23.3745891991454,21.7193695415415,17.7060200358822,0.30742042762715,-12.1046429947776,-34.069688129606,-16.9330680798125
2020-07-31,23.8507119289166,20.6560823720865,17.8434315804579,0.416507795767345,-13.0375490628346,-33.2027378767937,-16.5264467376
2020-08-03,24.3667152951252,20.8321659333597,17.5921901923351,0.978021669986177,-12.3938460655011,-33.9815065383848,-17.3937404869204
2020-08-04,25.4443396603001,21.5631689303171,17.6240530858802,1.53148338869606,-12.9986634628056,-35.1285974972517,-18.0357841051362
2020-08-05,22.9035843074438,21.0742548685522,17.0370799506838,1.19727714341177,-11.5863902682796,-34.3548052037968,-16.2710007980151
2020-08-06,21.7196709116534,20.8189402422771,15.7089303170682,1.25068723320577,-10.2654019072681,-34.1385115728028,-15.0943152241337
2020-08-07,23.4458536117282,21.8144143665374,16.7776427368056,1.65263728778777,-12.7234291818633,-35.1677734193774,-15.7993454016182
2020-08-10,23.0570605494398,21.7195736539024,16.7891858816632,2.05080513247638,-13.1722340263021,-34.1403788638324,-16.3040123273472
2020-08-11,23.018836694614,21.802034162431,17.1589114967225,1.17578571645915,-13.7331094197449,-33.3712618157955,-16.0511968346863
2020-08-12,23.0396077950507,21.164886250642,16.7341467112892,1.82971721004014,-12.9382495300656,-33.9699384244629,-15.8601700124935
2020-08-13,23.3105864072498,21.0771353430508,15.6675062830198,1.12689813985489,-12.9034385106634,-33.4309360976441,-14.8477515648678
2020-08-14,23.3773308613607,20.3530860893693,15.7037223922233,1.59534858276533,-12.5682419786595,-33.2582932016472,-15.2029527454119
2020-08-17,23.4989562974425,18.9591961308524,15.8141570018118,2.95241374776963,-12.4597645591499,-34.2942662090458,-14.4706924096807
2020-08-18,23.7178257212835,18.8049746825901,15.7913353303565,2.67175371513397,-12.3458191689637,-34.458589790653,-14.1814804897475
2020-08-19,23.6374631005838,18.740196133641,17.8961492501999,1.11296683058765,-11.7881001453153,-35.3007674497179,-14.2979077199791
2020-08-20,23.8566967807165,18.654250504992,16.7135003294844,1.62553767280468,-11.5013931899386,-35.1840309768324,-14.1645611212265
2020-08-21,23.2961004062463,18.8541353699977,17.1886197291024,1.49433577149165,-11.6229392101225,-35.3930841890181,-13.8171678776975
2020-08-24,23.5893139802901,19.1475637000979,16.8098626716404,1.76850257528818,-11.7111906406252,-35.2190884262448,-14.3849638604466
2020-08-25,23.5736464204504,18.9454012572677,17.2473744872597,1.92385841385736,-11.7262835154754,-35.3069626867646,-14.6570343765952
2020-08-26,23.0542387397063,18.1692675442418,17.8571621545021,2.36730687181614,-11.2933941892145,-35.4814612858976,-14.6731198351543
2020-08-27,23.2353335788172,18.4360078024386,17.3674018238804,2.25067184606139,-11.286629151802,-35.3925656749108,-14.6102202244848
2020-08-28,23.4361418572129,17.5338273281108,17.7152873218749,3.55904957212738,-9.94949349189469,-35.2745814627402,-17.0202311246911
2020-08-31,8.32703441261013,9.05418825782371,24.6242573676514,23.5900276707284,-9.36858652942457,-41.5335052440611,-14.6934159353279
2020-09-01,21.7023979367266,21.9701197166437,5.90518426513989,24.8360219149201,-28.0836153575333,-34.1131451818815,-12.2169632940154
2020-09-02,30.6686288079879,25.6804120195307,-12.2142628787327,21.370053127566,-22.8938052740969,-29.6102001248987,-13.0008256773563
2020-09-03,34.6572120433856,27.056602667378,-13.889784073486,22.6186657899601,-26.8804075009409,-30.1265600603633,-13.4357288659335
2020-09-04,34.8761125726769,26.9944342430133,-13.907063132992,22.670235352824,-26.9802056825638,-30.1657648218309,-13.4877485311274
2020-09-08,32.6073989246551,27.2101091079713,-13.7754873627991,22.2680387811547,-26.7503622386426,-29.5514231948083,-12.008274017531
2020-09-09,32.8629510933887,27.1888496727162,-13.7198983142131,22.4107049689534,-26.7384913625274,-29.5234412956406,-12.480674762677
2020-09-10,32.616331548305,27.2971020548491,-13.5669236862277,22.2937276387708,-26.5311393387797,-29.6645544604604,-12.444543756457
2020-09-11,32.5425209809164,27.2902012306052,-13.4725178039016,22.2990712100119,-26.2092831164429,-29.7538618675842,-12.6961306336049
2020-09-14,32.6156511659048,27.6356523973241,-13.2936068222346,22.6871627152901,-26.5878192669334,-29.9182878206245,-13.1387523687265
2020-09-15,32.1948994782247,27.6540373047509,-13.1509166510054,22.8675755013629,-26.1834213103734,-30.3616885160403,-13.0204858069194
2020-09-16,32.883447050418,28.2231084743996,-13.0293439583764,21.6406983067353,-26.1829676007451,-30.3684320457872,-13.1665102266441
2020-09-17,32.8771364939334,28.2037047282415,-12.9179461166347,21.5691461214964,-26.0366452927053,-30.2076411481563,-13.487754786175
2020-09-18,32.894857253127,27.3135855802833,-12.8128291262758,22.1458176127363,-25.8227488789464,-29.9794511845043,-13.73923125642
2020-09-21,33.0770062298619,26.2535287094155,-13.4505483253,22.7225453689026,-25.2108220403411,-29.8089156835403,-13.5827942589987
2020-09-22,33.1671638326218,26.0378112343616,-13.3127139297603,22.6380761605178,-25.2402663580242,-29.6962810769945,-13.5937898627222
2020-09-23,32.2416059206343,26.3516173422819,-13.5906675242197,22.7414879906152,-25.6218393841528,-28.4573416000225,-13.6648627451363
2020-09-24,32.5107990262326,25.3729313077975,-13.3401107988569,22.7812573443087,-25.893133436627,-28.4072351246319,-13.0245083182229
2020-09-25,31.8726604721292,25.6265724082354,-13.2773844517615,22.5482091289358,-25.6860378534321,-27.7840446903044,-13.2999750138024
2020-09-28,33.7668829676572,25.1228901718828,-15.042864781551,24.1584061540833,-26.0928254188155,-27.9836126835103,-13.9288764097465
2020-09-29,32.3028245984258,26.0451411361986,-15.4894946861352,21.8674474467196,-25.6640477049803,-28.7910063157612,-10.2708644744672
2020-09-30,32.3538424664461,26.9449577998825,-15.5241977160117,19.4779324667274,-24.8115293851885,-28.6959047323198,-9.74510089953603
2020-10-01,32.4564793472428,25.8879400448369,-15.1581442934799,20.1176434886443,-25.0720400137108,-28.7426559182358,-9.48922265529734
2020-10-02,33.4867666751874,25.679707997541,-15.5883068685333,22.2372121170375,-26.3644204221893,-31.3837861575015,-8.06717334154183
2020-10-05,33.406630590951,25.5162415957428,-15.5630552455066,22.236482712891,-26.0891957530375,-31.1546139316531,-8.35248996938756
2020-10-06,33.1938024967545,25.4110331774324,-15.567147053955,22.2157619272236,-25.6549193843549,-30.9280716074386,-8.67045955566204
2020-10-07,32.7071731562594,25.3154658599249,-15.9590775450874,22.4964364166348,-25.277113457755,-30.0660817153874,-9.21680271458919
2020-10-08,32.7850817254811,25.492719038432,-15.5413542514757,22.6929071932925,-25.6112489110041,-30.6422298940138,-9.17587490071195
2020-10-09,33.9281124903517,25.4181406469129,-16.0708274219611,23.6693032448849,-27.430144525928,-32.0440619614457,-7.47052247281479
2020-10-13,32.5804875842703,25.5132520744983,-15.9200051711618,19.9560665973599,-24.385130520955,-29.3384047146435,-8.40626584936807
2020-10-14,33.0479552862856,26.0213052708902,-15.6542300539488,18.2766862153747,-24.1915555761999,-27.8708163738371,-9.62934476856454
2020-10-15,32.7261312502903,25.5726542489865,-15.2862743636859,19.2800925232243,-24.302574769752,-28.3986409705856,-9.59138791847758
2020-10-16,34.5597205522259,26.733829430546,-15.9873187432553,19.3890243465022,-23.4987438939644,-28.0760811179386,-13.1204305741158
2020-10-19,33.4600734373413,24.7626044039322,-16.654570953811,20.050608372525,-21.0234930454437,-31.0440060355513,-9.55121617899239
2020-10-20,33.8233628524924,24.6329336638248,-16.245191637218,19.1712255436358,-21.0444528245347,-30.5845791780321,-9.75329842016822
2020-10-21,33.616338315391,24.9443611230878,-14.725799075658,18.9317093910638,-20.1436059544049,-29.4379445373002,-13.1850592621795
2020-10-22,32.478122197431,23.7589886007694,-13.7702969726864,16.9449191508571,-19.3294698751393,-28.6237304976082,-11.4585326036236
2020-10-23,33.9223933788617,25.2804380393938,-14.7881453116588,18.5661893281932,-20.1575807643104,-29.2688606414519,-13.5544340290276
2020-10-26,34.9421440407477,25.3921531195458,-14.5574514388404,17.3469234336377,-20.4073203966368,-29.2492673560445,-13.4671814024094
2020-10-27,35.6928884009034,26.1567411113983,-14.4182644014408,16.8354881269589,-21.7275522487577,-29.123927196374,-13.4153737926882
2020-10-28,35.7160144370421,26.2985914982382,-14.312909278323,16.7221234365607,-21.3562893305936,-29.0252030719395,-14.0423276909848
2020-10-29,36.5088413128636,26.6121338279443,-16.1638699889966,18.6005684719338,-21.8103956749331,-29.1722443510729,-14.5750335977391
2020-10-30,36.3739327170058,26.2733089424806,-15.7618914942703,17.9717562660973,-21.5645597784013,-29.1604893272218,-14.1320573256903
2020-11-03,36.3023417585762,25.9272800462497,-15.538604677286,17.817083734218,-21.3697349487509,-29.3548093981582,-13.7835565148489
2020-11-04,35.2923597924352,27.3642745379296,-15.6126964540587,18.0399123642381,-21.5204504583132,-29.8003350231801,-13.7630647590507
2020-11-05,35.4718732180839,27.3579957595842,-15.6142904111344,17.8161233033382,-21.7164764399964,-29.5265718941996,-13.788653535676
2020-11-06,34.3584309108601,26.9987495909965,-14.6099816911379,17.1898633918512,-21.2540669243728,-28.6992425739016,-13.9837527042956
2020-11-09,35.5990523416172,28.1348845509251,-16.2072431137626,17.3121450314,-21.0452487350781,-29.4587614226824,-14.3348286524191
2020-11-10,35.2529056459652,27.8793345605966,-16.1698177210918,17.2672782031085,-20.6013514524846,-28.7709221565407,-14.8574270795532
2020-11-11,35.3554174387358,26.3370360920297,-16.6340119073445,17.9137865571701,-18.7964292900933,-29.253543280575,-14.9222556099228
2020-11-12,34.6323651247641,26.3114888197658,-16.4471737935205,17.9200311320524,-18.3365293584604,-29.0960668224531,-14.9841151021483
2020-11-13,34.6083115773532,26.1267346536906,-16.5029117054331,17.9346255857843,-18.8401447786505,-28.3962361195973,-14.9303792131473
2020-11-16,35.1599671780629,26.5188974991452,-16.149443349356,15.9845013171282,-18.4912167650736,-28.1854183174324,-14.8372875624744
2020-11-17,35.3858918406294,26.5263302695772,-15.9163107782357,15.846435746636,-18.9405215500769,-28.1096404098619,-14.7921851186682
2020-11-18,35.4863492260588,26.1749870712215,-15.8698027023159,15.8428256298265,-18.9521959004224,-28.0572701604123,-14.6248931639563
2020-11-19,35.1084594655198,26.3816428053484,-15.8121383701973,15.520363150164,-18.7144607838406,-27.9821269838311,-14.5017392831632
2020-11-20,35.7443698931143,26.7105139572797,-15.5648495973474,15.2940738196234,-18.6250253027827,-27.7272130655948,-15.8318697042925
2020-11-23,35.736520666854,26.6916540818401,-15.5408481802321,15.3941391302305,-18.4679194894422,-27.6450885086079,-16.1684577006425
2020-11-24,35.9987325405751,27.0499939141057,-15.1672904898604,15.4737609877565,-20.1332874305186,-27.4382204599542,-15.7836890621041
2020-11-25,36.0449306537596,27.0908391859004,-15.1113337140246,15.4381636736361,-20.31366575133,-27.4177927892131,-15.7311412587283
2020-11-26,35.8768606016031,27.021433304478,-15.1730412968159,15.1898633510775,-19.8902093652032,-27.1688611393001,-15.8560454558395
2020-11-27,35.2410987254952,27.4409306675531,-14.915930981045,15.6562275271633,-20.1294309031039,-26.902334362333,-16.3905606737295
2020-11-30,35.2712827973195,27.3883268441417,-14.722497862836,15.6605966097392,-20.2393228700352,-26.8751091938137,-16.4832763245155
2020-12-01,37.1055039270182,28.746271487373,-17.5533995200218,17.2710382851371,-20.4163740885788,-27.7649644984305,-17.3880755924971
2020-12-02,36.4447585218902,28.2624072063256,-16.8701557314098,17.1981605197731,-21.2633226999211,-26.9604200336042,-16.8114277830538
2020-12-03,37.4719994680555,28.8677379896445,-16.3763125043093,17.6712036943983,-21.2574690425084,-26.4593159019328,-19.9178437033478
2020-12-04,37.0208745314399,28.0139644801288,-15.8892420506761,16.4552830042803,-21.5195521187497,-25.7393147196601,-18.3420131267632
2020-12-07,37.2899035017294,28.4783900787915,-16.1340835009257,17.1421915293404,-21.9122553099004,-25.6738914471865,-19.1902548518488
2020-12-08,37.4322117780763,28.5512380818719,-16.0809708533337,16.9744912132209,-21.9476503709637,-25.7525445758074,-19.1767752730643
2020-12-09,37.2217578769755,29.1114439209969,-16.7322403927756,15.267812431595,-21.9500605068027,-25.3271108905444,-17.5916024394448
2020-12-10,37.4093856939687,29.1195900161112,-16.5730505409299,14.9574849893655,-21.8586126319706,-25.1837988763959,-17.870998650149
2020-12-11,36.9262655560593,28.6163912898928,-16.2999268216394,15.1853361260267,-21.4530533446907,-25.5676779261762,-17.4073348794724
2020-12-14,37.4177318438071,28.6780031849609,-17.3398450772157,15.7467091144809,-20.6963242415695,-25.6323580591456,-18.1739167653181
2020-12-15,37.8052525658562,28.8060995394911,-17.5797307873058,14.6499010942897,-20.4473226565786,-25.260713687092,-17.9734860686606
2020-12-16,36.2729965633748,28.8889579043985,-16.7167037143954,16.0299640765859,-21.2883466833237,-25.5858436128217,-17.6010245338184
2020-12-17,36.7298805894533,28.0195735904329,-16.8078641920297,14.5576488615086,-20.7381212386399,-25.1018903071371,-16.659227303588
2020-12-18,36.9940740954544,28.7190185999678,-16.5358298864999,15.4223750093103,-20.8358039185984,-24.9283166079104,-18.8355172917238
2020-12-21,35.4593172025221,28.8014850983864,-17.764214208665,15.6850659567526,-20.5374495900623,-25.3903404476424,-16.2538640112914
2020-12-22,35.0016273056126,29.448588329615,-18.6037071463521,17.2544608721061,-18.7154773715583,-26.7917886656896,-17.5937033237337
2020-12-23,35.3767396594131,28.5543464936025,-19.7231234526169,18.4565172963859,-18.3685902283585,-27.1628418958621,-17.133047872564
2020-12-28,35.6135737871386,27.9552620404914,-19.97184456764,18.5084242201238,-18.1967032178383,-27.2355794648847,-16.6731327973909
2020-12-29,35.1124261679568,28.3078457821441,-19.9173063956392,18.655266693868,-18.4082095668948,-26.9732171121261,-16.7768055693087
2020-12-30,35.2789958427542,28.2153831709022,-19.7100636457423,18.6691298596129,-18.4200710306375,-27.085923760515,-16.9474504363745
2021-01-04,33.8628154814082,28.0910134748372,-20.1458990774413,18.9170787804393,-18.6209155185157,-26.5090863661038,-15.5950067746238
2021-01-05,33.4822956143878,28.1581856279659,-20.6490546416293,18.4030504382001,-18.5023985819753,-26.1531941501954,-14.7388843067537
2021-01-06,33.5627285388877,28.4172369197846,-20.6871666854737,18.529304356607,-19.1657645290443,-25.9799418776591,-14.6763967231023
2021-01-07,32.0938926871558,27.9428127725636,-20.7086493584105,18.2856890353602,-17.9285311097994,-25.6471062781288,-14.0381077487409
2021-01-08,32.4813676887908,28.11706806732,-20.6124389081579,18.5266266371524,-18.8676193567336,-25.6272273765851,-14.0177767517867
2021-01-11,33.3070580967685,28.9514415292161,-20.9405497356591,19.397947080587,-19.7268040001081,-26.070597294857,-14.9184956759475
2021-01-12,33.4062532934008,29.1117474782252,-21.0439742886753,19.3083387346742,-19.6552583190033,-26.5131421935254,-14.6139647050963
2021-01-13,33.0280925284169,29.0935135234163,-20.5886250586325,20.0728715106083,-20.140338610966,-27.0216472695482,-14.4438666232948
2021-01-14,32.7289132749946,29.265547711115,-20.3842987619778,20.3615601067212,-20.4888185393566,-27.041469579585,-14.4414342119114
2021-01-15,32.5338267090873,29.3617021445884,-20.2566271464988,20.4275066492091,-20.3350591973694,-26.7438342561714,-14.9875149028452
2021-01-18,32.8032511740628,29.5314327876454,-20.2416842399687,20.5530954571992,-21.1399689825979,-26.6893409943268,-14.816785202014
2021-01-19,32.8524414667875,29.5768478252848,-20.2266130098571,20.5773589291322,-21.1787644094663,-26.668003100432,-14.9332677014492
2021-01-20,32.907475120336,29.3873528055415,-19.8577451273565,20.7201800291266,-21.0589990617843,-26.2256827122726,-15.8725810535907
2021-01-21,32.77942261324,29.5760777201925,-19.8077238807967,20.6444908238278,-21.0666389486725,-26.1995153327728,-15.9261129950184
2021-01-22,33.2238376882523,29.5282356401875,-19.9613873272964,20.5747099059201,-21.3038075333724,-26.2632830221652,-15.7983053515257
2021-01-26,34.5036456242979,30.3995606964483,-21.3704893735297,21.2289281932953,-22.9902405677919,-25.741762822524,-16.029641750196
2021-01-27,32.7303367629309,29.7208851549182,-20.9885916939528,20.9316172039442,-21.9037311556138,-25.1000426077847,-15.390473664442
2021-01-28,32.1236829095344,29.4307648377495,-20.8241050774667,20.8834776825185,-21.5126221307695,-24.7529797043477,-15.3482185172186
2021-01-29,32.5757145348407,30.0646056358649,-21.0885208124711,20.4634099981729,-21.7269630389717,-25.2496275308999,-15.0386187865358
2021-02-01,32.7012342179527,29.85793932389,-21.4794868629081,20.3750275948829,-21.3782621855229,-25.3654087505708,-14.7110433377238
2021-02-02,32.8668169997554,29.9157185052532,-21.6663776906468,20.0963293845817,-21.3363211261706,-25.325334493831,-14.5508315789418
2021-02-03,32.5261372303938,30.8396192691659,-19.8556869815522,10.316308243782,-19.1083934495633,-22.9379509633134,-11.7800333489127
2021-02-04,33.3226856137189,24.0650068549328,-18.4288031920224,10.2538175976921,-18.0025134632439,-21.3822483824202,-9.82794502865733
2021-02-05,33.4543535835813,24.293373855833,-19.0805816596807,12.4225640782968,-18.7165875767952,-21.941868005049,-10.4312542761861
2021-02-08,34.0508667688763,23.3548192828389,-18.4525591978261,12.7135133011788,-19.1178031405617,-21.7052875296858,-10.8435494848205
2021-02-09,34.0724012793323,21.2541923852989,-20.7256195395013,13.1338777260668,-14.9964573254113,-24.9481663758228,-7.7902281499627
2021-02-10,33.9656860821359,21.4799975883745,-20.2557911705494,12.8649012035916,-15.1948137905469,-24.6259359150925,-8.23404399791331
2021-02-11,34.2490363808186,21.9084056571951,-19.5742343730147,13.4682550861304,-15.157205245067,-26.0397582923795,-8.85449921368283
2021-02-12,33.9368296260217,22.1843377140073,-19.3735190024054,13.4455169774071,-15.003251215134,-25.8698994403468,-9.32001465955
2021-02-17,33.8033586185455,22.3750447300287,-18.9887798327455,13.5011152613393,-15.8184355506623,-25.5196346382578,-9.3526685882479
2021-02-18,33.5888611034046,22.4164905048676,-18.8281226568546,13.6278134960623,-16.0637828247126,-25.6127591165734,-9.12850050619407
2021-02-19,33.8008675022359,22.5918102649144,-18.9794501256326,13.8957920642425,-16.1909994432387,-26.0576795358581,-9.06034072666347
2021-02-22,35.7165223246893,23.6585329769055,-17.6808046850475,12.4781872724064,-18.4562034725831,-26.5267216454118,-9.18951277095871
2021-02-23,35.9167480582019,23.9239837549905,-17.5025057870382,12.636629247754,-18.9727662678518,-26.5180800003377,-9.48400900571863
2021-02-24,35.0387087547743,22.6627353294922,-19.8303884708126,12.972504313527,-16.93779187173,-25.492876690428,-8.4128913648229
2021-02-25,34.8215277364366,22.953476474648,-18.8275147448492,12.85222553419,-17.42523718817,-26.3858168277924,-7.98866098446302
2021-02-26,34.4942751728496,23.2208861390821,-18.4418069240395,12.6615030254519,-16.8682898311578,-26.7442351249026,-8.32233245728363
2021-03-01,33.7765733450324,23.5219674792798,-17.8649111144571,12.8758422397351,-16.5156726819076,-26.8467924507786,-8.94700681690397
2021-03-02,31.8792707418951,22.8035721007999,-18.1761600878887,12.1369718058476,-17.189548329939,-27.7229687517213,-3.73113747899362
2021-03-03,32.0980963950497,22.6099162878417,-18.4154002388782,12.2541697678273,-17.5037349087226,-27.9789897426347,-3.06405756048312
2021-03-04,31.3131164003871,22.6667106673603,-17.7449884522857,12.0494749993345,-17.5259773407993,-27.8733461560835,-2.88499011791342
2021-03-05,31.0208069801185,22.7240458472241,-17.3975182909409,12.0278256843769,-18.3512940548,-27.2690633862234,-2.75480277975522
2021-03-08,31.7347817214892,23.3347253225016,-17.9077531564633,11.4785009236756,-18.4648694201226,-27.3904894077005,-2.78489598337995
2021-03-09,31.5580131592057,23.2994790308708,-17.6542351200678,11.6158600152752,-18.2544600591867,-26.5272451068144,-4.03741191928283
2021-03-10,31.4333892716961,23.2910665584564,-17.5803814948923,11.8938343185482,-18.606561760753,-26.3555118652855,-4.07583502776998
2021-03-11,31.4785654733722,22.3743056717892,-17.4982344227643,12.3042220220968,-18.7331609523375,-25.5507367737026,-4.37496101845372
2021-03-12,29.3972237791861,20.8544870869382,-17.4062551880737,11.4991933577418,-19.4309883377562,-22.8661898857061,-2.04747081233011
2021-03-15,29.4572912487007,20.5602755760407,-17.2070998590823,11.2020373694897,-19.2363803309717,-22.8416973297726,-1.93442667440449
2021-03-16,30.3100748552667,21.108174983921,-16.3846504014056,8.27960043305818,-19.6120530237376,-22.0978162711262,-1.60333057597668
2021-03-17,30.5457841550994,20.3041706886155,-16.0998449415978,8.23615296413342,-19.6343781297284,-21.9885829255462,-1.36330181097598
2021-03-18,30.6564504652643,20.455599662237,-15.6781954802981,7.97958794201764,-20.0018649257428,-22.0555075984404,-1.35607006503761
2021-03-19,31.1262463416768,20.6105218539363,-15.2876486771848,6.95993551802522,-20.2719639326669,-21.9793164993633,-1.15777460442322
2021-03-22,31.3951987635827,20.9456563900649,-15.1650637721201,6.50984069271216,-20.4323465734986,-22.1940635876051,-1.05922191313609
2021-03-23,32.0808356512282,21.8052073690261,-18.3610244482692,7.21139710961178,-20.4334533738132,-21.8176846762438,-0.485277631539901
2021-03-24,30.25586761558,22.2735899218054,-16.9005275456364,3.59624497086418,-18.0810660533194,-20.340224749813,-0.803884159480667
2021-03-25,29.7489130649888,21.4316866082395,-17.4590056492169,4.37725670982644,-18.0331169386162,-19.9357329645901,-0.130000830631502
2021-03-26,28.010839906314,22.0540953322002,-16.9585379786542,3.68129716977545,-17.8314676245379,-19.4776837747082,0.521456969610625
2021-03-29,28.1475289491237,22.5121184524743,-16.6864252230241,3.46853043328693,-18.4255999885277,-19.5637674203604,0.547614797027279
2021-03-30,27.8833839566799,22.4707272166643,-16.4935608903198,4.05072917099361,-19.1407162678309,-19.6254297102669,0.854866524079746
2021-03-31,27.4001096664045,22.2971284248114,-16.1419283805354,4.00441711752049,-18.961678276147,-19.4749097553288,0.876861203274835
2021-04-01,26.4825234308788,23.238804340528,-15.5718733494798,2.800513351242,-19.6249842357299,-18.9839270197883,1.65894348234912
2021-04-05,25.6710964596036,23.3074954232977,-15.5407187840377,3.96555947512209,-19.2041506872806,-19.8300069392015,1.63072505249632
2021-04-06,25.4549478943706,23.4926887041809,-15.5436074008086,4.47487774896605,-18.7642746810956,-21.2975123946398,2.18288012902649
2021-04-07,25.5079465318245,23.4455350364887,-15.4268775355098,4.54059681399175,-19.006254109881,-21.1917357700244,2.13078903311018
2021-04-08,25.6566839537617,23.4447806620663,-15.0425869875925,4.42921866481493,-19.1205581457547,-21.0561526965281,1.6886145492324
2021-04-09,26.0120217191308,22.4207661019636,-14.8857747035869,4.68212330612533,-18.9746696573908,-21.1608414997915,1.9063747335495
2021-04-12,26.7999928136594,22.6103170173867,-14.9894618816902,3.043222041414,-17.9321265971408,-20.6885483286932,1.15660493506412
2021-04-13,26.7436556332057,22.6362828464716,-14.9043655371113,2.65312565501013,-17.4134137516731,-21.1638776044287,1.44859275852559
2021-04-14,27.8874103977932,24.1661413062676,-15.5745789452627,6.64858045486081,-19.4198152272497,-25.8995846814542,2.19184669504481
2021-04-15,27.5428489860697,23.8783731444383,-15.4509741582939,5.90589226219846,-18.954469595298,-25.2765100682332,2.35483942911868
2021-04-16,27.0946331922307,23.6199917227334,-13.9959474864935,5.66016887556972,-20.8451685508319,-24.1278580815326,2.59418032832401
2021-04-19,27.0770137499442,23.7504665601833,-13.8064652081049,5.83111051742304,-21.3900449487278,-24.2527572582101,2.79067658749232
2021-04-20,27.3108888541491,24.2358650261496,-14.0822576052944,6.46297834172272,-22.3734056772951,-24.2921986180572,2.73812967862528
2021-04-22,27.3817042178723,24.0979235295695,-13.720424125863,6.24215638118572,-22.1988318053783,-24.7400276761139,2.93749947872773
2021-04-23,27.5271250602173,24.1509359313474,-13.7808127007542,6.13943097757098,-22.2097646071571,-24.851402814805,3.02448815358067
2021-04-26,27.4430735146126,24.0603996456201,-13.9202769702169,6.45133231168373,-22.3643993855483,-25.2436179729957,3.57348885684445
2021-04-27,27.4904700294951,24.5064563686797,-14.647640070455,6.61474157177069,-22.5873956532561,-25.279424219873,3.90279197363851
2021-04-28,28.2721919875357,25.1599797952493,-13.8526702357581,3.14011083423308,-22.3528983613106,-24.5324147217613,4.16570070181205
2021-04-29,28.5420271629805,25.3804536862853,-14.2407463054735,3.98008978437433,-22.7737152636804,-24.6634424218489,3.77533335736266
2021-04-30,26.4280096818426,23.0537178148463,-11.9683926141521,2.20193595522635,-22.5183799748899,-22.8850332166665,5.68814235379331
2021-05-03,27.0046275476126,23.7286142423068,-12.4980771757438,1.75883535618995,-22.165631126918,-23.5631836896501,5.73481484620255
2021-05-04,25.0633318282373,23.5751870575476,-11.7701933340345,1.61844184676437,-22.0023965351671,-22.9005712738727,6.41620041052512
2021-05-05,26.2948884612572,23.3837507924972,-11.4849595471125,0.861012557521519,-21.7874696527031,-23.2904781064178,6.02325549495747
2021-05-06,26.4140033175911,22.0109818613777,-10.8000422284701,0.340003221709807,-21.4106409075027,-22.3802254321307,5.82592016742493
2021-05-07,26.1761210841567,22.7622993918396,-13.2982770928413,0.0251134966085402,-22.2107749847308,-20.8823669016794,7.42788500664667
2021-05-10,26.3659945949082,23.2393777564428,-13.2188615660152,-1.52480206389281,-22.0286545510654,-20.6097590826427,7.77670491226511
2021-05-11,26.9282567621133,24.136311861924,-13.7332009156665,-2.67209292652178,-19.7777904910717,-22.1644591182433,7.28297482746611
2021-05-12,26.4090746418772,24.7299557909606,-13.856550078261,-3.30497934928047,-18.6284535277124,-23.1639281489079,7.81488067132402
2021-05-13,26.9916713431494,24.3929468591776,-13.5140600830961,-2.83575347778903,-18.9611850121585,-23.7263406843159,7.65272105503259
2021-05-14,27.2530652880943,23.360882003191,-13.6098354572234,-4.30031418651346,-17.6732715048614,-24.2239192455622,9.19339310287521
2021-05-17,27.1359833729727,23.2769656549071,-13.4737685615703,-4.44352819864866,-17.7402322120604,-23.9744261995529,9.21900614395247
2021-05-18,26.3342635136217,25.0063531345021,-12.1986359865755,-3.65939941283926,-16.3623470839992,-23.1718085636881,4.05157439897832
2021-05-19,26.1958856343483,25.1256787288948,-12.1243254996946,-3.51658474203541,-16.311009673937,-23.1620017662752,3.79235731869905
2021-05-20,27.9877178802239,21.444090543667,-10.9931384027225,-2.58677448367533,-15.217252100832,-22.2246637724131,1.590020335752
2021-05-21,25.8428100673693,21.3795273786139,-9.87586363737213,-1.19884263715599,-15.3164282817858,-20.7548938672271,-0.0763090224421674
2021-05-24,25.19975874692,22.6286940239314,-9.13853842067194,-0.288235257454616,-15.7988900110107,-20.1106595385553,-2.49212954315891
2021-05-25,25.2428154308674,21.7227765699019,-9.08574917485141,-0.625998445378556,-15.0693338010484,-20.6141443315692,-1.57036624792175
2021-05-26,25.7261883752559,22.1267783047041,-9.10764113318046,-0.665226155821244,-15.9020387947548,-20.2635279203402,-1.9145326758634
2021-05-27,25.9657161812451,21.6584613481614,-8.86619031848137,-1.24994360753786,-16.0968029640473,-20.1309891952609,-1.28025144407909
2021-05-28,26.4129134916843,22.0238629225255,-8.96936402411303,-1.05681978298293,-16.0425684588149,-20.2070686304282,-2.16095551787067
2021-05-31,26.604855263243,21.8884308612777,-8.57418402252127,-0.212029011840556,-16.2604335975366,-19.9662054478581,-3.4804340447641
2021-06-01,25.9881864717299,21.0765213051822,-8.9955019101432,-0.626175436807586,-15.2413365337461,-20.2233387500944,-1.97835514612075
2021-06-02,26.2062806571134,21.7963159835355,-8.73540501935746,-0.430936913512653,-15.8338739866535,-20.5223292913412,-2.48005142978405
2021-06-04,26.3136682331158,21.8456236428526,-8.57681478027833,-0.0895157077780766,-16.0828233281217,-20.8971852964953,-2.51295276329501
2021-06-07,27.975821099657,22.3831951445396,-8.97167942632153,-1.45673353861116,-16.9575299644948,-21.9274909837471,-1.04558233102193
2021-06-08,27.5040524348757,22.2656735416083,-8.93209890131099,-1.39601838306119,-16.7101694193016,-21.6219927167482,-1.10944655606211
2021-06-09,27.0205001827842,22.8393313510682,-8.49829120440813,-2.13920961166465,-17.431358428383,-21.4701997042771,-0.320772585119485
2021-06-10,21.1823552848597,22.2199344950085,-8.90329785273997,-0.213230622469226,-13.4710957775398,-20.6727346001545,-0.141930926964768
2021-06-11,19.6804081989855,21.9552402187282,-8.78288030756053,0.278122081477306,-12.9621025535449,-20.1801149643434,0.0113273262578844
2021-06-14,17.7151937832023,21.4830787499257,-9.11864935561049,0.514129237218825,-11.6490029380244,-19.7538217854905,0.809072308778589
2021-06-15,18.3585475515428,19.2992120988496,-8.87308605845047,0.941935409877374,-11.3030725992986,-19.6293708205293,1.20583441800856
2021-06-16,19.5132970387032,18.6657513751387,-8.61234000121535,1.60843144289186,-12.4524121738866,-19.987451279639,1.26472359800722
2021-06-17,22.6777765736343,16.2262239448288,-9.25427833095971,4.80874283296316,-16.6953709420425,-19.9474388669704,2.18434478854634
2021-06-18,17.3913547655934,15.5437891202451,-9.65259510608835,5.19288518319716,-9.53458060417299,-20.9103353508604,1.96948199208616
2021-06-21,16.7578213018187,15.4939390012834,-9.54743687231032,5.60203642743312,-8.65409818468339,-20.9441366187253,1.29187494518387
2021-06-22,17.3725834985467,14.9214641114863,-9.26431798407041,4.21571993644596,-10.1303810787081,-19.4462333261912,2.33116484249074
2021-06-23,16.000087212862,15.9792039502796,-8.72773897484222,3.24604845980812,-9.37814975445251,-19.4080153719369,2.28856447828189
2021-06-24,15.3994848848976,16.0636104320683,-8.62162709921358,3.23348666964441,-8.87541369989329,-19.4905400291549,2.29099884165155
2021-06-25,18.327947395383,15.9067856731223,-10.3676840864591,4.5884183124482,-11.6781109266914,-19.9082064073621,3.13085003955901
2021-06-28,18.388978841287,15.913722054444,-10.4582818056467,4.6211056626783,-11.7270550157973,-19.8967337953879,3.15826405842263
2021-06-29,17.9148303828121,16.3819464656117,-9.72240146437086,4.7303743568459,-11.4206249383975,-19.4883399439871,1.60421514148575
2021-06-30,17.1386217874344,15.5740761593532,-8.45202263542904,4.80954117872365,-11.1236909812627,-18.7045661385361,0.758040629716547
2021-07-01,17.3007895146969,16.1306919960172,-10.5020263834072,4.30354554535141,-10.1568073672437,-19.3341841657254,2.25799086031073
2021-07-02,17.3909454718314,16.1769561717,-10.5071415243379,4.22338757720337,-10.0165210195377,-19.460300558485,2.19267388162589
2021-07-05,16.0209677325187,17.4248685731946,-7.79042278960443,5.48621339259299,-13.8367711650431,-16.1465836759307,-1.15827206772803
2021-07-06,16.1828478545119,17.1763433157552,-7.73321254923954,5.23884689845136,-13.5627454891822,-16.3273938870112,-0.974686143285453
2021-07-07,18.3450222551402,16.8048487095557,-8.34204215940353,-1.049241271207,-10.7524815426996,-17.6864358876688,2.68032989628293
2021-07-08,19.5078357270912,17.5109711658337,-8.40564424642106,-3.13860756342683,-9.3250833905026,-18.8699061248961,2.7204344323217
2021-07-12,17.6503601483211,17.7008285896371,-7.46231178244826,-3.77350986659841,-9.91580524020345,-17.7631500163749,3.56358816766678
2021-07-13,18.1147820425258,17.6412573696144,-7.86482947461693,-3.65381687705251,-9.65233549609604,-17.9014758346373,3.31641827026266
2021-07-14,19.6349428132971,17.9609396551736,-8.56478906746848,-2.56719572393531,-10.8993179464775,-18.6080983678946,3.04351863730524
2021-07-15,18.8177576075546,17.6048890645208,-8.45370574496493,-2.46446106086614,-9.84666508610221,-18.8738813076856,3.21606652754337
2021-07-16,18.0932477543547,17.2706678402011,-9.76094432595943,-3.07828250223045,-6.44038234549024,-17.7886876692792,1.7043812484035
2021-07-19,18.2823216380598,16.652053498936,-9.38444810428873,-3.10246936580967,-6.93232908486302,-17.8339715770292,2.31884299499484
2021-07-20,17.6946236518293,17.0230532466974,-9.45087705703922,-2.94307336896699,-6.71703357122549,-17.6552634326269,2.04857053133181
2021-07-21,17.2901985319591,17.5155692843876,-9.45395232662478,-2.44508274965384,-6.61680509680919,-17.7752688989915,1.48534125573266
2021-07-22,16.7126024345849,17.2854475462562,-9.84337764791101,-1.83283675184428,-5.7679965013071,-18.0798795545055,1.52604047472678
2021-07-23,16.7762876163958,17.3474355047662,-9.77440532796668,-1.8287994115863,-6.05692250234824,-17.8727476829582,1.40915180369745
2021-07-26,17.3332749052907,16.6669175867573,-9.98871711547385,-2.24297774239965,-6.19167580020156,-17.4876834686245,1.9108616346515
2021-07-27,17.5569572708071,16.2217541797027,-10.2761745059848,-2.03000103007911,-5.64508410386485,-17.862151341298,2.03469953071695
2021-07-28,18.6063485919483,16.4683978509179,-11.4155737783598,-1.3965382347026,-4.56252948449149,-18.0414715427242,0.341366597411856
2021-07-29,18.8069363870227,16.5736362499201,-11.3666664398988,-1.53871714495641,-4.54740052833578,-18.0851992287513,0.15741070499945
2021-07-30,21.30210186228,16.7351703777358,-13.2593842381448,-0.479414476998535,-2.9505266294703,-18.7117044920138,-2.63624240338826
2021-08-02,22.6321181185098,17.1501302979545,-13.9506370608,-0.952784832066371,-1.771794022422,-19.464385879464,-3.64264662171193
2021-08-03,22.3226041762292,17.6494462741229,-13.790435010187,-0.865608543854414,-1.83150144178487,-19.0894917757197,-4.39501367880615
2021-08-04,17.457798502084,11.4810269709111,-12.2102518922888,-0.359761427571506,-3.11673490330608,-15.0253220422414,1.77324479241268
2021-08-05,18.5810443364219,12.6285182551016,-12.4321696137063,-0.14289665760603,-2.96470713838171,-15.8971324682374,0.227343286407972
2021-08-06,19.1900307634402,12.9641857274169,-12.0749494493986,-0.536670538421752,-2.82095248369321,-16.0688964027566,-0.652747616586879
2021-08-09,18.9282673040872,12.4988878468981,-13.2385123356134,1.12947322795529,-5.17981355438197,-14.0553954506877,-0.0829070382574599
2021-08-10,15.3877839024887,11.9412685429843,-12.6887194340764,2.23075589123372,-4.33442306753083,-13.1991082810357,0.662442445936136
2021-08-11,14.0216675345975,12.2086765280869,-13.2773691045694,2.60492410689446,-3.67509449028886,-13.3556658908379,1.47286131611727
2021-08-12,14.2916321495155,12.6263400417091,-13.3314442842003,2.60348983182432,-3.98853454410472,-13.2161697425786,1.01468654783471
2021-08-13,14.5070995598429,12.0334448076241,-13.6446243806414,2.36053249157332,-3.6377252166253,-13.4041681236569,1.78544086188322
2021-08-16,14.6687726664299,11.4083616974388,-13.4310026151743,2.31356113226008,-3.54221388351516,-13.3158552491028,1.89837625166358
2021-08-17,14.9346541971329,7.55992384876461,-14.5488024408163,0.979364221234832,-0.94113081014973,-12.9299665114867,4.94595749532041
2021-08-18,15.1720590436748,7.24387749546344,-14.5645173867945,-0.615624405497265,-0.336120708321758,-12.684335929715,5.78466189119034
2021-08-19,14.273217663953,7.52550913216872,-14.2793975359218,-0.641984414931414,-0.4761907054814,-12.3629040576627,5.96174991787559
2021-08-20,10.2039316978458,8.66944155950375,-12.5769133779054,2.74072550488928,-2.40161768220602,-10.8975898027932,4.26202210066582
2021-08-23,8.609905965082,9.7350599177293,-10.7044776812116,5.66568685583587,-4.41181946496165,-9.62392654144249,0.729570948968536
2021-08-24,5.91790673215204,9.99416079594799,-10.1178566246053,4.4184308643555,-2.83044829693686,-9.38486670707283,2.00267323615942
2021-08-25,5.45110087803351,9.79493093023919,-10.0706391052574,4.02511737446683,-1.92962769976674,-9.94357816057389,2.67269578285845
2021-08-26,5.48717748846882,9.07169048357299,-10.0005962077205,4.19561473161151,-1.87203996002096,-9.74355101301875,2.86170447710688
2021-08-27,5.44251822204052,9.3935063969968,-9.8469756503602,4.37864955173057,-2.08376616297199,-9.81429820105208,2.5303658436164
2021-08-30,6.19934244354916,11.604684966273,-9.55967635392502,4.09878090134211,-2.55370757570794,-9.02741299845091,-0.76201138308042
2021-08-31,5.90309709430939,8.65994022505002,-10.095171044243,4.60514909488023,-2.42131176333483,-9.70547412818861,3.05377052152677
2021-09-01,5.97419302114094,8.90113505641135,-9.97122450247857,4.57879580007264,-2.37171431546127,-9.47211584320122,2.36093078351614
2021-09-02,6.01798062846493,8.59370290586165,-10.0460686226246,4.53555595411582,-2.38244612571486,-9.84549300192307,3.1267682618201
2021-09-03,6.52239206724297,7.69650444711245,-10.4230688800133,4.6164644992063,-2.69103864302389,-11.1457034744217,5.42444998389714
2021-09-06,6.86165406505226,9.0686326690093,-9.48299339394689,4.60591476251302,-2.4184112908567,-11.0161087737974,2.38131196202639
2021-09-08,-2.34699466625817,-4.91571700945448,-12.3212265509498,20.1611090928915,-6.46345141964842,-9.33053402028934,15.2168145737088
2021-09-09,8.7343165757614,7.99670897599222,-7.99107718253073,3.8327384745634,-4.00225592181916,-9.16781321541333,0.597382293446216
2021-09-10,12.2083959247554,13.0150184239722,-6.53033011914039,-0.092181574558559,-4.66900550213212,-9.02018058730747,-4.91171656558905
2021-09-13,12.2894975015742,13.0781821379801,-6.61869840542678,-0.154915379548427,-4.56540292905063,-9.07268237889208,-4.95598054663648
2021-09-14,12.2738603775871,12.8340268781097,-6.91749012681671,1.13119720407702,-4.48156743762544,-10.2501211526671,-4.58990574266456
2021-09-15,10.7744825222612,13.673518793387,-6.30812407445195,2.68467279324079,-5.16252472026532,-9.87504429195032,-5.78698102222135
2021-09-16,10.9957045116092,13.5381620727719,-5.6224086093244,3.16395249535294,-5.21218980865153,-11.666217645743,-5.19700301601501
2021-09-17,17.1300456504645,13.187902552879,-6.89633301429204,3.17318864848511,-7.17837598816241,-12.5580751550692,-6.85835269430497
2021-09-20,14.6554694879257,8.2593626628575,-3.9163605258933,4.31218034531514,-3.46157672160862,-15.144648838708,-4.70442640988838
2021-09-21,14.0005129582119,7.15459140150111,-3.2292701605579,4.21103574403972,-2.95733674917751,-15.0091436711208,-4.17038952289654
2021-09-22,13.6976440127191,7.59244535994722,-2.83899314733785,3.89686408459182,-3.10373859497972,-15.2053359884942,-4.03888572644644
2021-09-23,13.5037421752733,7.37388200788295,-3.06748323584321,4.15384229953068,-2.89230763887781,-14.7008962202205,-4.37077938774548
2021-09-24,13.6929717861747,7.3983063314426,-2.17411747359244,3.10591479840149,-3.47353440092107,-14.0231504987151,-4.5263905427901
2021-09-27,14.1741433928281,7.78763356684769,-2.72425841441551,3.89431690226881,-4.4284988512397,-15.0487524524403,-3.65458414384903
2021-09-28,15.0115544169667,9.84750182149685,-3.56728560527676,5.1475534069903,-5.50182217109377,-17.2241872147118,-3.71331465437152
2021-09-29,13.8740922495124,7.42697735299291,-2.27323389661366,5.29618598923443,-3.75088848685014,-16.2987078113266,-4.27442539694933
2021-09-30,13.7720314452,6.65230867482347,-1.59596885036554,5.38939858671815,-3.91930277097887,-15.4448633913778,-4.85360369401943
2021-10-01,14.0032820555634,6.62432830783203,-2.22597339764339,4.84067866978975,-3.59655822207193,-15.2703253112256,-4.37543210224421
2021-10-04,15.2960694682103,5.80907479057069,-5.01124220156986,2.57129093701289,-1.27208227370582,-14.8331063442077,-2.56000437631056
2021-10-05,14.1196430519694,6.2725221253437,-4.40940477689681,3.32571690845016,-2.10690124018641,-14.5409485272116,-2.66062754146851
2021-10-06,15.6794547499349,5.29099409107076,-5.06645479453369,2.11829328445927,-1.44260107183077,-14.3404741780285,-2.23921208107193
2021-10-07,14.3778865598658,4.04609956813799,-6.08165513430355,4.8830965492521,-1.56967279143673,-15.0821508247784,-0.573603926737206
2021-10-08,15.7516787441368,5.01124648778988,-7.65996193272883,4.31184124722268,-0.635318696853645,-14.5914721020282,-2.18801374753865
2021-10-11,15.3144792206226,4.88605325079341,-6.96977912883111,4.57266215349415,-1.28726175658362,-14.8122811899399,-1.70387254955557
2021-10-13,15.607194870953,4.9616696165988,-7.44453651793942,4.70931470594133,-0.914548948732282,-15.3639289413755,-1.55516478544597
2021-10-14,15.6054954893684,4.72104805143391,-7.45762052714969,4.5980468196387,-0.66678018074834,-15.2959435455909,-1.50424610695205
2021-10-15,15.6104002851892,5.63991879973489,-7.17800799833753,2.66588259432339,-0.261962803285783,-14.7449932810782,-1.73123759654589
2021-10-18,15.8376880045087,5.54529515213991,-7.0129898386882,3.48184426493583,-0.217713143456237,-16.7024981605127,-0.931626278927283
2021-10-19,16.1117181878372,3.78167383908047,-7.13233536537845,4.43508688464404,0.131305712784936,-17.1475156530648,-0.179933605903351
2021-10-20,16.1550512050678,3.60350785311303,-7.32027812800134,4.7501641741978,-0.0130870958233729,-17.005359763761,-0.169998244792865
2021-10-21,16.0704935202913,2.79835251019263,-7.40075485153789,5.18177972308941,1.30013442525855,-17.829794001206,-0.12021132608794
2021-10-22,15.5620275028643,4.75435087333362,-8.16736099018409,5.86349521522239,2.72973776939012,-19.6596112892128,-1.08263908141349
2021-10-25,15.4586746406083,4.4473600532866,-6.01693009582933,6.34678320056017,1.16372655056866,-17.3534616681737,-4.04615268102076
2021-10-26,14.60734622,4.42603684477811,-5.19951242485443,6.02676985758444,-0.157499016070879,-15.8469727011012,-3.85616878033608
2021-10-27,14.8662457037754,3.62876939577117,-5.62616877335916,6.25279228865776,0.546492342143459,-16.1471003552846,-3.52103060170401
2021-10-28,14.9652592744511,3.21270517890179,-6.20241317981863,6.59412125212357,0.891412090433661,-16.1206849107513,-3.3403997053402
2021-10-29,15.2615653993055,3.14167076235388,-5.06243902665057,6.91528086239421,0.758956349004237,-15.8092367158201,-5.20579763058718
2021-11-01,15.0703003134661,2.07603726839342,-5.63264866065701,7.11060631947286,1.34740161261468,-15.5607175774738,-4.41097927581625
2021-11-03,15.1296202239106,1.30422273054471,-5.94069189027767,7.30785816611052,1.73710026099955,-15.604737931052,-3.93337156023576
2021-11-04,15.0082878712353,1.14749149199834,-5.89620541347377,7.32286223425524,1.95517115095637,-15.3510596878384,-4.18654764713304
2021-11-05,15.8212531714223,0.159425066914494,-6.4738607746907,7.40405753070024,1.91535565573975,-15.2607440282921,-3.5654866217939
2021-11-08,15.4398134827215,-0.136605630943336,-6.23025287531414,7.74132984575171,2.06397194632844,-14.9761189928326,-3.90213777571154
2021-11-09,15.4097340681279,2.09047352076237,-6.74593868689187,7.90718759621085,1.19440995041703,-15.5481242801222,-4.30774216850407
2021-11-10,15.3707443387947,1.456608399864,-6.81557120843745,8.07377780706877,1.66271623706617,-15.8182170257339,-3.93005854862233
2021-11-11,15.2224237469639,1.20275265554686,-6.80915988043794,8.14844236583954,1.22809927454097,-15.0788517020391,-3.91370646041422
2021-11-12,15.5811434333686,1.73554759596441,-6.87752665723878,8.20649710396275,0.72792516720525,-15.3763125469812,-3.99727409628096
2021-11-16,15.2351023812657,1.55928869140392,-6.52898989129463,8.12766780749278,0.402967716728156,-14.77390428101,-4.02213242458595
2021-11-17,15.166605426779,1.38902178228057,-6.63552127210819,8.37123706752172,0.713915650402036,-15.1458692343441,-3.85938942053105
2021-11-18,15.4346206692729,1.05905960431404,-7.24449487072746,8.52877099655566,0.883819906712738,-14.9672158270247,-3.6945604791032
2021-11-19,15.6814754804626,1.3486462883946,-6.58051634306675,8.86948217014057,-0.606125761522414,-15.01222760796,-3.70073422644869
2021-11-22,15.9426669297907,1.37224217289715,-5.99463507168029,8.8514972091924,-1.38447750375163,-14.8705542906463,-3.91673944580205
2021-11-23,15.4963029695084,1.92748920491113,-6.26744605913495,7.88859643944755,-0.533600739384539,-15.3192579625802,-3.19208385276747
2021-11-24,15.3354625355064,1.83941248003075,-6.25926075739982,7.99170546629519,-0.513885414465108,-14.774041774206,-3.61939253576141
2021-11-25,15.2852664227714,1.99321644888975,-6.73353570353657,8.35951534732062,-0.428510074532028,-14.638647465834,-3.83730497507911
2021-11-26,13.7027937579133,1.85559883532343,-7.53111173277829,7.95515068481247,1.03889559959256,-15.6675832143588,-1.35374393050471
2021-11-29,14.3216416185298,2.23537194442343,-7.40148940926415,7.48307631402569,0.53276199607226,-15.038520762754,-2.13284170103305
2021-11-30,13.7257066720766,1.31523143395924,-7.01698342650678,7.90853817823589,0.81887498226353,-15.2604157682379,-1.49095207179051
2021-12-01,12.7359292418757,0.573930222874182,-6.84265659119277,5.85164169242142,3.39596455738333,-15.3254333883261,-0.389375735035763
2021-12-02,13.3444528358542,0.625756565828013,-6.56900536226281,5.68277292602653,2.46056120908986,-15.0476595832575,-0.496878591278374
2021-12-03,13.0094092762541,0.747195880057944,-7.73288883064834,5.26858154151559,3.57704872327405,-15.1054265608199,0.236079970366625
2021-12-06,13.112589518825,0.447815888369178,-7.7881619785308,5.36825700009638,3.7135235555869,-15.3997390934236,0.545715109076923
2021-12-07,13.0125043770933,0.190835730742563,-7.56487842122647,5.42649217035711,3.79421605561267,-15.3668843034832,0.507714390904113
2021-12-08,12.9284137687085,-0.455529730506356,-7.2655103790606,5.55571736338076,4.11388153559647,-15.4279343448391,0.550961786720364
2021-12-09,12.8734804732802,-0.614044609931284,-7.05746898522874,5.73190028734466,3.93343901819765,-15.3836723787935,0.516366195130942
2021-12-10,13.0631341042481,-0.701264952288355,-7.16401738391393,5.69622930376109,4.30369090362058,-15.7796541671424,0.58188219171489
2021-12-13,12.4937592604564,-1.71149051116068,-7.75868695499871,6.42870943118641,5.59194706548119,-15.9895628284037,0.945324537439078
2021-12-14,12.5134458453313,-1.53510257860593,-7.55040289806698,5.89980797486593,5.77029205983364,-16.1486517102788,1.05061130692087
2021-12-15,12.1655668161954,-2.08339143524358,-7.53734126339213,6.54879402914946,6.1441960190354,-16.2234610443803,0.985636878635724
2021-12-16,12.4361749471578,-1.85616430023708,-7.49405481855473,6.4391659380759,6.15665964778184,-16.3087491573921,0.626967743168379
2021-12-17,12.3823758244812,-2.2503723977534,-7.22061674647536,5.9552407752735,6.62547534963263,-16.3390674207623,0.84696461560376
2021-12-20,12.3159472095086,-2.12533936377849,-7.16075031775547,5.95714766982775,6.67670268707111,-16.2627740779415,0.599066193068062
2021-12-21,13.521877305297,-2.54793569263799,-7.67391892231777,7.31925941303512,6.75436669677614,-14.7384987702284,-2.63515002992401
2021-12-22,15.2106307140566,-3.56983343983821,-6.9888521762898,8.03265513944325,7.44140871609548,-13.4264734240744,-6.6995355293929
2021-12-23,15.304602102661,-4.60920159537226,-6.72862347382074,8.65169816032578,8.11370546648645,-13.0357173610678,-7.69646329921244
2021-12-27,15.6359402395933,-4.274317265318,-7.25978355831658,8.09761938884668,7.451160482158,-12.8900770531714,-6.76054223379205
2021-12-28,14.9997751419561,-4.58818961178395,-6.48138519399874,8.80787456394172,6.53402150988807,-12.6260546082148,-6.6460418017884
2021-12-29,15.5032584485907,-3.94298359847809,-5.15967732781355,8.88988028458025,4.97305907373713,-12.8464994575083,-7.41703742310809
2021-12-30,16.0972958057139,-3.83788923893201,-3.68065104896744,8.37949338671643,4.54199220446316,-12.674569540524,-8.82567156847001
2022-01-03,12.7904529658356,-2.67935118183242,-4.00579937064797,-0.0283433540978919,6.65323912126552,-10.0209363407723,-2.7092618397506
2022-01-04,13.0660788429955,-3.51869904954377,-3.93474763598182,0.070027707147446,6.87711920569264,-9.85570662997735,-2.70407244033268
2022-01-05,13.1519260539771,-3.78060073783742,-4.02447778682711,0.0268729191475785,6.85477630607726,-9.78732060314474,-2.44117615139271
2022-01-06,13.4899859104614,-3.87924066026983,-3.41543150472008,0.0112889784704748,6.48232928096878,-9.55652230055744,-3.13240970435336
2022-01-07,13.8249905473529,-5.03446408550962,-2.99829784011108,0.320413043716698,6.35580224759519,-9.28823088123884,-3.18021303180528
2022-01-10,13.9329598537542,-5.19498661252142,-3.2304083337087,-0.612279111060893,7.0575774675846,-9.19903979170864,-2.75382347233916
2022-01-11,14.2294842052142,-5.92430075338577,-1.0936879764577,0.62074259587574,4.48079873480021,-8.54135995453121,-3.77167685151552
2022-01-12,14.3416200339465,-6.27819627003064,-2.10952175314794,0.984224409312546,5.69067428834684,-9.7845972665481,-2.84420344187918
2022-01-13,14.5152972355512,-7.30726261239874,-2.30929649386115,1.14683945800263,6.3151130654531,-9.99583853896959,-2.36485211377747
2022-01-14,15.0472624500224,-5.40846893381432,-1.86514670238805,-0.00490831254310109,6.36406384357881,-8.82047680202432,-5.31232554283144
2022-01-17,15.1711685537413,-5.89741965234298,-1.95644883930992,0.225791255512839,6.10456549646488,-8.82213038062037,-4.82552643344572
2022-01-18,14.6562580741571,-5.67688501943233,-1.68686418058721,0.537169039743596,5.8328982377644,-8.59575070632888,-5.0668254453167
2022-01-19,14.7523263667337,-5.97349150974387,-1.69802291211731,0.594355193066804,5.89587406033731,-8.69948241921788,-4.87155877905872
2022-01-20,14.4175826725169,-5.87537695948684,-1.3126131963004,0.912501405944496,4.96875675395989,-8.41490349877081,-4.69594717786328
2022-01-21,14.5329655904953,-6.32286664441862,-1.69980434033926,0.947217283434775,5.59106180544322,-8.33978620349265,-4.70878749112273
2022-01-24,14.5948944776623,-8.41800950471514,-2.6269330606317,1.70894815854309,7.53462221387071,-8.38216649833915,-4.41135578639014
2022-01-25,14.1927123320012,-8.56967913860329,-2.74244900348933,2.2508899666623,8.07151784154032,-8.88693307302752,-4.31605892508365
2022-01-26,14.1565554612458,-8.7939173103678,-2.78660815001758,2.38349696357628,8.2586070486336,-8.89402290225873,-4.32411111081154
2022-01-27,14.3467865924598,-9.00054676583589,-2.91674220847951,2.02917702925826,8.51263918658238,-8.87560298343099,-4.09571085055401
2022-01-28,13.9538949059306,-7.09147397534872,-1.48678469715765,1.78607871015864,5.43697623942577,-9.25676992304066,-3.34192125996795
2022-01-31,13.651434492988,-6.94831994414873,-1.31391235410117,1.62665519107871,5.4713806137885,-9.341534339371,-3.14570366023433
2022-02-01,13.630099078406,-7.04515612864735,-0.806885470730208,0.898755318258168,5.4742415352353,-9.08363787573382,-3.06741645678806
2022-02-02,12.6176669009123,-8.03146392494686,-0.933988306066155,3.41526159627403,6.64160834587781,-12.136337055173,-1.57274755687808
2022-02-03,12.2191845482425,-8.46230583360289,-2.77340064664597,4.8394600110785,7.57854652794324,-12.3588022287112,-1.04268237830417
2022-02-04,12.4857193534858,-7.23364116878948,-0.862387741984165,4.00947400337849,4.02798789042825,-11.7510490477891,-0.676103288729806
2022-02-07,12.5817472260088,-5.27636470327601,0.969968369293476,4.24220629351711,0.982740239842499,-11.2557127668839,-2.24458465850189
2022-02-08,12.6644592678238,-5.22577780941882,0.942588830034531,3.28839408618771,2.49128495206075,-12.5849519358971,-1.57599739079092
2022-02-09,14.0211676823165,-3.31308046737347,0.698785523932358,0.57138795685956,3.89451674670755,-15.7282791329398,-0.144498309502623
2022-02-10,14.3441949096663,-1.4361780746633,0.336140800962234,-0.454677761530441,3.99322451447529,-16.5355260568418,-0.247178332068266
2022-02-11,13.6006670005772,-0.511066428508791,-1.16161344226986,-0.543470652916199,4.20673159292041,-16.4790563854922,0.887808315689398
2022-02-14,12.7808790155368,0.128051061122086,0.85406872276215,0.444617810391676,4.63447409696246,-17.1017746740449,-1.74031603273032
2022-02-15,14.0918297496064,-1.83074598463621,-2.7882083428382,1.35115792173682,5.62287263340977,-16.0040480528631,-0.442857924415492
2022-02-16,13.7684123193316,-1.17100520269767,-2.68558944416208,1.67447087791109,3.78260305698783,-15.6590991340314,0.290207526660716
2022-02-17,16.0929675023604,2.78413367119539,-3.85333013845189,1.23120963690405,0.330873401451917,-15.6530789166706,-0.932775156789283
2022-02-18,16.146105429319,3.38497957042983,-3.65718410045005,1.30335859978796,-0.481624399971231,-15.7183146876101,-0.977320411505339
2022-02-21,14.278749433283,6.12062884979044,-3.68450809215177,2.98946715160534,-2.87920152998575,-14.0629843639608,-2.76215144858043
2022-02-22,14.8884505558854,6.22431705075739,-3.09561592508645,2.41714937317153,-3.63994892811553,-14.1187328982111,-2.67561922840117
2022-02-23,18.6329039988562,0.529139090997624,-5.81678034842766,3.1334378504158,2.14573586981874,-13.3523866098688,-5.27204985179184
2022-02-24,18.9987086732097,-3.2891720395716,-8.43753082671095,2.2675459406315,6.09286007368076,-11.9363135489268,-3.69609827231261
2022-02-25,21.838366883259,-1.23602561643276,-3.6005273915567,3.90342643713016,0.779576240929998,-16.0830384012298,-5.6017781521
2022-03-02,21.7706455096334,-1.10016489794688,-3.9642876275861,3.56205696126565,1.46608688213809,-16.3038217639595,-5.43051506354461
2022-03-03,20.3980689621928,-0.615037779555756,-4.01292398630181,3.24849993063432,1.95860016536548,-15.9932557256815,-4.98395156665359
2022-03-04,21.290223973408,-0.763663110875505,-4.47591252887829,2.44362438943611,2.39704864974768,-16.0831418436504,-4.80817952918764
2022-03-07,21.4950399385373,-0.815292511740189,-4.59069496083183,2.32802501928278,2.43978121745024,-15.9974042489518,-4.85945445374651
2022-03-08,21.5345964478848,-0.685280612005776,-4.95117277484852,2.35216978999306,2.3748865797403,-15.8946536584133,-4.73054577235057
2022-03-09,21.4890722839627,-0.198318349839226,-6.08692836376526,2.16983870631643,3.03920137662115,-15.8395705832676,-4.57329507002819
2022-03-10,21.5273029759287,-0.158967642351442,-6.14791846658639,2.29335115703125,3.00280661367022,-16.0268008915214,-4.48977374617085
2022-03-11,21.7609550631688,-0.185917125166426,-6.20745824245298,2.10990295001361,2.95406102881568,-15.7863111549943,-4.64523251938434
2022-03-14,21.7751096974791,-0.546433406473341,-5.85951042534263,1.79618919226589,3.74806387130687,-16.3071761062621,-4.60624282297378
2022-03-15,21.8854992396183,-0.286995174582991,-6.05220305309178,1.59762792602606,3.40876416604404,-16.216192516436,-4.33650058757764
2022-03-16,21.7160413983805,0.0192460974568149,-6.43067667359131,1.46378849962578,2.95499805352746,-15.6600776255446,-4.06331974985461
2022-03-17,21.7785821798289,0.157813835639537,-6.19081510268459,1.2718444437353,3.15721893114247,-16.0246080482236,-4.15003623943804
2022-03-18,22.7620445986337,0.89502763697034,-5.52530843521388,-1.05063256242286,2.07113376723739,-15.3343744557269,-3.81789054947775
2022-03-21,23.4542328722372,0.844099287682383,-4.83388918306922,-2.3379434751706,1.04573572363486,-15.2592587353534,-2.91297648996124
2022-03-22,23.3641381983493,1.3031944194952,-4.65591338526597,-2.18872564790239,0.343576446938577,-15.5047605288194,-2.66150950279534
2022-03-23,23.5202274630106,1.1880423836057,-4.857355991661,-2.29190386535866,1.15011318582502,-16.1903017464081,-2.51882142901353
2022-03-24,23.6625767270639,1.70601456279011,-4.76564051119575,-2.34173244431215,1.02374394285546,-16.8851853107672,-2.39977696643444
2022-03-25,23.8192475134832,2.01963227050743,-4.67006620908224,-2.53874666568808,0.272372436359397,-16.4453861566251,-2.45705318895462
2022-03-28,23.8800605936193,1.5527668327179,-4.82429813128621,-2.29957014085737,0.386698812241782,-16.7814447437654,-1.91421322267004
2022-03-29,23.9339348031748,0.454461472728447,-4.98327268048089,-2.2720346647143,0.950339161740338,-16.9647028501365,-1.1187252423119
2022-03-30,23.8932896400382,1.82562951601191,-4.74695170321927,-2.49536946802142,0.0595599509893603,-16.0560210561036,-2.48013687969515
2022-03-31,23.8567222620769,1.65054527881458,-4.71657484731929,-2.27928322781365,0.295067578943097,-16.3710280867583,-2.43544895794339
2022-04-01,23.9491189852916,1.74809701178451,-4.9363006201709,-2.42208001689247,0.196473912939467,-16.0510835604653,-2.4842257124869
2022-04-04,24.2850150382744,2.14855291316001,-5.47694934043835,-2.18504351309009,1.35012842558905,-16.0634752519397,-4.05822827155529
2022-04-05,24.419156339507,2.0219767878267,-5.68663907370966,-1.75768870635564,1.22896966604629,-16.4807604851558,-3.74501452815888
2022-04-06,23.8228841299142,2.08640986893588,-5.69984514602102,-3.13417544725898,2.03176790328153,-16.0124757067038,-3.09456560214782
2022-04-07,23.1817154408712,2.34209706014534,-5.82386587596052,-3.20772989080296,2.50165395714421,-15.8804104775217,-3.1134602138756
2022-04-08,24.280715626507,3.0504582407516,-5.43487299764692,-5.56695254587646,0.707344283637504,-16.1348305608466,-0.901862046526126
2022-04-11,23.1481167375374,3.27591787316942,-5.16883375612357,-5.41187943185716,1.24015836678863,-15.9460109523169,-1.13746883719785
2022-04-12,23.0326130320052,3.09494113520894,-5.56996337585105,-5.9229478876576,1.80470040508578,-15.8223615794949,-0.616981729296313
2022-04-13,22.8027193263089,3.30074141106015,-5.58941956191119,-5.6862017687066,1.57361522489867,-15.7140856231698,-0.687369008480132
2022-04-14,22.1067926062556,4.81409921433722,-5.66483726359508,-5.56877554258492,0.970988123893697,-15.5675417939028,-1.09072534440363
2022-04-18,21.7589178478526,5.73145822505897,-5.63485459160842,-5.71028369379268,1.00450710032464,-15.5314540531117,-1.61829083472338
2022-04-19,20.8426548934311,5.61402184530255,-5.26833525093904,-5.15270224452171,2.01145652075275,-15.6480600148471,-2.39903574917849
2022-04-20,21.5721542218483,4.95861317774821,-5.4826499067583,-5.48523908966462,1.47128184495151,-14.799955476889,-2.23420477123601
2022-04-22,20.9669240716849,4.93615369736565,-5.87291061147425,-4.49004243080246,2.29401087539262,-15.0428867553502,-2.79124884681625
2022-04-25,20.7139213452295,4.35802986938476,-6.1176741582461,-4.45275698820698,2.81529456063593,-15.0761919626404,-2.24062266615665
2022-04-26,20.664486243602,3.85708268174606,-6.51990687391515,-4.54972837629579,3.09817934887611,-14.5867188159873,-1.96339420802594
2022-04-27,20.7146748789298,3.8342303634924,-6.59832808880757,-4.52054474164137,3.10058222206062,-14.5310858523762,-1.99952878165763
2022-04-28,20.9378178169897,3.94856326053925,-6.31832008992637,-5.57750611180121,3.17887290331907,-14.5722997695046,-1.59712800961587
2022-04-29,21.1872574724599,3.83939436978098,-5.68367560401834,-3.99541776518976,3.61638125888679,-15.4212584231034,-3.54268130881616
2022-05-02,21.5497217282792,3.67689428356355,-5.59455099441666,-3.34001191141406,3.65034146088981,-15.8535623454393,-4.08883222146255
2022-05-03,20.1674648745636,4.445329876356,-6.73044750475761,-3.05910008068838,2.86417056681569,-13.8292426815842,-3.8581750507051
2022-05-04,20.074654844166,3.43140893472813,-4.81957738798097,-8.60280513889132,5.48210579628208,-13.2030625978982,-2.36272445040571
2022-05-05,20.0665590045903,2.73411842515775,-3.70937418538882,-10.5288101165806,7.75572496543325,-14.0107759188014,-2.30744217441053
2022-05-06,20.2639652288087,2.21400173562267,-2.64894995373773,-12.0810452112504,8.55342670139552,-14.1828652965116,-2.11853320432717
2022-05-09,20.8870172624385,2.4597271040375,-2.14676767934961,-12.7321106437466,8.57468825772411,-14.5294598816558,-2.51309441944809
2022-05-10,20.5539407808486,2.73671305242421,-2.231647758779,-10.5732487795042,6.10259839497257,-13.7174017567731,-2.87095393318901
2022-05-11,20.6131608597621,3.41532723052761,-2.90488692380928,-9.95678666157912,5.28872154073937,-13.4377001978609,-3.01783584777974
2022-05-12,20.7052416553119,3.10286928730787,-3.01315548381532,-9.8384059795024,5.33052521064313,-13.3357460542354,-2.95132863570983
2022-05-13,21.3281956936471,4.1773073790605,-3.06731833141286,-9.47359173803289,3.86430156883538,-14.1378312910963,-2.69106328100091
2022-05-16,21.2892219006979,4.4834892348613,-3.32682243557421,-9.51197712703611,3.73946679188835,-14.1652901059834,-2.50808825885388
2022-05-17,21.7416976703922,3.13245820264686,-3.84970017769245,-10.1264053187236,5.26097854843871,-13.6001584712498,-2.55887045381193
2022-05-18,21.7390984700329,3.64412259954025,-4.00079295103968,-9.68992316055378,5.05653007195868,-13.9069023665653,-2.84213266337305
2022-05-19,21.9183140592057,4.17127575427216,-4.05641488416665,-9.31566722934217,4.98436364892611,-14.1058874867863,-3.59598386210879
2022-05-20,21.8191985162277,5.32292492181057,-5.51295011054586,-8.48750019436281,0.597107604423165,-12.7139851385437,-1.02479559900909
2022-05-23,22.9549282006181,4.22030925162522,-5.86151462141508,-7.54273506009193,2.04425120247944,-12.2989178515521,-3.51632112166363
2022-05-24,24.296640173785,2.94799518654685,-5.1751347605356,-8.89093716947161,4.6337246584681,-12.187227901754,-5.62506018703876
2022-05-25,24.1138210855311,4.04144673586592,-5.72116760338852,-8.9936928842014,4.7101545587327,-12.0499236073697,-6.10063828517008
2022-05-26,25.3036382140345,4.84334638007579,-7.08420828550098,-8.35292276118859,3.39101907527495,-11.6741252083957,-6.4267474142999
2022-05-27,25.2555349411391,5.22108498720132,-7.37940330831665,-8.2602862079743,3.05462223786069,-11.819880029328,-6.07167262058216
2022-05-30,24.497867310451,4.84422022854804,-6.2878830983518,-8.13049274711788,5.14422324752844,-12.577180362416,-7.49075457864182
2022-05-31,23.9617878217098,5.83327048320647,-8.46404863964047,-8.85664303067942,3.43573673302259,-11.8222278161134,-4.08787555150553
2022-06-01,24.7290486201007,6.36315991189686,-10.2711021509398,-7.86131693398468,4.32922789826191,-15.0965560549463,-2.19246129038872
2022-06-02,24.3913537904561,6.90333202246161,-10.1448404956698,-7.16959769266735,4.42638442090627,-15.7793892300133,-2.62724281547349
2022-06-03,25.166006915406,6.79803521687505,-11.5188022952909,-7.53471093852796,4.87133998028943,-14.1889597837025,-3.59290909504919
2022-06-06,24.9929640515685,6.77176259258513,-11.4989436339278,-7.72698700630786,5.05023033754103,-14.1253003217787,-3.46372601968037
2022-06-07,25.7820326370927,7.26737835308341,-11.5442925796052,-7.99907814830846,3.92646172509021,-13.6874406202248,-3.74506136712785
2022-06-08,24.7938399129732,6.76026937720119,-11.870012991803,-7.89195557652509,4.52170935767224,-13.1256504268038,-3.18819965271479
2022-06-09,24.5158017540863,6.65495085778434,-11.8798159013513,-8.1442123972342,4.78397423451314,-13.2067837974347,-2.72391475036356
2022-06-10,24.3243544129655,6.66829422395611,-12.0014902458415,-8.18511995281609,4.96847890345766,-13.2716814956477,-2.50283584607392
2022-06-13,24.6379898518502,5.39987927945526,-10.1341345527965,-8.44178406053605,6.03634009327112,-15.1254488513602,-2.37284175988383
2022-06-14,24.4223638777743,6.23896797940586,-10.7762919273464,-9.11692444268042,5.74499827953112,-13.9737918531868,-2.53932191349773
2022-06-15,24.3363610083663,5.91034293678794,-10.5795594520927,-8.89202509012017,5.9855449009445,-14.374354008512,-2.38631029537385
2022-06-17,24.2501275284591,6.0443669463457,-10.1023211487787,-8.40936316707782,4.70991870347845,-14.5817242235001,-1.91100463892669
2022-06-20,22.3050757043625,6.79859693879168,-9.87252325046109,-7.64415670625871,4.27962108070447,-14.4416176028896,-1.42499616424934
2022-06-21,22.5636232295203,7.005655756274,-10.1885489207646,-7.67099508339201,3.95229307248471,-14.1383082795538,-1.52371977456862
2022-06-22,23.15091210124,5.9726602688927,-10.1397930043111,-7.56774224513276,3.93853342220688,-13.8351179092299,-1.51945263366578
2022-06-23,23.4287211581512,6.51897038959743,-10.5189912009247,-7.38196329752583,3.54379568924866,-13.729134711422,-1.86139802712481
2022-06-24,23.8573089522093,7.16646033793942,-11.1585046295167,-5.91066908877787,3.68189547731787,-13.9968816903723,-3.63960935879967
2022-06-27,23.8036891026105,9.10382672457285,-11.6568903502822,-5.19706998367045,2.37039830677,-14.492472631978,-3.93148116802274
2022-06-28,23.8507003472165,7.89681862981926,-10.6912077329007,-5.4111116874623,1.97841367609801,-13.954566813438,-3.66904641933281
2022-06-29,23.6793375029357,7.42423251230104,-10.6605802067775,-5.8294057409904,3.44030307315436,-14.7948796758822,-3.25900746474102
2022-06-30,24.2730319029324,7.46343093646957,-10.7696481949276,-6.51185854292491,3.37796641037221,-14.8173071810412,-3.01561533088056
2022-07-01,24.1835449193592,7.45518707724056,-11.0672410525675,-7.36222026223854,4.22077549583437,-15.2351889424607,-2.1948572351673
2022-07-04,24.014874336024,8.83714946663538,-10.5163644578054,-3.51888892629596,2.19773235883218,-14.5093560351334,-6.50514674225693
2022-07-05,24.5955859063012,8.60508362035513,-10.57092418081,-3.33926456662414,2.62102846357888,-16.4357379010046,-5.47577134179651
2022-07-06,24.8515950377985,8.34484625033613,-10.3230606207426,-3.01525823782278,1.89301370114948,-16.7156062721985,-5.03552985852028
2022-07-07,25.3860791792112,8.64279289412394,-10.2688061827801,-3.2004532836366,3.6063585165182,-16.1391776991777,-8.02679342425897
2022-07-08,25.1998636999647,8.79735329352566,-10.5288484170982,-3.50183782732475,3.69415379977033,-15.9641532379394,-7.69653131089832
2022-07-11,25.2496573233782,8.76325070357352,-11.1503397479373,-4.51174366273435,2.38455788418614,-16.2676919022721,-4.46769059819408
2022-07-12,25.3146279686628,8.80193506023764,-11.1206283756008,-4.92706875478785,2.26997316908069,-16.1885865756001,-4.15025249199239
2022-07-13,24.8988165920378,8.83068010380335,-10.9499695271842,-3.95508821314866,1.59942579536641,-15.7437678955118,-4.680096855363
2022-07-14,24.029644837397,8.76617731332154,-11.0222111749286,-4.13749191938794,1.8563503445483,-15.7890048518022,-3.70346454914807
2022-07-15,25.580493174967,8.59729007099796,-10.445099319226,-4.9243708890341,2.8980496031789,-16.2139207801156,-5.49244186076811
2022-07-18,23.8361093032415,7.87574640741533,-10.6516047683311,-3.84517511128534,2.35503796870659,-15.5682552902701,-4.00185850947692
2022-07-19,23.8289495016961,8.1559843903831,-11.3634931552831,-3.80832746961285,2.39491629201443,-15.4766929517292,-3.73133660746855
2022-07-20,24.2650633115934,7.74982492704761,-10.7832747670844,-3.38785692155661,0.867613074406123,-15.3433217647902,-3.36804785961595
2022-07-21,23.9314655262702,7.85624767187645,-10.6485378898877,-3.26732973837373,0.511607104080959,-15.3055196688186,-3.07793300514768
2022-07-22,24.1162653013491,7.93194991979055,-10.6909684589606,-3.29669667367499,0.379143291550527,-15.275724606945,-3.16396877310955
2022-07-25,18.2927977864348,9.53052127105423,-9.68998991232159,-2.11115012724006,3.11292930406213,-14.9124753904106,-4.22263293157889
2022-07-26,20.3901304445885,8.93153494206899,-10.339310905553,-4.35405828305095,2.85840357822406,-14.2820574842727,-3.20464229200483
2022-07-27,19.1961897509849,9.54643851396013,-9.9731437178053,-2.82298126362354,2.33007578155677,-14.524060160654,-3.75251890441895
2022-07-28,19.1066464348326,9.8904610216513,-10.1138527985501,-3.31963156703299,2.57281416364829,-14.7287299542805,-3.40770730026861
2022-07-29,19.4193817863972,9.61195670954368,-9.70904520095606,-3.79090825339104,2.57778153210782,-14.5608830612141,-3.54828351248756
2022-08-01,18.7899445285256,9.37891116054796,-9.26625712298738,-4.06709200294673,2.71685375942345,-14.1151698533551,-3.43719046920783
2022-08-02,19.3334303104669,9.14214135646152,-9.26256512023845,-4.15614426312608,2.69764221333488,-14.2556199837736,-3.49888451312511
2022-08-03,18.7055453227284,8.79607172200383,-9.06472726453292,-3.77975941967181,2.80639396889148,-13.9888908500245,-3.47463347939444
2022-08-04,18.8316713536359,8.56639420614573,-9.20776340430027,-3.70691724260973,2.76098182537412,-13.895445702125,-3.34892103612077
2022-08-05,18.5493903276409,9.29648006982461,-10.80415390925,-3.48404727289349,3.11856891014324,-14.3036708505974,-2.37256727486782
2022-08-08,18.4999912952157,8.5204869059603,-10.9343049214134,-3.55981196429539,3.10265159497764,-13.6679460233819,-1.96106688706298
2022-08-09,19.6838884443044,8.22318864619292,-11.8469901705811,-5.66438270772584,4.80663077777402,-13.7337249294867,-1.46861006047774
2022-08-10,19.2580873169084,7.45100376571854,-11.7577672990909,-5.02989446705237,3.87247614608193,-12.6487103990018,-1.14519506356383
2022-08-11,19.9985883427736,10.6431340211003,-16.7792661344377,-3.35781700957148,5.66097585208579,-12.5972917284502,-3.56832334350021
2022-08-12,20.8556376431409,14.8751247053339,-19.2613400563749,-3.63673860040956,6.7900028874042,-12.828915015579,-6.79377156351554
2022-08-15,21.8021305067805,13.5041808382514,-18.4135290152929,-5.81453490003879,6.20569506874818,-12.4011343655899,-4.88280813285852
2022-08-16,20.9016775479876,14.0975853819016,-18.5493264002732,-5.32344855932219,6.42523678282689,-12.3282985226229,-5.22342623049792
2022-08-17,20.405051086071,14.6485716584144,-19.5309756357118,-3.99120881409103,6.99534903595777,-12.4984970536481,-6.02829027699223
2022-08-18,20.1547424410642,15.0976097701413,-20.1422231704269,-3.49421888005148,7.1844867156971,-12.6227137161216,-6.17768316030258
2022-08-19,19.6303544599644,14.3936399225709,-17.6209919980888,-5.36146051144896,6.47114601965829,-12.3677881229838,-5.14489976967207
2022-08-22,19.5533033589114,14.2841357341874,-16.6854580175639,-5.92556169985816,6.02555822575957,-12.258914330492,-4.99306327094427
2022-08-23,21.0982674149147,16.1876279280164,-20.8816593507426,-4.03907785985604,9.07948184116173,-13.0629046157624,-8.38173535773178
2022-08-24,20.2457996062499,16.1976258546827,-20.8732450738158,-4.67946433567593,9.73036271775744,-13.3513345534475,-7.26974421575092
2022-08-25,19.6596748748519,16.2329686389029,-20.4973090448117,-4.43184901904098,9.96753268513729,-13.5900025024391,-7.34101563260036
2022-08-26,19.7103414769498,16.6562090676005,-20.115787890477,-4.2961007220132,9.13479360279792,-13.7181082041095,-7.37134733074855
2022-08-29,17.5670746525626,17.4001597590573,-18.1201755987482,-5.70860870972187,9.26249412474714,-13.999822239359,-6.40112198853796
2022-08-30,17.7245781698408,17.4052033587976,-18.917949945289,-4.58253423133451,9.39648449470148,-13.9807371125345,-7.04504473418186
2022-08-31,13.8252167259013,18.0793594043222,-18.1289795861841,-4.1220648456458,9.91112210786687,-12.9977256485856,-6.56692815767483
2022-09-01,11.1685106840537,17.9474008093052,-18.0348687055635,-3.96158698006207,10.0651797137641,-12.9376716431089,-4.24696387838848
2022-09-02,11.8455280264906,17.7570239446683,-17.8336748027008,-3.86186605131414,9.98024673947234,-13.0080214483773,-4.87923640823906
2022-09-05,11.499974398251,16.9188112833586,-17.3648930570552,-1.5214974809213,11.3782174692357,-14.4683736150638,-6.44223899780495
2022-09-06,11.7403288552367,16.0888934705611,-14.7599620726568,-4.54442033202763,10.7404311455471,-13.6883306812686,-5.57694038539191
2022-09-08,11.6189907646375,16.6185997443006,-15.3345509035218,-3.98207573011249,10.6181722501708,-13.6820111834341,-5.85712494204041
2022-09-09,11.4366749465486,17.0102757294333,-16.4364950092857,-3.85703557794036,11.2805508655119,-13.7282456548866,-5.70572529938117
2022-09-12,11.4957502945298,17.036703629794,-15.4151107504991,-3.29294453552226,9.6349740372791,-13.8151383664404,-5.64423430914109
2022-09-13,11.3950536928932,17.1645214726258,-15.0214697891436,-3.33901998173226,9.40553364683544,-13.8622495249477,-5.74236951653081
2022-09-14,11.1467853288411,16.716652166244,-14.7286836313506,-3.52309549519993,8.94561960496616,-14.1358567632477,-4.42142121025303
2022-09-15,10.7311836748096,17.4745374702871,-15.1589586033997,-3.11480555238204,10.0107507880076,-14.1446038917411,-5.79810388558142
2022-09-16,10.8124930563774,17.6142887127487,-14.4862831921016,-4.99118178888313,10.2123451796358,-13.6722990463968,-5.48936292138037
2022-09-19,9.99922270658789,17.2808702128736,-13.230874703963,-5.76970451381134,11.0924420876968,-13.7957053268199,-5.57625046256413
2022-09-20,11.6175956589411,17.7545244297237,-13.5037638336262,-5.67446589343307,9.88377275465488,-13.8915605306356,-6.18610258562479
2022-09-21,11.4080241538488,17.8808548217545,-13.4423668664462,-5.94357608866502,9.89933108516127,-13.9526798250604,-5.84958728059301
2022-09-22,8.94524188673942,17.0268324717633,-13.5672256587369,-4.16434842115985,12.8499497061436,-15.1077399307749,-5.98271005397476
2022-09-23,8.17093348571387,17.1394208910406,-13.6855391646515,-4.00088493289829,14.1578972528984,-15.6606695540401,-6.12115797806292
2022-09-26,8.95657597952123,17.2194710864749,-14.0932095667323,-3.75465095088428,12.8365837158822,-15.830661952505,-5.3341083117568
2022-09-27,9.74904266696858,17.2473935027976,-13.4226648708983,-3.228825211935,10.9741548190075,-15.9694074643387,-5.34969344160159
2022-09-28,9.79009102589561,17.1769518358609,-13.3108457320024,-3.27044053009766,10.7561911251502,-16.0228033002072,-5.11914442459956
2022-09-29,9.25822729018505,17.4766018221362,-13.4120031366258,-3.20381303442949,10.8790812360501,-16.2027177832527,-4.79537639406338
2022-09-30,9.47552018221542,16.9064508844188,-13.5100789939919,-2.90581145196204,10.3402120449735,-15.5797266701354,-4.72656599551827
2022-10-03,7.86858123042203,16.9418547940077,-10.2763185028689,-2.6721773617345,9.98077462538193,-17.7456503930893,-4.09706439211898
2022-10-04,7.6226693008157,16.9226902340701,-9.68723143145733,-2.89842552841244,9.87476801190218,-17.7964609618813,-4.03800962503698
2022-10-05,7.89880531660356,16.4191298358212,-10.6835279223026,-2.47557198070177,10.0621697098873,-17.5146189708733,-3.70638598843446
2022-10-06,8.85520133574786,13.4655974878653,-11.5050078811641,-1.97251906058968,9.6685314705984,-14.7348566395889,-3.77694671286891
2022-10-07,9.34878730651386,12.2314347315746,-11.498453345061,-1.8441862523162,10.1759434310011,-14.6518261988518,-3.76169967286052
2022-10-10,9.30877663712043,12.8488829877799,-10.733884541135,-1.99735583853131,9.46517915074238,-15.2980283400136,-3.59357005596282
2022-10-11,9.63070981008936,12.9264584509271,-11.9647650044404,-2.1366323821688,9.88009925785434,-15.3621642179422,-2.97370591431938
2022-10-13,11.0875662366556,11.2671453567527,-9.78601272030732,-3.5234150308926,10.0370323139185,-14.7216282309792,-4.36068792514773
2022-10-14,10.876712500899,10.9174483402683,-9.80992236124433,-3.68393847113165,10.4470803868737,-14.4678390908447,-4.27954130482031
2022-10-17,10.106084631894,11.4967763864794,-10.1975501647145,-3.74404579929855,10.7948063936731,-14.6422935075207,-3.81377794051282
2022-10-18,10.0598337329696,11.4542861166267,-10.0669945747196,-3.58357198419956,10.3848956747949,-14.4993672311823,-3.74908173428974
2022-10-19,9.2296782248979,12.1399979860764,-10.6778052493854,-3.61810432953288,11.4064259293187,-14.4877016445441,-3.99249091683071
2022-10-20,9.40384675295815,11.4568954409913,-10.4473400901257,-3.47732350566631,11.0190750745991,-14.3998768464235,-3.555276826333
2022-10-21,9.86391848233309,10.8599916841082,-9.74368448595962,-3.82885179986296,10.3570704458093,-14.3105030863569,-3.19794124007102
2022-10-24,11.4839246111662,10.219352981575,-9.34580886730328,-3.61448475163638,9.56608338974519,-15.0042797973683,-3.30478756617834
2022-10-25,12.9100484444912,10.7691285055224,-12.0480208185644,-3.88683188915756,3.50157788211718,-15.2876012173604,4.0416990929516
2022-10-26,9.32842524217251,13.9136501259544,-10.3383001245764,3.27296724379424,11.3348968742468,-17.1079761919659,-10.4036631696256
2022-10-27,8.7896168522332,11.62477771948,-9.5481372801923,4.1926523647666,14.6825015781415,-16.6778371623092,-13.0635740721198
2022-10-28,12.3498152817585,14.2464544608398,-9.158293883904,-0.979633642438671,13.4245611073651,-16.6261573403566,-13.2567459832641
2022-10-31,11.873059774488,13.2278452607666,-7.68177989419789,1.49693949653318,11.8776429417647,-16.9678513883732,-13.8258561909814
2022-11-01,11.9387487490946,13.392442141547,-6.58894814904417,1.31131775106223,11.3875524410552,-17.3547120565236,-14.0864008771912
2022-11-03,13.009021032444,13.5799750268221,-6.27139565669095,0.754293878016789,11.287105992409,-17.8973842520435,-14.4616160209576
2022-11-04,12.4519666545616,13.4934144021357,-6.39182616935473,1.21477246330339,11.41814989367,-17.6587837307224,-14.5276935135935
2022-11-07,12.0476178525801,13.942007683238,-6.23665122739619,0.865692132358845,11.5007631242178,-17.5678516907564,-14.5515778742422
2022-11-08,11.8432698915236,14.2225855705561,-6.00657336571434,0.14176186184779,11.8119945341052,-17.4922369625474,-14.5208015297709
2022-11-09,13.8175100754732,14.3779717685771,-5.26081470409135,-0.221355734775607,9.28348674903337,-18.2541660650557,-13.742632089161
2022-11-10,15.7484652417722,15.6990802705479,-4.3754093348481,-0.265547599205661,7.17328930867669,-18.8733440658468,-15.1065338210963
2022-11-11,16.1139740873112,15.8600899126841,-4.20005974837023,-0.463056553695985,6.99702202415508,-19.3491277474482,-14.958841974636
2022-11-14,15.8853549124045,14.8800729979487,-4.12804710799121,-0.434465762748879,7.41368716722969,-19.0454534911977,-14.5711487156451
2022-11-16,15.5439086857775,15.6084134123489,-4.12132558793916,-0.167932067502022,7.44094169491221,-19.8624826654936,-14.4415234721038
2022-11-17,14.5780766151659,15.0359725911206,-3.00024924378197,-0.61773170294984,8.1021289594263,-19.0426750314555,-15.0555221875256
2022-11-18,14.3626642895603,14.7912652666183,-2.77048651523982,-1.05837604171475,8.85833151637382,-18.8533588078379,-15.3300397077599
2022-11-21,14.2863397735972,14.7063559894707,-2.81506269966165,-1.53934762119658,9.35917558703127,-18.6298762621897,-15.3675847670512
2022-11-22,14.3838698688484,14.8099783965333,-2.72278472971907,-1.15146208332609,8.53110926144519,-18.530368339918,-15.3203423738637
2022-11-23,14.8705891384273,15.2883610783544,-2.76760754596062,0.258217123774408,7.45013422342696,-19.0971318473473,-16.0025621706753
2022-11-24,14.8745031289984,14.8520614685341,-2.19862838395256,-0.308790464019935,7.44300354284637,-18.9762045729128,-15.6859447194936
2022-11-25,14.9924846329139,15.2742867072738,-2.63482503251058,0.00934101927008868,6.8416793945918,-18.8144407940382,-15.6685259275007
2022-11-28,15.1278342299845,15.9980372670402,-3.59808819765257,0.285062367825432,6.50607997081671,-18.8169147450492,-15.5020108929651
2022-11-29,16.2635711749225,14.529452031266,-3.00342220819736,0.459793487664427,7.4249637151521,-19.8422201649147,-15.832138035893
2022-11-30,16.6980397266982,14.0756949464856,-2.55984564380385,0.0561261526727534,7.99522504416046,-20.2759502108385,-15.9892900153747
2022-12-01,16.2220053247547,14.233368219333,-2.30445967989499,0.245000984591428,8.05111774873928,-20.2879024095342,-16.1591301879892
2022-12-02,17.1190348296293,14.0867287802763,-1.92387526605703,-0.255574186355901,7.27739114987948,-20.322008126477,-15.9816971808951
2022-12-05,17.0497740953323,14.5318128604664,-1.50091416017855,-0.282236778238499,6.27757770142595,-19.659760653186,-16.4162530656216
2022-12-06,17.15593225574,14.4126249490562,-1.26801919727578,-0.11769990866496,5.74156505816816,-19.5718154511322,-16.3525877058914
2022-12-07,16.2592073460729,14.5771903053937,-1.2053971779073,0.194738625321278,5.72307003187554,-19.3731719891296,-16.1756371416265
2022-12-08,16.1438060663158,14.0932473255047,-1.50047577496856,-0.00535682902416568,6.34573571713095,-19.1732592059784,-15.9036972989804
2022-12-09,15.9623417702882,15.2459583213921,-1.75472721620567,1.33416787011462,4.97003842135148,-19.3526631148185,-16.4051160521222
2022-12-12,16.5678362580781,14.155885821814,0.0958167021033987,-1.75449174560978,6.43308190438712,-19.1058534547434,-16.3922754860294
2022-12-13,16.6450679053091,14.1759390617185,0.186284879952225,-2.07292003490675,6.23549104434348,-18.9282618514458,-16.2416010049708
2022-12-14,17.2216351124101,14.7606276498573,0.887395436886692,-5.08825795397924,7.61868335393556,-18.8782665662708,-16.5218170328396
2022-12-15,17.6802134130911,15.0259406331636,1.15294162486745,-6.77401884191369,8.91619828276708,-19.4602271534237,-16.5410479585518
2022-12-16,15.8537138239452,14.7059223090435,-0.713570973733873,-2.0956722529025,11.1529863240635,-20.2405340214147,-18.6628452090012
2022-12-19,16.0376391743861,14.7120057168014,-0.514881687368039,-2.30409050316419,10.9069208010529,-20.2713471395484,-18.5662463621597
2022-12-20,17.6019795017808,15.4175386429535,0.469975672615178,-5.12507728497692,9.80780014306342,-19.8860305120106,-18.2861861634254
2022-12-21,17.3494893484235,14.3149460265991,0.425832780336222,-4.40247495267189,9.50529240898773,-19.202915761964,-17.9901698497107
2022-12-22,16.9864775803816,14.1349355684608,0.142572401848504,-3.81634627764316,9.1680757364145,-19.0727126677165,-17.5430023417459
2022-12-23,16.7087788011238,14.2203560763289,0.238502154935425,-3.73591278176526,9.17190620085991,-19.0699063685133,-17.5337240829695
2022-12-26,16.9992070455098,13.7702784797317,0.577112858343312,-4.05710989164298,9.21679379780942,-18.9137961398595,-17.5924861498918
2022-12-27,16.952328382396,13.7500691460187,0.557129971858167,-4.02041878995877,9.04073161763273,-18.7842905039687,-17.4955498239782
2022-12-28,16.942519514302,14.0267327317926,0.497763097470006,-3.81702799382152,8.76406213488037,-19.1356003870574,-17.2784490975659
2022-12-29,17.1209693133342,14.1540860827906,0.225703958140066,-4.15251837423094,8.74261065728228,-18.9219756185516,-17.1688760187646
2023-01-02,17.6011463218866,14.5053889265028,0.940751689404863,-4.60883490076569,9.28132063457816,-20.3892802117676,-17.3304924598392
2023-01-03,17.2947466831497,14.4317682480819,0.975689673684727,-3.96264229555224,8.10892471907732,-19.5455999703699,-17.3028870580715
2023-01-04,17.6286334177008,13.5794007953033,0.850942631067831,-3.8401073016436,8.52630339925626,-19.758463153087,-16.9867097885976
2023-01-05,17.3544398301573,13.5408222933953,0.607685639357427,-3.86231705385701,9.02066301156356,-19.611615323198,-17.0496783974186
2023-01-06,18.2870831389281,11.8431972625742,0.875909559374158,-3.38290230800835,8.41106463066158,-19.3308828100589,-16.7034694734708
2023-01-09,18.3580848141326,12.3552061151248,0.145540146931559,-3.73740969768475,8.31867531735598,-19.0726135860962,-16.3674831097641
2023-01-10,18.5539396839496,13.3954242060101,-0.800616544478714,-4.12333638193952,8.41248145699269,-19.5550407811321,-15.882851639402
2023-01-11,18.9040589721489,13.4946617390509,-0.154918289113184,-4.78973171548252,7.95320357405186,-19.4010676897364,-16.0062065909196
2023-01-12,19.3505500918688,11.7060312678584,-1.57110411970733,-3.74735917186312,9.7805251350938,-19.7009753834604,-15.8176678197901
2023-01-13,18.1203828762044,11.7928162113728,-1.31689974193284,-3.61696663394342,9.50493551458288,-18.2984026224487,-16.185865603835
2023-01-16,17.6920529607247,11.0378388874649,-0.805688057927561,-3.40636596473635,9.13283229351583,-17.537049785432,-16.1136203336095
2023-01-17,17.4274791994948,11.2178192071395,-0.878028647759635,-3.33446926746847,9.06966499344162,-17.5881588900892,-15.9143065947587
2023-01-18,16.6179727702333,11.1917801335394,-0.7224433187316,-3.24186352108465,9.83899157773067,-17.7375175513406,-15.9469200903464
2023-01-19,16.7172409431927,11.4788525881661,-1.35183201143158,-3.06953688424651,9.85714659398185,-17.5781537106136,-16.0537175190489
2023-01-20,17.1652044243101,12.21935008013,-1.65995300127972,-4.12726853337562,10.3449143955029,-17.4449655152624,-16.4972818500253
2023-01-23,17.1574067494327,8.56445118933929,0.269642533934984,-1.83568100558875,9.87842558699987,-17.4963221235016,-16.5379229306166
2023-01-24,15.0446646739594,10.6230398412635,-0.304799852590421,-3.22480814755065,9.85535706120288,-16.1958005270093,-15.7976530492754
2023-01-25,16.1670367144877,9.84083064763926,1.12181548552802,-5.26611117965836,10.816133342881,-16.4746556494411,-16.2050493614365
2023-01-26,15.5660425802142,10.381809215072,0.595070227336834,-3.63501342058566,10.0498314790109,-16.2875847911298,-16.6701552899185
2023-01-27,15.8014539787219,10.2391926777067,-0.380496323054864,-3.23876661022561,9.78337320588587,-16.2056099153283,-15.9991470137057
2023-01-30,15.7518309529786,10.4093754877564,-0.56936794126954,-3.4116404063829,9.86059247984981,-16.1001096649171,-15.9406809080152
2023-01-31,15.8828104946254,10.2396054706516,-0.781523711190573,-3.38033233250894,9.98752856721595,-16.1059070815851,-15.8421814072084
2023-02-01,16.4015648228638,8.42293427232647,-1.15483323414806,-3.27053344938897,10.6609256872996,-15.9760986409084,-15.0839594580444
2023-02-02,17.5051210531191,4.84910007241329,-1.35798724869986,-1.31619519871358,11.2496853224613,-16.6948181232125,-14.2349058773678
2023-02-03,17.4148505059857,4.24172490599457,-0.561192773628719,-1.55165552945726,11.5239008294665,-16.2724648969064,-14.7951630414544
2023-02-06,16.4963311119752,5.01461711975876,-0.36320234905812,-1.3417456789863,11.0022663064998,-16.6039185188089,-14.2043479913805
2023-02-07,15.6812314591463,5.19992676408031,-0.198637913136594,-1.03811334074226,11.039680313684,-16.4658831137282,-14.2182041693036
2023-02-08,16.5142269522498,5.71222378231522,-0.296022708103195,-1.55875748932718,9.39042138701245,-16.4357712759575,-13.3263206481896
2023-02-09,17.9224754317897,6.2374601029879,-1.00014801773366,-1.92640572384255,8.10026419398709,-16.8764438813853,-12.4572021058031
2023-02-10,17.9574661974025,0.860645055895596,-0.10154692034066,-0.678257258423301,9.47533271126971,-16.3074101050698,-11.2062296807341
2023-02-13,18.4927154748224,0.437767026212249,0.0112431067014924,-0.327885144178488,7.48762721813904,-15.3826096534439,-10.7188580282528
2023-02-14,17.7477301051715,1.38278032251345,-2.46693826522425,-0.00282729990410502,8.76897906331276,-15.2699312010877,-10.1597927247817
2023-02-15,17.5334625263198,1.55081377195461,-2.90828364210573,0.161782559902726,9.27083252694038,-15.236413921478,-10.3721938215339
2023-02-16,17.6307318650519,1.43666622669627,-2.89793400972611,0.0968827168096098,9.06287132828572,-15.2502064869865,-10.079011640131
2023-02-17,17.7588922159056,1.400468247421,-2.76202426274236,-0.339924112413478,8.7251281647881,-14.9409854342763,-9.84155481868264
2023-02-22,17.4161814072124,1.95865883003383,-3.22592122801377,-1.14337994501932,9.23881098658489,-14.4877022986869,-9.75664775211114
2023-02-23,17.4996228399169,1.52333806090073,-3.43756151246286,-0.636219435012585,9.82618665791315,-14.5740423335256,-10.2013242777298
2023-02-24,16.7406362288262,0.906766525367047,-3.40683339000048,-0.832013415059222,9.76091222613574,-14.5970299008922,-8.57243827437702
2023-02-27,15.8835979437603,1.22198959616102,-3.14371360613909,-1.24214564787928,10.1728035417216,-14.5698492582102,-8.32268256941433
2023-02-28,15.6992916522681,1.575150750612,-3.09359561297,-1.0676338051858,9.65135381425178,-14.753354944297,-8.01121185467908
2023-03-01,16.0610372865866,2.52023330530523,-1.74689988441069,-1.4914072260705,8.89512393620457,-14.894386285945,-9.34370113167014
2023-03-02,15.2396859843632,2.68918175885169,-1.72778253797976,-1.26569853428789,9.08754972936431,-14.7627549078901,-9.26018149242144
2023-03-03,13.0171237554301,3.71793925569746,-3.49292597170392,0.136133371304751,9.16104522922463,-15.0270983508278,-7.51221728912522
2023-03-06,13.6789740551124,3.82220931414079,-3.93592565026862,-0.0982803567800659,9.55467241513314,-15.1536335236632,-7.86801625367448
2023-03-07,13.5957778029411,3.75963118771858,-4.08245930525973,-0.122546251610096,9.64965642456134,-14.8614175553128,-7.93864230303846
2023-03-08,13.0933365728453,3.91264330364456,-4.04130187682691,-0.263261078208068,9.75142091267914,-14.5736505378708,-7.8791872962632
2023-03-09,12.5228122062282,4.16771522463628,-4.01957796549327,-0.209277268613761,9.46391572208655,-14.302360545508,-7.62322737333598
2023-03-10,12.6957427793133,4.2119242276498,-3.81077563131296,-0.13977090402895,9.10824852258595,-14.1294081551057,-7.93596083910147
2023-03-13,12.7213320135092,4.46148128694428,-3.91318530492526,-0.654742632199849,8.88775424529349,-14.0529931678133,-7.44964644080852
2023-03-14,12.5918346240547,3.99587577112572,-3.80375839384427,-0.470027180868371,9.13943348581482,-13.9368196477658,-7.51653865851679
2023-03-15,13.6913805679015,5.29685050483862,-4.21502964888624,-1.78706223320316,8.75629771091048,-14.1003049035651,-7.64213199799608
2023-03-16,13.6929666112061,5.27229795874791,-3.9917465218432,-2.50040742692774,8.89310398415569,-13.500136886589,-7.86607771874976
2023-03-17,14.8727171309048,5.19552305819933,-5.08586603498308,-2.9359206418446,9.07325200141401,-12.8145117315002,-8.30519378219027
2023-03-20,14.6990943356124,5.58725302316668,-4.60476203258442,-2.88781788553608,9.15916743487969,-13.3489207234717,-8.60401415206649
2023-03-21,14.9173570323821,5.78384442902918,-5.33472018055303,-3.18718905552264,9.31713884980706,-12.9090931517216,-8.58733792342107
2023-03-22,15.1324876140743,5.25313773255566,-5.42928979164971,-2.89779465280596,9.40049096038587,-12.9517854872928,-8.50724637526736
2023-03-23,16.3550389606475,4.67443834915711,-6.09267947787826,-2.52439492209799,9.84645242368078,-13.4762629971885,-8.78259233632063
2023-03-24,16.0217011656351,3.9074950465805,-5.83738344749284,-2.3796170069151,9.8441342014698,-13.128477514534,-8.42785244474349
2023-03-27,15.5391711101147,3.76740063484188,-5.26472547629512,-2.47930456249653,9.48435669891285,-12.9597965649858,-8.087101840092
2023-03-28,15.5185015154424,3.56672386652209,-4.41415387397508,-2.33754680615916,8.02754204285382,-12.5372753413501,-7.8237914033339
2023-03-29,14.6656628016133,4.01382930534081,-5.02420038240198,-2.35333899288223,9.09006416452213,-12.5314191657406,-7.86059773045139
2023-03-30,14.1321857330306,4.52229649020642,-5.63357564345807,-2.35477278431046,10.8967994602736,-12.9959143828191,-8.56701887292297
2023-03-31,14.1812570966064,4.16036474563792,-5.51842188015387,-2.14526926937893,10.738131293513,-12.419314627416,-8.99674735880851
2023-04-03,11.4277628271664,3.56022458298265,-6.36188822144096,-0.910355732926291,11.4432801671721,-11.4043705990821,-7.75465302387182
2023-04-04,11.4419940996706,3.57945704513907,-6.43217039557138,-1.28041171525518,11.4529613380568,-10.9525118748879,-7.80931849715203
2023-04-05,11.9119760671572,3.6557035300545,-6.56130271182177,-2.03390145380352,11.7723352325278,-10.930275487475,-7.8145351766391
2023-04-06,11.6507126048159,2.93726169938304,-5.91523055984593,-0.457927737641434,10.6872206305601,-11.0148353915425,-7.88720124572918
2023-04-10,11.4210735555172,3.08491613460391,-6.11421331974151,0.282363229370802,10.2426938103156,-11.0429987570404,-7.87383465302555
2023-04-11,11.9649299517423,3.73256924796769,-6.72697537400727,-1.12176047687748,11.1383274124213,-11.076190897441,-7.91089986380553
2023-04-12,12.4196554615304,4.69929244685161,-5.94062220139953,-2.99099779257923,12.8900644693579,-11.6057925634419,-9.47159982031928
2023-04-13,12.5115095763118,4.50005569180744,-6.21375365771334,-3.19586215351724,12.4531657512619,-11.426534787112,-8.62858042103859
2023-04-14,12.5600291885175,4.54260915274646,-6.2362055753857,-3.34219949975706,12.2832089713654,-11.3661556160476,-8.44128662143892
2023-04-17,12.6689788230815,4.67720610330783,-6.1388528129792,-3.95600686124637,12.5076376085638,-11.1347356173264,-8.62422724340117
2023-04-18,12.7547582558251,4.66747608800534,-6.03663202421775,-4.01134406498665,12.4226138095289,-11.1698223489475,-8.62704971520751
2023-04-19,12.8618962766185,4.3724088934509,-5.78837525542184,-4.92028237147979,12.5513631559868,-10.6063699076732,-8.47064079148137
2023-04-20,13.1007730761613,3.33184800108348,-5.62289551771759,-5.01197413326653,12.833792296624,-10.3549487402125,-8.27659498267223
2023-04-24,13.1236740771853,3.47834492536669,-5.59112866357409,-5.00714628956097,12.4933209092528,-10.2733690429445,-8.22369591572526
2023-04-25,13.2918679626563,3.47028685295711,-5.22797835980394,-5.03289455596698,12.4475063966985,-10.4264043573883,-8.52238393915265
2023-04-26,13.2797424955882,3.43098092042717,-5.22647393921019,-5.14649024092667,11.9908003048942,-10.04630944459,-8.28225009618276
2023-04-27,14.2246378063572,2.70248549885674,-4.48283620158551,-5.00747847833571,10.3130705731984,-8.96506951095093,-8.7848096875402
2023-04-28,13.9584506067273,3.65501075734164,-4.26156715919968,-4.55524823765882,10.2987319696914,-8.96450827260589,-10.130869664296
2023-05-02,14.2530946641774,4.50535959281347,-5.85740486623928,-4.08375060249304,9.71989236685013,-8.88329554760174,-9.65389560750692
2023-05-03,14.4430284287689,3.96743666653397,-5.66336282925608,-3.83225890747622,10.0311061760607,-8.97121014591303,-9.97473938871823
2023-05-04,15.0408317133073,4.32861403260751,-6.8781849042455,-3.67968591436374,8.09563628766222,-9.12637378727914,-7.78083742768865
2023-05-05,15.5401110551445,3.61838072244025,-8.43711443853092,-3.46098380257025,8.45746891610529,-8.57572110059441,-7.14214135199443
2023-05-08,12.8174949366416,3.57461226570021,-6.66661822501415,-3.27967845446715,8.2982613303272,-7.98538057736901,-6.75869127581865
2023-05-09,13.1115047035761,2.72354117053938,-6.52868072821197,-3.03379246698417,7.98569358543354,-7.90133245547597,-6.35693380887688
2023-05-10,11.9040507350833,2.45748654404061,-5.69879738485469,-2.94172887109089,7.43895617581035,-7.8691027259357,-5.29086447305292
2023-05-11,12.0747810597208,2.47496116189564,-5.7632926724192,-3.0694725384752,7.6457665714698,-7.74056474924325,-5.6221788329486
2023-05-12,12.2099341963779,2.10942424593571,-5.8891794908787,-2.98541083440124,7.99807705738709,-7.98512141366564,-5.45772376075507
2023-05-15,12.2658979540619,2.3310527945771,-5.87158097409684,-2.89827253562889,7.92263584752362,-8.34738284981734,-5.40235023661955
2023-05-16,12.504613273992,2.33604332096531,-6.14859987732041,-3.01113561082619,7.9585081593836,-8.02295785359987,-5.61647141259443
2023-05-17,12.1368201971469,2.44164175991811,-6.90024180935838,-2.90797726347059,7.20581790424409,-7.67063738419689,-4.30542340428327
2023-05-18,11.0999129696596,3.01504715961722,-7.00582886601286,-3.11580831801734,5.33987138719721,-7.13861128964341,-2.19458304280043
2023-05-19,11.7697517562107,3.22208339789488,-6.70672926835795,-4.49177673122186,6.6400899314464,-7.23179495096729,-3.20162413500486
2023-05-22,11.7237633273037,3.2488580259179,-6.4208189183678,-4.27327503349102,6.65773110275568,-7.47806471846242,-3.458193785656
2023-05-23,12.3381869578603,3.61694665199434,-6.60013291770414,-4.86908219314423,6.7079732489731,-7.2255376836294,-3.96835406434997
2023-05-24,12.1497319689621,3.11911454670288,-6.32066054162571,-4.48891906777026,6.77786819116456,-7.10658941019942,-4.13054568723417
2023-05-25,12.6605291298382,4.29611823337787,-7.57576282812968,-4.81554767992718,5.34751644106985,-7.74113166740982,-2.17172162881924
2023-05-26,12.8372903127365,4.77410017971855,-8.17597514525141,-4.88772693904935,5.03504413056731,-8.16225954282549,-1.42047299589616
2023-05-29,12.9637405106238,5.92087175017982,-5.6597067723333,-6.31898117627512,4.25435162374857,-7.97153654784735,-3.18873938809644
2023-05-30,12.9049255824997,5.94472590100726,-5.66451787948752,-6.35626448384531,4.65270935374807,-8.00267651703346,-3.47890195688877
2023-05-31,12.8261547402327,6.28130546164981,-5.52930214412065,-6.1039865196516,3.82758022741764,-8.26851058970467,-3.03324117582321
2023-06-01,12.8014337046143,6.3289119264164,-5.38235409160893,-5.91068976942307,4.06231619778497,-9.0294559907429,-2.87016197704079
2023-06-02,12.44410961615,6.47271729282645,-5.27865958414746,-6.25978007607626,4.56667314743793,-9.1172733027788,-2.82778709341183
2023-06-05,12.352755751671,6.27392392529913,-5.13243589158027,-6.21674430384725,4.5966538184778,-9.11983350546335,-2.75431979455705
2023-06-06,12.9722731790007,6.90124590796097,-6.50610146715243,-4.8460584019498,5.13135440488198,-9.88922319818865,-3.76349042455276
2023-06-07,13.093190959348,6.95766897818638,-7.58816300116911,-3.52377558103941,5.67418698018498,-10.2636556114757,-4.34945272403517
2023-06-09,13.3301576376726,6.67052227159138,-9.83494967002465,-2.55895734207912,6.09532275150961,-10.1178001521405,-3.5842954965293
2023-06-12,13.6419019461922,7.03292162087332,-10.056442035336,-2.34930111089776,5.47470041627479,-9.80685651288573,-3.93692432422081
2023-06-13,13.4896316919898,7.29449335702267,-9.71896366793009,-2.44731508803535,6.15654737778063,-9.92585936122098,-4.84853430960673
2023-06-14,11.7751540347702,6.88221012040142,-9.11442877128442,-1.85742794823648,5.87724070432294,-9.55023125366606,-4.0125168863076
2023-06-15,10.5353165340825,6.82566440937153,-8.86311090736144,-1.48256443187115,6.21479135664818,-9.30599623399569,-3.9241007268739
2023-06-16,11.3369577137064,8.05927613018857,-8.47484479699008,-2.20797675901091,7.0689262479702,-9.91759300467912,-5.86474553118503
2023-06-19,12.6011787226465,9.60972434362601,-8.31150118422519,-2.34307033438078,7.47162146426952,-11.0627513552704,-7.96520165666572
2023-06-20,12.5424290062527,9.46294062108685,-8.77152038499329,-2.23465925001729,7.65963718701118,-11.4293467691317,-7.22948041020841
2023-06-21,12.6303475853391,9.19471476210684,-7.9593852642456,-2.14104284025651,7.43076626086798,-11.0830761137821,-8.07232439002978
2023-06-22,12.1551267519965,9.74744556579649,-8.2060921011279,-4.69121665187874,8.11349283112663,-10.5658514989137,-6.55290489699928
2023-06-23,13.2970389169929,8.69660802973662,-7.84995640633664,-3.52891440448609,7.32273657967647,-10.7148713759073,-7.222641339676
2023-06-26,12.4944814780773,9.2287389405209,-8.0725383750333,-3.91671808369975,7.48288171400283,-10.501208217566,-6.71563745630197
2023-06-27,11.9256841757783,10.6294297978852,-8.48576016767697,-5.19499245446952,8.02657625229513,-10.6196123872826,-6.28132521652951
2023-06-28,13.6083942468143,9.3592570852998,-8.18857974700356,-3.0283311214748,6.4143625627421,-10.6819278507209,-7.48317517565695
2023-06-29,13.9133451640609,8.96996039511212,-8.00321201816553,-2.12904185192441,5.99170833575951,-10.6932234126578,-8.04953661218479
2023-06-30,12.8343670402779,9.00619981174862,-7.04083590844181,-3.05451434754949,6.7024237965866,-10.366030168594,-8.08161022402782
2023-07-03,13.8010435360293,9.26780646412502,-7.50811888541988,-3.43922811291709,6.23642513988963,-10.1531644202089,-8.20476372149813
2023-07-04,14.3034474469931,10.4297306981979,-6.07798347875038,-4.92356513408637,6.8894746093268,-10.890041304896,-9.73106283678503
2023-07-05,14.5254397893133,10.7722571238248,-5.91144824623987,-5.60929331776141,6.42060039808769,-11.275654849594,-8.92190089763051
2023-07-06,13.7088410558382,10.7110015813348,-5.85672037076807,-5.76574338746451,6.86129296823469,-11.366970313381,-8.29170153379414
2023-07-07,13.5932976719186,10.7604915268981,-5.83880807647577,-5.57262731847739,6.96122091130539,-11.2869028382292,-8.61667187693964
2023-07-10,13.5592195399234,11.6058381901737,-6.35313378425594,-5.57097218355343,6.72471252644786,-11.1746237978461,-8.79104049088952
2023-07-11,14.1410328904068,11.7443198720784,-7.3342959088808,-5.80527384712897,7.06801688293508,-10.8245617252656,-8.98923816414482
2023-07-12,14.5604148058644,12.0074968157363,-7.94763100047383,-6.48566148009105,6.76959092335171,-10.111888564408,-8.79232149997953
2023-07-13,14.2790869401633,9.2443153683657,-7.70812190781877,-7.26872314514691,8.18687265744511,-8.26641413634864,-8.46701577665976
2023-07-14,14.3660424893107,9.68152715812008,-5.98176599748447,-7.41450596491819,7.51995403800242,-8.31075142078668,-9.86050030224384
2023-07-17,14.050444310077,9.25187851674823,-7.06713147973532,-7.44113067441416,9.18091452417789,-8.5836482941896,-9.39132690266405
2023-07-18,13.9934092302639,9.53874773397056,-7.30208228657587,-7.10806605468465,9.25491963400934,-9.11683468808445,-9.26009356889882
2023-07-19,14.3508603001709,9.04509406328767,-6.70600644256723,-7.1514448091996,9.72082205540238,-9.51752792381398,-9.74179724328011
2023-07-20,13.8638114880302,9.45016235447544,-7.20276502417432,-6.81024233225907,9.8881193866814,-9.50796553855517,-9.68112033419848
2023-07-21,13.6626965842316,7.93719744266027,-6.89715553503413,-5.92276158573377,9.7643513758623,-9.18335770624721,-9.36097057573906
2023-07-24,14.083748957641,7.57808851462475,-6.59821785018502,-5.88907467856727,9.65044924588658,-9.01618613429529,-9.80880805510477
2023-07-25,14.4310736018256,7.23372390003809,-6.49951645719713,-5.66710788588614,9.60145697268786,-8.94595576372119,-10.1536743677471
2023-07-26,13.8576533758392,7.23036449294852,-6.03112810251819,-6.63494483977536,9.71459422921794,-8.45031630253182,-9.68622285318027
2023-07-27,12.736356740705,7.62227289874453,-4.95041555020136,-7.55137104808497,9.49092906230621,-7.98072550329834,-9.36704660017104
2023-07-28,13.595309257048,7.74725441550756,-4.34557044248231,-8.50658673049649,9.16425197176611,-7.87389480276316,-9.78076366857972
2023-07-31,14.0307569915507,8.01848176001651,-4.42563083785473,-9.30641163862922,9.00478157357171,-7.47964570139616,-9.8423321472588
2023-08-01,13.599369003158,7.41160501975846,-3.91652843239213,-9.84837668925811,9.04361570157639,-6.85798238960428,-9.43170221323836
2023-08-02,13.8803329703039,7.35547309301091,-4.38967258247402,-9.26468805092629,9.03520532575472,-7.21986020233579,-9.39679055333344
2023-08-03,14.1051125652419,7.98335293039019,-5.29390174572571,-9.98717732677239,9.30562576106558,-7.26459165170473,-8.84842053249483
2023-08-04,14.9258035199919,4.96181265189958,-4.65956369241771,-10.2455247758371,9.96698518337592,-6.758574088949,-8.19093879806357
2023-08-07,13.4703609001743,1.93618233705394,-3.79762548628038,-8.01765418280337,11.742247486529,-6.39172166423473,-8.9417893904388
2023-08-08,14.9395609139978,2.81629572281614,-3.6727849712065,-10.4320193895192,11.2779444021708,-6.06054744466264,-8.86844923359635
2023-08-09,13.4411399613605,2.75474955979545,-3.30385832443502,-9.42207841813782,10.7256963087817,-5.70563232688361,-8.49001676048124
2023-08-10,12.7296425677901,2.94704868328706,-2.20363022365071,-9.0464461024702,9.61058242764921,-5.80963840206309,-8.2275589505424
2023-08-11,12.4282754604184,2.94001288240207,-0.893760778209625,-9.85447580832844,9.47123626981809,-5.1979315120987,-8.89335651400181
2023-08-14,12.5174044899758,2.44669643249151,-1.78990828146159,-10.5716921244665,9.52188303769063,-4.83172712432155,-7.29265642990828
2023-08-15,13.2926168556179,2.84783433472551,-1.29182007218881,-10.650493046343,9.34958424298571,-5.67340637654435,-7.87431593825298
2023-08-16,13.2125155863647,2.80695581845925,-1.1845460064795,-12.211665272747,9.31930977301799,-4.60513612470043,-7.33743377391499
2023-08-17,13.6700442890046,1.94119251588005,-1.78835570643248,-10.2733699886104,9.28286201179009,-5.22209774889379,-7.61027537273807
2023-08-18,13.5557573061179,1.13158579647033,-1.83418570931665,-9.83287696583288,9.35368144562289,-5.00384115213066,-7.37012072093088
2023-08-21,13.5292553350559,1.16026133739312,-1.80215141175383,-9.5058911986074,9.05304122371381,-5.24840517360637,-7.18611011219521
2023-08-22,13.7156255202136,2.4128477251701,-2.2132886141007,-8.43474777486471,8.8017466259159,-6.32253959634203,-7.95964388599213
2023-08-23,13.8476091732742,2.74898888709524,-2.22213345624828,-8.13968404887018,8.83738117352106,-6.46829115188876,-8.60387057688326
2023-08-24,13.9747263944931,2.98406049737213,-2.66504689734041,-7.47866637629496,8.70602716957202,-6.7813613033079,-8.73973948449399
2023-08-25,13.7872648027422,2.53457378763604,-2.05911615081772,-7.86260475556794,9.08947107614341,-6.32677486267322,-9.1628138974628
2023-08-28,13.5070015488707,2.57929204158317,-1.71729780987619,-7.97540980010475,9.04403635070943,-6.27488626585538,-9.16273606532701
2023-08-29,13.7714686978877,2.61889179104199,-1.55985203819326,-7.99608501076633,9.23636044382969,-6.57989528878328,-9.4908885950165
2023-08-30,12.2579695862367,2.69726262157901,-0.883880394569637,-7.98401763401563,10.2378517233016,-6.83075238620195,-9.49443351633003
2023-08-31,11.7407149970933,2.94830158193773,-0.571482643416651,-8.34892680468239,10.4211740204036,-6.96779275530158,-9.22198839603399
2023-09-01,11.8904469293903,2.67859825017454,-1.1764389804064,-8.13448939407829,10.373921751874,-7.58385289235424,-8.04818566459996
2023-09-04,11.7212196857038,3.19678241834159,0.181398409599886,-8.64848544698368,9.78797182123105,-7.2364314620409,-9.00245542585177
2023-09-05,12.2845997503058,1.6608362325903,1.2620767018144,-8.55662723804845,9.38477571798276,-6.92880165789513,-9.10685950674968
2023-09-06,12.4519002392399,2.68228583329506,0.927225819303715,-8.69233127684565,8.74308535218351,-7.07031538181719,-9.04185058535932
2023-09-08,12.6640754798434,2.85542438653504,1.43086474834123,-8.55718121867845,8.61681105273255,-7.4488102981756,-9.56118415059816
2023-09-11,12.8027023275438,3.12436456924225,1.46700298539073,-9.51278946238633,8.46401807569172,-7.13419845941752,-9.21110003606464
2023-09-12,12.4872600037636,2.56031352371658,1.51591843218264,-8.71517722314848,9.22500831261434,-7.68559934607245,-9.38772370305623
2023-09-13,12.5994068378781,2.46788479128446,1.7413706993141,-9.18829438358114,9.51144100473212,-7.6340811064313,-9.4977278431963
2023-09-14,12.5971978411245,2.22571776390387,1.82640857158736,-9.72833848860135,9.63357354877464,-7.63838635498947,-8.91617288179958
2023-09-15,9.64364194536478,3.90710838779165,1.77820742912419,-5.91400235460405,9.74469723494449,-9.13400463494352,-10.0256480076775
2023-09-18,9.38900683843668,3.76574799385767,2.35814659286393,-6.32816248945037,8.88830669638286,-9.13952097961013,-8.93352465248064
2023-09-19,9.17262955532545,3.73145498044444,2.2501518802338,-6.12477660591305,9.3500159512686,-9.16509917274364,-9.2143765886156
2023-09-20,9.21007813892739,3.79033304087069,2.47576995276751,-5.82574146803458,8.84228760125489,-8.9472445154821,-9.54548275030379
2023-09-21,9.21434984822039,4.07781672520858,2.01944737822039,-6.23341382797952,9.28665546917434,-8.81674098253083,-9.54811461031336
2023-09-22,9.27191010788607,4.14526086225268,2.31826785138861,-6.27720740670916,9.03944285651809,-9.0601698285003,-9.437504442836
2023-09-25,9.81629507268345,4.08316487918584,3.03619289181747,-6.22614498130872,8.47375856121776,-9.52196684439386,-9.66129957920193
2023-09-26,11.346369849164,4.87944793390812,1.44111832137521,-6.55717361699326,8.77525715108226,-10.1119067617882,-9.77311287674816
2023-09-27,9.37618274874266,5.38422569206178,2.35918987629099,-8.2405301465986,8.90859456678832,-9.96918982483125,-7.8184729124539
2023-09-28,9.2812698875739,5.60757082351984,2.04129302963361,-7.70940856278521,8.56412379505856,-9.91247014413729,-7.87237882886342
2023-09-29,8.8043281276897,5.43278885231938,2.26785378054389,-6.73481252796464,7.95526711798011,-9.46504798400887,-8.26037736655959
2023-10-02,8.45122509364548,5.17915813964285,2.54490270091913,-6.24412892826005,7.6651556861868,-9.60928927390516,-7.98702341822904
2023-10-03,8.08440300721697,4.82273174345312,3.36495833656645,-6.26345731131276,7.29271000714744,-9.61759076236591,-7.68375502070531
2023-10-04,7.88084762728761,5.2124474349567,2.49707541820165,-6.89841787582803,7.00612797737899,-9.06877120972353,-6.62930937227339
2023-10-05,7.31107381246055,6.4859038901966,3.2311264033066,-7.27753866044239,4.84482655777615,-8.62274751452292,-5.97264448877457
2023-10-06,7.5063928194509,7.7838554571638,3.92503837378899,-8.65398817260992,3.60637507223434,-8.56073374391076,-5.60693980611734
2023-10-09,7.49035938394537,7.27606600516967,3.7540572507564,-7.02595461874635,3.68603140516889,-9.08670560674221,-6.09385381955176
2023-10-10,6.79754541605274,7.61834483782381,4.17138706132967,-6.38505331056293,3.71176557949402,-9.3218705930033,-6.59211899113401
2023-10-11,6.73767895468441,7.97529589506879,4.38370727368241,-6.30888128687783,3.53410619433182,-9.44943467575688,-6.87247235513271
2023-10-13,6.67222634999434,8.04820777339477,5.18356415815376,-6.6799989109759,3.40306076200905,-9.97060617598333,-6.65645395659271
2023-10-16,7.03297140934147,8.1147782167079,4.74972814125969,-6.45282409166043,3.09021626990678,-10.0269629099973,-6.5079070355581
2023-10-17,6.00318716695799,8.24320164392787,5.55867152251589,-6.51282852377438,3.38346017039868,-9.47899332831229,-7.19669865171376
2023-10-18,5.81617643465191,8.35714860506458,5.72597828986288,-6.68155216807418,3.42636103396202,-9.40997009918484,-7.23414209628237
2023-10-19,6.22727110161912,8.08285626429731,5.82154382238297,-7.37132076979186,4.08891357904295,-9.28040408856916,-7.56885990898133
2023-10-20,6.24032184991519,8.13853962535279,5.58051228434044,-7.25788167517927,4.16470181325477,-9.25575349828058,-7.61044039940334
2023-10-23,6.53042649957742,7.72058004459188,5.86376380571582,-7.38017340767876,3.96400525122505,-9.24193639754334,-7.45666579588807
2023-10-24,6.54607038592378,7.45330761511626,5.87360195810487,-7.11137854762949,3.9663745812735,-9.38316161031531,-7.3448143824736
2023-10-25,7.60415888138147,7.74205293179503,3.62966725470712,-5.66703817700965,3.70012731682569,-9.83854785920565,-7.17042034849401
2023-10-26,7.86960496182936,7.85678684212342,3.41367406151183,-5.55591033165721,3.69304716519618,-10.1220757893367,-7.15512690966684
2023-10-27,7.88846807553021,7.61979271129515,4.55080571741384,-6.37468898329042,3.44601960927255,-10.0547229446524,-7.07567418556892
2023-10-30,8.51767429491064,7.47999232122594,5.19837856130332,-5.98869902079991,2.17965122446203,-10.2342002474631,-7.15279713363894
2023-10-31,8.90734420537507,7.1502008058297,4.64050070060225,-5.18394233167,1.966482490521,-10.2039989968562,-7.27658687380178
2023-11-01,9.15050703819612,8.63518850112871,4.17420830831017,-4.7842890548912,1.58673370353908,-10.862012744816,-7.90033575146684
2023-11-03,10.5291056813259,7.62256240959023,3.76882111540977,-4.73425142267803,2.09736681638792,-10.6595719887027,-8.62403261133299
2023-11-06,10.9609383392015,6.78202275184272,4.87730479560427,-4.60727692785386,1.0311329899225,-11.2012463025581,-7.84287564615903
2023-11-07,9.19591716035954,6.31508807502956,5.87715030398059,-3.81689784965965,1.29250454823215,-11.180457151841,-7.68330508610117
2023-11-08,8.94603654380607,5.55841545913247,6.81283376001088,-2.49370131312458,0.157789624191039,-11.4736906907928,-7.50768338322303
2023-11-09,10.5613152211738,8.21785423920858,6.44712904678843,-4.74508337850659,-2.88806061390853,-11.0556082457797,-6.53754626897597
2023-11-10,10.730668528257,6.27376188607741,6.55920565228208,-4.66962259067976,-2.21032935061977,-10.3865204484626,-6.29716367685433
2023-11-13,11.233498872977,2.1808634034342,7.89287450202801,-5.35264377778807,0.873250846178792,-10.0636151364962,-6.76422871033365
2023-11-14,10.7919480292417,3.23595425652816,5.78053151861579,-3.82131898660064,0.568254618917472,-9.82394649861686,-6.73142293808561
2023-11-16,10.3070162632167,2.94303517808935,5.84783831490644,-3.92329785717606,0.733257520154851,-9.37091172383663,-6.53693769535469
2023-11-17,10.0909640678903,4.19163099989735,6.93075469167314,-5.36236981307683,0.261616313290688,-9.32540626246781,-6.78718999720681
2023-11-20,10.0997979295444,3.65107562615862,6.86852904505211,-5.24206547464546,0.0777483663600762,-9.17325831222201,-6.28182718024775
2023-11-21,10.7811321441151,4.8095989199477,6.98268351950399,-5.87416369229852,-0.304825706272894,-9.50907641227475,-6.88534877272062
2023-11-22,10.4066930023606,4.67606949835827,6.25362598508409,-5.66107010387734,-0.0902675859348179,-9.25222589308652,-6.33282490290425
2023-11-23,10.8487620815202,2.70470099158673,6.5142981753858,-5.5268577321585,0.518616130016675,-9.03180615412129,-6.02771349222958
2023-11-24,9.46229134354054,-0.5322832026893,8.95966745452737,-3.86783052242276,2.03966107005136,-9.4648342093164,-6.5966719336908
2023-11-27,9.26967110654174,-0.652924488563741,9.0669629888272,-3.74400935970122,2.12127344065158,-9.61818365855161,-6.44279002920394
2023-11-28,9.03916268949828,-0.671195546780979,9.64106354296126,-3.79299529924293,2.23204991245937,-9.6711922402087,-6.7768930586863
2023-11-29,8.52854895394903,-0.73784585236578,10.2135744611571,-3.82615673122529,2.15094656120046,-9.46737629862622,-6.86169109408927
2023-11-30,8.36698578361698,-1.23218962565804,10.9505448025889,-3.97517828626945,2.43634604358911,-9.76322795943731,-6.78328075843019
2023-12-01,8.72292699806899,-1.28955034137709,10.9579989696056,-4.67799969726473,2.64014751746077,-9.59949471419463,-6.75402873229892
2023-12-04,8.79288715599976,-1.11203580696128,11.0476068816386,-4.58984999052716,2.00074477712823,-9.61808958435348,-6.5212634329247
2023-12-05,9.19046608448303,-1.21440389882153,11.4654060057601,-4.79784758053744,2.48947668032805,-9.76315153031866,-7.36994576089359
2023-12-06,8.91757209224792,-0.930794638963704,12.1964058513879,-5.37548256150886,3.25872391532239,-10.1519398526177,-7.91448480586794
2023-12-07,8.13677035101446,-0.625592545199865,13.7328919731973,-4.76580882368821,0.941140191763814,-10.116931601883,-7.30246954520456
2023-12-08,8.21559937554814,0.340350236699607,12.4681470057542,-4.74366531518822,0.882744611429999,-9.86001262977512,-7.30316328446859
2023-12-11,7.54693308575171,-0.873228568095492,15.3865531353296,-4.4508660736882,0.139917467492339,-9.87539599000898,-7.87391305678103
2023-12-12,7.50484693803741,-2.08894755954906,16.0764699249639,-3.55238865655396,0.615897390659399,-10.1736206129257,-8.382257424632
2023-12-13,7.97157086092395,-1.47795437796992,17.2733136114185,-4.82635950884488,1.19760929963581,-9.88226160901053,-10.255918276153
2023-12-14,7.92489629747807,-1.72430840969727,17.3923809970475,-4.62635521159943,1.14121709727708,-9.43175027242587,-10.6760804980801
2023-12-15,7.0451180259891,-0.407413274648015,16.2055914028014,-3.67006775182973,0.110218162033696,-9.30575018207344,-9.97769638227303
2023-12-18,6.2169865595042,-0.164583401758016,15.8454759102819,-3.24820482696268,-0.0827393929942417,-9.00357725040037,-9.56335759767081
2023-12-19,6.43177914885704,0.175640968755637,15.6776243547232,-4.71374002673718,0.0147009605807753,-8.11939503278922,-9.46661037339024
2023-12-20,4.0098099312063,4.82003295534703,12.897135006517,-6.39047976913167,-8.02440697754369,-12.8154225058491,5.50333135945409
2023-12-21,2.61207044052975,3.69621363684982,13.8554820685794,-6.24742826113947,-4.14839940454692,-9.88278833588124,0.114849855608707
2023-12-22,3.76268326962968,4.26996614334077,12.6558029680015,-5.94699843571439,-1.93385148145224,-9.81902315586419,-2.98857930794107
2023-12-26,3.19881077207842,4.63707300041588,14.8067980674754,-6.47859712671018,-2.802486163263,-10.4517433437439,-2.90985520625264
2023-12-27,2.30776736251164,4.82110250002463,16.9228616867036,-6.57335108951317,-3.02724999833575,-10.9436273368789,-3.50750312451208
2023-12-28,3.15863595683376,5.11282341671546,19.0073555772466,-7.72769566944853,-3.79837019905877,-11.4122070963444,-4.34054198594411
2024-01-02,2.51429172452718,5.41904188281315,17.6085213909528,-7.19253828875691,-3.23735811947206,-11.0681677101065,-4.04379087995762
2024-01-03,2.58130930411492,5.44500709071976,17.1089211246586,-7.23931717532076,-3.03347637739037,-10.9598712455198,-3.90257272126231
2024-01-04,2.72040414347953,5.40095870441189,16.5491527834186,-7.28651598346249,-2.86440289094441,-10.7276387154181,-3.79195804148508
2024-01-05,0.0432540386121829,5.82629804968012,18.4370762968923,-7.3200449148737,-2.90594421171799,-10.3183802833106,-3.7622589752823
2024-01-08,1.54143393287923,5.49703075396049,19.461124050567,-8.88951179145689,-2.3754661496873,-10.5240085037914,-4.71060229247109
2024-01-09,1.70227899921419,6.47485050443266,19.20496453066,-8.79766349792575,-3.4917305546448,-10.5063890964541,-4.58631088528222
2024-01-10,1.58992667751362,6.48140824770419,19.2625832545238,-8.20505221015725,-4.08424662759824,-10.4628664003759,-4.58175294161029
2024-01-11,1.43156625110812,5.97684431806837,20.2884971810768,-9.15444908332419,-3.43193813465799,-10.3533221039823,-4.75719842828873
2024-01-12,0.495017313596364,5.46003543445432,18.5762564152694,-7.56921065642981,-2.03706579550565,-10.3210979317431,-4.60393477964147
2024-01-15,1.50181723109099,5.42473264767499,21.081442551404,-9.59279614233439,-2.40654206819207,-10.4049661450393,-5.60368807460424
2024-01-16,1.17991922061189,5.2179201907032,20.5588588744729,-8.94096019093485,-2.05645903000495,-10.3770753319249,-5.58220373292334
2024-01-17,1.2192788628284,5.4681416812126,21.7725170101987,-10.09160789101,-2.75873575495327,-10.0171421283003,-5.59245177997619
2024-01-18,1.52252116800984,4.60370231888113,22.8745811917551,-10.2704410884022,-3.24644740356184,-9.94112152344105,-5.54279466324099
2024-01-19,-1.08468037323392,5.50519098728241,22.642900390008,-9.04045761277948,-2.3155388962967,-10.100470972025,-5.60694352295528
2024-01-22,-2.22967097680674,6.37938702464426,21.8391214340932,-8.9237242408394,-1.74049433608627,-9.95346557472384,-5.37115333028122
2024-01-23,-2.3352587786011,6.32297194146125,21.6688309726821,-8.93617422464781,-1.78229258598515,-9.5278598929889,-5.41021743192043
2024-01-24,-4.05413886934079,6.66652866971321,22.3248833545203,-8.91878792297256,-1.12855156385302,-9.62507451148541,-5.26485915658177
2024-01-25,-5.918199032043,7.93381686175069,23.4560444872713,-9.80192443350037,-0.730173221338468,-10.1294859441556,-4.81007871798458
2024-01-26,-6.75446069459197,8.55128365358645,24.9242803059476,-11.0977080032283,-0.670078442844122,-11.2997594201442,-3.65355739872547
2024-01-29,-6.54537112726648,8.42002440735039,25.2766198107913,-11.7317454563576,-0.974016330283597,-10.9306514828961,-3.51485982133792
2024-01-30,-6.65850975668995,8.73112769132963,25.5486556247334,-11.820669442561,-0.698707582649412,-11.484727155757,-3.61716937840564
2024-01-31,-4.61984586976461,8.38770431421101,23.1707913630713,-9.53458152513285,-2.57188289522016,-11.1180143991446,-3.71417098802012
2024-02-01,-4.02841968937121,8.76137562128216,21.6703277521186,-8.55838226978605,-2.82504069090692,-11.3136934893297,-3.70616723400693
2024-02-02,-3.71401443085463,9.00322272881744,20.9099674857523,-8.07457663731157,-3.15127781373911,-11.39606522239,-3.57725611027439
2024-02-05,-3.61977333831452,8.83372269593271,22.5125530641282,-8.54838002966149,-3.94182217579176,-11.5575210032168,-3.67877921307625
2024-02-06,-5.86453778404307,7.33025705866687,24.6283103110306,-7.59708220170582,-3.4565424283337,-11.3113148062696,-3.72909014934526
2024-02-07,-4.75837153745558,9.91851435178885,23.6109366694605,-8.48606253317508,-5.26441013941585,-11.9839146967733,-3.03669211442955
2024-02-08,-4.97535883690624,9.08200128051954,23.9905651167488,-8.14880837065994,-5.13067249528066,-11.6985798519988,-3.11914684242267
2024-02-09,-5.35422709022434,11.8600889292683,23.6679349316803,-9.27630962414027,-6.54479126132252,-12.2257469768933,-2.12694890836821
2024-02-14,-1.58982052335836,7.46955359051397,19.6416965120373,-6.19231351907552,-3.64430506221843,-12.6322551093936,-3.05255588850535
2024-02-15,0.131206473404852,5.19013683537086,18.5480948041985,-5.01671436422387,-2.83147341106476,-12.8472338192117,-3.1740165184738
2024-02-16,-0.432259587059484,5.68094648166919,18.612621915709,-4.98771049279505,-3.18707800857628,-12.639364681613,-3.04715562733438
2024-02-19,-1.64689532679016,5.67525780098091,19.0655914807591,-4.66054706146266,-2.73606435705069,-12.5284324268523,-3.16891010958421
2024-02-20,-1.74184927728042,5.81645555032839,18.9796470183462,-4.41830429679899,-2.9097553418572,-12.4627839054899,-3.26340974724813
2024-02-21,1.42937706062415,4.55312989611605,19.5403300249147,-6.05955222326546,-3.08403075432228,-12.5193081347569,-3.85994586931028
2024-02-22,0.926358140631137,3.66463896395602,21.3965310282773,-6.80735964779373,-2.09191879566063,-12.5018706981254,-4.58637899128469
2024-02-23,0.941292197263998,3.80855423875724,20.7715079111588,-6.62487705917447,-1.89089195592484,-12.6819463852476,-4.32363894683314
2024-02-26,1.43585718464453,3.15101787534095,20.1705458842519,-6.15992304421125,-0.238668399393447,-13.416467660908,-4.94236183972477
2024-02-27,1.89975245477844,2.85119199342148,20.1754990182223,-5.71300651106161,-0.209502637934143,-13.8481558410739,-5.15577847635251
2024-02-28,1.81565843154922,2.74748244658066,20.3219505509876,-5.48543091035998,-0.458615219992815,-13.7073099040374,-5.23373539472729
2024-02-29,1.8478487250643,2.79688126090515,20.069760657434,-5.59578614630713,-0.50882056556587,-13.3819157825495,-5.22796814898094
2024-03-01,1.02380089588603,2.36354836641452,20.2954800145245,-5.87670698699644,1.03539550425052,-13.225421113312,-5.6160966807671
2024-03-04,0.734665196352225,2.04997068321922,20.640923706093,-5.8182827704622,1.51530178314197,-13.4747441601036,-5.64783443824059
2024-03-05,0.301994399731576,1.77154370260063,19.9752637478812,-5.13624092304288,1.34570579102701,-12.8602472362294,-5.39801948196814
2024-03-06,0.416543937398764,1.79535215748015,19.6903211075196,-5.03940433614745,1.28761575010504,-12.7624210920822,-5.38800752427385
2024-03-07,-1.14905160822801,2.39067844028413,21.4742878764522,-5.82323687332936,1.73242290734516,-13.0527241831817,-5.57237655934241
2024-03-08,-1.51635931926279,1.48315901916829,23.2575353312607,-7.35243810686701,2.89820861916908,-12.8293907341535,-5.94071480931476
2024-03-11,3.01827316890087,3.64565545309302,13.9920025873845,-1.23900569547089,1.71097411506813,-14.7891936030736,-6.33870602590213
2024-03-12,3.09373418817677,3.56335137553796,14.3776554428503,-1.44107194806921,2.26152302160016,-15.608045853137,-6.24714622695899
2024-03-13,3.26850955509194,3.63298921168317,14.122822966259,-1.9961496391228,2.40957333135157,-15.2707980129616,-6.16694741230135
2024-03-14,3.60946239448444,3.9988922030332,13.4045005301078,-0.457482642304655,1.71560778973961,-15.8795754445551,-6.39140483050534
2024-03-15,3.58687599650605,3.58531039423847,13.1594632771898,-0.184505270835352,2.12697840524391,-16.1655090877848,-6.10861371455811
2024-03-18,4.01319331048745,3.39008157810979,13.744363732005,-1.12275319572677,3.02181128336675,-17.0658337919534,-5.98086291628885
2024-03-19,6.18122172864565,4.4691418080802,8.94702382889775,0.635101938135456,3.15660654338245,-16.7328295477213,-6.65626629942021
2024-03-20,5.94103197826352,3.21915905687631,7.92730543436407,0.358364847157979,3.11386608137952,-14.1040665648208,-6.4556608332206
2024-03-21,5.89642632724969,2.10619610801875,8.15174051918352,0.110598114080048,3.02849206715943,-12.9712240881861,-6.32222904750536
2024-03-22,5.14166191817445,1.84887593404101,4.40349989302453,3.21053984863691,5.36860638390636,-13.0179769573279,-6.95520702045533
2024-03-25,4.26978109057232,1.74546292377568,3.40601470106115,4.95332676050427,5.79710483684624,-13.0018100053652,-7.16988030739443
2024-03-26,3.35775695556778,1.55766220241806,4.9929938278577,4.45561994555787,5.59622325282879,-13.24357329173,-6.71668289250018
2024-03-27,3.71646837139088,1.59323352475234,5.51779752968957,2.70818005866921,6.03540041642684,-13.1905667498096,-6.38051315111925
2024-03-28,4.87254339584083,0.404038942266695,3.88378767347789,3.75010162744301,7.14206944227017,-13.5323391911837,-6.52020189011494
2024-04-01,5.15989878545274,0.951040064920562,4.32942638196464,3.71483955935207,4.84306289133743,-12.7815462582089,-6.2167214248185
2024-04-02,5.31869035462709,0.724794510345049,3.77290224287147,3.23490460602289,6.09451111223226,-13.2791131012012,-5.86668972489755
2024-04-03,5.46210745940233,0.800842880557276,3.56969478357598,2.8334220256704,5.72979644786,-13.0912512420358,-5.3046123550302
2024-04-04,5.26558703930451,1.43580095378881,1.93783210319125,2.58748519567413,7.39806029439922,-13.308418056981,-5.31634752937695
2024-04-05,5.20683282419667,0.217504269140989,1.44006063585825,7.32771853131037,6.06496658933883,-14.1642005427579,-6.09288230708718
2024-04-08,5.38367921959654,0.240408058166494,1.52010741273135,7.05748894159134,6.01468716301123,-14.0993710097167,-6.11699978538027
2024-04-09,4.65578410079844,0.601883486411602,-0.301889883429297,9.84261730311854,6.35905791101516,-15.1219595372815,-6.035493380633
2024-04-10,4.20961735623361,1.51478225683611,-0.566143202496647,10.2862564940685,6.4600601088295,-16.2994229532932,-5.60515006017786
2024-04-11,4.17339553943307,1.2940895582146,-0.803644383836748,9.58656266252964,6.40399494879485,-14.9447405212908,-5.70965780384465
2024-04-12,3.94702877358815,1.30945801253306,-0.887785582348606,11.3508741041574,5.26863367476615,-15.1378050949993,-5.85040388769693
2024-04-15,4.46926251403305,1.40709316498079,-0.572990404051446,11.0304508667687,5.48416556009502,-15.9618250193193,-5.85615668250684
2024-04-16,4.59039821195773,0.448679151180094,0.522089271085953,9.5057113882136,5.83524046682129,-15.5398061076123,-5.36231238164637
2024-04-17,4.73458041638183,0.132109908484992,0.235316907340383,9.35579359294169,5.67561099015847,-14.7993030959534,-5.33410871935399
2024-04-18,4.65628929265804,0.0328540153424939,0.316026489337467,9.13638170817568,5.64135008126595,-14.4887286478284,-5.29417293895125
2024-04-19,3.85800096376595,0.170902459169369,2.01435386840917,10.0140797128304,5.51166252230477,-15.3858844008699,-6.18311512560978
2024-04-22,3.49172564260451,-1.32587129778889,3.21148160446131,11.3980443664921,4.49893963707616,-15.6342423413742,-5.640077611471
2024-04-23,4.13862603310675,-1.47765336515151,3.72337455654434,11.5060067094273,3.42074646936104,-15.6590437245054,-5.65205667878249
2024-04-24,3.869732563211,-0.794761530373641,3.45427269216469,11.579041000116,4.86919728317655,-16.3639282469017,-6.61355376139291
2024-04-25,2.27887581562277,-0.11701255185011,3.73606713046511,12.6171312442329,5.35157503899467,-17.08653860595,-6.78009807151537
2024-04-26,3.02372793635347,0.102299646395068,1.98602005538276,12.1740989588664,6.18366028825118,-16.757119788834,-6.71268709641481
2024-04-29,1.12372710777623,1.32662522580372,3.91271111998059,11.5144941588526,5.74621748808875,-17.2206610790546,-6.40311402144727
2024-04-30,1.98986271466297,1.87185878076177,2.45345935255481,12.7134438310004,3.32264040227444,-16.3105215947137,-6.04074348654072
2024-05-02,2.667172183592,1.76969497893261,2.38365490302328,13.2075060829889,1.79782547014316,-16.1178123623838,-5.70804125629611
2024-05-03,3.85547692534353,2.98857153546463,1.07882698236251,14.6246164954521,-0.747012127091182,-16.5478692270347,-5.25261058449687
2024-05-06,3.76933784381467,2.65749883732066,1.75822506683023,12.3940929374246,0.705621256311424,-15.8424283272159,-5.44234761448572
2024-05-07,2.57365517198416,3.04447997401073,2.80938856987956,11.4340482599254,1.30353952329263,-15.8415824587282,-5.32352904036428
2024-05-08,2.91349595336759,2.07619026868214,2.26518269623854,12.3310200273917,0.623039026369433,-15.0041986857766,-5.20472928627288
2024-05-09,3.19183493400197,1.86433639271445,2.13725555445733,12.1261177493119,0.761231747728225,-15.0280136006129,-5.05276277760102
2024-05-10,2.31668897686595,1.96618077996746,2.43175095699329,12.500287257341,1.18355925500458,-15.0763135372027,-5.32215368896948
2024-05-13,2.45728945083104,2.69577564554253,3.36545232422022,12.7795963342784,-0.163021302922552,-15.2265489416936,-5.90854351025604
2024-05-14,2.20580215103051,2.85562051215214,3.76484905365666,13.1851055695978,-1.19313599725937,-15.0794206163753,-5.73882067280253
2024-05-15,1.6363106980448,1.32526888965869,3.80097598977999,13.5013512041686,-0.43603440094796,-14.053462600508,-5.77440978019617
2024-05-16,1.39552498650218,0.834903730974737,3.347582785137,13.0701671408431,-0.326849951712369,-12.6456626086421,-5.67566608310257
2024-05-17,2.59090921666547,1.11495681969752,3.11864534449526,11.9642247099583,-0.543741396998151,-12.2227008061433,-6.02229388767515
2024-05-20,3.27376540587748,0.72116024844577,3.47525240105342,10.9977722410802,-0.298090273169109,-11.848740439356,-6.3211195839317
2024-05-21,3.74433138813814,0.690695713052094,3.66426449154675,10.3208880716864,-0.229795801731363,-11.9568575968528,-6.2335262658392
2024-05-22,4.58554220945181,1.59331583181802,4.22721024924769,8.45310722726395,0.0891810598277161,-12.4700462843,-6.47831029330914
2024-05-23,4.45744745116707,1.90386220992325,3.94290793195575,8.13100825453862,0.314781485376344,-12.2637663461744,-6.48624098678663
2024-05-24,5.63795087030148,2.70846709023625,3.37621055804734,6.72463709333166,0.50316928152111,-12.3943219254665,-6.55611296797137
2024-05-27,9.16105292009368,3.57910764512084,2.8765417814965,6.53365847729582,-0.870243810799529,-14.3865261835691,-6.8935908296382
2024-05-28,7.95610709122509,3.83095898967279,2.21591987288932,4.94904828761975,-0.260531905011142,-12.2686310892232,-6.42287124717261
2024-05-29,9.10879009169022,4.3504603578662,2.32389972297443,5.09104639303107,-2.24842904475226,-12.2816150782177,-6.34415244259195
2024-05-31,7.63081208218465,4.75120646039566,4.20251876245825,3.36864256912249,-0.96191399953485,-12.478951247053,-6.51231462757322
2024-06-03,7.69486246551111,4.83461594797344,4.15781470903769,3.56214977708554,-1.02096174422265,-12.5870810261022,-6.64140012928299
2024-06-04,8.31478918013649,4.58239391916674,4.44509448317563,2.68485527536701,-0.853111025590884,-12.6861085233088,-6.48791330894614
2024-06-05,8.55007433978906,4.24387770765653,7.00273713823587,0.883475961029667,-0.624204443242824,-13.4932831582916,-6.56267754517667
2024-06-06,8.90208909025452,2.94062969823523,6.86553637833792,1.27651118416182,1.10268277574041,-14.0763763928639,-7.01107273386603
2024-06-07,10.0498599850755,1.70409878043632,7.88590096455007,1.35078591060305,-0.0758314931627169,-14.2055441986387,-6.70926994886354
2024-06-10,8.67061633960302,2.3010429208744,8.13928314233547,2.0193607432097,-0.0147793119584492,-14.5389101756955,-6.57661365836868
2024-06-11,7.04145205002165,3.55783609210815,8.34038682322809,2.35174346186601,-0.325747398785786,-14.4478134147469,-6.51785761369121
2024-06-12,9.16709112030797,1.58300100573767,7.78197352929144,1.6742948328333,0.729094917429236,-13.9218273045511,-7.01362810104847
2024-06-13,8.97133636753689,1.85591600815975,8.06455315154641,2.1258697189771,0.370602830373031,-14.2081653898034,-7.18011268678976
2024-06-14,8.98216679398585,1.80444394284585,9.02932951251508,2.3154943666188,0.087332104651793,-14.7498995566256,-7.46886716399178
2024-06-17,7.80258888620363,1.98928163972906,9.40912803098892,2.57462445992827,0.44217460720008,-14.6935162134048,-7.52428141064516
2024-06-18,8.05216665117889,1.94576217986815,9.07633066980345,2.96085411878121,0.321840042235159,-14.9104940324989,-7.44645962936796
2024-06-19,8.84727674447727,2.38871116002408,7.57122497957102,3.06618868523956,0.249015548350187,-14.7136554532021,-7.40876166445999
2024-06-20,8.83205691387102,3.10305340692688,6.33650549977828,3.34203497877064,0.400539661730889,-14.4617017955289,-7.55248866554883
2024-06-21,7.66910609940702,2.66609996848867,7.83700575952121,3.24622215075001,0.600588335566428,-14.5126938802128,-7.50632843352052
2024-06-24,8.52186039508912,2.10009898677947,7.608682960403,3.84690464334338,-0.157892003897956,-14.4551452766648,-7.46450970505223
2024-06-25,6.04102806280055,3.66681456969799,8.40884391643946,2.41471581827256,1.46369134013442,-14.7763820156225,-7.21871169172249
2024-06-26,7.21928230158024,2.84076007467098,7.91753321035894,3.80394350402541,0.366955801394411,-14.7891180532451,-7.35935683878486
2024-06-27,7.05767861062295,3.78465227703671,7.63649013145007,2.72837180515135,0.96413754981824,-14.8451273333183,-7.32620304076101
2024-06-28,7.79051628390129,4.33234335402597,8.30806790254582,2.85376058123666,-1.5632269596314,-14.9485912856596,-6.77286987641877
2024-07-01,8.19506294183573,4.77138632136641,8.82034894136822,3.47035860668649,-3.02157232249997,-15.3655324251407,-6.87005206361619
2024-07-02,9.72348541449291,6.79400805267269,13.515942252322,5.23070906345372,-10.2714805098771,-17.0686077511391,-7.92405652192524
2024-07-03,9.57367348982025,6.35860072238385,12.1573764083094,5.03768155960162,-8.76752968661602,-16.4771198283097,-7.88268266518938
2024-07-04,7.58639872208604,5.34827644195909,11.7819296394324,5.00021070460207,-5.32770957578182,-16.0793866413499,-8.3097192909479
2024-07-05,7.30001651883511,5.74244747197314,12.8053680095244,6.14232247102255,-7.00251821743034,-16.6656711728557,-8.32196508106916
2024-07-08,7.06576921812623,5.69887382958129,11.9089654538691,5.65266526313182,-6.98651192595377,-15.0567127773902,-8.28304906136443
2024-07-09,6.9138703932714,5.40272942106392,11.5528147385053,5.18430539649395,-7.06093050783346,-13.5639736764043,-8.42881576509679
2024-07-10,7.47264064529009,4.82393254985553,12.9745909891257,4.43273187982515,-6.9659252022342,-14.1231621617145,-8.61480870014778
2024-07-11,8.21436131067987,4.99979612110949,12.1552553410261,4.28184700089215,-6.60110255981409,-14.500971649918,-8.54918556397552
2024-07-12,11.3986129257162,4.59205720108894,10.3828094674289,4.74878866551748,-7.32164863259,-14.8453766788485,-8.95524294831297
2024-07-15,13.7309182221269,5.31622367928474,8.69140249472853,5.81994946006339,-7.94928127186483,-15.9515453326464,-9.65766725169239
2024-07-16,14.6123245638553,6.00221067557865,7.65979937346278,5.08611411023789,-7.68240414541115,-15.7837190419404,-9.89432553578309
2024-07-17,14.8109085792956,3.97601792033579,8.54363201955487,5.9905273035932,-7.99778634992929,-15.8308697578107,-9.49242971503948
2024-07-18,14.779918931556,3.41133651957098,9.50806588484648,5.94325285702236,-7.59152445853248,-16.1755942149968,-9.87545551946656
2024-07-19,14.3414391727274,2.97737735393499,9.60328718650307,5.76489765782564,-7.67838849448589,-15.0999568388999,-9.90865603760536
2024-07-22,14.7010653900826,4.75244830512163,9.09015403846067,6.44549442482368,-8.97325556783773,-16.2145386576437,-9.80136793300721
2024-07-23,15.9547274408672,6.78680066890693,10.1557839846271,4.04956129683185,-8.74671204208756,-18.1662365368974,-10.0339248122482
2024-07-24,17.0617713483245,3.59947088049427,9.78221220052655,1.01775308744874,-7.8345281353681,-18.8857710171174,-4.74090836430857
2024-07-25,17.1294300396213,3.35006627692547,9.79837716382505,-0.146305565781617,-7.73097655633296,-18.1824568830455,-4.21813447521175
2024-07-26,15.4107430700153,2.34848476017304,10.5633414056795,2.88384956067825,-7.58404408870354,-16.3414786418951,-7.28089606594749
2024-07-29,17.8100955892178,2.72607037915223,10.3641393601112,1.4936228713661,-7.43268540175236,-17.5247782444051,-7.43646455368993
2024-07-30,19.0450951321172,2.69673702912834,9.81532151768167,-0.054662187795131,-6.52804054445399,-17.4262909883147,-7.54815995836332
2024-07-31,18.9850155664373,2.76686721149914,9.41475375504544,-1.15610817876933,-5.67630873259147,-16.6783462310528,-7.65587339056823
2024-08-01,19.1736113653871,0.655244044630571,9.45077486665961,0.843054880831851,-7.2224398386582,-15.5854778496525,-7.31476746919851
2024-08-02,18.7893393228376,-0.351655519374276,9.23211873145202,1.55744563779206,-6.45810814448362,-15.6384562474583,-7.13068378076551
2024-08-05,15.0729274743133,2.79327147430738,6.44872022416887,2.70417353367061,-2.93110344444275,-16.2783879861963,-7.80960127582105
2024-08-06,16.2706036647242,-0.364409844347186,8.63013258653483,3.67790659741277,-4.38561959099302,-16.1182138204475,-7.71039959288406
2024-08-07,15.7362097060458,-0.392384831250695,9.10992164707032,3.92559346813714,-5.03027329757558,-15.8008935267741,-7.54817316565285
2024-08-08,16.52902592329,0.68060751750965,6.37929378286522,4.10057642418523,-4.7318348975062,-15.6449771317624,-7.31269161858148
2024-08-09,17.1926930019548,-2.52625505066295,5.76489983996351,4.47666164738859,-1.12763646951684,-16.0105170644482,-7.76984590467886
2024-08-12,19.2747284978102,-2.51496894321863,5.16974831333113,4.44756402235345,-1.33686649044259,-16.9896522533412,-8.05055314649236
2024-08-13,19.5522239446904,-2.36826699633399,5.28255130727514,4.71623699044188,-1.63313699392074,-17.3880499860061,-8.16155826614659
2024-08-14,20.0820947600227,-5.03232745900582,5.00564231786257,6.19271168265644,-1.34707271562058,-16.6636920751495,-8.23735651076589
2024-08-15,20.1330298671696,-4.08814127912325,3.73294415821478,5.08356937683427,0.0853710531667033,-16.6028289985711,-8.34394417769097
2024-08-16,20.4281896312059,-3.89339739505899,3.0809716016764,5.15871097406236,0.199892777481743,-16.7115116265167,-8.26285596285069
2024-08-19,20.1537403213811,-4.30589500457558,3.1501169413071,5.70564924509782,-0.172823895711879,-16.4550645832523,-8.07572302424627
2024-08-20,20.906088317467,-8.34486604021435,6.1810033584113,5.2363242091025,0.70219195108497,-16.3913790585698,-8.28936273728158
2024-08-21,21.2725603121808,-11.3948411243481,10.790151594169,3.26690692620382,2.5214252213916,-17.4204801156654,-9.03572281393175
2024-08-22,22.0158759239006,-11.7202469668449,10.9882099917611,3.42484656008488,1.32297173481307,-17.1719863517881,-8.85967089192669
2024-08-23,23.3624995716857,-11.6749573021505,10.8410075032201,3.75663405108666,-0.433904681405934,-17.0589286897673,-8.79235045266869
2024-08-26,21.1598847771298,-10.3550677829488,11.0494732789216,2.64918453396456,2.00736003944903,-17.522246500787,-8.98858834572926
2024-08-27,17.4223480623678,-7.43937775371814,16.1359441304599,-2.46875982940247,5.6252978156348,-18.6340647567455,-10.6413876685964
2024-08-28,19.7904515542897,-6.18437594740057,11.8443515914417,-2.14542151108407,4.08666743455186,-17.5199216154338,-9.87175150636489
2024-08-29,20.552290177463,-7.17773215825994,11.3202529944032,-1.14486802053749,3.71929644563669,-17.3607448519917,-9.90849458671372
2024-08-30,20.029965066054,-7.26992711128841,11.5254027111829,-1.12520602058262,3.78734193522482,-17.1232652109252,-9.82431136966556
2024-09-02,19.628884248174,-6.93583387561826,10.9120243097769,-1.03179894243279,4.31071637740557,-17.1664078217522,-9.71758429555314
2024-09-03,19.2364179437912,-7.97892717016932,10.6237953078375,-1.05028059102821,4.56102788083767,-15.5116332296945,-9.88040014157445
2024-09-04,18.9874806382521,-6.37130929039803,10.3073036238269,-3.0845136296692,4.74683270570841,-15.1152608285142,-9.47053321920598
2024-09-05,18.9582399834829,-7.26525473494072,10.8154793877656,-2.61441719044632,5.00064673494004,-15.2625053486262,-9.63218883217525
2024-09-06,19.5372105222473,-8.0749048699093,11.9421379156254,-2.35394341325126,4.09049622948955,-15.5330278464392,-9.60796853776249
2024-09-09,20.2411681894656,-8.5766584968508,12.4619335908325,-2.4069838157328,3.90571476064598,-16.0575167850339,-9.56765744332661
2024-09-10,20.0557028135722,-8.47826347399582,12.4741379951004,-2.33172125535602,3.7076582932248,-15.9142082099128,-9.51330616263274
2024-09-11,21.0187687887697,-8.46961267408897,12.4566156445093,-2.23238322869249,3.68291824959547,-16.6057007550545,-9.8506060250385
2024-09-12,21.4407461483202,-8.61579524071909,12.6581949997204,-1.78199272724766,2.91162221894249,-16.8411576192721,-9.77161777974423
2024-09-13,20.92904728926,-8.08666005307302,13.0984878934376,-1.20176386979286,1.32089987474591,-16.0901883040061,-9.96982283057151
2024-09-16,19.920340306387,-11.9478208319965,13.2201036404205,-0.0182133406120499,5.92451391659997,-16.7919765365036,-10.3069471542953
2024-09-17,19.453647825912,-12.5847944008385,12.9512324798652,-0.251680200078134,6.14080900730923,-15.2809579520168,-10.428256760153
2024-09-18,19.2594579782271,-11.2852158937877,13.7116895558389,-2.74997734791982,6.87707539446686,-15.5749967776883,-10.238032909137
2024-09-19,17.1475200458778,-11.5011530416223,13.1021673794673,0.33619203342591,6.96905516808949,-15.569838558155,-10.4839430270832
2024-09-20,17.0301437128269,-11.0179350029478,12.6752111794217,-0.0212412784455509,7.59563326795182,-15.8857603021933,-10.3760515766138
2024-09-23,17.3663169967663,-11.3932436246679,10.7464463153232,1.48360178364803,8.61251116587204,-16.7427628874148,-10.0728697495268
2024-09-24,16.8221244488512,-10.5876653578529,9.34653184230704,2.20658608971874,9.01937736542477,-16.6316580270017,-10.1752963614472
2024-09-25,22.4340034729486,-9.07617691526741,10.8523781456722,-2.47524608626659,7.84377105193395,-18.1029341219459,-11.4757955470749
2024-09-26,21.8754771177007,-8.55898721712025,10.9518399495053,-2.43406808653184,8.02556131441877,-18.3543330377459,-11.5054900402268
2024-09-27,19.5721038463114,-7.99818833978301,11.4317942481663,-1.59994912334767,8.05775939693029,-18.2534945294436,-11.2100254988337
2024-09-30,19.1857304429205,-8.00136374889385,11.9670909805867,-1.6800121394562,7.66485804241822,-18.0630038519436,-11.0732997256318
2024-10-01,19.1629778010931,-8.11788656937247,12.1118204650565,-1.550810689843,7.66891356750408,-18.2442409758499,-11.0307735985883
2024-10-02,19.8918400643454,-6.14042017678711,10.3120727574305,-3.81734978529089,9.41056116197299,-18.4999245599548,-11.1567794617161
2024-10-03,19.4272584826928,-6.29300354002274,10.6473837208229,-3.37911449550262,8.85780695038757,-18.2984578219696,-10.9618732964084
2024-10-04,18.3353318119295,-10.8114489680371,14.9790148785231,-1.36182026254886,7.15757774208863,-17.8966671016823,-10.401988100273
2024-10-07,18.1173458407086,-11.3202493642476,15.5066256913709,-1.23168215756284,7.04659822023607,-17.8151379657323,-10.3035002647728
2024-10-08,17.9723901349927,-11.998714233418,15.9197601492393,-0.987690055195969,7.0289066402305,-17.7361545243396,-10.198498111509
2024-10-09,18.0465322720518,-12.0560724338377,15.8404939855045,-1.01905721866327,7.38094158521097,-18.0618482522312,-10.1309899380352
2024-10-10,17.90170620306,-13.6700252477325,15.6981254169122,0.955083947514474,8.0294417596396,-17.9363253097931,-10.9780067696007
2024-10-11,17.9549264932741,-13.8566078262359,15.6380846795402,1.50717003570185,7.99943214200609,-18.4764645786754,-10.7665409456109
2024-10-14,17.7582665610369,-14.0505666640005,15.603004804489,1.41118904579878,8.50812461804998,-18.8555540891249,-10.3744642762492
2024-10-15,17.9128888232182,-13.9885655009903,15.7324122520595,1.44549842741903,8.2445329545534,-18.7934986559335,-10.5532683003263
2024-10-16,17.8797772115024,-13.8529183981973,15.4823779430126,1.79732705759912,8.1442736557801,-18.8835720209706,-10.5672654487264
2024-10-17,17.8388221104521,-12.8162872720756,14.3519745744458,2.09109659887822,8.24081459115715,-19.350502607801,-10.3559179950566
2024-10-18,16.8164553148265,-12.4415144339328,14.450873499883,2.0826488368434,8.39338659805903,-19.0608852064467,-10.2409646092324
2024-10-21,18.3496262205906,-12.0589985220384,14.3332822161158,1.17443097568115,7.80162394637777,-19.1761215768798,-10.423843259847
2024-10-22,21.2047351373978,-14.986156643408,15.9071953181245,1.35131156957535,6.95001590315515,-19.8300746982527,-10.5970265865922
2024-10-23,23.6166238415319,-17.0458165348972,16.5472289243683,2.38191357895807,5.94437210389061,-20.4832751337186,-10.9610467801331
2024-10-24,23.2702978364439,-16.1569802621253,15.8071863668565,2.40790403804637,6.5316568429907,-20.9578495050184,-10.9022153171937
2024-10-25,24.3782744788747,-17.8808464329208,16.4531549065676,2.75634433495893,6.29299689564701,-20.9612721020309,-11.0386520810966
2024-10-28,24.6473833273403,-16.2521922478153,15.9039369141451,2.38303004036499,6.13893895822653,-21.6128746547709,-11.2082223374907
2024-10-29,24.7230629567929,-15.7507564773366,15.9393766849098,1.80809326888153,6.21077594861965,-21.7958092228784,-11.1347431589888
2024-10-30,24.8359707289873,-16.7564220867576,17.2036276691039,0.204377335040704,6.78169102047209,-21.0445092903601,-11.2247353764863
2024-10-31,24.7879071750148,-15.8697059134065,14.7304769321555,2.37079496908029,5.61230325207533,-20.6730963536229,-10.9586800612966
2024-11-01,24.8397640170932,-15.7891910782632,15.0346898983157,2.67954841377671,4.59211650316862,-20.7406735399933,-10.6162542140977
2024-11-04,25.3222852932832,-14.0206949484301,13.7459129498938,2.80181870875466,3.76437749005304,-21.0094543915855,-10.604245101969
2024-11-05,23.4060332252365,-13.9965523012997,14.3978099583573,2.6324452816507,4.79208528480126,-20.7080602962448,-10.5237611525012
2024-11-06,26.4997066511909,-13.002461897957,12.0579963092653,0.448218536287328,5.84225197549076,-21.3325507462554,-10.5131608280219
2024-11-07,27.2830602639647,-12.9506413360672,11.6193216422743,-0.265343125753816,6.30162838808604,-21.5214007591208,-10.4666250733833
2024-11-08,26.178253751856,-12.597168810385,11.7323212829706,1.18155093863479,5.23806782587319,-21.226265183405,-10.5067598055445
2024-11-11,21.4831586641939,-12.0808777245821,18.031131211259,5.01186274683747,1.34834367597474,-21.9734401005883,-11.8201784730947
2024-11-12,20.8476248509474,-11.7235207345518,20.2668517561067,6.24903818314419,-1.22260424816842,-22.4724471347384,-11.9449426727396
2024-11-13,19.452383258643,-11.6828155941495,21.0130397275636,7.3209822367337,-2.92178466299798,-21.1401800865455,-12.0416248792474
2024-11-14,19.6271346549688,-10.0809642386037,19.9882815174335,3.25157261969247,-0.946599674199632,-20.0569022757513,-11.7825226035402
2024-11-18,19.8974512869643,-10.3870540632882,19.9172883815018,3.49381915973439,-0.907601474920654,-20.2149558823902,-11.7989474076015
2024-11-19,21.5016122576458,-11.1438652379783,18.5498451707751,4.02768384767992,-0.512836404454966,-20.6286213954659,-11.7938182382018
2024-11-21,21.263607782185,-10.5074671556216,17.8449547870384,4.61614307065683,-0.676613580357198,-20.4818608517315,-12.0587640521699
2024-11-22,21.7926373315739,-10.9381226291591,17.5820572998734,6.38860429140347,-1.95508621423503,-20.7771083531001,-12.0929817263565
2024-11-25,22.0813394347022,-10.8923340880269,18.8697295556262,2.62371850719319,-0.695373542689389,-20.019704303213,-11.9673755635923
2024-11-26,20.3898305767459,-10.4655645765902,18.5648540545538,4.21353049404888,-0.903887299199653,-20.0246243965381,-11.7741388530207
2024-11-27,20.196958887104,-10.8290803865932,18.9669920732036,4.63725886816535,-1.68531861583396,-19.7290313351659,-11.5577794908799
2024-11-28,19.6933041702848,-11.2270806098302,19.6618756023399,4.73528956306439,-1.18700081543944,-20.0727722196035,-11.6036156908159
2024-11-29,19.9020822008622,-8.10911527395199,17.6699360070055,4.77443215875309,-3.49059416559909,-19.3898393660385,-11.3569015610312
2024-12-02,19.2838138565579,-8.2752707045588,18.7706661868675,3.95127442418874,-4.18904377883298,-17.957412117731,-11.5840278664914
2024-12-03,22.3857281814513,-9.85557793261635,22.1345781825313,1.7628221271049,-7.24244522837471,-16.7806443776958,-12.4044609524007
2024-12-04,20.7631666337342,-10.10457601828,22.1626693276442,2.64964787810407,-7.07482648877702,-15.9035674127614,-12.492513919664
2024-12-05,19.4012657668054,-9.37483858243859,21.6608508645878,2.65543119229533,-6.26194491354123,-15.7215649204051,-12.3591994073036
2024-12-06,18.3239351185408,-10.1924649098816,22.1515223079949,2.894676629201,-5.94450574589175,-14.8283045491864,-12.404858850777
2024-12-09,18.4342772517682,-10.2709831723397,22.1463092411988,2.90760967069075,-5.98474976426043,-14.8092638572693,-12.4231993697882
2024-12-10,16.8669864122238,-10.0289227457297,21.9425811196405,3.15306505203252,-5.42770717718248,-14.3839087870283,-12.1220938739563
2024-12-11,12.1152692595439,-7.98090619985128,20.4841928639805,5.56206321126164,-3.31570558189035,-14.605491560238,-12.2594219928064
2024-12-12,12.9085062584123,-8.04171536613701,21.4386979985386,5.28478091451758,-4.43218304141388,-14.9209173341937,-12.2371694297239
2024-12-13,13.7736179121986,-8.56161067217256,21.4385476815508,5.20364476287865,-2.17536039813382,-16.8238462867724,-12.8549929995491
2024-12-16,14.4835269760855,-9.57803860665908,21.4145732500589,5.20520107307877,-1.08865332841889,-17.2641303862829,-13.1724789778623
2024-12-17,12.3069068407585,-6.72689784548268,21.7595530328762,5.89546114797309,-3.48489763649163,-16.3662602982432,-13.3838652413903
2024-12-18,13.8625543382729,-8.37549936811921,21.6895717320623,5.43949260868489,-3.88728009656314,-16.3222278852147,-12.406611329123
2024-12-19,13.8624970363453,-6.77040381804832,18.0374525024154,6.77330518153501,-2.89919050544354,-15.6910414904546,-13.3126189063492
2024-12-20,14.3924391655069,-9.33137834241968,23.3599292714498,6.39355301742544,-6.70574038105582,-15.4033194014601,-12.7054833294466
2024-12-23,13.9366759817325,-8.2544958633403,20.4744672977192,7.22409729302087,-5.55512942655361,-15.3165504225206,-12.509064860058
2024-12-26,13.4790244719245,-8.55461279871787,20.184903881027,7.29829374853431,-5.6592415253063,-14.7366402289751,-12.0117275484866
2024-12-27,14.2181557295039,-8.53013459068872,21.6634397874852,6.08769474129637,-6.54033279407206,-14.7962961184339,-12.1025267550907
2024-12-30,15.6477719506932,-8.9917529409547,21.9271437700927,5.73792436966654,-6.49653447910237,-15.309639048977,-12.5149136214183
2025-01-02,13.7604346850895,-7.20595133655058,17.8113399733758,8.17662875591957,-5.40532369571073,-14.4691253836059,-12.6680029985177
2025-01-03,14.4209275082749,-8.24808316403411,12.9984400938475,3.87553847318398,-7.06744714461469,-2.14670847412351,-13.8326672925341
2025-01-06,12.1218816882243,-6.93873032027348,12.9129338890882,5.96286903815394,-6.77474138490698,-5.63963033579102,-11.6445825744949
2025-01-07,12.2705319585841,-5.96709781268426,13.3318557157837,6.92522304831052,-7.4110319341324,-7.76688988688173,-11.3825910889799
2025-01-08,11.4945413057715,-6.53794904186508,14.6097409850258,7.0730931282714,-7.27459968945245,-7.81298524256068,-11.5518414451905
2025-01-09,12.1788336155793,-5.99186565745417,14.9161605242957,6.54575780167414,-6.98552394192088,-8.30969110574556,-12.3536712364286
2025-01-10,11.8071841633858,-5.7813487596483,14.8931110642093,6.29746923377004,-6.96332692711599,-8.3106371297444,-11.9424516448565
2025-01-13,11.0818279728221,-5.34471287370896,14.2183309913836,6.76078383525666,-6.32772649912094,-8.30277215765742,-12.085731268975
2025-01-14,11.0900261071002,-5.94950743667052,14.5168628274302,6.88055862496321,-6.3642559788582,-8.25587715990116,-11.9178069840638
2025-01-15,11.5621467179787,-5.27120877272829,13.6273079055052,6.00459592313055,-5.34602309372823,-8.16260951219934,-12.4142091679586
2025-01-16,11.0654463745783,-5.76155677859795,14.3155272808134,5.84405033195582,-4.92872194995591,-8.08647528282112,-12.4482699759726
2025-01-17,10.9867372126821,-6.44081812514376,14.77393881831,6.25322816298438,-5.0473919900389,-7.88360349093651,-12.6420905878573
2025-01-20,11.0762011501571,-6.53787575434458,14.617157410711,6.36695555712802,-4.94572063009746,-7.87276158833638,-12.7039561452177
2025-01-21,10.7811020206433,-6.27686681296327,16.6622183618991,5.65237718228107,-5.49748013008641,-8.12527199279147,-13.1960786289824
2025-01-22,10.1692484722372,-6.18116387665366,16.5148511828467,5.68079327078042,-4.93136419547689,-8.08238795631595,-13.1699768974178
2025-01-23,8.83788802253262,-5.41242597679453,17.6644666770564,6.00755870598971,-5.89370567317103,-8.13707129988754,-13.0667104557256
2025-01-24,11.745386040267,-6.23903864075828,16.4164909735212,5.26373660967952,-4.83533595176045,-8.54256169889953,-13.8086773320494
2025-01-27,11.3445279032192,-6.37540531526771,16.2246396129795,4.45844492370634,-3.13546507380394,-8.54367560540705,-13.9730664454264
2025-01-28,11.1178479539938,-7.96481492161128,15.5525452813499,5.20625548980117,-1.02480344733692,-8.61857712344828,-14.2684532327484
2025-01-29,11.026554966976,-8.12771254092998,15.5538163850942,5.09881723689548,-0.244354679317532,-8.74862706133948,-14.5584943073786
2025-01-30,10.1351557384249,-4.90524550006867,18.7125144540225,3.5908746541404,-4.0620326231255,-8.90874445008341,-14.5625222733102
2025-01-31,12.2984907301429,-8.09664990845933,18.2207028528477,4.96629322047252,-4.31067156331369,-8.79048398152262,-14.2876813501674
2025-02-03,13.1124429621244,-9.26095128295523,17.7584213486309,5.7643010794446,-4.28167138780522,-8.7649399302937,-14.3276027891458
2025-02-04,12.8462281591303,-8.0813493794304,18.6834561799796,3.18661383333509,-4.11585402700778,-8.74537788141542,-13.7737168845915
2025-02-05,12.8680853525632,-5.58162775063513,17.6518549204365,3.11683767286506,-5.49104857010141,-8.82412350293915,-13.7399781221891
2025-02-06,12.3453195115763,-4.63690536869257,17.0994722479401,3.34210837126106,-5.78249082652625,-8.63496307738224,-13.7325408581764
2025-02-07,12.3258830216039,-6.87651167466213,18.7710309751469,2.36818134800806,-4.3740750704692,-8.47949403884568,-13.7350145607818
2025-02-10,12.3743208233409,-9.17072777304524,20.0979064014308,1.84123798274529,-3.20586864497442,-8.30573941112281,-13.6311293783745
2025-02-11,12.3063380917033,-9.37668675389563,20.1000347079175,1.69557054314784,-3.23572753647831,-8.31279516500558,-13.1767338873892
2025-02-12,10.5273188132424,-6.43225473249781,18.2526893274232,2.30628242549932,-2.77082550365822,-8.58306114324086,-13.3001491867681
2025-02-13,13.2390410335521,-8.94970078072186,20.713054153985,0.884537852786636,-3.24550408789656,-8.40116940553219,-14.2402587661732
2025-02-14,13.3351069757393,-8.66936174880836,20.4094804643968,-0.0609663539762337,-2.7827217117791,-8.2480774013765,-13.9834602241959
2025-02-17,13.4117505093193,-9.08299901287104,20.5639576759683,-0.215104021974746,-2.77528874006543,-8.14981826895115,-13.7524981414253
2025-02-18,13.3657408705674,-8.85899042081115,19.9872663186382,0.171172269588759,-2.59392041169213,-8.11651691758413,-13.954751708707
2025-02-19,13.5125071948952,-8.50688204233588,19.1341382412737,0.32697988877981,-1.96119928000409,-8.22254265372796,-14.2830013488808
2025-02-20,11.6298970062374,-8.84841018152561,20.1721056218602,0.674614276675285,-1.36920170569817,-8.11396626216763,-14.1450387553815
2025-02-21,15.0857375240713,-9.4586004244912,16.7637682018278,1.41452240977874,-1.51446111465192,-8.07780763032194,-14.2131589662128
2025-02-24,15.0025988853482,-9.73772808533705,17.1934181998925,1.63755908798343,-1.4369758619528,-8.04597190393398,-14.6129003220003
2025-02-25,14.2619644270332,-9.59836635930328,16.8035109479826,1.90941822682682,-0.682050951717621,-8.22558381328677,-14.4688924775349
2025-02-26,14.2894988600476,-9.65298816362374,16.7681702301249,1.95859715537304,-0.826756227353584,-8.18858983249708,-14.3479320220711
2025-02-27,14.3953954112476,-9.78564848443301,17.0665726005171,1.9950969610048,-1.09671720396523,-8.17321825396503,-14.4014810304062
2025-02-28,14.5033436477685,-9.98888103535344,17.0221645530875,1.85116547701013,-1.04773481579035,-8.11767661610342,-14.2223812106189
2025-03-05,14.3026297674379,-9.97312875562714,17.2882725674243,1.41128450513511,-0.961669872613221,-7.96809416354424,-14.0992940482127
2025-03-06,14.5066385747992,-10.048214333977,17.4446709948432,1.33557759663446,-1.21769899364379,-7.92931727933634,-14.0916565593198
2025-03-07,14.4797953748439,-9.3633213842379,17.3382392181632,1.33709744966229,-1.58876688672565,-8.06666963118008,-14.1363741405257
2025-03-10,15.4170786545847,-10.1423700130784,17.2509162720879,0.952020902907925,-1.24762692819116,-8.05781087652499,-14.1722080117859
2025-03-11,16.4973842696171,-11.460908811881,17.5325750195079,1.60046086067781,-2.60071394003747,-8.26254004595808,-13.3062573519263
2025-03-12,16.1173740830491,-12.6671198051274,18.3142128398944,1.82905232136229,-2.69690577163423,-8.59218679976114,-12.3044268677831
2025-03-13,13.6642005243945,-11.3211196246948,18.904913926204,1.82295947659225,-1.68545275925071,-8.13773926743633,-13.2477622758089
2025-03-14,13.7821636109541,-10.6920924263681,18.0060798911103,1.60068726082694,-1.49776777693818,-7.97263666988271,-13.2264338897023
2025-03-17,14.4405130210272,-10.9396029641277,18.2963893212018,2.26902734878151,-2.1444800011299,-8.10970791399359,-13.8121388117593
2025-03-18,14.2444143614894,-10.5726396627432,19.4277163653545,0.794985509270468,-1.60491420857353,-8.09080302281859,-14.1987593419791
2025-03-19,13.9656247221697,-10.4037822704385,19.1301315037298,1.18298563951114,-1.95575546651477,-8.00547249619201,-13.9137316322653
2025-03-20,13.743423060553,-10.3684399991205,19.0650761931653,1.08723951246727,-1.8772414951182,-7.97753385601685,-13.67252341593
2025-03-21,15.1335511912055,-10.4721675362885,18.2023254102602,1.15156516814442,-1.53678233942161,-8.28723431449162,-14.1912575794083
2025-03-24,14.5218010496801,-10.4064935597784,18.3483570805395,1.19672736187168,-1.93099903742064,-8.28162601183222,-13.44776688306
2025-03-25,14.6801819946693,-9.08070841792325,19.0055076269419,1.17922455067944,-4.51990413610618,-8.21685637363012,-13.0474452446312
2025-03-26,14.946576064396,-9.62506968937978,19.2582360069803,0.773594329203952,-3.84364735291875,-8.31005475282597,-13.1996346054558
2025-03-27,15.1404439954973,-10.5674651253188,19.6709743926723,0.0394975822887815,-2.91288892508702,-8.23092920951424,-13.1396327105384
2025-03-28,14.3642259371347,-11.4542777789419,19.2884238724875,1.05974605172748,-2.00047855142189,-8.43676972806682,-12.8208698029191
2025-03-31,14.0633843674205,-11.9403517898553,19.3647918171022,1.37698063215133,-1.45746450458034,-8.53502760841501,-12.8723129138233
2025-04-01,14.0832024286252,-11.9085499092141,19.4758743346733,1.16687036509203,-1.54170770365197,-8.46588174698367,-12.8098077685408
2025-04-02,14.9321165919319,-11.8475077575542,19.6391163324112,-0.0475915124371795,-1.35511622761664,-8.36870341746468,-12.9523140092704
2025-04-03,14.6458559998128,-11.1875966533091,17.9893371541782,1.10551355422586,-1.45749755022526,-8.34887126448455,-12.7467412401979
2025-04-04,14.7676115626169,-10.2353134509781,16.0957495213519,2.596227162838,-2.25526885916226,-8.46518932331304,-12.5038166133534
2025-04-07,15.5481807771865,-8.63775265410864,13.5268789214998,4.02896688510282,-2.27738486200403,-8.92374945600968,-13.2651396116667
2025-04-08,15.5957299338701,-8.77732972866807,13.5112105761592,3.92780240620917,-2.14304020117846,-8.89104195361724,-13.2233310327747
2025-04-09,15.8527095186009,-7.62158239847319,12.5490355228278,4.33190910577557,-1.79583635493045,-9.13643524576957,-14.1798001480311
2025-04-10,15.2587453571631,-8.00052009083971,12.9339827242489,3.85133010707862,-1.56656596471952,-8.90944941384449,-13.5675227190869
2025-04-11,12.8462910191392,-10.5687062810125,13.3969630393424,4.87742883489476,0.548025277180813,-8.94115471259864,-12.158847176946
2025-04-14,12.8350175539435,-10.3316041619245,13.3243529163415,4.19755681716988,0.808288998957551,-8.8023800330138,-12.0312320914742
2025-04-15,12.5892873149956,-10.6799283612008,13.961652624102,2.00513166253746,2.36210373723659,-8.56121193938946,-11.6770350382814
2025-04-16,12.7623254625749,-11.0544972137649,13.9308381412217,1.76016538242669,2.92842420976215,-8.55283742345569,-11.7744185587649
2025-04-17,12.8600683370704,-11.0359017420162,13.9598615828013,1.68609238576619,3.00788113187926,-8.5949415718576,-11.8830601236433
2025-04-22,12.7282420510085,-11.0580879560212,13.6714896448754,1.85132060463271,3.12493253496677,-8.5546305246043,-11.7632663548579
2025-04-23,12.6982785759924,-11.1018794772994,13.8834978904404,1.77678099096742,3.12214753989454,-8.5810931225175,-11.7977323974779
2025-04-24,11.5086091698234,-10.8991750064778,13.3086525432688,2.2506096843572,3.67920414927869,-8.26185699750562,-11.5860435427446
2025-04-25,12.6150640645035,-10.6661488832294,11.7753878372022,2.35531851324316,4.11302909583741,-8.360677269222,-11.8319733583348
2025-04-28,15.5941744297456,-11.5334331277189,9.08042938381605,4.09541590758788,4.26599128343735,-8.87647560919549,-12.6261022676724
2025-04-29,15.5984754603221,-10.732625023442,10.0061238204922,3.8452903973141,2.11112153891247,-8.74094472883101,-12.0874414647679
2025-04-30,15.2735188147013,-9.91696963115213,8.21786563176858,4.45059228572481,2.16037147968934,-8.76714016556294,-11.4182384151689
2025-05-02,14.6255665995059,-9.78356960479237,7.65542581705238,5.2097358163931,2.20252201300244,-8.67494505041636,-11.2347355907451
2025-05-05,14.8954663492048,-9.64348358621221,7.0939710009207,6.12121687673836,1.34177754148354,-8.70885751760293,-11.1000906645323
2025-05-06,12.94225247802,-9.68650249465922,8.90800353630446,3.00563525134995,5.57478150425342,-8.48491759860467,-12.259252676664
2025-05-07,13.0159032891922,-10.1360518554245,8.91332858417826,2.54856512798223,6.66524877740031,-8.59988441799698,-12.4071095053315
2025-05-08,13.748052972424,-2.56852207462721,8.32559794433428,0.9859684925772,1.67703581989329,-9.07572508818459,-13.092408066417
2025-05-09,12.0088582368909,-0.318636378097636,8.91616183781448,0.997457618281508,0.527771310802116,-8.88535907594224,-13.2462535497491
2025-05-12,11.9182541346973,-0.72927497272476,9.0316735195343,1.85660595423121,0.218464735344511,-8.78418327653152,-13.511540094551
2025-05-13,9.39757533050587,0.487151441335094,10.640404378076,4.09929571098685,-0.765676696414005,-8.63403408487273,-15.2247160796171
2025-05-14,9.39538265346403,0.942664688745865,11.7105444720555,4.6127864235157,-1.78521936438093,-9.00630134127227,-15.8698575321279
2025-05-15,9.2457071708098,1.26848014707792,11.6593200313679,4.58691325076341,-2.01444017558401,-8.64301686859327,-16.1029635558417
2025-05-16,7.61861610790216,-0.457351351839854,16.6419338349282,4.41816776791669,-4.61552838207163,-6.92974414113513,-16.6760938357005
2025-05-19,6.97956779746944,0.756066252228862,9.8388528720523,9.25226633718332,-2.62936135524916,-8.30283864718461,-15.8945532565001
2025-05-20,7.33806313245572,1.42464143028496,7.39042891817613,10.9360823196833,-2.65144653416146,-8.50268339257319,-15.9350858738654
2025-05-21,8.67737438586489,1.49859795566958,6.51468903838608,10.4005608572582,-2.7051258478438,-8.3041258240494,-16.0819705652855
2025-05-22,8.80312697739804,0.625795559720416,7.38237191258024,10.748481329438,-3.1894276825572,-8.42505963030595,-15.9452884662736
2025-05-23,9.9937585213133,3.4661569726907,-0.759715718968494,12.1158029212968,-0.917305782269949,-7.91053088276837,-15.988166031294
2025-05-26,8.81274270362694,1.75787228391368,3.90997622198391,11.1339670921446,-1.36322330948472,-8.24008621890762,-16.0112487732768
2025-05-27,11.0763336111128,2.92900405413778,-0.0149056396200109,12.2324821125045,-0.800913999153806,-8.49291353029038,-16.9290866086909
2025-05-28,11.6886971920653,1.07165409959728,1.04184817656456,12.2991856612216,0.712138343717697,-8.73105229364667,-18.0824711795198
2025-05-29,7.31040815168363,-1.69980315634311,-0.611039006896682,11.8772770281813,-4.76244882984361,-9.87446306262567,-2.23993112415586
2025-05-30,7.04322399775995,-1.08799853694022,-0.608465720535506,11.8113692977191,-4.41108351458931,-10.5263776849658,-2.2206678384482
2025-06-02,9.26216235012608,-0.803511224428718,-0.857158723936223,11.2744650690027,-1.48013433436359,-9.85116925360506,-7.54465388279517
2025-06-03,9.53926751154671,-1.14068960062128,-0.782029579081467,11.04336027152,-1.46996032764181,-9.62332553061434,-7.56662274510782
2025-06-04,9.98167023495329,-1.21503506982785,-0.48219855845192,10.7083822409515,-1.70859427351994,-9.61575942755129,-7.66846514655377
2025-06-05,11.0761404280265,-1.82572495499334,-0.238043300472718,9.9595522768638,-1.30841393152164,-9.76985090972138,-7.8936596081812
2025-06-06,11.7240945704218,-2.15924185857162,0.104738536188385,9.08598326675058,-0.968640928243282,-9.81452018156878,-7.97241340497714
2025-06-09,12.0219691815992,-1.29691047660344,0.201178099116426,9.0927659272628,-2.52148556236372,-9.70784944649263,-7.78966772251864
2025-06-10,12.2287722346901,-1.88262553234414,0.396322393178814,9.29899901667863,-2.70514242002656,-9.56073095952238,-7.77559473265445
2025-06-11,12.1090312336686,-1.65472708000128,0.896983695803229,9.38382642327427,-3.32473512341217,-9.56749329158886,-7.84288585774381
2025-06-12,12.328163637393,-1.59474193979666,-0.162701749218776,9.35434263640031,-2.79218486856312,-9.47025864129675,-7.66261907491801
2025-06-13,12.1944095660106,-1.79765294504276,-0.163105850534848,8.67791243806099,-2.35014644439127,-9.09415788660024,-7.46725887750248
2025-06-16,12.494487739785,-1.78612119882357,0.335840735951756,8.79723501419208,-3.21077080947975,-9.1610850319904,-7.46958644963507
2025-06-17,12.3877359425782,-1.59112506451862,-0.895264294098261,7.15601010875009,-0.129872816416977,-9.19007400328744,-7.73740987300695
2025-06-18,12.5082413620775,-1.04748410457788,-1.42950989468488,6.66383452596526,0.505863153427441,-9.35121901318414,-7.84972602902327
2025-06-20,12.9767555803432,-0.513012238125988,-1.9269445119752,5.69162326534416,1.11730602553897,-9.46408204454023,-7.88164607658485
2025-06-23,12.8598255981567,-0.0306070191832077,-3.61590294883604,6.27659020405533,1.57368547982335,-9.27168488742939,-7.79190642658677
2025-06-24,13.8788146774016,-0.12692386022124,-5.69290253819569,8.51347666508064,0.709394069723544,-9.33774433396783,-7.94411467982096
2025-06-25,13.7480732946799,0.229172605516062,-5.34989298266024,7.6286880236164,0.979161985078569,-9.30423341007639,-7.93096951615434
2025-06-26,14.0211330348394,-1.20384060157264,-4.97873231441257,7.52625534242394,2.42949108280324,-9.38289857165847,-8.41140797242294
2025-06-27,13.7744746750062,-1.06872679563035,-5.00278040525254,7.72979671237612,2.20835646943883,-9.23311493480402,-8.40800572113425
2025-06-30,14.063667164148,-2.72116549556264,-4.34857300307631,8.10932036344794,2.28916341579224,-9.1219608493355,-8.27045159541368
2025-07-01,15.3660615198775,-1.4207883473564,-7.91992074757278,8.23444127111807,3.75364779415665,-9.37721688739526,-8.63622460282783
2025-07-02,15.0163564822234,-1.59658961774073,-6.79956805169966,7.9808632112208,3.11832448261595,-9.4284597131697,-8.29092679345002
2025-07-03,15.5539884884738,-1.52435303426999,-7.83937048192924,8.41601036195031,3.32248795660426,-9.34396584371044,-8.58479744711874
2025-07-04,17.3029925285293,-1.67310908883633,-9.15293906202986,8.72660342200408,2.95029132805934,-9.15374527413271,-9.00009385359381
2025-07-07,18.3093987899571,-1.66635517494402,-10.1010281316764,8.62731305682146,2.71259683151221,-8.81379545659099,-9.06812991507938
2025-07-08,18.9948229480475,-1.862719212199,-9.97566715050707,8.2057962170914,2.34775233871449,-8.64366110018802,-9.06632404095926
2025-07-09,18.360908670727,-0.0723563564534118,-12.8047187341697,9.88139907575256,2.82982281310051,-8.66564160412799,-9.5294138648289
2025-07-10,19.4559661812868,-1.06246633908817,-9.86033769490623,5.37551982583226,4.73879330664506,-9.5605264790719,-9.08694880069785
2025-07-11,19.4983872455554,-1.33209698296832,-9.35236446582724,5.21173177895107,4.7688536872779,-9.66598949487149,-9.12852176811731
2025-07-14,17.1985591370187,-0.360456435234617,-10.9903599736315,8.00797925885982,5.22196418807167,-9.65453903651182,-9.42314713857218
2025-07-15,17.3715846037326,-0.395583954336821,-10.9393025607177,7.65434222876878,5.45650370286161,-9.74364861393658,-9.40389540637187
2025-07-16,15.8320926744289,-0.302582225647377,-8.5895093407337,7.68003904384233,3.89190473056445,-9.19660041841981,-9.31534446403483
2025-07-17,16.6311895438902,-0.106210472845184,-9.30338437960955,7.95480173954157,3.34484694892308,-9.26946431663857,-9.25177906326152
2025-07-18,10.8652725891772,0.38588297624068,-11.8552547829474,15.5449458349948,-1.73027228351512,-3.3703564332155,-9.84021790073469
2025-07-21,10.0020295862579,0.288113791752217,-12.3778693257985,17.2739784352711,-3.05707705017135,-2.32755720441137,-9.80161823290002
2025-07-22,11.1810645345006,-0.0834710591479109,-10.2871924327873,14.3917723910784,-0.262350365233239,-4.44935127368888,-10.4904717947217
2025-07-23,11.2843725873712,0.0525170738984784,-10.35303969207,14.4840714195784,-0.57200419541482,-4.42679440597441,-10.4691227873887
2025-07-24,11.7175530030432,0.522961203834811,-10.6568866497994,14.1497863396517,-0.746834497135687,-4.60197800282744,-10.3846013967671
2025-07-25,12.5232852078529,1.0876386441732,-12.1435655069084,14.2573645417879,-0.5319086603579,-4.70691284809017,-10.4859013784575
2025-07-28,12.6879440267244,1.19789094034747,-12.3728719314472,13.5409965594716,0.0908533758763284,-4.65259752432759,-10.492215446645
2025-07-29,11.8835436703064,1.29989857696643,-12.2901097821574,14.3381764501585,-0.0978924245480002,-4.50349136292061,-10.6301251278053
2025-07-30,12.9361832398225,1.19695766733575,-12.9929829285978,15.4730270173408,-0.574205771605016,-4.9447092374315,-11.0942699868647
2025-07-31,13.0418329005801,1.17677968870898,-13.4654031612715,15.6877189873296,-0.509878459423518,-4.9568782075612,-10.9741717483625
2025-08-01,12.7505586965649,1.22222253908626,-13.7388349790117,16.341513123841,-0.48917783446803,-5.09680058324197,-10.9894809627705
2025-08-04,12.3985044136149,1.01077306904509,-14.1679848017222,16.7764014541747,-0.135541427711672,-4.89771489659175,-10.9844378108091
2025-08-05,12.035439733865,1.10528710213003,-14.8847402649134,16.8739374769938,0.706727875148779,-4.7827623683156,-11.0538895549086
2025-08-06,11.6656810531186,0.990363752277879,-14.1916178578899,16.4080533601614,0.913475191848654,-4.8708494419868,-10.9151060575299
2025-08-07,10.6876155485183,1.31809065685443,-14.1625587090414,16.7722764062034,0.905055564603416,-4.72070358361791,-10.7997758835202
2025-08-08,9.07480008842342,3.9891494152395,-15.4118864572402,17.4739643918438,-0.213733064033796,-4.11099061164227,-10.8013037625904
2025-08-11,9.22802762221583,4.71842641683045,-15.9365482117564,17.3997515721433,-0.617122581613415,-3.90991781277007,-10.8826170050497
2025-08-12,7.26366894676322,0.495736893314266,-14.6714862151472,18.3186219233303,3.69532734630091,-4.45907474620223,-10.6427941483592
2025-08-13,8.3636422176298,1.09930192988806,-15.3922041605155,18.3998237274349,2.39454188151224,-4.05399147599037,-10.8111141199592
2025-08-14,7.50858686356449,1.0694379337726,-15.2158653903497,18.6152603403552,3.13306132446822,-4.22730549866112,-10.8831755731497
2025-08-15,8.9890015748185,1.63745318943092,-18.3814360094093,17.9311637500066,3.68627041570831,-3.72274088180404,-10.139712038751
2025-08-18,9.17963054791354,1.80587151120768,-18.8495742378329,18.0581442527845,3.62554282718178,-3.82853865874314,-9.99107624251148
2025-08-19,8.79418042549337,1.16618144280966,-14.9451844277892,17.1901027855985,2.08252147445945,-3.23608433364818,-11.0517173669236
2025-08-20,10.0334934597517,1.73068481124865,-17.1608829105028,15.9612015114444,3.61585503637418,-3.29297714064837,-10.8873747676677
2025-08-21,11.4704185546895,0.642040411115694,-20.5670544431711,14.9797991104447,8.65182397874083,-3.78696480749205,-11.3900628043275
2025-08-22,10.4873622802871,0.548722865308434,-18.6815362865384,15.962235025566,6.43088546991697,-3.5944475828367,-11.1532217717033
2025-08-25,11.3547341524202,0.566319237154808,-20.6604447800111,15.1069371108373,8.90826028319978,-3.9286312947333,-11.3471747088677
2025-08-26,10.50233575384,0.949050148910722,-20.9763474594685,15.3656229012744,9.45617254354202,-3.90620088982371,-11.390632998275
2025-08-27,11.2121879478016,0.809350367881734,-19.3546545763451,15.2644007359441,7.19398880457307,-3.80160483859384,-11.3236684412615
2025-08-28,12.7798214797821,0.776252399573686,-17.2178035433125,15.0203704732799,5.01433026768491,-4.52797334125624,-11.8449977357519
2025-08-29,14.0802760970388,2.31846125113675,-18.5892205719571,13.2917427894125,4.76467502238442,-4.16519028205178,-11.7007443059636
2025-09-01,14.0249975228122,2.0930939233919,-18.4644994487486,13.2631848068977,4.81682870553412,-4.18329070217615,-11.5503148077111
2025-09-02,14.6580629333866,1.01255192381218,-15.347193527241,13.1356199089786,2.99023643302897,-4.63221238668817,-11.8170652852772
2025-09-03,14.123381443202,2.40496345376611,-17.899435892516,12.5844481387578,4.67217101256998,-3.9018669596956,-11.9836611960843
2025-09-04,13.9983163160576,2.44257810343052,-17.7205797865017,12.4647533978609,4.67051847580672,-3.94844831227898,-11.9071381943751
2025-09-05,14.7349499129788,2.25336133363173,-15.7105027083407,12.6643413051693,2.93098019203638,-4.67728428709311,-12.1958457483824
2025-09-08,14.2872912169644,2.18921057644843,-17.2600410363979,13.1232241982688,4.38577704723217,-4.44348155378453,-12.2819804487313
2025-09-09,15.7029122969449,3.63577671381607,-20.5927648301553,11.4255003804635,7.29932773202964,-4.30717478688125,-13.1635775062176
2025-09-10,14.9728281750897,2.92019850381895,-17.5428110522974,11.989351825138,5.43756189384185,-4.8758675928331,-12.9012617527579
2025-09-11,14.9760539918178,2.09437110678206,-16.7840180366321,12.3507919921852,5.21535118299239,-5.01563682607335,-12.836913411072
2025-09-12,15.2307423982785,3.56878599270377,-17.6655301842909,12.4858743274458,4.71826170557217,-5.29317923824494,-13.0449550014644
2025-09-15,14.9534747743236,4.20606033988934,-17.8987367894529,12.4541061519672,4.63893785032728,-5.23273688673861,-13.1211054403159
2025-09-16,14.7570292014384,4.92723894625215,-18.1474599862982,12.1058057657484,4.39546272941649,-5.09238909649282,-12.9456875600644
2025-09-17,15.3822171279461,4.37782105445643,-17.6856872404147,12.7169931782817,4.04482731620469,-5.12050097661962,-13.7156704598545
2025-09-18,15.3359226719871,5.19209082635866,-20.1567065216855,12.4210672642593,6.01936205449901,-5.15302273199086,-13.6587135634277
2025-09-19,15.57360972252,6.1098626704467,-21.3090808804966,11.735683437461,6.87824245414195,-5.30664281071,-13.681674593363
2025-09-22,14.7041216594881,6.28297453963896,-20.1126447176268,12.3024578906944,5.6986694805436,-5.2820207270111,-13.5935581257272
2025-09-23,15.8868731475247,6.07676654326058,-21.00527536531,12.0481068036336,6.20470308582393,-5.35578249807604,-13.8553917168568
2025-09-24,16.4259492646585,5.99050000200134,-23.7431292865174,12.5752361914471,8.72299585926132,-5.56918482742685,-14.402367203424
2025-09-25,16.9872629005282,6.58981862492028,-24.7835711899883,12.3694839857078,8.8978498721022,-5.1639344541783,-14.8969097390919
2025-09-26,17.0342772886658,6.95004254427025,-26.0300864651844,12.4453867959529,9.77362788545123,-5.17991070214553,-14.9933373470102
2025-09-29,17.4032601898019,7.54500093562756,-24.6507071654,12.5044259992914,7.89884674336542,-5.59007627698493,-15.1107504257014
2025-09-30,17.3387830795222,7.83154330025556,-24.7127425260797,12.6769637718633,7.60372303063848,-5.59216091655893,-15.1461097396409
2025-10-01,16.7533289979439,8.54757099457333,-24.1889774678329,12.8237518298246,7.07027991850312,-5.73284445542039,-15.2731098175917
2025-10-02,15.9704874463877,8.00371594967286,-25.5098968148597,13.2162187444019,7.13447835172322,-5.57708600250347,-13.2379176748225
2025-10-03,16.8383256332982,6.53819685936183,-27.5440400428725,13.4528729553098,8.19075842111788,-5.31735493924333,-12.1587588869719
2025-10-06,15.4022531971073,6.77126138475359,-27.8621024088779,14.0075443063125,8.39545991397605,-5.35842712182517,-11.3559892714463
2025-10-07,14.0885218684417,6.60493372591124,-27.5064710912997,13.6815990132215,9.11238122065897,-5.00019966863264,-10.9807650683011
2025-10-08,15.4428643347294,6.87379938729311,-27.5225202707703,13.0797713081039,8.51131996217606,-5.10038611320378,-11.2848486083284
2025-10-09,15.750963703592,7.06071115982331,-27.6163785524488,13.0671799068204,8.45394299582562,-5.1964710615156,-11.5199481520969
2025-10-10,16.1641276734612,7.39041511212555,-27.9923134051604,12.4777722813092,8.50280081139932,-5.18619381471231,-11.3566086584226
2025-10-13,16.4569211396548,7.63058950849025,-27.8101356757833,11.8829771043104,8.48443498856264,-5.03261460865007,-11.6121724565847
2025-10-14,15.741236698403,7.48372496175359,-26.6773177544772,12.4524147095234,7.68700400492338,-5.03291459321468,-11.6541480269114
2025-10-15,15.6119720812401,7.58948061768251,-26.8700550874738,12.7283134480304,7.56809892194174,-5.01282655086987,-11.6149834305511
2025-10-16,15.4875825340908,7.66689300868967,-26.9091289822373,12.6107957943485,7.58498240498986,-4.95184322635171,-11.4892815335297
2025-10-17,16.1071478006653,7.3278132124606,-27.1430047893483,12.7126559488557,7.18201938983328,-4.86109319685103,-11.3255383656156
2025-10-20,16.5229634474565,7.08050119150944,-27.6603188213062,12.4723400607128,7.52138539097152,-4.75857668536163,-11.1782945839825
2025-10-21,16.1420378654133,7.17821652236972,-27.553312707266,11.7761973574417,7.87627574883522,-4.52752669727587,-10.8918880895181
2025-10-22,17.6374781674775,7.91414506614024,-28.1278095653239,10.9330994518533,7.79793002544613,-4.57835754794525,-11.5764855976481
2025-10-23,18.5790600200224,8.83764221239799,-28.5721242121003,10.3433971575098,7.59638870562183,-4.73433909104264,-12.0500247924091
2025-10-24,18.4701225035781,8.57801532475916,-27.9494715461257,10.3429327848855,7.58433116379337,-4.86178796059001,-12.1641422703004
2025-10-27,18.674660142661,8.51983177331982,-27.5239859550444,10.2830650513682,7.37593755248738,-4.97966279519967,-12.3498457695924
2025-10-28,21.086123211453,7.13824932178726,-29.1855105492938,9.60767904649026,9.35498751620056,-4.97065405758157,-13.0308744890557
2025-10-29,21.3764492395537,7.43988237002038,-28.3312780423852,8.92910599749538,7.36764163383498,-4.49545941677322,-12.2863417817461
2025-10-30,19.1362348179781,8.88260931334284,-25.3386052532584,10.5642864235653,4.74158976120251,-5.09063489007474,-12.8954801727555
2025-10-31,19.9809474112889,7.51057135736134,-25.9910860852647,9.68135007362363,6.34322859256623,-4.98331512298112,-12.5416962265943
2025-11-03,19.350887849014,8.10336318464632,-25.7092853968169,9.72277842444822,6.30120147712758,-5.06781912362964,-12.7011264147896
2025-11-04,20.1323221456301,7.60615189059679,-26.1405650576579,8.65227135468774,7.26443897918548,-4.86326273495146,-12.6513565774907
2025-11-05,19.6793894299372,7.85873635290825,-25.8653242823785,6.79948378391523,8.05443509165526,-4.16640809046237,-12.3603122855751
2025-11-06,20.4291994222429,5.80234492015787,-26.2405174069734,7.37251860641535,8.22741105495437,-3.78301370181436,-11.8079428949827
2025-11-07,19.2281932278956,6.48107979695313,-26.6162568743377,8.35508811622793,9.64174608542062,-4.25273426754599,-12.8371160846135
2025-11-10,18.9998717800621,6.81025338623053,-26.6454150152748,8.22085015376429,9.86268243052246,-4.39630370506953,-12.851939030235
2025-11-11,17.6938248174177,7.03661775120961,-26.0373863116346,7.87299826420237,10.6501938234478,-4.30875103993169,-12.9074973047112
2025-11-12,18.1941925037101,7.33174404595353,-26.5396813476409,8.41665132423819,9.57892853334778,-4.35075733214373,-12.631077727465
2025-11-13,17.9366845670171,7.17780028764393,-25.6680096232422,7.37095561309631,9.87560318143159,-4.24447424651968,-12.448559779427
2025-11-14,17.7003925580368,6.7376031996305,-26.5411800299861,8.32000853536022,10.253276846481,-4.42423894740759,-12.0458621621147
2025-11-17,18.233735816702,6.44820211802716,-27.7238435568318,8.62464187897233,10.8282164066731,-4.73180579166912,-11.6791468718737
2025-11-18,18.578778411345,6.50926842013719,-27.6503715112124,7.75785372411835,11.0318268353811,-4.62062028381804,-11.6067355959513
2025-11-19,19.5672679898581,6.14257976802187,-28.1810521838982,7.76576373326367,11.2916005237134,-3.94823535113267,-12.6379244798262
2025-11-21,19.0040394651962,6.667754931034,-27.5144642448941,6.90805363391109,11.6502795506924,-4.37002195921837,-12.3456413767213
2025-11-24,19.3310263260946,6.17835888557484,-27.8217153572057,6.93678782970655,11.6792841379322,-4.12650739972109,-12.1772344223814
2025-11-25,20.2895831057067,6.76548179885506,-28.3603735487497,7.03587310861891,11.0905212063388,-4.17431118889616,-12.6467744818736
2025-11-26,20.4366247858161,6.97938891655663,-28.309682655808,7.11109278322414,11.1602380360195,-4.12178314110971,-13.2558787246987
2025-11-27,20.3322185096244,7.49542141452236,-29.226957928206,9.64935577090712,9.53600856830831,-4.73867659234027,-13.047369742816
2025-11-28,20.6969664620154,7.37726625660746,-28.2073840673256,9.71089269290297,8.89694273785749,-4.44795316137374,-14.026730920684
2025-12-01,19.4015551849178,8.38151234377002,-29.0717406673037,10.2950627761528,9.75535073327963,-4.7435880612371,-14.0181523095795
2025-12-02,19.3757949521412,10.0544627788338,-30.0474723355139,9.94950162377999,11.1129106825793,-5.52549268891962,-14.9197050129008
2025-12-03,19.0773683626904,9.27442890314249,-29.1659098824339,10.6265902812292,10.0155925656051,-5.39485625479627,-14.433213975437
2025-12-04,17.6011070978135,9.91921604193321,-28.7432171668004,10.4534399283552,10.3210017555393,-5.35687942287358,-14.1946682339673
2025-12-05,13.3164803699718,12.0826457759586,-26.9429316788961,11.1995095105765,9.50215618729265,-5.50052406269836,-13.6573361022051
2025-12-08,11.5008235154933,11.390106486772,-26.4515614778002,12.3959423696521,10.3709313531502,-5.47217169238535,-13.7340705548821
2025-12-09,11.3853199384016,11.0455926240082,-26.3708365920951,12.5136214030335,10.4872739803325,-5.45885832618965,-13.6021130274911
2025-12-10,10.5190958782789,10.9061639617963,-26.418906359769,12.8030083875898,11.9095413363964,-6.26802689412841,-13.4508763101639
2025-12-11,10.4063300938589,10.7535362414765,-26.4142565099362,12.9377410431335,12.1205038829337,-6.38598114016602,-13.4178736113005
2025-12-12,10.1002878297004,10.6350336165636,-26.2725637884142,12.9747254169354,12.2593083255548,-6.34820660453886,-13.3485847958011
2025-12-15,10.4731437607384,10.5241372361976,-26.2874224818253,12.8820656556424,12.3221276639802,-6.37451080971112,-13.5395410250222
2025-12-16,10.4086035333299,10.9992928760086,-26.6986411679358,12.5357571893058,12.5768586553826,-6.36734253200491,-13.4545285540863
2025-12-17,10.0320115181514,11.23701865148,-26.4844330556667,12.6632091361232,12.855681533737,-6.29781900154534,-14.0056687822797
2025-12-18,11.5242431232124,10.4315884037936,-26.596618581057,12.2040365507703,11.9298213618788,-6.6076440007167,-12.8854268578815
2025-12-19,11.498416369985,10.5237774372958,-27.1788680618574,12.3746332416582,12.0818089268605,-6.53448270205784,-12.7652852118843
2025-12-22,12.3349237539341,10.4127042391805,-26.9589508744368,12.1444755205668,11.5831039331129,-6.67026830688838,-12.8459882654692
2025-12-23,12.7304252600725,10.7495897944521,-26.5203772110154,10.9273915113441,11.6591166093456,-6.6870528279901,-12.8590931362087
2025-12-26,12.9224857546834,10.837774135572,-26.3959912144371,10.783218181326,11.6715519330455,-6.68189584740787,-13.137142942782
2025-12-29,14.2801720905126,11.14997982655,-26.8425568687274,9.52236692012396,12.4479154906467,-6.49901199275752,-14.0588654663484
2025-12-30,14.5473310089592,10.8180688044396,-26.8380920243587,8.59611422810126,12.579016588828,-6.43975357875691,-13.2626850272124
2026-01-02,14.465985258701,10.796305097582,-26.4297631455763,8.30676372556228,12.6320612810956,-6.3515772513587,-13.4197749660059
2026-01-05,15.781408096699,8.82282595458414,-26.3429507879841,7.26225355996185,13.3571356103147,-5.99364303362477,-12.8870293999507
2026-01-06,15.4411834282884,8.42104079307809,-26.4670376408987,8.12558583016339,13.2254933168388,-5.97140632663585,-12.7748594008342
2026-01-07,15.1684416372161,8.51386119159028,-25.6611185261146,8.38481859910744,12.7429849963024,-6.20598561470847,-12.9430022833932
2026-01-08,15.1193292143715,7.52659503915499,-24.0056545108547,9.1001677292974,13.0905390668556,-7.2497066067354,-13.5812699320894
2026-01-09,15.3126640043145,7.34593745367878,-24.0409315020841,9.12634161287021,13.1567300563537,-7.07745641645185,-13.8232852086812
2026-01-12,14.1587940404528,7.93959151789165,-23.8647960786501,9.57093536134958,13.5863118366299,-7.39382400331078,-13.997012674363
2026-01-13,11.5470815142071,8.15826795638891,-22.7660359635748,10.0769364888494,14.1030172757024,-7.16308733973937,-13.9561799318337
2026-01-14,10.9918698146614,8.10822470954475,-22.8387368546044,10.7787720099205,14.570585691429,-6.93719766476629,-14.6735177061849
2026-01-15,11.6664192596461,7.9874758678549,-23.0741646340937,10.6129152777582,14.3768688756141,-7.0504432724137,-14.5190713743659
2026-01-16,11.9667829063155,7.53889629359519,-22.9860517138541,10.3581588811644,14.5868677515634,-7.04271719381776,-14.4219369249666
2026-01-19,14.040061581572,7.03748971150301,-22.7000562466569,7.74762944584977,16.8548253610932,-7.37194866635178,-15.6080011870092
2026-01-20,13.4993807200787,7.61732760877153,-22.555130380581,9.89764983303699,13.1510077325571,-7.22600107110348,-14.3842344427598
2026-01-21,12.7403301690331,6.4414463147595,-21.9275670705956,13.3623474931514,10.7909159752314,-7.08879385064284,-14.318679030937
2026-01-22,12.7866302278894,6.60414688646498,-22.5256888117178,14.0776841489889,11.0849663158821,-7.10377671944218,-14.9239620480654
2026-01-23,12.8278177749796,6.7802655286877,-22.9169053501392,14.0514758098853,11.1041194236599,-6.9580133534114,-14.8887598336618
2026-01-26,13.1282477584931,6.53052495360499,-23.139899450587,14.0124927975423,11.2583900259434,-6.90818343570935,-14.8815726492874
2026-01-27,12.9908203711594,6.76649224727051,-22.8863070247713,14.8904133735213,10.2267921524352,-6.96572348239447,-15.0224876372206
2026-01-28,13.8140154711525,6.8814717515699,-23.1413427336808,14.2824649980266,9.74547038233336,-6.82049893387078,-14.7615809355308
2026-01-29,14.0916224245289,7.31046408148105,-22.6908123836918,13.9851275131696,9.80433285045051,-7.14991616760446,-15.3508183183339
2026-01-30,14.2661052978573,7.48214444536125,-22.1728112400415,14.1382780785414,9.14760917115846,-7.33414612713291,-15.5271796257439
2026-02-02,13.4758324191519,8.68712178155907,-21.4188297249995,14.2756641947567,8.54406639786659,-8.17108261659672,-15.3927724517381
2026-02-03,13.8286606918894,7.94237022747075,-21.3415575511805,15.5529992155507,7.94269924242528,-7.74222532440468,-16.182946501751
2026-02-04,14.6728284928137,7.74622804161147,-21.9649367320935,16.440502609838,7.7529860848869,-7.79704914120065,-16.850559355856
2026-02-05,14.1310872517875,5.54108988980125,-21.9133111651932,16.3184084196378,9.1563410745216,-7.23904021728891,-15.994575253266
2026-02-06,14.7724011510344,4.39460228144937,-21.3243436059399,16.2109432662414,8.17672898865656,-6.94602040090389,-15.2843116805379
2026-02-09,13.4643261138039,-1.68565351924588,-20.4444674671224,19.8185758856583,8.05130296743128,-5.65998870991629,-13.5440952706089
2026-02-10,14.5403199429983,0.309052990117017,-19.1606746004749,14.9015788252823,9.11693886790616,-5.87947517245966,-13.8277408533692
2026-02-11,14.6951613088805,0.899840804402338,-18.6025526810819,13.2111922132271,9.36832693933751,-5.79690740390199,-13.7750611808635
2026-02-12,14.7247960547126,0.946678955188858,-17.8691876914048,13.2570813324603,8.07442273811427,-5.65129480632103,-13.4824965827502
2026-02-13,15.1154038550377,1.23266969597117,-14.9636806894911,13.5285240260189,5.09559489087337,-5.78573111945079,-14.2227806589592
2026-02-18,14.6462401157551,1.28278479545325,-15.3838798094211,12.400039857297,6.78475808487148,-5.98647034334529,-13.7434727006104
2026-02-19,11.0435987624654,-1.54856764223873,-17.2186540434544,8.95057846779281,17.1520781742904,-6.42796586799082,-11.9510678508647
2026-02-20,12.7619442196562,-0.664544144358537,-16.1763652770428,9.92576411458717,11.3318703463344,-6.24847058739257,-10.9301986717838
2026-02-23,-7.16606740350825,-15.2829584587026,-25.4063796040535,63.0702430048829,6.26460182835643,-7.10027357862194,-14.3791657883531
2026-02-24,3.99920683049164,-4.86447231483131,-22.756567956583,36.0449965353523,6.69174695218771,-5.70213628269923,-13.4127737639181
2026-02-25,16.9182370186971,6.66918611963116,-15.1350361602069,2.33125091426746,10.8658255110322,-6.24446127947116,-15.4050021239498
2026-02-26,16.8855945103943,6.33642744845407,-15.126464023142,2.32946162449974,10.970895408123,-6.23603910579415,-15.159875862535
2026-02-27,14.7975449214907,2.46012410988699,-14.5529313650805,2.32286394577244,12.2366963918143,-5.6741580481693,-11.5901399557146
2026-03-02,16.5666742747463,6.28500458337958,-14.0985144315435,1.80103429191761,9.97626193878354,-6.50834642761649,-14.022114229667
2026-03-03,19.7123144689399,9.99978285283886,-14.1424960590013,0.761806381010066,9.27211489806833,-7.98393034906862,-17.6195921927873
2026-03-04,19.0053267065,8.77397535020652,-14.1202940706054,0.587293015590697,9.01088421889467,-7.79131241639767,-15.4658728041888
2026-03-05,18.4187850109314,9.24143090389474,-13.9306935290858,0.536132997113205,8.44981564029747,-7.70750851787194,-15.0079625052791
2026-03-06,18.1596367686375,9.27501975097767,-13.9332845469592,0.591826639696258,8.52281284002775,-7.68992386793773,-14.9260875844423
2026-03-09,17.7680043100124,9.21770169306923,-13.5402260299715,0.500309284412737,8.46110519201986,-7.57723147634468,-14.8296629731981
2026-03-10,17.6628117469104,9.15862271436553,-13.0605462352067,0.666817230752963,8.52377924971258,-7.62300924386482,-15.32847546267
2026-03-11,17.5316303050395,8.97951418163451,-13.1611714794078,0.622709506862389,8.56568290226608,-7.45940615093934,-15.0789592654553
2026-03-12,17.2348199039767,8.75286048431047,-12.975042277236,0.644784179369857,8.45004592047484,-7.04810715414049,-15.0593610567554
2026-03-13,17.1034661045958,8.49128595249324,-13.3286826583807,0.633899510140569,8.53880592274378,-6.95586813956942,-14.4829066920233
2026-03-16,17.4597492037236,8.92193460276354,-13.2420661064463,0.587385155531914,8.42116847821993,-7.27342200439841,-14.8747493293942
2026-03-17,17.5208691129019,8.99111819332731,-13.1903710236712,0.599857828871162,8.40385772094792,-7.32090365164474,-15.0044281807324
2026-03-18,17.4133884861796,8.88895641798761,-12.9577700562641,0.522501641164348,8.31035956632707,-7.48455901754855,-14.692877037846
2026-03-19,17.1862416903622,9.44677636177155,-12.9412113285701,0.277819004382962,8.70089773139649,-7.61838007367021,-15.0521433856729
2026-03-20,17.1886721222167,9.36871779287004,-12.7689111570528,0.270946588855193,8.24330595839992,-7.57901744685583,-14.7237138584332
2026-03-23,17.1857168401619,10.0932248122076,-13.2007487753002,0.107988771406582,9.21202899657185,-7.97708522144873,-15.4211254235989
2026-03-24,17.2288927245211,10.0699877457594,-12.8920940624445,0.143236340746782,8.66110246724413,-8.06021967525211,-15.1509055405748
2026-03-25,17.1510874163834,9.96327324894635,-12.9827136838536,0.172580781228262,8.62798946751649,-7.86005732723697,-15.0721599029839
2026-03-26,17.0906015229747,10.0566712811414,-13.2575788330761,0.213303835972649,8.38016434830944,-7.62788768040123,-14.8552744749209
2026-03-27,18.157160607603,9.8136118939601,-13.3286602630549,0.0220346468775112,7.18346261166165,-7.21954983496809,-14.6280596620792
2026-03-30,17.8621925894673,9.53863666852885,-12.8961704166818,-0.285656138800942,7.56172556837113,-7.02709523575009,-14.7536330351344
2026-03-31,18.2016204245634,9.77450363179479,-12.3870434482676,-0.883800260010872,7.40331551619855,-6.9393351627908,-15.1692607014876
2026-04-01,17.9208966295098,9.65413686899479,-12.6617783366743,-0.69916521287244,6.7042417458393,-6.87720776663772,-14.0411239281594
2026-04-02,19.1152408340667,10.6271727522742,-12.2013611355508,-1.47637443679341,7.24773550326295,-7.66262418141879,-15.6497893358409
2026-04-06,19.4738024823593,11.9425677294948,-12.0492317008041,-1.90482258478836,6.51813110048445,-8.19748089232614,-15.7829661344199
2026-04-07,19.4982308015736,12.0299200115516,-12.0542571211298,-1.91383536319249,6.5085169164394,-8.24232526204016,-15.8262499832022
2026-04-08,22.4132340216295,13.8827756454969,-10.338769721398,-4.05570859086922,6.55201788295324,-9.32007842331372,-19.1334708144987
2026-04-09,20.7241592234718,12.7786583782201,-10.0007319619036,-4.43590736823632,6.25920652298934,-8.72130601311629,-16.604078781425
2026-04-10,21.225821348489,12.2057315889183,-9.47054243788054,-4.75514221091995,6.53439910625865,-8.72056846668112,-17.0196989281844
2026-04-13,21.4060684529543,12.4078423152895,-9.51092970780904,-4.6890022668506,5.84052241117687,-8.68561154104608,-16.768889663715
2026-04-14,21.3673283638515,12.2221149758946,-9.51164353602124,-4.59990233203395,5.58918242954973,-8.61318807803769,-16.4538918232029
2026-04-15,21.5500425133609,12.2509556990732,-9.795842249551,-4.54649458908736,5.54548253485388,-8.46837939404756,-16.535764514602
2026-04-16,21.4993731042892,12.4482508550026,-9.99299692091058,-4.55919534377404,5.81742706076493,-8.51093065838544,-16.7019280969867
2026-04-17,21.6705663124328,12.5839037706423,-9.47258308830322,-4.47734332897713,4.90564637637669,-8.33252379984947,-16.8776662423219
2026-04-20,21.1957624034871,12.6034975572882,-9.34925813708276,-5.03891035126124,6.41269049743524,-9.58184135504064,-16.241940614826
2026-04-22,19.1722554557158,12.7595653110254,-9.18621354884577,-4.74483339952578,7.16540494276896,-9.24412307800489,-15.9220556831337
2026-04-23,19.4865730692878,12.7895086592741,-9.16779107172167,-4.70138720191721,7.38759393586032,-9.53489995894154,-16.2595974318418
2026-04-24,19.3513764778807,12.6993196744218,-8.89571315566698,-4.813118626386,7.63909648564717,-9.65099256848988,-16.3299682874068
2026-04-27,18.9108642607355,12.9419318576603,-9.21481071292875,-4.62848173738004,7.95903067470223,-9.78582026781928,-16.18271407497
2026-04-28,18.9895031683469,12.9399473785628,-9.62926130710689,-4.77654159758516,7.81673216899643,-9.13858595391892,-16.2017938572952
2026-04-29,19.1550440345904,12.9222373711106,-9.69793519015582,-4.72304551425846,7.91698437975875,-9.09267438424822,-16.4806106967972
2026-04-30,18.6620641844931,13.1102445888799,-9.76962789210435,-4.75855341565697,8.21125464246595,-9.10501746253963,-16.350364645538
2026-05-04,18.6846609432755,12.949349822399,-9.74069378959236,-4.72639017185487,8.16666991817483,-9.08184777779232,-16.2517489446098
2026-05-05,18.295903217824,13.0737464661871,-9.82282401269268,-4.61008857653624,8.78241835085688,-9.18876393230291,-16.5303915133362
2026-05-06,19.1188480255539,13.4987121363727,-8.6899570967912,-5.1583603329361,8.27826235673585,-9.68754072652968,-17.3599643624055
2026-05-07,19.437816765832,13.0362282182662,-9.29966983565145,-4.93856302990386,8.5887965238263,-9.47333859214001,-17.3512700502292
2026-05-08,19.4738271529408,13.1076518681568,-9.70557577611852,-4.82527423716196,8.62458459074079,-9.35364018378797,-17.32157341477
2026-05-11,19.9081613763146,13.3491469287614,-10.6702618014371,-4.66476952020408,8.25572025948185,-9.03052343523515,-17.1474738076815
2026-05-12,20.6951000447077,13.7619390493192,-10.6890983353607,-4.7309842674464,7.29102644919055,-9.31981022931173,-17.0081727110986
2026-05-13,20.5229042539058,13.819232507356,-10.9832656509431,-4.77123618166138,7.5859320564309,-9.16251109507625,-17.0110558900119
2026-05-14,20.9006582106755,13.7107582168572,-10.7080300019039,-4.70224905406015,6.95524646181421,-8.57380682251642,-17.5825770108664
2026-05-15,20.8747718666854,13.6777362492335,-10.7030309145156,-4.57437816538958,7.15544051724165,-8.78349775839589,-17.6470417948595
2026-05-18,20.9052834642789,13.8531169417878,-10.7014359931462,-4.45219891473347,6.81823153965314,-8.80930456846828,-17.6136924693719
2026-05-19,21.1150525752571,14.0437497661129,-10.4891230886981,-4.43418688029823,6.87304761234569,-8.71266073580402,-18.3958792489153
2026-05-20,21.1342395949963,13.9402894450215,-10.6628783588073,-4.69764667587367,7.2822538436229,-8.56858951864832,-18.4276683303114
2026-05-21,21.2082441829701,14.0032324919363,-10.6479302827128,-4.68668534510085,7.16510990302038,-8.59232017275874,-18.4496507773544
2026-05-22,21.6571566286651,13.6955780491301,-11.0057214857277,-5.18283785095996,6.90622829730721,-8.29950812693248,-17.7708955114822
2026-05-25,21.6783792913747,13.4092940152944,-10.9264118842131,-5.26075845234927,6.87879210601801,-8.11865510259905,-17.6606399735257
2026-05-26,21.8535958866473,13.2666789337211,-11.3538742589276,-5.11555331774642,7.20313142067045,-8.5958653616077,-17.2581133027572
2026-05-27,22.0099570552497,13.2830981829416,-11.3794173718534,-5.13414649481586,7.28880512346011,-8.62957281240855,-17.4387236825736
2026-05-28,22.0217954234891,12.9779255694023,-11.1893754161293,-5.09968977925686,7.41553853456485,-8.66522222841722,-17.4609721036528
2026-05-29,21.8977287844611,10.4275234346477,-10.2167810506934,-4.65141765351026,8.14171439467652,-8.4428857223377,-17.1558821872438
