"data","ITUB4","BBDC4","BBAS3","SANB11","BPAC11","BRSR6","ABCB4"
2018-07-25,28.1668912419528,25.0802929557194,-15.0348513399165,-13.1684790059797,-7.89038221109185,-11.6748499707182,-5.47862166996586
2018-07-26,29.4458723598392,24.8894906977976,-15.0302368937541,-12.8530437167312,-8.26395115648347,-12.6132976435364,-5.57483364713173
2018-07-27,28.5324205040319,23.0283997187851,-14.1951882111429,-13.1878883802551,-8.10224180252576,-11.0866604270631,-4.98884140183012
2018-07-30,27.9634481374257,19.8941519849162,-14.0431028607573,-12.0642632385848,-6.45392252573832,-10.5469437579118,-4.74936773934967
2018-07-31,29.2176079099787,19.1376657815447,-13.4859614371071,-12.8494792987697,-6.33926950438628,-11.8845682191541,-3.79599523210612
2018-08-01,26.7338981276153,19.3444027247457,-13.1910816165511,-12.6289200949425,-5.97795393503543,-10.8096923700935,-3.47065283573844
2018-08-02,26.1450533613673,18.3023393459449,-11.5606378973577,-14.7384251259514,-5.76806669266414,-9.68540839995409,-2.69485459138501
2018-08-03,27.3214616484689,17.9778600561448,-11.9560903865329,-13.3649614892812,-5.88442123234852,-10.4258211827625,-3.66802741368873
2018-08-06,27.1088337832596,16.9404237772825,-13.8191573758872,-10.6099558832841,-5.62728240901429,-9.83748096737111,-4.15538092498528
2018-08-07,26.2925127373695,17.0745726182113,-13.2154109334276,-10.7673000042882,-5.95673508478755,-9.06935786950938,-4.35828146356817
2018-08-08,27.0376061797192,17.110107554851,-13.2451385069333,-10.7893378980415,-6.26348761898142,-9.32196787531575,-4.52778183529827
2018-08-09,26.5267610107799,17.3809094044138,-14.1649272866473,-10.1072144023116,-6.13059238413317,-8.63080693284002,-4.87412940926161
2018-08-10,26.2336675613194,17.472487112261,-12.4280723548973,-10.6900039743237,-6.84517910398514,-9.27859971714617,-4.46429952322814
2018-08-13,25.2108742029918,17.6227297134068,-12.4894884892955,-9.62174649412196,-7.82232227227684,-8.62066884606545,-4.27937781463882
2018-08-14,26.7119625677455,17.590037547751,-11.36147286606,-10.463880202036,-8.26118708824092,-9.36304875499353,-4.85241120416612
2018-08-15,26.5517413840427,17.2634942095167,-11.310683216914,-9.96947379636846,-8.23605594779822,-9.19371978479059,-5.1053028476881
2018-08-16,26.4128400052615,17.320928823569,-11.5415081509879,-9.12810714208391,-8.85795697431295,-8.94880872599044,-5.2573878354553
2018-08-17,26.2021925602865,16.9410853773147,-11.5327711826285,-8.48503204078764,-8.75140894721222,-9.71746740614369,-4.65659836082916
2018-08-20,25.8657547785578,17.2056909845837,-12.0377654148364,-7.90079885149788,-8.76891768631299,-9.55670130031157,-4.80726251018268
2018-08-21,26.3952136632955,17.6362386697774,-11.2579087080724,-7.57884420077714,-10.2958531741581,-10.0703856510519,-4.82846059901328
2018-08-22,26.3497297364316,18.1576709497718,-11.5688910192123,-7.54166788596935,-10.3988928316182,-10.2479254868446,-4.75002346255886
2018-08-23,25.213331535883,15.9775340905201,-11.793681222517,-4.54870671551602,-11.3675207613738,-10.8794797933231,-2.60147713367315
2018-08-24,27.1180907127967,19.0358210688859,-12.0393303703839,-8.95763336996034,-11.042573972379,-9.68584593970324,-4.42852812925621
2018-08-27,24.8158415470891,17.2008169608832,-11.9214454547579,-7.35561716028199,-9.0733400355872,-9.77367134434903,-3.89258451299622
2018-08-28,22.237796374812,17.1333400798177,-11.8304881446238,-7.17015681653681,-8.80920190909598,-7.82819860414432,-3.73309098022885
2018-08-29,21.3192698153915,17.3800442125085,-11.4670856385244,-6.74922465362354,-9.13210290459694,-7.90430821995652,-3.44659261119859
2018-08-30,21.4209040532226,18.5385842523264,-11.6779135218753,-8.39857884422462,-8.99545606451749,-7.51224073531402,-3.3752991396176
2018-08-31,22.0442660823409,18.2528322801518,-11.951483459098,-8.83317328751615,-8.92017680983819,-7.1911519217676,-3.40111288427273
2018-09-03,22.4984692699657,18.8300107460849,-12.5122840195797,-8.86981409618751,-9.0181720321369,-7.40419709467882,-3.5240127734676
2018-09-04,20.9852653035155,18.7415055100718,-11.9255361558052,-8.61321782747952,-8.76957603993315,-6.99791820127067,-3.42052258909881
2018-09-05,20.7310060387279,18.6362683995661,-12.1693807931716,-8.57485644965718,-9.15837160138204,-6.50120118787348,-2.96346440620971
2018-09-06,21.6378593168787,18.4681094732158,-11.3422363511884,-8.70190904227488,-9.37823213437611,-7.20801199342741,-3.47557926882769
2018-09-10,21.7637342603167,18.6482950202125,-10.8262560361301,-9.01921459429166,-9.13613924883939,-7.28364762691076,-4.14677177435729
2018-09-11,21.5212524812899,18.2630399472837,-10.5812219743567,-8.99614734456571,-8.03095854092789,-8.04624873245493,-4.12971583626837
2018-09-12,21.0798540109643,18.1685948819357,-10.9918215179686,-9.97394410524917,-8.42855434385689,-6.8331997010103,-3.02092922481507
2018-09-13,20.8417034918586,18.6120742314105,-11.2514649005058,-9.23167103584657,-9.39465407603707,-6.51940241073536,-3.05658530014434
2018-09-14,21.6808564857312,18.5604727811469,-11.3683534198795,-9.21833531120581,-9.78955217800118,-6.66601628490793,-3.19907207288366
2018-09-17,21.0620015935149,17.9890021052099,-7.84830981165796,-9.72998934324416,-10.2785810592948,-6.81571096210184,-4.37841252242603
2018-09-18,20.4976022650153,17.6689506790633,-6.41135949171537,-9.02215091919859,-10.7630378721076,-7.38520771488415,-4.58479694617284
2018-09-19,19.0956104023935,16.5712153911297,-4.03184288661185,-7.43121273319975,-11.0999719818171,-8.57330827341935,-4.53048991847515
2018-09-20,18.9738423140825,16.5885792554575,-4.18752647235532,-7.09024684099403,-10.5532079366395,-9.48675532651346,-4.2446849930376
2018-09-21,19.10539801275,16.3856423830942,-3.82427314919974,-7.40017253406111,-10.6225481123617,-9.36805378805187,-4.27599281216981
2018-09-24,18.4903746016533,16.6161752588974,-5.30824501823167,-7.85139139305359,-9.39799689332434,-9.13975635612763,-3.40916019981347
2018-09-25,18.7324965261239,15.8228053001912,-3.74058712084767,-7.53348044597423,-9.61899141264337,-9.31700873971781,-4.34523410713209
2018-09-26,18.4798367164322,16.0022514924269,-3.01515084095779,-7.78492180865511,-9.26539461192174,-10.8674859470592,-3.54913500026529
2018-09-27,17.5724208639673,17.7522017019782,-3.87140507530513,-8.46980972651208,-6.98853410276689,-12.3035725273044,-3.6913011340571
2018-09-28,18.4635820831166,17.0587791714249,-4.425113092482,-8.03695723864069,-6.91649697951017,-12.0393996558771,-4.10439428803152
2018-10-01,17.7736244740094,17.1810156164745,-4.44953519890899,-8.54894445480404,-7.20845188884374,-10.306957585696,-4.44075096223114
2018-10-02,18.6879425780472,17.7431398096485,-3.98903541920102,-9.26177660684561,-7.59778594014169,-10.2826116340681,-5.29987278743932
2018-10-03,21.457822961284,20.8094150703821,0.28931155935831,-12.4804328211525,-9.87491715934121,-12.0345657380109,-8.16663387251975
2018-10-04,21.7008351229601,20.0425696647159,-2.59591271461641,-9.07794919969184,-7.58222746615967,-13.3834569147939,-9.10385849241419
2018-10-05,19.6897313707259,19.0219538472332,-4.86352970641794,-6.30381699025708,-7.63407020232103,-9.98866070909489,-9.92160760986821
2018-10-08,23.2561369816077,18.5590587856554,3.15555683819604,-10.2102532447951,-9.47879407174023,-15.6821071770122,-9.59959811191169
2018-10-09,21.9890447543949,18.1708178289418,1.10508203534739,-8.14950493332528,-8.42835052210216,-15.3478723487202,-9.33921681453631
2018-10-10,21.5976678670734,17.7756140634006,0.551991340645614,-7.71815230383466,-8.147155571143,-14.7904072095336,-9.26955818660841
2018-10-11,20.5431313499292,17.4778201744408,0.0290482015032225,-6.43821533368759,-7.87808441807502,-14.8738783636981,-8.85982161041244
2018-10-15,19.8204070407482,16.9391057856039,-1.09088468669197,-6.30818401358794,-6.8764053433211,-14.6125352282884,-7.87150355446269
2018-10-16,21.1778483058364,17.674656524619,-0.82264953231789,-7.44070774530229,-8.17058092960319,-14.4414211403654,-7.97714548286667
2018-10-17,21.7778941486483,17.329825264221,-0.515666652237023,-6.93985882635215,-8.89926346608496,-14.5068991276453,-8.24603134054991
2018-10-18,22.0562941322181,19.1522768475326,-0.927923727908777,-8.64444079809954,-8.96891935075464,-14.111545712508,-8.55574139047983
2018-10-19,21.0327800772071,19.1027502716766,-0.461356616623021,-8.24640020970379,-9.08824405500403,-14.4737144598536,-7.86581500769926
2018-10-22,21.1621345044523,18.8717874496759,-0.691927000623821,-8.49484993615835,-8.73859336930851,-14.1116153628724,-7.9969362851652
2018-10-23,20.60942710617,18.3668048474793,-1.49719540440459,-8.0605816841381,-7.93451399650679,-14.3968896520584,-7.08705121654149
2018-10-24,19.9151085438763,18.1333769434272,-1.66753003459174,-8.4193316261017,-7.30767294211366,-13.8275470886338,-6.82640379586258
2018-10-25,18.4245655224661,17.7434765095343,-1.29256564261492,-8.59052970027031,-7.00641320857696,-13.0837530058304,-6.19478047470783
2018-10-26,18.635808333932,18.2348945272012,-1.34255023087049,-9.32044184091205,-6.92804620025193,-13.3342551798181,-5.94540940928064
2018-10-29,15.9197326217605,18.8393501691622,-0.115684831684575,-8.70336659018614,-5.38974883719894,-13.445030708133,-7.10525182371999
2018-10-30,14.2951081282018,18.4394044035761,0.012728331593344,-8.45412493772363,-4.94006699391637,-12.591979582,-6.7610693497313
2018-10-31,14.2761659992414,18.5785353449511,-0.379856639823203,-9.06287169508076,-5.98606590710966,-10.5573022639523,-6.86860483822656
2018-11-01,14.6664927991918,18.5161372583251,0.139323680437876,-9.50397637265635,-6.37943547138592,-10.9818907708328,-6.45665112307981
2018-11-05,14.2541233627486,17.1734317443584,1.6760314087454,-8.83565829802848,-6.65642783757498,-11.4089226107394,-6.20257776950949
2018-11-06,13.1930189743789,17.0864669867346,2.8968169279525,-9.1476791491589,-6.88858367506066,-11.012001930763,-6.12803813408334
2018-11-07,13.5713653046042,17.5908793785561,2.33541338528185,-8.95623734553814,-7.92321248353678,-10.9830485853525,-5.63515965401468
2018-11-08,12.4503581265237,17.2930144787136,3.03583114936522,-9.37557328762747,-6.89188899230807,-11.0349554060455,-5.47678606862145
2018-11-09,13.3726682161104,16.798234941195,3.08793772077321,-7.57816900249909,-6.77631029627527,-12.847152189513,-6.05720938979128
2018-11-12,13.5695097432263,17.6572015890007,2.35843357222013,-7.64539214953071,-6.40701240182539,-12.8651868779741,-6.66755347511692
2018-11-13,13.906064787142,17.1431523889813,2.28511326943791,-8.39504276079917,-6.02950275006067,-12.4976512208206,-6.41213371388088
2018-11-14,14.0275867553494,16.7562186920697,3.41217671870678,-9.83093096577921,-5.29927953703084,-12.345193238623,-6.7205784246929
2018-11-16,15.086597937325,16.1138726458703,2.68224562289384,-8.38827517020636,-4.72734653556817,-13.7640392128018,-7.00305528751274
2018-11-19,15.1762129112923,15.9155937765007,2.83689455299032,-8.1701124832571,-4.95599697237583,-13.6556140948693,-7.14697769028109
2018-11-21,14.5919601001601,15.5346087432141,3.2178770945591,-8.02645719062463,-4.55577840215275,-13.376259012289,-7.38595133286696
2018-11-22,14.8702886265703,13.5480628717249,3.29453616369702,-7.69070918603714,-4.76699060274089,-12.6415131316266,-6.61367474158757
2018-11-23,14.9653548818944,14.0481242178601,2.86182639145328,-7.53378358894278,-4.84767484262391,-13.0841709373114,-6.40967612232965
2018-11-26,14.4793547402872,11.3468133237069,5.58712840107694,-8.38789341677538,-4.59252577649245,-11.9424465610386,-6.49043071076457
2018-11-27,14.5171452601048,11.0160169693519,5.45533878495436,-7.67437871990315,-4.99186877559584,-12.0585811906213,-6.2636723282908
2018-11-28,14.9253499475913,10.7667779287954,5.89260582724607,-8.14870341552928,-5.25341900492556,-11.8197147789062,-6.36289650427174
2018-11-29,14.7531847760315,11.3639082734638,4.7477298775191,-8.08949248265544,-5.32125596432903,-11.6143572322824,-5.83971724774749
2018-11-30,13.5668805777416,11.7784670220419,4.16142170187225,-7.52565596474152,-4.67950479330437,-11.3969180651355,-5.90469047847443
2018-12-03,15.1715012155397,13.4111983873986,3.17856239672204,-7.33643748537405,-4.48359787781676,-13.1095547478697,-6.83167188859988
2018-12-04,15.3319101962591,15.0557346404663,2.5802416405094,-7.45188569438545,-4.80269767171144,-13.7003237695507,-7.01297934158714
2018-12-05,14.7723122798731,15.0872786704128,3.20053458958902,-8.07002264965097,-4.5500240111395,-13.1797260357209,-7.26035284336362
2018-12-06,14.0754425349822,14.4972514034587,4.05366423931675,-7.28163938682448,-4.558499923478,-13.6801312871889,-7.10608758026633
2018-12-07,14.5933187244693,14.568087788712,4.37439099983683,-7.80109327165886,-4.76861840065277,-13.9275912955542,-7.03849454515225
2018-12-10,14.6669171113854,14.3847749543091,4.86129955958688,-8.98196580795385,-4.32861043311198,-13.3801686920561,-7.22224669215941
2018-12-11,15.463305032518,14.8574474062802,4.72809259293869,-8.87662173092737,-4.56217764661375,-14.0152725865371,-7.59477306765868
2018-12-12,14.9308094964183,14.7902995524958,4.93666646750489,-8.51206571283298,-4.78955699138475,-13.399251490869,-7.95690132133224
2018-12-13,14.3495276675324,14.484730175357,5.79858835444926,-7.99972118321845,-5.04434711206955,-12.8677520319127,-8.72102587013804
2018-12-14,14.2267797388312,15.2559047032119,5.88853065374084,-7.04378536128981,-6.96014848928752,-12.8191208629286,-8.54816038227792
2018-12-17,14.6304054294409,15.7958074052926,5.18875799389429,-6.95082036458842,-6.95716929926955,-13.3732380514094,-8.3337431133605
2018-12-18,15.194138555693,16.0625817644176,5.34409488653501,-6.53134129535364,-7.17593965354592,-14.0160160384634,-8.87751821928258
2018-12-19,14.8922501499284,16.1962832110132,5.08655807451331,-6.56925509275643,-6.85177427371682,-13.8604403546188,-8.89362171436294
2018-12-20,14.6696237462209,16.7602494460259,4.86976806377558,-6.47989423556853,-7.22545421619702,-13.8212407823693,-8.7730520218875
2018-12-21,14.7170807313324,15.9947253223493,6.00466231444607,-7.91708404363317,-7.06415328196743,-13.411544781131,-8.32368626139621
2018-12-26,15.0137762706731,15.3994702680973,6.17633027846193,-8.46805987915069,-7.09596323525144,-12.5142458860933,-8.51130781673694
2018-12-27,14.1179521658888,14.3065612863571,6.63548247677355,-7.62095150601809,-6.25725448050965,-13.2520390908251,-7.92975085166665
2018-12-28,13.210787924987,13.6882902561567,5.78235997373147,-4.60502373598671,-6.22565752221205,-13.5942361468971,-8.25652074977928
2019-01-02,13.4546317576396,13.0837582584776,5.6789327806144,-2.73174992778446,-7.07699304786607,-12.9858932312698,-9.42268658981128
2019-01-03,13.8947887733646,13.4495560568751,5.66871565143287,-2.9670172477291,-7.60113436111791,-13.2788552224191,-9.16605365040646
2019-01-04,13.9172088352533,13.304314578136,6.07688691919827,-2.982097650034,-7.87958777995714,-13.0582791951754,-9.378445707421
2019-01-07,14.5673966353865,13.009744361976,5.35334104811048,-2.7229832015006,-7.96887189586561,-13.4425461578432,-8.79608079026358
2019-01-08,15.9755819000961,13.2939472177229,6.19250950358142,-3.87817683180894,-9.42845231243532,-13.5923493393387,-8.56306013781741
2019-01-09,15.8615939361322,14.0557587407134,6.0946260103725,-3.94218153323269,-10.5588375616975,-13.0063706897716,-8.50458890251646
2019-01-10,16.0560396929658,14.8230404639381,5.13966387448726,-4.00102298090358,-11.3202254957237,-12.8774542749646,-7.82004127979931
2019-01-11,16.483316299706,14.9338799510498,4.75634604151117,-4.0633722000106,-11.4289166234063,-12.3833455123234,-8.29790795652664
2019-01-14,16.7547298116172,15.6462480510984,5.32279572264909,-4.81838231743061,-12.0914654524123,-12.1353898689351,-8.67853594658667
2019-01-15,17.0735672472711,16.2065473852088,5.75814269415295,-4.63062635947384,-12.3676077288356,-13.1792409544649,-8.86078228385843
2019-01-16,16.8205147247129,16.8920029643583,5.2178134256755,-4.97738060292041,-12.3871013904483,-12.9084229592379,-8.6574261621401
2019-01-17,16.8028473184565,16.7541573488923,5.49027285061686,-5.08916332883137,-11.8545664253542,-13.1023195431177,-9.00122822066229
2019-01-18,15.8571672789274,17.1999170675025,5.90095287357607,-4.80636821370916,-11.1606083587364,-13.1921591960811,-9.79890145147943
2019-01-21,17.0502065301644,17.6534659084268,6.07340124801511,-4.15301845155399,-12.19558897203,-14.6259961242514,-9.80247013877098
2019-01-22,16.6596253771262,16.9587874216477,5.57689170816882,-3.88619531784608,-11.5244965627261,-13.7554927158681,-10.0291199105025
2019-01-23,16.3874269332635,16.9241376901628,5.88090713172632,-4.50207291331689,-11.7878772058671,-12.9385457091475,-9.96397592682111
2019-01-24,14.1684289819865,19.9157262105294,6.63341133791554,-4.25836361166679,-11.5425966910538,-14.4208219114792,-10.4957843162317
2019-01-28,15.1143870840551,19.5646044721268,6.12903805340051,-3.87827703749266,-10.3865342682224,-14.8296824255781,-11.7135358782893
2019-01-29,14.9631182723075,17.1199706809158,7.23564670722033,-4.60569809212535,-9.48864317482922,-14.1113826485566,-11.1130117449324
2019-01-30,13.4574915281172,16.6028727525189,7.67562295148724,-3.67706384116097,-9.2062404015322,-13.6984486846035,-11.1542343048267
2019-01-31,13.8369499005849,14.6132322962522,8.40833220562834,-3.52468803755504,-8.93410789976467,-13.6028701258568,-10.796848339289
2019-02-01,13.3335076344379,12.7701635690024,9.69337180116595,-2.98795821175148,-8.94107781986346,-14.0519062810813,-9.81610069191003
2019-02-04,12.7606783152944,11.9117257465087,9.40394453674636,-2.74444300224422,-8.87635209335473,-14.0933373983399,-8.36221610461056
2019-02-05,11.9402917618855,12.6653955645869,8.46195579888356,-2.14166953943971,-8.86308064852374,-13.7776972062205,-8.28519573117196
2019-02-06,11.0088136989375,11.4570154530542,9.9140559842436,-2.43667938412396,-8.67927137982159,-12.9733916461499,-8.29054272613988
2019-02-07,12.9557316321715,12.5672089535139,9.07728186174969,-1.86538340224665,-8.68213844389469,-15.4017065589013,-8.65099404239252
2019-02-08,13.4340724824313,13.511826250565,9.46814199414847,-1.94570645855785,-9.28037006147755,-16.2309742872833,-8.95698991982607
2019-02-11,13.8807164148094,13.6354612885572,9.17935187343047,-0.769340890209719,-9.47669204870578,-16.7693775676275,-9.68011907025414
2019-02-12,13.7399310292743,14.0775481932693,8.54165810414288,-1.83095432740915,-9.87594614224155,-15.6353245113924,-9.01691234564333
2019-02-13,13.5821913524812,14.4927028069185,8.58920180428029,-2.02277284552081,-9.74187128333422,-16.6070401002611,-8.29241173456382
2019-02-14,13.4516309338477,14.7054511710916,8.74344378902531,-2.0457507447983,-9.83722469806172,-17.2307371319662,-7.78681331913835
2019-02-15,13.5998986109588,14.9787370121434,8.20394822110364,-2.25872890600547,-10.3869215774761,-16.7064417787868,-7.43049158193753
2019-02-18,13.4580237356504,14.7082290921919,8.17831936977502,-2.2883826880183,-10.3547717511463,-15.9915161895485,-7.70990156890423
2019-02-19,13.4913073510117,14.9259225036123,8.91063713819634,-1.81696480822053,-10.4435730476552,-16.7374135153,-8.32991562164457
2019-02-20,14.0306230886282,15.2831652531884,8.19261993970557,-2.03603657116337,-10.3516229093981,-16.1320522959358,-8.98669650502496
2019-02-21,13.9038635370408,14.7847358229053,7.49599093599597,-2.60660157011909,-9.92301239026099,-15.4540008152595,-8.20097552030247
2019-02-22,14.9203562342376,15.2868620815589,6.90195548657238,-1.6921710547986,-9.66311371879332,-18.0760817175805,-7.67780731119654
2019-02-25,14.4705612734859,14.5959382549777,7.1728065935439,-1.83139136643823,-9.43243406925368,-17.9421942693596,-7.033286416956
2019-02-26,15.0501970017183,14.3373586367144,7.05203745146339,-2.32053685496828,-9.81807457003847,-17.6515071094993,-6.64947455539014
2019-02-27,14.7827989986567,14.5329872137806,6.58967630625629,-2.3676325556554,-8.79533560097504,-18.0551089680478,-6.68738539401538
2019-02-28,16.4603134605592,15.2906096732884,7.10440492109323,-1.90915363373991,-9.30782265712921,-20.4652940774066,-7.17305768666498
2019-03-01,15.6998990705414,15.1698308618022,6.96766127222546,-1.84890727436169,-9.64814119285614,-20.0684391173876,-6.27190361996367
2019-03-06,15.3133371574146,14.7926101590732,5.69824465249646,-3.51000329108655,-8.61775307397764,-18.5763813597337,-5.10005424418627
2019-03-07,15.0199514756315,15.0623295701441,5.38348679229795,-3.41900207257893,-9.30739383032597,-17.878714693168,-4.86065724200065
2019-03-08,15.4381608266746,14.2395736748932,9.49197123581916,-4.83178416272619,-9.39963754726524,-19.6563400949868,-5.28194393240869
2019-03-11,14.0990961862346,15.4228759205128,10.3108942403425,-5.04537369313226,-8.43886922413687,-20.4110870641755,-5.9375363656453
2019-03-12,14.8316000056429,14.7626185400661,9.20714198533938,-6.21383481620079,-7.70824735831112,-19.9253526639414,-4.95392569259508
2019-03-13,14.8586511615411,14.5418819189018,8.7881567750492,-6.1914277479241,-8.67661300626932,-19.0069546886908,-4.31369441260782
2019-03-14,14.5295183864966,16.0304736956652,8.36597335570688,-5.678411078687,-8.42451498505595,-19.816798951695,-5.00624042243069
2019-03-15,13.8658321745311,16.6291724446885,8.6153180978671,-6.05902885875216,-8.46800868495077,-19.3734928322871,-5.20979234109666
2019-03-18,13.2202082816965,17.7612625430449,9.72494121175296,-6.68840597475229,-7.84946034449443,-19.9722193346603,-6.19632638258734
2019-03-19,13.563177592342,21.1761904080003,9.93008455832319,-7.63165471860434,-8.38117324699028,-21.7572233790184,-6.89940121405251
2019-03-20,13.5293007790739,22.8281916575672,10.1851621232456,-7.73482607994104,-8.33118446640172,-22.8178455923683,-7.65879842117558
2019-03-21,11.475703045887,20.0039332138974,11.9844272701893,-5.950696765368,-7.5092533177551,-24.2814408090878,-5.72267263776274
2019-03-22,11.3781929472304,20.1835547988889,12.6381353941803,-6.06442965314584,-7.58522180470973,-24.5714140563293,-5.97881762611471
2019-03-25,11.3699307876407,20.0774099562731,12.5085084833773,-6.15721052290806,-7.603704264269,-24.6099033993253,-5.58503104078872
2019-03-26,11.1730022785209,18.897445226224,13.7587715497672,-7.77647611593521,-7.35132781390232,-23.9277883115195,-4.77362681315518
2019-03-27,9.055217457741,17.8059668787369,17.0232952745836,-10.1728726641795,-5.44893268547903,-23.3744814579202,-4.88819280348275
2019-03-28,9.01144569267987,17.4302792642321,16.8488171874028,-10.5629160729037,-5.24410646212079,-22.6906904745379,-4.79282913475244
2019-03-29,8.35065019377853,16.5139282912526,16.2317412444485,-11.3273791032453,-3.41427646591993,-21.5163625259654,-4.83830163434903
2019-04-01,7.97844809437506,15.7731341448943,16.3325922095163,-11.0612445682381,-2.69996627586176,-22.144319277097,-4.17864432758882
2019-04-02,8.70785707982142,14.2476279111378,17.209564482865,-10.8532417845972,-2.20319284625648,-21.9286088591543,-5.18000598381626
2019-04-03,8.38448898060482,15.0938918403103,16.8225102604541,-9.27627400346074,-2.67665338245957,-23.1304008796268,-5.21756281582208
2019-04-04,8.02156522081177,16.3814759632584,16.0319751139244,-9.24035091474608,-2.44121844896669,-23.074760719133,-5.67868621514883
2019-04-05,7.6680832292318,16.3498553082345,16.3447471914842,-9.67216083188973,-2.55030957500098,-22.135577960454,-6.00463736160579
2019-04-08,7.30282813493745,16.9281604392908,15.2803847646699,-10.3456455569852,-1.9800345740488,-20.8141463396706,-6.37154686819364
2019-04-09,6.79887651635642,17.1147978563959,13.9812371190489,-10.1823500633099,-1.69328937086931,-20.3892775934985,-5.62999446412356
2019-04-10,6.54175284258464,16.5165887091059,14.5458196215739,-10.4981294015579,-2.14079112556163,-19.6829948793342,-5.28224576681075
2019-04-11,6.45324993043149,15.7064721417483,14.619639698071,-10.4085827572168,-1.83938159916874,-18.6579899604554,-5.87340745340986
2019-04-12,7.68267221713771,14.5538508863653,15.5343699968406,-10.6478302595055,-2.38767661217699,-18.5582607353094,-6.17712549335164
2019-04-15,7.2797011931813,14.3802509101848,14.361362474092,-10.5669045172731,-2.42731923730214,-17.0263049842718,-6.0007858386111
2019-04-16,6.83818842070072,14.8172221138898,14.57630642099,-10.3696727899545,-2.47118624940409,-17.2442041415048,-6.14665377471712
2019-04-17,8.35711916622945,13.807117676655,15.2622226756543,-10.2183065150483,-3.11264400048624,-17.1224820820005,-6.97302692100375
2019-04-18,6.06019586827622,13.4982251139089,18.4163169464588,-9.82842785173236,-2.46207534455604,-18.0650003733713,-7.61923435898419
2019-04-22,5.35693410743239,12.7481565248184,19.7976645715951,-10.0826145655519,-2.89481520822845,-17.8876154456961,-7.03770998436947
2019-04-23,5.25869240145605,12.6255149208104,20.4336196877508,-10.0931237572695,-3.05393361570692,-18.0572364846451,-7.11353315239569
2019-04-24,4.81823439973091,11.7326146355914,20.3365288277168,-9.79898558299634,-2.45230286577856,-18.2969474640395,-6.33914195022471
2019-04-25,4.78405945031622,11.0601255373135,20.536383042954,-9.69517877463474,-1.74514464792289,-18.3381119321407,-6.60213267588533
2019-04-26,5.32188893811863,10.8222358116076,20.2238240395879,-9.50142763815427,-1.91877329394145,-17.7022585916381,-7.24548926558029
2019-04-29,5.90153692002708,11.0845235678943,20.1363852148239,-9.0460676230211,-2.25607446941404,-17.9413365655878,-7.87896704472237
2019-04-30,5.83492354438727,11.4583599523035,20.4215330264805,-9.65951178391755,-2.13724077444928,-17.9629396537657,-7.95512431103868
2019-05-02,6.2943443625371,12.180859844838,21.3538753170671,-9.91875676622811,-2.15533323493175,-18.3422467286384,-9.412742794644
2019-05-03,6.32041100820181,11.9287178607906,22.2549285325013,-9.9955531447907,-1.77043500375384,-19.3779278830615,-9.36014136988765
2019-05-06,5.84916286862889,11.8486812238155,21.3876595870809,-10.717453168035,-2.46796532534819,-18.7933946669419,-7.10669051920018
2019-05-07,7.23563241476582,12.3779448984472,19.9154059222701,-11.2073776400558,-2.77227200766531,-18.7992809855553,-6.7500526022066
2019-05-08,7.34802884725882,12.1479002559848,20.1923916080712,-11.1956746893788,-2.74436240218014,-18.4999784834844,-7.24830513627138
2019-05-09,8.02574736283325,11.4305813709014,19.5796542201893,-11.2113318108756,-2.71059237136695,-18.3210777587968,-6.7929810128847
2019-05-10,8.93507125449763,10.5245868067626,18.5903521739359,-11.6646919638907,-2.44839026487707,-17.3184875744576,-6.61844043197077
2019-05-13,8.66414289049937,10.1878433745591,18.4300865196704,-11.1242646268181,-2.03035177763971,-17.3007504957133,-6.82670588455786
2019-05-14,8.40208287928618,10.5525158334898,18.737106688924,-10.7443582281204,-2.18830936083273,-17.6758569268072,-7.08318088593973
2019-05-15,8.54487069696528,10.6102717988362,19.8721633640399,-11.4962397322753,-2.63082089382946,-18.2825129078349,-6.61773232590169
2019-05-16,8.44526149221123,10.6305089232116,20.4700998581669,-11.8916440215845,-2.65175215688841,-18.4177658234768,-6.58470827163994
2019-05-17,9.14438590289679,10.2072396811725,19.7917320013577,-11.1591444543854,-2.33251539483874,-18.3494449204822,-7.3022528157206
2019-05-20,9.16146195117948,10.6262320817027,19.2840214299514,-12.0011844008151,-2.44481865642806,-18.1779745697002,-6.44773783589017
2019-05-21,9.27482672342637,9.09584966040923,18.3979870285457,-12.5214872145101,-3.33071469131446,-18.2062886761501,-2.71017283040662
2019-05-22,10.6092651199479,7.7412651709558,18.4390745528162,-12.9056625320354,-3.57948413881254,-18.6905836998211,-1.61387447305087
2019-05-23,10.7738790697172,8.67011704682469,19.1632393135432,-12.1131214559463,-2.76360886409558,-18.0744292614469,-5.65607584859627
2019-05-24,10.53791043866,8.52333812803898,19.508662601834,-11.8405483348325,-2.9827985256462,-18.1075005671192,-5.63906374093509
2019-05-27,10.1523133813023,8.02603995313209,19.8862195278028,-12.6638925161558,-2.92148444751644,-17.9192386798968,-4.55995721866811
2019-05-28,10.345178380127,8.06358841900816,19.9625221759997,-12.513972871492,-2.60262586325384,-18.4378294249951,-4.81686081539388
2019-05-29,10.320341552262,7.99360383762328,20.0142731224402,-12.8548647758928,-2.34362706934429,-18.3036742296075,-4.82605243748082
2019-05-30,9.98964142846238,8.0367210300741,20.9268976277789,-13.5336986391875,-2.56032055988364,-17.9490205043442,-4.91022038290002
2019-05-31,10.3590502372226,7.27760929289049,18.8714729891269,-11.9585796808128,-2.36921241100789,-17.8667173703666,-4.31362305705266
2019-06-03,10.9879464426453,7.2365709195793,19.3043394218743,-12.8337205666594,-2.3648743268315,-18.0594987693081,-4.27076312129976
2019-06-04,10.4968435488882,7.57852005491837,19.4385076729509,-12.8040976933032,-2.4188939748285,-17.8977313809206,-4.39314822770514
2019-06-05,10.278655588968,7.40644855691242,19.5598655865354,-13.1075156925425,-2.46020863817463,-17.7826155047498,-3.89462989694882
2019-06-06,10.1505535365215,8.18284297883408,19.4500499423274,-13.4551688101755,-2.99135065771483,-17.5107784901851,-3.82614849960751
2019-06-07,11.4870104901146,6.85436816523532,19.9423173973805,-12.8277600682486,-2.94398977818456,-17.8198010527263,-4.69214515357099
2019-06-10,11.8996485723064,7.63223792675446,18.8962815973616,-13.864939402126,-2.75625865499908,-17.2657016128214,-4.54126842647609
2019-06-11,11.7898194300741,7.21772079005964,18.831259064276,-13.8876448602389,-2.52246472532032,-17.1134383148684,-4.31525138398217
2019-06-12,12.1047122385427,6.86474267114384,19.2622583290874,-13.8504881209305,-2.50783212361753,-17.2442600320381,-4.62913296218787
2019-06-13,12.1238878753557,6.56975331549579,19.5247143703408,-14.0555067592688,-2.57881436025378,-16.9088906369818,-4.67514380468785
2019-06-14,12.3553759856304,6.64065003589069,18.9601663820955,-14.2726724885009,-2.91813359825934,-16.354114000635,-4.4112723162214
2019-06-17,12.7745202045814,7.30676932353081,19.9078860770822,-15.3878181088336,-2.9288203570706,-17.1906068846731,-4.48193025461712
2019-06-18,13.2542703744922,7.39170296658579,19.190001490515,-15.7093418216628,-2.71187864046672,-16.9903203940338,-4.42443397542952
2019-06-19,13.8022517386977,7.02457964010415,19.1929167119362,-15.6060896091963,-3.36037545114744,-16.9557510627741,-4.09753196762016
2019-06-21,13.2930003540514,6.84757883165027,19.7525872394751,-15.3311932210698,-3.47315986702028,-17.6070929859548,-3.48172035113191
2019-06-24,13.6150266657504,5.4775010367979,19.7893038999065,-14.9715332797294,-3.4794836863517,-16.4969122968801,-3.93390233949357
2019-06-25,13.6128854511813,5.63229322760673,20.0740125709514,-15.3309387950758,-3.53185850688172,-16.5176388082899,-3.93875513949207
2019-06-26,13.5117078207289,5.71062329550105,20.4653939999619,-15.3565173280401,-3.43574161317839,-16.951596088498,-3.94387008647534
2019-06-27,13.160370298987,5.83559890542134,21.1685131184134,-15.4314799113088,-3.53348892896996,-17.0640562517665,-4.13545723077646
2019-06-28,13.1594642880159,6.00625703899777,20.6700914938959,-15.3546363311296,-3.55012298904669,-16.931793660648,-3.99925984008532
2019-07-01,13.1865732843529,5.92307466129204,20.6122958495916,-15.257741689909,-3.51359647067018,-16.8154604879486,-4.13514514670891
2019-07-02,13.1247139206318,6.10026735531527,20.4766887564532,-14.8118692671738,-4.13991653675292,-16.8213307062177,-3.9285535222558
2019-07-03,13.1611810127683,6.20350653698642,21.0191552499563,-14.4150972581172,-4.33917361961341,-17.7489180166444,-3.8806539053361
2019-07-04,13.3245319647575,6.64024141517989,21.551918985942,-15.6395237571985,-4.49175997679139,-17.859123312466,-3.52628531942353
2019-07-05,13.2804816973902,6.36457392272814,21.1474504656324,-15.9252733854759,-4.71418814544709,-17.4752392620631,-2.67780529276457
2019-07-08,12.6653521967708,6.06090861228675,22.0854123425552,-16.5065908827751,-4.53029231323172,-18.164543940774,-1.61024601483193
2019-07-10,12.7776994592486,6.20784861683246,21.3551380485696,-16.2456839968302,-4.91831837850736,-17.4956753639579,-1.68100838535522
2019-07-11,13.0412440093739,6.09644533021964,22.3093804897444,-17.2242273436916,-4.64574534886564,-17.579199859997,-1.99789727678381
2019-07-12,12.9433421104534,6.02006281949838,22.4810785186722,-17.067856488711,-4.78722629698024,-17.5063266251821,-2.08307403775061
2019-07-15,12.9294402542663,6.0099277948996,22.3930954797699,-16.9778781599759,-4.85411085960417,-17.3294774979778,-2.17099701137801
2019-07-16,13.7112032269866,6.32682348673354,22.8354145692422,-17.1917143131016,-4.86479274448801,-18.3334199920783,-2.48351423329446
2019-07-17,14.1905383972225,7.30016348213906,22.5197520900283,-17.6821885578583,-5.18174952996231,-18.5442640802995,-2.60225180126976
2019-07-18,12.1912623458785,8.47755701507396,23.2942979260418,-17.8174960211446,-4.86759429608078,-18.9582128903181,-2.31981407945081
2019-07-19,11.7942024068578,7.18558066592796,22.1212975297627,-17.2201377640577,-3.92619497567784,-18.223591045836,-1.73115681697691
2019-07-22,11.1044548549487,7.7673982350837,22.6515026983316,-17.3287827859439,-4.06589786440132,-18.3054548494512,-1.8232202885676
2019-07-23,10.3480648988501,8.04060112242323,22.5189043585118,-17.1073300927658,-3.59555701509739,-18.1354034629324,-2.06927980898952
2019-07-24,9.53123596392667,5.77202383693555,23.1788875018265,-16.4832261203556,-3.6987684144736,-17.5173490143656,-0.782803753493937
2019-07-25,10.2726933310595,3.42721063257382,16.9921418421672,-13.9116053492781,-3.00794000367038,-14.6791178615229,0.906617408670794
2019-07-26,10.3344188930646,3.22315944711156,16.8743413293635,-13.8943096747974,-3.13855117428965,-13.8228732938827,0.423814473430063
2019-07-29,9.60676331867013,2.72411805383221,19.4059794633123,-14.1822342484369,-3.3324014229989,-15.1952516108843,0.973026446505454
2019-07-30,8.98271843604336,4.4726210268084,13.1338638448253,-11.6412097939163,-3.47920783047686,-11.1356538871001,-0.33313179618381
2019-07-31,8.65858055281889,3.17340122063298,15.9973557502276,-12.0289722752036,-3.72470138086251,-12.2275995471132,0.151935679499797
2019-08-01,8.79323602138074,4.55600410913776,14.6399919415335,-12.0883011369843,-4.05563961220543,-11.9302371122037,0.0849457893414787
2019-08-02,9.54147178638996,4.83758283923081,14.3222724500054,-12.2758097459099,-4.63160429329135,-11.8313113277716,0.0373982913466833
2019-08-05,9.35450671843129,5.01596767841287,13.8399100149502,-12.3472765398471,-4.22132859361077,-11.5474593530338,-0.0943199253027061
2019-08-06,8.96437208280452,4.28417046784009,14.3922731588326,-11.7334638578929,-4.56312240748093,-11.5367173108821,0.192487866778684
2019-08-07,8.99138684069029,4.81533918629314,14.1602768090989,-11.7685700887797,-4.95019505507917,-11.3055943285188,0.0573566362953173
2019-08-08,9.47967690452128,4.25090537167447,14.6331041177685,-11.770220759672,-4.92477208139687,-11.4966310613416,-0.172062491553802
2019-08-09,10.0304804530249,3.99339819597608,14.0487005573028,-11.2766828491763,-4.99910490345166,-11.1323102430901,-0.664481210585699
2019-08-12,9.60698840780493,4.15447959107374,14.203938373907,-11.0530191936683,-5.16773040307343,-10.6063802795561,-1.13827649648784
2019-08-13,9.34332686097944,4.97472144561399,14.0741376271971,-10.9857126271832,-4.68908237883792,-10.2619640023887,-2.45542692538076
2019-08-14,9.23501991955904,4.90908685650314,14.2298193525039,-10.9400432418157,-4.62134778802984,-10.1651310072612,-2.64740409145933
2019-08-15,9.35559568948823,5.20145973531754,14.1576612931097,-10.7661996534839,-4.63591308324571,-10.3359469640053,-2.97665701718047
2019-08-16,8.89780776199609,3.94656785297654,13.8276430566717,-10.2925729190979,-3.54689286642458,-9.66178087448438,-3.17077201163743
2019-08-19,8.80754190285516,1.43687110692317,11.3266488941164,-9.23411038064263,-2.60011992471674,-8.32062890562893,-1.41620269290645
2019-08-20,9.08872529087845,1.59651195099024,10.3387798541974,-8.23966822858075,-3.04133060951904,-8.30491736035973,-1.43810089760655
2019-08-21,8.15251472725875,1.16238541252201,9.60064711267173,-7.63278347467391,-2.28193825974644,-7.12494885328929,-1.87587666474287
2019-08-22,7.8235306935257,2.10675804851125,8.42782800369975,-7.0611501467533,-2.48729141131812,-6.5029300334411,-2.30674515422417
2019-08-23,8.16327121956424,1.12855808105935,8.43576544991297,-7.61841034663666,-0.546167679519153,-7.05842367620492,-2.50459304817582
2019-08-26,9.70927569003203,0.464914666149781,8.88493662598431,-7.95049275546307,-0.103521948874379,-7.07154483628073,-3.93356744154793
2019-08-27,10.7406695498778,-0.431665796296592,7.61102300170977,-7.69963860580678,-0.295712835754152,-6.72846439213948,-3.19621092159059
2019-08-28,10.7766364733342,-0.00605809776526911,7.90808472219508,-7.50576958592904,-2.43609081975555,-6.18916423811546,-2.54763845396394
2019-08-29,10.2201694877506,0.955882488831662,6.57486086362257,-7.24372900122694,-2.04040913623717,-6.24547184920459,-2.22130285353609
2019-08-30,10.0270674661192,0.448742547519416,7.53067124214149,-7.276024937579,-1.94648175166126,-6.59617373363398,-2.18780083290588
2019-09-02,10.0909085483887,0.402478254089267,7.4962046902713,-7.00698658356249,-2.47542433513792,-6.24121945340361,-2.2659611206452
2019-09-03,10.4319469734326,0.223870459200171,7.11635815846481,-7.29232528042413,-2.75198729385201,-6.15636340977928,-1.5714996070422
2019-09-04,10.3085338644215,0.635584247024916,6.98212779330591,-7.3728817072788,-3.11720850750591,-6.03969910359809,-1.39645658636952
2019-09-05,10.8276368614207,1.68749141314466,7.17708104024334,-7.61348388191823,-3.4541228608266,-6.34929846897333,-2.27530410309052
2019-09-06,11.1879180086048,1.40285588493595,8.45644893455649,-8.12447715156952,-3.93810924272661,-6.65290862132874,-2.33172781247234
2019-09-09,10.8627561383214,1.69822270208221,8.04164772991526,-8.28726459162702,-2.90273113943702,-6.87207119414989,-2.54055964510492
2019-09-10,10.8759649720136,1.28763837582191,8.37118633088303,-8.26862581594427,-2.33211707192502,-7.0006854844683,-2.93336130638097
2019-09-11,11.1139817767203,2.92591901438205,5.56633357093681,-7.87257584010809,-1.57849452175264,-6.63665432234245,-3.51850967783597
2019-09-12,11.0816308805108,2.64705320773183,5.89484072293637,-7.87983256202278,-1.68762473886781,-6.51211378539166,-3.54395372489671
2019-09-13,10.7425907313538,2.75982725698472,5.78306713180044,-7.52667326509045,-1.72056868279552,-6.44111509629477,-3.59712807595821
2019-09-16,10.8088872681441,2.85254801600657,5.86618745434004,-7.27629131824806,-2.14265097876681,-6.79695711358458,-3.3117233278913
2019-09-17,11.2644759155361,3.41868586591139,4.94785965940196,-7.3486846281157,-2.44030083407285,-6.94054784649618,-2.90148813216472
2019-09-18,9.94942846608655,3.61921987030544,4.97519000710548,-7.54871492654499,-2.12411145285489,-6.3368409984591,-2.5341709656385
2019-09-19,10.4295897984273,2.59871688313699,5.51648960077907,-7.18401770802726,-2.63451554065236,-6.14427819167034,-2.5819848419934
2019-09-20,10.51380112863,2.86733556736466,5.40380751030772,-6.94875258042445,-2.89924428589712,-6.71045227613882,-2.22649506384198
2019-09-23,10.4177153525799,2.50131419515709,5.59033884369851,-6.67273882911973,-2.78645794027359,-6.31533140296188,-2.73484021908033
2019-09-24,10.7435086532295,2.62050778821153,5.59069478856892,-6.58582474327695,-3.37202884609191,-6.18439942850368,-2.81245821213738
2019-09-25,10.7661800607576,2.38859362522932,5.74104019402521,-6.49167631892093,-3.27144268441722,-5.98998746016278,-3.14270741651115
2019-09-26,9.71259566553334,2.65333101212607,5.37033102731347,-5.83530847594286,-2.95305031311604,-5.72041208670911,-3.22748682920487
2019-09-27,10.2520536012364,2.70076235288848,5.36843434028671,-5.79845193406961,-3.13955250800662,-6.34192762783454,-3.04131822450086
2019-09-30,8.82134332333752,3.14485818403192,5.98739806427704,-6.05811569730176,-3.15462058117669,-6.33387400440618,-2.40698928876187
2019-10-01,8.91272089805479,2.58065887947754,6.23436047263476,-5.7067815644097,-3.3520503426468,-6.34045863116506,-2.32844971194552
2019-10-02,9.00747399105785,2.32051194096849,6.69459564737386,-5.35980576995976,-3.85579638532244,-6.22800866381808,-2.57897076029992
2019-10-03,9.6149202864224,2.69804800967751,5.23259200182358,-4.48488936126519,-4.07244898191705,-6.20023750863336,-2.78798444610792
2019-10-04,9.36073677911124,2.7449500918609,5.28883415730578,-4.7674549462479,-3.82878136286695,-5.99214687217662,-2.80613784698645
2019-10-07,8.74132435057478,2.60011640496673,5.48114653056983,-4.25336040347849,-3.94003805030314,-5.65934217213223,-2.96984666019747
2019-10-08,8.73950518452857,2.42233101723744,5.56786222675322,-4.58347284709722,-3.71021238708323,-5.77201039083522,-2.66400280350356
2019-10-09,8.02827320541587,2.22159464128568,5.12768986110163,-4.25176089856268,-3.37797775038499,-6.03728211546297,-1.71053694339253
2019-10-10,7.98932071942437,2.03108684588994,5.52823372623414,-4.48406668649478,-3.75476714364174,-5.64768891476288,-1.66211854664906
2019-10-11,7.8313924948058,2.08171859098019,5.65137642248767,-4.40395872397697,-3.78773471255156,-5.7859584254853,-1.58683564625982
2019-10-14,8.38402646795685,2.47564469503133,5.21744496140746,-5.65003450286468,-3.24605111366289,-6.15073857335324,-1.03029193451483
2019-10-15,8.26177225092527,1.81109421404253,5.86236107483854,-5.12778525038265,-2.98920474614033,-5.75866201728681,-2.05957552599655
2019-10-16,8.50146487534114,2.09886566140305,5.74139145820568,-5.66944516102129,-2.79608232637978,-5.66176229712247,-2.21443221042631
2019-10-17,8.15680648116494,1.93329118171442,5.93498953132524,-6.42897275916921,-1.80522641205014,-5.52100169869726,-2.26988632428799
2019-10-18,7.80548796879837,2.10695752816464,2.91782984243761,-5.32155753707655,-1.44304636047556,-4.92829628380428,-1.13737515804422
2019-10-21,7.97086772949284,2.16428336235701,2.41353479501741,-4.8494537901946,-1.02184773245829,-5.62551703814872,-1.05186732606565
2019-10-22,8.22121579764708,2.37880817277633,1.76627468454011,-5.20165676180531,-0.87250414829068,-5.40196621021121,-0.890171534656332
2019-10-23,8.60212107493999,2.43780941243192,2.37201282274713,-5.35845153057901,-1.40590321395455,-5.21517552180713,-1.43241304377836
2019-10-24,8.48600286899123,1.97659834029068,1.58277374036872,-4.72941722182924,-0.771334572373252,-5.06690784001303,-1.47771531543511
2019-10-25,8.18999045612427,1.89254900163347,1.31962130581317,-4.95941180454871,-0.569892661090648,-4.58443816278872,-1.28841813514284
2019-10-28,7.61664864847154,2.70904688144309,1.67858278671029,-4.8184409136739,-0.612366956949771,-4.67153553949061,-1.90193490651064
2019-10-29,7.51249590441758,2.86577899412702,1.76562122798756,-4.83669634149417,-0.715848538766414,-4.49022879030954,-2.10112245596205
2019-10-30,8.69004871514908,2.36390126584468,0.189281614883122,-3.88549951731832,-1.12826287767012,-4.86906883577441,-1.36040036511404
2019-10-31,7.68855206970006,1.98786837449784,0.56916321508632,-3.1103497435314,-1.17559395212901,-4.33742048331599,-1.62221948030782
2019-11-01,6.88072787504834,1.60482792618244,-0.881808531705261,-1.73240108375372,-2.1619102844031,-4.8588185575644,1.14938265619571
2019-11-04,6.46623835613512,0.884016037607893,-0.741453110314879,-1.96127849166268,-2.36431188455286,-4.75141681713007,2.46820590991747
2019-11-05,7.47541342853656,4.00202384613458,0.249901766835045,-3.6712230402546,-2.51349554010669,-4.31982251249524,-1.22279794864967
2019-11-06,7.10549492720475,4.6853421128432,0.200320378269886,-4.45907635233353,-2.87814314182122,-4.53784014660538,-0.116097777557698
2019-11-07,7.18993003509419,4.12209859835008,0.230907695784474,-6.73699458987876,-1.83823082800391,-4.35796983498977,1.3902589236437
2019-11-08,7.59654385405479,4.34433388104411,0.108557683320583,-7.49547326488855,-1.83564766266722,-4.40793749366729,1.68962300280358
2019-11-11,7.61967597457917,4.4595959303058,-0.0592021753642982,-8.20747217364339,-1.41342040352858,-4.81917131123328,2.41999415888458
2019-11-12,7.5051673221507,5.03653237586445,-0.471496988553497,-8.9030015783398,-1.34673357178467,-5.09432225881701,3.27385469947982
2019-11-13,7.38877348683468,4.4140755294947,-0.440084024117873,-8.73896351963068,-1.34353343798042,-5.15789001286802,3.87762197826761
2019-11-14,7.43607579428954,3.94854890241785,0.36594654746699,-8.51368173021469,-2.1398209696059,-5.15766732930389,4.06059878495009
2019-11-18,8.0597848785542,4.57432792927336,0.21829446132044,-8.38350209159393,-2.18548014715687,-6.14126033976217,3.85783530936497
2019-11-19,6.94558465218992,3.58463050349758,0.500088054215169,-8.55084433152859,-0.95540177311042,-4.89426597625821,3.37020887099456
2019-11-21,6.78595469383269,2.57334601535545,1.63040524674348,-8.64773034352078,-0.656991774220177,-5.40529673843575,3.72031290024509
2019-11-22,6.55232287531368,2.69899559229154,1.83314998014689,-9.93771872999321,-0.398740269005071,-5.51097263819854,4.76296318944469
2019-11-25,6.47187230214324,2.42089579818276,2.05626792667841,-10.3418436033348,-0.158170431599196,-5.28742031364757,4.83839832157715
2019-11-26,6.21399993451731,2.0577054925412,2.89889770270539,-10.0061314930589,-0.641489086762999,-4.95818116689919,4.4351986169572
2019-11-27,5.9496303832351,2.39498583212261,1.63085547905116,-8.6938401473686,0.184230415118453,-5.00261679113872,3.53675482897998
2019-11-28,5.7279097083447,2.76592044586598,2.57407113352667,-8.63204029777852,0.68139696242854,-7.44454855431552,4.32729060192815
2019-11-29,5.51701527216773,2.0210981941042,2.30552298182314,-8.01510042156358,0.667850751581771,-7.23476639682693,4.73837961871369
2019-12-02,5.5928627399492,1.65829796515679,2.14905723897063,-8.46033183139109,0.860884006386648,-7.33201609300674,5.53124597393454
2019-12-03,5.16870777793809,2.00080693127828,2.82737789968106,-8.77288143583588,1.09011761364038,-8.06678847738055,5.75265969067863
2019-12-04,4.22772838487723,2.03642696509469,2.24219185441378,-8.65209941215313,1.88324297031395,-8.09753235722354,6.36004159467702
2019-12-05,3.35583913587858,2.243707342785,2.16748632288649,-9.20065262234912,2.10764927944797,-8.59966127915779,7.92563182050888
2019-12-06,3.52776239635708,2.45647452330995,1.6131388299645,-8.53364554511503,2.25798763124433,-8.4363685725371,7.11465073677626
2019-12-09,2.10692487542128,2.00005535745111,1.19216679992242,-8.82584797689868,3.18608584122534,-8.02438596875345,8.36500107163198
2019-12-10,1.79139881111597,2.27383220923051,1.27757913955003,-8.41869537138673,1.82653972587684,-7.59072937303526,8.84007485864863
2019-12-11,1.68044643380289,2.27847932900496,-0.168422644897454,-7.43273236539313,2.76529044156172,-7.42225829697853,8.29919710289954
2019-12-12,0.410955087959437,2.10535060517414,0.220919978599596,-8.07779139906136,2.18094324733192,-7.61807335218111,10.7776958321774
2019-12-13,0.91292717538645,2.8506118950521,0.387444643340693,-8.78528749573025,1.78644128492528,-8.19822002531412,11.0460825223398
2019-12-16,1.2659905149429,2.58034959812995,1.33561194660125,-7.67482713358282,2.12883690734986,-8.10310732153743,8.46714548809629
2019-12-17,0.841587174707776,3.15994310862576,0.615045040091431,-7.37139983280482,3.5150541437681,-7.97707322458725,7.21684359019901
2019-12-18,0.69122285345707,2.19537700787058,0.275894803142577,-8.61801119274445,3.33390549939386,-6.82085018039511,8.94246120927547
2019-12-19,0.189802366107834,1.62528057688542,0.691029047964101,-8.67820447608128,3.79578413260047,-6.41673063684956,8.79303898937301
2019-12-20,-0.365400335020503,3.06145959741193,2.51664282573615,-9.33521291832467,3.43093373554239,-8.00356863411288,8.69514572876759
2019-12-23,0.0788033567311075,1.91363608467671,3.79148560672404,-10.33483349676,3.85611598384497,-8.39322488792256,9.0880173527057
2019-12-26,1.35241848281691,2.97400648443908,4.15806622576412,-9.72375019652532,2.25568569901729,-9.9367062393596,8.92027954384754
2019-12-27,1.58075347750647,2.18354940260824,4.47896432330098,-10.1634996229476,2.68114430246999,-9.29860465226882,8.53769276933074
2019-12-30,0.455066246646517,1.87655616436044,3.80416704214934,-10.1237114901413,3.07594469852839,-8.50905607291871,9.42103341137532
2020-01-02,0.0692216040961711,1.25523532364163,3.63094828590855,-9.83622996439526,3.79000839413471,-7.90277717053176,8.99359352714595
2020-01-03,1.98631883891019,1.97754109852478,1.13485364212228,-10.0242047234859,4.3239237686601,-8.68954825069268,9.29111562596119
2020-01-06,2.06231997357986,2.18414871360773,1.69038654507344,-9.88156183562946,3.44561424182016,-8.65015544221802,9.14924780376629
2020-01-07,1.94380179515798,0.960303365931999,2.5854093642499,-8.88597740563498,4.57958856195131,-9.05831392774424,7.87518824608803
2020-01-08,0.771595360485442,-2.45332194867063,-0.832543193638251,-15.4231393249846,1.98841388095942,12.8587014919987,3.09029373384987
2020-01-09,1.9215771796126,0.49734002863201,1.6256575754862,-12.2067067378865,3.73372155483942,-2.7699546617686,7.19836506108486
2020-01-10,2.02747936097924,1.69734625691559,1.51714769528977,-11.3101869235647,4.85450758198965,-5.49723961514256,6.71094564353302
2020-01-13,1.68466012086368,1.7573182285965,1.77599563991733,-11.0964559641422,4.83976410855534,-5.05570328285449,6.0944211490638
2020-01-14,1.59718623141168,2.84897174667095,1.97216044070688,-11.7112197402995,3.91749904985375,-5.18438000025679,6.55978227191304
2020-01-15,1.70335579315194,3.44594225249305,1.85865017697563,-12.0054216179618,4.08576820867421,-5.18539228157548,6.09709746824247
2020-01-16,2.34470226604934,1.91785183394579,1.39529796750828,-11.9535848079578,5.23223078311998,-5.34251541516724,6.40601737250164
2020-01-17,2.86325354504493,0.672533703979298,0.940029505444571,-11.9109142944045,5.72320644371033,-5.20239820009546,6.91428929632088
2020-01-20,3.03639762538806,1.4252213362919,1.11197689733711,-11.770598956484,4.90387963742051,-5.48749690742409,6.78062036747047
2020-01-21,3.71617769630843,1.3448424424197,0.557163937070889,-11.9495468299776,3.87660115578091,-5.70037715109736,8.15513874949499
2020-01-22,3.8435663854147,0.986965465747325,0.443714033615407,-12.0835569690338,3.44743566074498,-5.9291093735005,9.29098479701185
2020-01-23,3.70141986868068,0.813126753411673,0.460570960039078,-12.057737998819,3.48931512502939,-5.85468501747962,9.44799030913781
2020-01-24,2.77851361118441,-0.190666123197857,3.03241480356056,-10.5780401513751,4.02549461412234,-5.86816308984178,6.80044633554746
2020-01-27,1.91615890873915,1.30993491863853,-1.10545521346924,-10.1500771524839,7.01804363154684,-4.95094376454318,5.96233867157182
2020-01-28,2.2637232189915,1.66546072180063,-0.389471575974973,-10.3440057106279,5.84013955515517,-5.40991452083602,6.37406831149157
2020-01-29,1.9555933293591,1.56482095477386,-0.415931381127706,-10.657770240394,6.30813202953536,-5.40351245422064,6.64866776207403
2020-01-30,1.11764565068719,1.57329465804055,-1.18612931073381,-10.7854622770266,6.39239593628772,-5.33958912541897,8.22784446816396
2020-01-31,0.925396395627324,2.37826564894151,-0.823178056176026,-10.5726567574468,5.08990275493742,-5.37405011867842,8.37632013279502
2020-02-03,1.1339884977267,2.53357408005188,-0.708893744267712,-10.7076510056095,5.30780263042337,-5.51502642974785,7.95620597142315
2020-02-04,1.2791042229147,2.97918294059566,-0.737797388367476,-10.7052648380745,4.23016006687654,-5.48409671601763,8.43871171207268
2020-02-05,1.09145647726098,2.93124227797564,-0.169231289158404,-10.3847518026915,3.2530337848643,-5.69594447837432,8.97419503012328
2020-02-06,0.528016862576749,1.66778985113523,-0.652365108459321,-11.5883246987739,2.46352712477265,-6.18683773920385,13.7681937079524
2020-02-07,-0.782707456591233,2.41305882162383,-1.59142947949151,-11.2750276803811,2.35102177185884,-3.80207254086858,12.6871565638497
2020-02-10,-0.833792608440397,2.01525167873963,-0.605033256773808,-10.9967753733283,2.07022466065524,-3.67323215511257,12.0233570542602
2020-02-11,-0.704415023789714,2.00829449621889,-0.502671957489142,-11.1290006380103,2.15460000513887,-3.77466779593145,11.9478609138628
2020-02-12,-0.998615121927422,2.15998845434729,-0.209668181818699,-10.8407834964391,1.44925991048558,-3.57055606948232,12.0103745048347
2020-02-13,-1.29651665561552,2.91644449833004,-0.340017106373168,-10.5196009216662,-1.22063311463868,-3.04724091654462,13.5075642165082
2020-02-14,-0.620392418596879,3.55442628772416,-0.529866226526913,-9.3639025007558,-1.43218457877522,-3.92086574806698,12.3127851849976
2020-02-17,-0.386179244885987,5.29802788652698,0.327989888662458,-7.89273738258202,-2.49595451232111,-4.41666728941071,9.56552065401038
2020-02-18,-0.20168955157704,5.4452286129921,0.47364627672799,-7.8559932177487,-3.22800269132711,-4.23721273707479,9.60402330800753
2020-02-19,-0.120226656745615,5.04771878872823,0.225170245390565,-7.57991580162557,-1.56686115153341,-4.26984030047844,8.26395487626423
2020-02-20,0.0640207288532864,5.05203332737238,0.242502788616576,-7.57960296326225,-1.6857832733465,-4.31177007936746,8.21859947113396
2020-02-21,0.0400683406446021,5.26717389337142,0.407102774187081,-7.30725931439394,-2.35389809167811,-4.11836411690254,8.0651765147715
2020-02-26,-0.812703046535191,4.04515638887207,2.48697265606296,-7.29221530033083,-0.399206447852649,-5.14382354037813,7.11581929016177
2020-02-27,-0.780491404305501,3.88044169509951,2.92872511502993,-7.56513571633651,-0.236449278251079,-6.32973942190105,8.1026490106647
2020-02-28,0.232866918495056,5.15595627491187,3.46250359296412,-9.2836524256189,-1.45928945417077,-6.85184829841142,8.74346339183006
2020-03-02,-0.615685521614324,5.30551684170747,3.8302349430198,-10.2877902587134,-0.515787734202192,-5.83425597046649,8.11776770026918
2020-03-03,-0.545016678094598,5.02535785833238,4.18482077605143,-10.2176552688158,-0.988530144671444,-5.69243353479233,8.23345699199032
2020-03-04,-1.06976197972261,6.80107730433435,5.30708190562198,-9.06554742954299,-0.77311907443357,-5.5711909885121,4.37146026225494
2020-03-05,-0.774786229743981,7.32698723401342,5.31285777584488,-10.8512108374794,-1.89231161844549,-6.3550384267364,7.23350210254693
2020-03-06,0.56412677385498,6.85146209710092,6.31863039691765,-12.4386991826697,-3.99249140256077,-7.85230843824243,10.5492797555994
2020-03-09,3.11931502525259,7.68560424426149,12.0888233651429,-10.0853270562554,-6.15580078723224,-13.3491815602766,6.69656676910734
2020-03-10,3.88373718473669,6.92184154010523,15.0408959489197,-8.51904516587883,-6.07214491749397,-16.9087734544451,5.65348886405633
2020-03-11,7.96411908074099,8.12352239163081,18.3370701235928,-9.41606561002458,-8.03213580836509,-22.159565685922,5.18305550834704
2020-03-12,19.8027263698625,12.8908564241511,25.3066453960176,-12.2969849044364,-13.5893967734609,-32.6486355071655,0.534788995031775
2020-03-13,20.7722171644832,11.9317513280249,28.5340795098436,-6.57107056663229,-14.3608196491729,-40.9664286543901,0.660270867843593
2020-03-16,21.6458014502825,12.0151624280529,31.1238038245425,-10.0881450307948,-13.4059252937039,-39.5088753656051,-1.78182201277408
2020-03-17,14.171084574905,8.39290687224154,29.7159570161072,-14.3321672559845,-7.3156998211639,-29.1725308098549,-1.45955057625046
2020-03-18,16.2843923007773,8.39350182507998,30.5551463326541,-12.619922672647,-9.91731239096595,-32.2235339576774,-0.472271437221018
2020-03-19,17.0465615361054,8.8606186707466,30.5205163287226,-12.1513016569152,-10.5151683987652,-33.2340415307044,-0.527184949189824
2020-03-20,18.7431156294516,6.98579565203929,30.3433870091973,-10.6465577968499,-12.0540526258133,-33.1054597331124,-0.266228134912637
2020-03-23,14.1846604770339,10.3507213487418,29.5438614867437,-15.2332369745624,-10.8188947697266,-29.4829289180526,1.45581734982222
2020-03-24,15.6879134580481,9.9243856930846,28.709391389033,-12.8846971849893,-10.0210316005573,-32.1987205263902,0.78275877177105
2020-03-25,15.7340523901819,8.95425375045649,28.0060470413663,-9.4109497509473,-10.219255788013,-33.9357343031157,0.871586660071188
2020-03-26,17.3472830342157,9.62139074841126,28.5267611210024,-9.69383052177915,-12.2873816068222,-33.4204959265102,-0.0937268485177398
2020-03-27,16.8069595656267,10.4192993093789,28.2264080304842,-9.04760616033633,-12.0522786149028,-34.1584397691405,-0.194342361110238
2020-03-30,16.8536666534777,9.85636061712601,29.0715982795274,-8.71630047958952,-12.0212246291605,-34.2256859272436,-0.818414514137459
2020-03-31,16.5329894329011,10.2193451186796,29.4810901625006,-8.84135952007806,-11.9763501022446,-34.1719948516592,-1.24372024009943
2020-04-01,16.7536184720788,10.0429537162295,28.9189035178931,-8.38605594996963,-12.3506918051918,-34.6506262656424,-0.32810168539752
2020-04-02,16.223975229028,10.4614595288833,27.8846312852097,-8.38596670825926,-11.1792410922373,-33.9204917867434,-1.084366455881
2020-04-03,16.8850700555667,12.1980926136186,27.1058721986092,-9.68368273393514,-12.8081912742471,-34.4239131906682,0.726752331055991
2020-04-06,19.0439612987326,15.3359227120254,26.0733081629887,-11.4748756396652,-13.8253137304073,-35.975164684243,0.822161880568814
2020-04-07,19.97328498426,16.862634490264,24.758232104899,-10.3991837772938,-14.5559546860325,-36.9848943498374,0.345881233740741
2020-04-08,19.3388247255356,15.7963547271382,25.1105419800298,-10.0735749750259,-13.0436954170029,-36.4959974439697,-0.632453596704948
2020-04-09,20.4611077880073,15.5053574320856,24.8398882437986,-9.65485001024896,-11.9819880895047,-36.714260292575,-2.45525507156292
2020-04-13,19.5992024191498,15.6497852670725,24.8133275427078,-9.70211269236667,-12.467545577666,-36.288556399678,-1.60410055921945
2020-04-14,20.9668166120356,16.8102964523226,25.2789313976565,-10.5862316797622,-13.2967028824604,-36.8228279298322,-2.35028196995992
2020-04-15,20.6222279866429,16.8817273022495,26.7974613950198,-12.6646356265654,-14.0757763807297,-36.9691607365043,-0.591843940112881
2020-04-16,20.2658108252828,16.8532548252882,25.7472936665628,-10.7276313686521,-13.3474109908387,-36.8578589256445,-1.93345803199865
2020-04-17,19.0347638766073,16.2775652697912,26.7297582751474,-9.35555217679244,-15.9156987250581,-36.0440993647572,-0.726737154938164
2020-04-20,19.7536425037667,16.276147193567,27.0134058112776,-10.0939143622002,-16.1828302841012,-36.4710405918809,-0.295410270428945
2020-04-22,17.3389612565356,15.8445768007728,25.4918458100592,-7.26081098325763,-13.6784942022239,-35.994759696578,-1.74131898530807
2020-04-23,20.2396871150557,17.4024413103812,25.1442898368497,-8.10278012140004,-15.6105605437802,-37.0974077117259,-1.97566988538047
2020-04-24,20.2546783773577,21.5845509315727,19.2874947767186,-8.9457957206601,-13.0638142454135,-38.6779108284606,-0.43920329111485
2020-04-27,19.2673843966109,21.8148731748304,19.5971608796025,-9.13525145818012,-13.287910135377,-37.9111622142705,-0.345094643216228
2020-04-28,18.6479910205909,21.7881001699906,19.9267254648177,-8.90655070019289,-12.9347354736458,-38.2973374777099,-0.224193003850615
2020-04-29,16.6202396732906,20.4205615036009,20.5734751990143,-9.04906132972343,-12.7039369380924,-37.3073583011438,1.44608019305387
2020-04-30,18.0164489133377,20.6161426010989,21.9348317503458,-8.08546674924753,-15.909017666837,-37.4785732819674,0.90563443326954
2020-05-04,20.0506838332431,17.5213275170271,21.6979829095123,-9.1730457465337,-14.9329029337184,-36.3903737933249,1.22632821379442
2020-05-05,24.2874787586837,19.3699933683521,20.0533376301284,-11.131314023871,-14.7495250139494,-37.309439259813,-0.520531459530773
2020-05-06,23.1247722480447,19.063728769358,20.1855869788107,-12.7937288267393,-12.43163563892,-36.3257615054448,-0.822962025109277
2020-05-07,23.2380925645339,18.5862315225455,20.7501810532196,-12.1728300985744,-13.39970736631,-36.3307779344721,-0.671189740942552
2020-05-08,25.7079924274489,18.4613785631315,18.4597218699784,-8.4547022283388,-19.0189481813911,-36.5975013765602,1.44205892573136
2020-05-11,24.3893584264625,23.3348102056653,19.3936812009286,-11.909712198298,-20.6788107602384,-37.4531210373942,2.92379416287427
2020-05-12,25.239560094517,24.4975161848284,21.2226101927433,-13.0946583113196,-20.3813103538377,-38.1372637796208,0.653545972689372
2020-05-13,25.6621625337954,24.7510183089905,18.9133973270698,-13.0158348752343,-21.4265493329099,-36.7017090827672,1.81751512105562
2020-05-14,23.4281292774084,23.8523360334539,16.5512255922733,-10.9654744305635,-22.1100352386073,-36.1041733926294,5.3479921586645
2020-05-15,23.1310739441119,23.6696928011682,18.7495316504903,-11.9346849395629,-20.0416685406469,-36.9511930985056,3.37724818294495
2020-05-18,26.3609108467659,20.2978389521973,20.3252298318459,-7.33688788687839,-25.1066203744884,-39.0392117381982,4.49874036875583
2020-05-19,26.7297219788897,20.6632326887757,17.8112586430105,-7.87402394361102,-20.796249164482,-38.7423719346239,2.20843173204106
2020-05-20,26.5661006276718,21.7330585805144,17.323207260096,-8.43078544777758,-19.4576836007217,-38.9041306201416,1.17023320035858
2020-05-21,26.8629147186532,23.606121106889,16.2001046128542,-7.66299986004324,-20.0066302885896,-39.0478875761155,0.0483772863519505
2020-05-22,22.1021118534407,23.9356704433439,16.8850623712438,-7.55007913339489,-19.4122058375331,-38.3118990542085,2.35133935710803
2020-05-25,17.1116191650016,25.3730674477064,19.6615570666768,-9.33175786884307,-19.6939673720588,-36.4862786165891,3.36576017810614
2020-05-26,14.8372070425303,25.1944080729264,19.3755286790762,-9.92114074735835,-18.0990109354609,-35.4925630474754,4.10557093576176
2020-05-27,17.5969548931763,24.7048364473082,17.7921195872544,-10.4452634399784,-18.1382211606565,-35.578957408093,4.06853108098893
2020-05-28,17.9509110354741,24.5660213074677,16.9503516868421,-10.81480632695,-16.6881550695425,-35.5370794229079,3.57275678961651
2020-05-29,15.9197936846476,24.6222952693356,15.6623471833868,-10.2985777878495,-15.8238892051777,-34.7464623034891,4.66449315914619
2020-06-01,17.2001488058844,24.5256290586487,16.0838688538143,-10.1608792019563,-16.6046819258548,-35.2662342292534,4.22214863871709
2020-06-02,17.9267977015304,25.0677660029424,16.1057430443345,-10.1864553624551,-16.7395450515758,-35.4859551197434,3.31164878496688
2020-06-03,19.8382663021994,25.4164862706053,17.7886167087226,-10.2443790411433,-20.6257049622397,-36.1933299585419,4.02004468039756
2020-06-04,19.5331251454503,24.8617381169163,17.8077227402556,-10.4249132132459,-19.7199099953878,-36.2179566776918,4.16019388370343
2020-06-05,19.6053706207938,25.4684613427105,18.7337936393016,-7.20798485592634,-21.0878333281638,-36.8937064275685,1.38189900885274
2020-06-08,17.4346244401426,24.8989008861811,17.7300287511057,-9.59252004355729,-17.4505530920764,-36.6981494236842,3.67766848188835
2020-06-09,19.2720458137967,29.0464901334193,16.2576667801943,-8.18392321702967,-22.1917013840356,-36.280142755751,2.07956462940606
2020-06-10,19.8742098893959,29.8908871407026,14.78833300211,-5.96779960835559,-22.8259091620066,-36.114685409266,0.354964147419707
2020-06-12,18.986394239844,28.930127557067,14.1027412192419,-7.58433651963509,-20.6301418149733,-35.8616379173725,2.05685323582802
2020-06-15,14.7779011853171,27.0724103105984,15.0440037605627,-10.8085527920572,-12.4298646190261,-35.5245330127042,1.86863516730918
2020-06-16,14.56825953034,26.0382196862952,15.7147397634759,-10.3616893677086,-12.2199780024677,-35.8959289836762,2.15637737374134
2020-06-17,13.5306679622397,26.7724753101151,15.924333904252,-11.0990419265681,-10.8945565379351,-35.0836775029727,0.849798790869102
2020-06-18,12.9154266716132,26.855625088349,15.518869346105,-12.4667496960584,-8.34214007575932,-34.8490234271808,0.367992092931459
2020-06-19,12.0033735568916,27.087594237173,16.4436234745973,-13.575264905291,-7.80407862099118,-34.5745802029941,0.419332460614442
2020-06-22,12.315918489445,26.3459130865724,16.060257341025,-13.5413513861238,-8.75587959198393,-34.3989551216445,1.97409718270978
2020-06-23,12.8774188813117,24.8319246533961,15.5527190806062,-15.0027286289298,-7.36957154978424,-34.2195771367228,3.3298147001229
2020-06-24,11.514157104277,26.135445853339,10.6377084287409,-12.4954329981981,-4.09807964652209,-33.7390604686759,2.04526172703919
2020-06-25,12.5733640744148,27.1250703197762,13.6184093065286,-12.5951414044291,-7.23307398614027,-34.9198474594355,1.43121914928534
2020-06-26,12.917336814464,27.6894893012704,14.449074650858,-12.3391904903106,-8.88183187718755,-35.0676261518538,1.23274775275954
2020-06-29,11.4283495876387,27.1899128190495,14.8147919540064,-13.5447567385878,-7.4555975647804,-34.4128312420458,1.98013118471944
2020-06-30,11.568791109788,27.6085858056268,15.8389592437026,-14.4876903107414,-7.85937783451247,-34.2564166960932,1.5871486822296
2020-07-01,10.8989522070447,26.6743622029241,17.0639949327855,-14.2266770398541,-7.31671467540367,-34.1736296502654,1.07971202276886
2020-07-02,8.34904313306616,24.6376442849539,16.8216053248202,-11.7977859003346,-5.4553948907725,-33.7880175864217,1.23290563468863
2020-07-03,10.3287056481435,26.8687457506656,17.4151804656884,-13.3897937107328,-4.71102292706095,-35.3547191035252,-1.1570961231785
2020-07-06,11.5721166702317,24.8967537862277,19.2268112517664,-13.9111711426524,-6.36127941526317,-34.5382177612612,-0.885013389048922
2020-07-07,7.86508864829399,27.6888754476713,16.4894888970446,-13.9475929469509,-3.65070966267862,-35.5350447227412,1.08989433936094
2020-07-08,5.76249408007502,22.6854755526591,18.5515068874893,-13.8345107053761,-2.59801266650555,-34.9566872926096,4.38973414426775
2020-07-09,8.00791224627567,25.4184613533471,15.5970761446879,-11.9225571602202,-4.60363220894313,-35.4525192422448,2.95525886709747
2020-07-10,8.23292548455758,26.2513672173987,14.8255483782003,-11.6496492303632,-6.16486768196296,-35.2991764546725,3.80385228684212
2020-07-13,8.34088104436206,26.2165983794252,14.9003426569547,-12.0144776001622,-5.47103866426774,-35.9086735385327,3.93636772222065
2020-07-14,8.22028192224745,25.202482660412,15.8855531390249,-12.2766456409862,-4.92500866001392,-35.4675508602208,3.36088743953667
2020-07-15,8.28877824413115,25.3388060926827,15.6595783192374,-12.7266927990363,-5.35488422915313,-35.3106106767865,4.1050250489247
2020-07-16,10.3105006211766,23.8091881904147,17.6019349758526,-10.3182276333879,-8.79356575578512,-35.5417025839546,2.93187218568376
2020-07-17,10.7283265257372,24.5097267590972,17.8419756583302,-9.16627230066182,-9.53252079222118,-36.4553866363263,2.07415078604468
2020-07-20,9.37485020268201,23.5331665338913,17.270333964268,-7.03797055013919,-8.62080748389511,-36.3766234351076,1.85705076830061
2020-07-21,9.6773635685378,22.8051310659281,20.6650847957841,-5.32270023808285,-9.38666855791369,-37.7688141242961,-0.669396509957252
2020-07-22,9.47335390472051,21.6768211006219,18.9491016407524,-6.6253893185977,-6.28998800960208,-37.6611721380034,0.477272820108297
2020-07-23,8.61908106172372,20.3280220169582,18.787436115832,-7.25114373617524,-2.56493313441931,-37.4702189927094,-0.448243331209966
2020-07-24,7.24453302750608,19.262498645536,18.6173833542386,-9.29442847348631,0.74972986662938,-36.7738467696033,0.194130349179602
2020-07-27,8.12862717503212,19.5087408283778,18.8893785758398,-8.37564389881567,-2.32675446969456,-37.168259660401,1.34391144966149
2020-07-28,8.02264609831448,19.4675904554866,18.6470406844197,-8.01900512129221,-0.87456982403026,-36.7619812013562,-0.481721091542042
2020-07-29,8.13013406695941,19.4527366220863,18.5336925335113,-8.45159030521894,-0.352008426435589,-36.4993972593652,-0.81356723153722
2020-07-30,8.36593202724032,19.2618199130179,18.169872361618,-7.46209325503018,-0.241372553401206,-36.4503339775567,-1.64382451588813
2020-07-31,8.24181363315006,18.8861044241341,17.7540354478049,-8.65523366488378,-1.18247715283694,-35.4813067209921,0.437064033623841
2020-08-03,8.95993633440895,19.5924701782005,16.4060672463606,-6.590695497109,-0.936088274254118,-36.5085966738371,-0.923093313769812
2020-08-04,9.52625230767389,21.4943064233764,17.0713414691414,-8.28796427425692,-2.07291093414163,-35.6548700510746,-2.07615494071842
2020-08-05,8.07072371825222,20.9080391107417,19.5375145772317,-9.6863574227484,-2.44578083407092,-34.4938791317199,-1.89026001768644
2020-08-06,6.05471102827673,20.1941950122243,20.8662277827841,-9.70008991831723,-1.80855492512194,-34.0916462065809,-1.51484277326502
2020-08-07,8.20708939677992,21.6351533405693,21.7909840775863,-8.91574502500031,-4.97843909380297,-34.8556231389613,-2.88341955717092
2020-08-10,7.34257504185517,21.2458608167328,19.6827243506485,-8.18760001092653,-3.21112576939051,-35.1745711715728,-1.69786325734668
2020-08-11,7.06459146142197,20.618398285826,23.4294260844217,-9.0653169442044,-4.1583969782627,-34.5285865632612,-3.3601153459414
2020-08-12,6.62220875540129,20.5400755343732,22.3010515685935,-8.78490341665162,-2.90420567863424,-34.9801906019138,-2.79403616116819
2020-08-13,7.29507528454525,20.2042634504251,22.7321799731178,-9.92921060457763,-3.25561242186573,-34.9112720387751,-2.13542364286974
2020-08-14,7.42535949398162,19.9678298876797,22.9210616019956,-9.83155622199331,-3.14025159851739,-34.9546698706053,-2.3877732925409
2020-08-17,6.30503740753132,19.593241360532,24.5920250273182,-9.52234153308613,-2.11534305828545,-35.8658728753022,-2.98674632870768
2020-08-18,6.66231323011318,21.7196155901501,24.3312992483962,-8.87771077296023,-4.27584122923487,-36.2499566358026,-3.30971943066184
2020-08-19,9.34165206813422,25.1614616603107,25.599225940999,-4.92222311066722,-7.37608768786745,-38.6242180586091,-9.17981081230016
2020-08-20,10.4525310876663,25.5384990487021,22.9493463358254,-5.111462248355,-8.26831683688048,-37.8781360363162,-7.68246135064217
2020-08-21,8.6685814424405,23.3083101146012,21.7430464938543,-2.89617591942978,-11.5528212265659,-39.9059201695884,0.634979264688056
2020-08-24,8.91317209684472,23.0594648491162,21.2129047508453,-1.42698696846462,-11.9394570026772,-39.8369843617562,0.0178866360917596
2020-08-25,9.65627584006008,25.7131325037379,22.766747622561,-7.06507172764704,-11.816030365902,-38.8244994597455,-0.430554413064499
2020-08-26,9.83923135728553,26.0372786169815,22.7704966437504,-6.83382635509346,-12.0957449427666,-38.4880182916523,-1.22941702850515
2020-08-27,10.4523563776044,26.0982036760476,22.4811638227776,-6.83796142598528,-12.0467985626654,-38.938198125965,-1.20876576181389
2020-08-28,11.4956351233503,26.0485999515459,21.0402455335714,-6.40665141991171,-11.0839108637723,-39.7402592686177,-1.35365905616587
2020-08-31,11.6232312115931,21.636555985055,-2.59613026682825,13.3494267977299,-3.74433496115219,-41.4485979636172,1.17984919721965
2020-09-01,20.4085751962701,33.0327449044247,-25.0846057792036,5.37951466359874,-5.74783407781743,-33.801533505698,5.8131385984255
2020-09-02,21.3499872336762,33.4758803096185,-27.7111967634055,6.57297896888238,-5.67200144295711,-34.0872548123516,6.07160650653712
2020-09-03,26.1094891248858,35.8016707833731,-27.0960750625641,7.46278114493083,-13.6812729918345,-32.8292747295135,4.23268173072236
2020-09-04,26.1342554143112,35.9720213258017,-27.1494590898713,7.73068807525209,-13.8450738379968,-31.80290686194,2.96047497444314
2020-09-08,22.4868160798353,36.3676454651345,-26.7255384972096,8.54917541391013,-13.8899760856514,-30.7131630516032,3.92504067558428
2020-09-09,23.1030168527867,36.5211264768223,-26.8412872243409,8.48434644598397,-13.829296234797,-31.3194727607385,3.88156644428348
2020-09-10,22.4267856949811,36.9509651380424,-27.1025708210384,7.93287817312172,-14.1211920873081,-30.2051681582306,4.11830206043187
2020-09-11,22.3825367313384,37.0109553637448,-27.5831606842572,8.4482828125943,-13.5279285592931,-30.4842947397533,3.75360907562593
2020-09-14,20.7352464535807,38.0785804227996,-25.7483965044178,10.299729454334,-14.7144619145585,-30.4352802927011,1.78458238096314
2020-09-15,19.9403083929708,37.74016884408,-25.9042213596672,11.1871494065178,-13.9019904039129,-30.8480119072617,1.78659702727319
2020-09-16,20.4057951937337,38.4374809742972,-25.6382984543202,9.88000730922339,-13.9570091402459,-30.822646006194,1.6946701235058
2020-09-17,20.9056472462595,38.100847304123,-24.3118634058916,8.78214817832408,-13.2383017589742,-30.7359212361104,0.497443672269711
2020-09-18,21.905017744609,37.5448751262547,-24.1904727126432,9.22089945055326,-11.9084497350374,-30.6309458665766,-1.94092400715974
2020-09-21,22.6071960078383,35.4125485668576,-23.6986567141437,9.10769176877066,-11.4053767368491,-30.0704132734366,-1.95298961903715
2020-09-22,22.4010317087822,34.9265537182875,-24.6374363224632,9.50649521424542,-12.5925673303794,-30.7714251374395,1.16734814896695
2020-09-23,24.1323195792026,36.7440641503142,-24.9739229284053,9.05344471467679,-13.4749208027518,-30.5781473058578,-0.902837407178822
2020-09-24,23.7290335365296,36.0440608247942,-24.5570259659374,8.89978052928357,-13.5302638978122,-30.8044958868648,0.218910860006886
2020-09-25,21.6366910103076,36.0624785561166,-25.0215984087194,11.33253275309,-15.7352635769645,-30.3966082237967,2.12176788996651
2020-09-28,27.7388825718031,33.3016145608604,-23.2752131207106,6.91019563722112,-11.6953878666967,-30.5618681002497,-2.41822368222766
2020-09-29,23.9039386091244,32.6314114665959,-24.2745402203957,7.32622668899654,-13.1420012894288,-32.199731061343,5.75469580645067
2020-09-30,22.6971051968315,32.555727074247,-25.2342600580481,6.68333892507694,-13.4291786997655,-32.533400754614,9.26066831627217
2020-10-01,22.5155436247997,31.679921579121,-23.6421347207176,7.6605006254193,-14.9024123154999,-31.957279027863,8.64586023474055
2020-10-02,22.8390301521447,29.3484565186672,-23.592096092921,11.6399358550891,-17.5997678421608,-32.2866249361381,9.65106634531884
2020-10-05,22.1699772391902,30.8224890526669,-24.183783576411,11.5844532148307,-15.6070152955427,-32.8021362951906,8.0160156604563
2020-10-06,22.0086105049053,28.4153081744034,-24.0692298181901,11.6713161205495,-13.6316694848294,-32.7704428655277,8.37610736868903
2020-10-07,21.825299998446,28.0326979016187,-25.1593032170195,12.2312550444216,-11.3133908485563,-33.0930817138455,7.47652283493505
2020-10-08,20.3402555775984,26.6268434981676,-24.0705997581792,12.6084494411009,-10.732745147245,-32.2311759059664,7.45897229452375
2020-10-09,21.539829030815,26.4541634469612,-23.8728074814163,14.5133166069125,-13.1348553269425,-33.91365964558,8.41401336925014
2020-10-13,19.6965320667096,26.1917204101236,-23.5486864451199,12.0521461853384,-9.28956087197741,-32.3046282403338,7.20247689525961
2020-10-14,19.7336659748199,27.1358835647097,-23.3851255312538,9.68107587174765,-7.10284508675729,-32.0389553144641,5.9763005211979
2020-10-15,18.7023161463935,26.112379096899,-22.8854257356404,9.6210794881767,-5.11410345937024,-32.3788792668578,5.94263373039917
2020-10-16,21.9266069928346,28.2846397683215,-23.9348466906087,8.38085350889179,-5.97415737761636,-32.3601226144326,3.67702641260975
2020-10-19,17.851176601082,25.7770050065155,-22.295472393218,9.78723136516773,-7.69272493452574,-29.9950756176966,6.56785997267502
2020-10-20,14.6196487400325,24.6668996228908,-25.8797957713682,7.45963348858676,-9.90202702902348,-13.5582644194007,2.59390536828235
2020-10-21,11.3543620879614,19.9538971244846,-26.3835076855408,4.20023116170158,-8.2601400709203,-3.07582042057216,2.21097780288574
2020-10-22,9.07795874565355,14.6511535290502,-26.1298787776219,-1.25128487055017,-7.40627980119378,3.34817759482952,7.71015357983258
2020-10-23,13.6851389797534,18.5447567429033,-26.7067546719433,2.94017455317358,-6.81418368525731,1.91886402960222,-3.56799594823184
2020-10-26,14.7330538612094,18.7089384796638,-26.2439389467513,4.02034274819407,-7.12157651966966,1.7804568404225,-5.87727646306885
2020-10-27,15.0526351256767,18.9824303352828,-25.8872114449846,3.35072250459922,-8.2402265113377,2.24961825398125,-5.50796826321776
2020-10-28,14.5334400203458,19.1181751119857,-26.2666326564706,2.52741131702554,-7.40584946947244,2.37085359294704,-4.87739791636102
2020-10-29,15.9493357837641,19.1914110377892,-27.7302862088677,5.46187583904272,-8.02522043894933,2.09477769508086,-6.9418937078599
2020-10-30,15.7884412089241,18.994137406781,-27.013417496507,5.0022532576296,-7.9893162261008,0.952609120727516,-5.73470727145443
2020-11-03,16.1053457361373,18.7857579844621,-27.4562330177462,4.41752668084442,-7.28294153868077,1.60499923689413,-6.17445508191092
2020-11-04,14.0657146522545,19.7891068698193,-27.0753604676116,4.80299106288302,-6.48559457363807,1.77993380221875,-6.87679134592588
2020-11-05,14.2254110832309,19.9235994511863,-27.1324818488858,4.77327814597001,-5.91565960988174,1.41721178259785,-7.29135900421745
2020-11-06,11.1826616061797,18.8890300163721,-26.9926482804892,3.04055908625669,-5.95268399177952,4.22202307824895,-4.38894151478868
2020-11-09,12.4439280431594,19.3733674097434,-27.6330458290292,5.31213571106971,-5.93793551912401,2.1039060501283,-5.66235586594757
2020-11-10,11.3193555699682,18.3451135594763,-27.8367048553964,5.27752368337185,-5.35916131863026,3.5504681827563,-5.29659482154601
2020-11-11,11.2837029319235,17.048923346316,-28.9511552679497,6.2552848904788,-3.6171522818503,3.04258889300283,-5.06219251192118
2020-11-12,11.5029319265865,16.9856520580633,-29.2170764895742,6.35886098770827,-3.23065058340833,3.02052687485433,-5.42024477422984
2020-11-13,11.2138569189051,15.9077779368393,-30.197805110293,7.19639300392059,-2.78160762250737,3.10730361617193,-4.4459187430366
2020-11-16,11.1002736743341,15.6729903033475,-30.1046697463938,6.43737220598571,-2.63309204129695,3.67482891940244,-4.14770331537892
2020-11-17,11.1263083420434,15.7919168512319,-29.9826062167721,6.56057027791523,-3.18072997704959,3.72488148431583,-4.04034076168458
2020-11-18,10.8845464776378,15.9098495969068,-30.7394972392352,6.45729952252036,-1.42943026312967,3.05230922104174,-4.13507731574191
2020-11-19,11.3762336671147,15.3916238041608,-31.3507919126718,5.92392910386378,0.241128229313261,1.63805123212943,-3.22017412391017
2020-11-20,10.8540523884445,18.8409455663186,-30.0843895202691,3.65885772933539,-4.93137044194535,5.49361564967943,-3.83171137156343
2020-11-23,10.707709984419,18.9531700469335,-30.1711617355873,3.5820651715426,-4.96355803645855,5.06654829064355,-3.17477372149281
2020-11-24,9.0240106751307,16.7445154579652,-30.8418261143266,2.59851449654077,-6.39602246058593,9.47364869135714,-0.602840746081299
2020-11-25,9.17445553679364,16.6304563605948,-30.5262959860671,2.23813344788371,-6.55102607770947,10.2133060069956,-1.17902928849126
2020-11-26,9.37478335687209,16.4819504756636,-31.6644304750047,1.95770846882989,-4.42936180029785,9.90748190416083,-1.62813193022379
2020-11-27,6.20300573624787,15.4275993225757,-31.3278726297555,1.60952577871892,-1.2645021354863,8.44888152449539,0.903362403203914
2020-11-30,4.53946308593962,13.5955287589792,-30.8716845702255,1.52823513014663,3.74780424885284,4.70847190343918,2.75218144286806
2020-12-01,5.7429309345534,13.2338604728981,-31.0773832691224,1.25413428448466,3.66901630819105,4.85701726329386,2.32042400570131
2020-12-02,5.06866743159499,12.812949445425,-31.263908407323,0.358542040928555,0.432342648467127,6.27150723291702,6.31989960799031
2020-12-03,7.07493887403974,14.0842123295837,-30.9242355453813,1.17573631953363,1.14801379447405,6.00511203091938,1.43622219683085
2020-12-04,6.25418187536074,12.7722138853804,-30.2617624560291,-0.131792993982742,0.922185129967744,5.49923367353561,4.94574088576741
2020-12-07,11.739191689635,18.2426351932415,-33.3915404081793,1.89307582127255,-7.45974871296387,8.62422871055156,0.352157706442611
2020-12-08,12.2177024578048,18.6525587932112,-33.4144453746786,2.19716803241796,-8.36556703368905,8.75115129974851,-0.0385681748147704
2020-12-09,12.7580515854483,19.437871597874,-34.3703040896034,1.515353094026,-7.27928024586848,6.67982012681527,1.25848793130827
2020-12-10,12.4328002641097,18.8588224075812,-34.4842611702062,0.600336896294479,-5.80142508783943,6.3194762167023,2.07425047335792
2020-12-11,11.9624294560241,18.5996484033721,-33.8610185103519,0.619217537989897,-5.70799119825969,6.52964361089192,1.8580707003336
2020-12-14,13.0249130487265,18.6864990514873,-35.1688324698468,1.16831951614967,-5.41747713509211,6.67420709558121,1.03237089299428
2020-12-15,13.8927632709386,19.0377424322394,-36.0850082040314,0.629136740834753,-4.97857222773943,7.12343484412055,0.380503143637455
2020-12-16,12.0650526712628,19.8271852282788,-34.8772129737872,2.50730679600225,-6.29690824777113,6.88824041439194,-0.113663888377502
2020-12-17,13.7354441234474,21.1319156776452,-34.9189443604682,-0.554140533638304,-11.7712203587152,9.56933416691982,2.80761128480927
2020-12-18,13.1794729923449,21.4610573347396,-34.6310899601184,1.43320623347138,-13.1113598159411,9.6008585416058,2.06785467389783
2020-12-21,10.733569320582,22.0050184853352,-34.2916162493256,4.6902400833019,-14.9567765101186,7.22606513126638,4.59349973895868
2020-12-22,11.7343452120828,23.0477189971772,-34.2284389991106,11.8483209820465,-14.4196423509577,2.79344132182381,-0.775745163062126
2020-12-23,11.7893787256549,23.8603835375036,-32.0115147013973,13.5129004282599,-14.6389907132001,-1.97010836709885,-0.542048909722205
2020-12-28,12.2814082680749,23.2218066131787,-31.3476184048955,13.6678109667189,-14.6597369149864,-3.30534396699663,0.141673438905997
2020-12-29,12.8354454884767,24.8521034554018,-33.2900260517549,16.0073172900101,-16.1028724776256,-4.2018410673229,-0.100126637185134
2020-12-30,11.0551292181946,22.855172538253,-32.0570058549605,14.4815432508366,-14.9169605605666,-1.50456511427203,0.0866865225147819
2021-01-04,7.64949858765782,21.0908195657087,-30.4284739382891,14.2315580515775,-16.2382139454433,2.56642136416995,1.12839031461839
2021-01-05,7.08406877301999,20.8199839894045,-30.3375342767885,14.0341383234528,-16.4709750399465,3.23065116340484,1.63966706745285
2021-01-06,7.41995390223225,20.8578167417501,-30.7635362554566,14.7795971241049,-16.7779771646866,3.31960145992798,1.16454419212802
2021-01-07,5.27897205189528,20.4047448678992,-28.6044098587696,13.3949698304751,-15.9417064992578,3.66169851892877,1.80573108882907
2021-01-08,5.52022524194257,20.5472694100526,-25.9631478721919,12.6924762122746,-18.0481268662234,4.02029488795141,1.23100898619426
2021-01-11,5.6375604154165,20.8085735069071,-26.4512776235044,12.7941090639381,-17.7623068369867,4.14553231017666,0.827809164052638
2021-01-12,6.43174926950445,20.0227993431442,-25.6972176658387,12.3580126006722,-18.1270408972133,3.27687813609542,1.73481921363569
2021-01-13,5.61906800688379,19.7640548993666,-25.5516554480174,12.4440963536292,-17.4597307605363,3.13255217857912,2.05161477009507
2021-01-14,5.50497408245356,19.6809398749432,-25.9853456234749,12.2527340919759,-16.9860314613465,3.28088969206929,2.25183934337952
2021-01-15,5.45596034276612,20.3838785462604,-25.1135604567469,12.0288947809686,-17.4673924316205,3.5993423718374,1.11287684653485
2021-01-18,5.18270028557889,20.4649526409239,-25.2569181192943,11.9633073897343,-17.7982319248008,3.98987064441801,1.45431908344
2021-01-19,5.31702362302917,20.9417594111646,-24.6448022414792,12.7765328944842,-17.2495172920472,3.31519878946719,-0.456195184618721
2021-01-20,5.79130126999455,20.9372464332874,-22.1882851877867,15.027226291349,-17.9927926796644,0.616915015025143,-2.19161114220488
2021-01-21,5.83788925911907,20.2577459231825,-20.2926381211332,15.6574882254661,-18.5514456701382,-0.19758299445197,-2.71145662204433
2021-01-22,5.61967775306677,20.0441138618848,-21.8243337585435,14.9533609830471,-18.5162134784535,1.28915912201317,-1.56576448301495
2021-01-26,5.84344138961464,20.282576670221,-22.1984710240981,14.7027225967643,-19.9191870605738,2.36200684854941,-1.07308942047739
2021-01-27,4.75841276752693,19.4250393063886,-21.6373931602054,15.0646609555025,-18.8270302282681,1.91292088278662,-0.696610523731174
2021-01-28,4.60694831641752,19.4885274245071,-21.8435311374516,14.85943990755,-18.1304303131934,1.97940248101004,-0.960356678839631
2021-01-29,4.36819749796587,19.2784528055479,-21.8538287122029,15.3027925014372,-17.7844322640879,1.24699102089312,-0.558172849553237
2021-02-01,4.12886670716382,19.3248354280186,-21.6095431699114,14.5283844140662,-17.3941359626759,1.17473677634661,-0.153144193007961
2021-02-02,4.03901463860429,20.1388351928285,-21.7541502135061,15.7141960487112,-17.4737328668677,0.826251574029691,-1.4904143737999
2021-02-03,3.99341051910072,20.9118624935567,-20.5381388137549,10.6491079528408,-16.3518900869634,2.48459354411245,-1.14894560889237
2021-02-04,4.80373709474254,17.8127022057493,-20.6725522660585,8.40803803532435,-15.0666925551726,3.8693145267728,0.845452958642078
2021-02-05,4.96808599347527,18.1237767250098,-20.1721377629882,11.4894847404227,-15.8028355731711,1.99555512883778,-0.601929251586277
2021-02-08,7.90611160040784,14.4364239667569,-17.988465021414,14.6242286392957,-21.9516928631891,3.6290918065348,-0.655698128392181
2021-02-09,8.20741974282696,13.4807632996247,-18.0561456553758,14.788158897385,-19.4785657494253,0.620260801522129,0.438108663442328
2021-02-10,8.83040292700095,14.5557772877716,-17.4922841215935,15.0793041357184,-21.1055300074289,1.07888607588958,-0.9465562973582
2021-02-11,8.23427738441691,13.2595402011595,-17.109509478871,14.9362758214256,-20.0456285002166,0.0592950966660126,0.665749475419602
2021-02-12,7.53076845227154,12.4955506754402,-16.7263842226545,15.6925911604418,-18.360507832553,-1.18121217435534,0.549193941409257
2021-02-17,7.5333886217705,13.1702855256159,-16.2334783054513,16.3438279806545,-17.7046946308825,-2.13303830627584,-0.976290885431226
2021-02-18,7.82994065296913,13.3736305319389,-16.6005716991784,16.2553218440971,-18.5325368299396,-1.67413748377015,-0.65164701611701
2021-02-19,8.27858112142708,13.5792319905735,-16.554474165648,16.766431181532,-18.9441706607535,-2.72828884754208,-0.397310619589021
2021-02-22,10.5732816205972,14.8142008333699,-15.6652781946146,16.2740754283043,-20.0563504805338,-5.39448145442449,-0.54544775269845
2021-02-23,9.75775418422415,14.7344403557915,-15.3481932139957,16.279797995168,-17.5799438944341,-5.14803489714549,-2.69582052960836
2021-02-24,9.29313696324483,12.938252076013,-15.3762986083774,16.3179701716696,-13.7957383309914,-5.33997064957774,-4.03735162198081
2021-02-25,9.01185023818563,13.1546078681827,-15.2086810776547,16.1649793177608,-13.2417587638453,-6.29733449602893,-3.58366308660021
2021-02-26,9.49323916828952,13.3041287226706,-14.5999715614337,15.9645993154284,-13.1546736401203,-7.05335645388474,-3.95396555094985
2021-03-01,10.1283219526646,14.0897733354183,-12.619157093498,16.0837863346943,-13.0070263635323,-9.46891960632325,-5.20677855942365
2021-03-02,8.72080406573059,13.7611451829086,-13.5299504344055,15.2657823372201,-13.8558986614269,-10.1815309309564,-0.180351559070445
2021-03-03,8.72063912124938,13.0763433514228,-13.0041770687734,15.4407051056384,-14.3765835189467,-11.0884523893074,1.23152539871703
2021-03-04,7.79980154774223,13.585711944646,-12.9269546937619,15.0618585616027,-14.5996029541383,-10.4752591046091,1.55444469851842
2021-03-05,7.33149536009725,13.052260406031,-13.0276234157944,15.2762024266142,-15.0718808184387,-10.2531612715463,2.69270731303694
2021-03-08,10.4889431934128,13.0241381019601,-13.8894396875575,14.4881603262221,-15.0914633724691,-10.5825277422117,1.56218918064327
2021-03-09,11.8503316283763,13.029881100321,-14.1385646350204,14.7969610225517,-15.0895334530046,-11.1571762267823,0.708100563558261
2021-03-10,13.6935998199568,11.5213128292247,-14.73232562637,15.5646957266914,-15.4513504456068,-12.1695943413172,1.57366203742114
2021-03-11,13.4181802685907,10.6477310794964,-14.3607693403578,16.1043181538518,-16.2359570777915,-11.4789196721064,1.90541658831682
2021-03-12,12.8549046841683,9.73062372948695,-14.5603512617769,16.3002312982295,-17.644055100098,-10.7773373498529,4.09598399984323
2021-03-15,12.837972109113,9.33830909007767,-14.3011772260586,16.4248974569103,-17.4614728659993,-10.8020901827917,3.96356161874861
2021-03-16,13.0368347647704,9.3601648769157,-14.6810474951074,15.2805895701546,-17.3734472825705,-10.033400593433,4.41030615927016
2021-03-17,12.9778241728614,8.76576383763947,-13.6435643460051,13.9730474240587,-17.3304962259543,-9.45619582051081,4.71362095791059
2021-03-18,13.094641744747,8.95511278277938,-13.8102110448733,14.4984149453852,-18.166307849879,-10.1504385771547,5.57878799899535
2021-03-19,12.2583888886175,7.93455922328405,-13.552228456861,14.2613691374782,-15.6250648701383,-9.740956525843,4.46393260346255
2021-03-22,12.7888698703792,7.64850008654857,-12.6122685580664,13.0053088697524,-15.6991984789247,-10.5526118455873,5.42140005589827
2021-03-23,13.0697718851884,7.78723114913504,-11.4967893115914,11.8178932397092,-15.6804813298085,-10.8535108569793,5.35588522434649
2021-03-24,12.2251767354491,7.80603677172084,-10.372129146391,10.2552766656143,-15.5183848607821,-8.9707115400974,4.57473537448632
2021-03-25,11.908307974711,7.22287390831052,-9.76197384384965,10.2693746814928,-15.5306299597592,-9.74225873359649,5.63430597269103
2021-03-26,10.8386432349214,7.57685539223512,-9.87924208752239,10.1066649925385,-15.5695407729177,-9.30562796187007,6.23224720261505
2021-03-29,12.7568579518104,8.34891472427681,-8.96083598125736,10.3406315099891,-14.8008672604242,-10.5523367916844,2.86763584728958
2021-03-30,13.6134662709019,9.06620057184762,-8.14946055837052,9.3837269312461,-13.4416594348345,-10.9823706595015,0.510096878711003
2021-03-31,13.6601534563888,9.68639809638713,-7.18567654281679,8.53761677734457,-13.3162438729494,-10.4767397696373,-0.905508144717039
2021-04-01,13.0181535444974,9.3983582131207,-7.14811779332855,8.18251668741238,-12.7303292827531,-10.252718156747,-0.467863212201841
2021-04-05,13.2010927662676,9.44666619724779,-7.17834878201474,8.0839601753308,-13.0693449064616,-10.0474363776518,-0.436589072717965
2021-04-06,13.7209811853172,9.39480504296105,-6.74211413340875,7.58399515351226,-13.246665719745,-10.5836136449096,-0.127387883727181
2021-04-07,13.6012610168603,9.33179716056703,-6.51836823635727,7.64658153820687,-13.3232623395862,-10.5532832486584,-0.184725891032251
2021-04-08,13.4609633027669,9.19955883803063,-6.59694864892311,8.1740871392219,-13.8548711820042,-10.218233665746,-0.164555783346067
2021-04-09,14.0456202752164,8.96851217994948,-6.37656315595365,8.60704223764683,-14.8043514509057,-10.4917930740868,0.0515329881334239
2021-04-12,14.6202769180556,8.45820056823784,-7.31379649354894,7.77369659160118,-13.7716398116713,-10.2712399821694,0.504502209495037
2021-04-13,14.6398795818787,7.7519225821813,-7.7303893959068,7.55557589428326,-12.2484085296531,-10.5049750817024,0.53639494891911
2021-04-14,15.1075134268289,8.63393367960455,-7.49347494541167,8.77135543939939,-13.2622818348041,-12.5963819620979,0.839336196480815
2021-04-15,14.273440297034,8.21416509228086,-7.76482522292026,8.51597083030576,-11.8914394577358,-12.6390227013678,1.29171116240325
2021-04-16,14.3366380510402,7.96834349608015,-7.70101278002215,8.04190793857504,-12.3719435438467,-11.8719916754065,1.59805851357996
2021-04-19,15.4471743616721,8.03370247080488,-7.08701957950856,7.04851750243224,-13.6062595945895,-12.0254543722711,2.18933921145991
2021-04-20,15.231914243629,7.6379829180704,-7.93184706981548,8.39370884528909,-15.2078853944755,-11.1346603397562,3.0107867970587
2021-04-22,15.3883876812919,7.56814659904321,-7.82564129209564,8.5174345042262,-14.7627370938574,-11.7815222107353,2.89593181212705
2021-04-23,15.7242616325916,7.34277052823118,-8.13939802297374,8.58447989574261,-14.7629455622186,-11.8557677493253,3.10659927795219
2021-04-26,17.6012636518916,8.85848239404564,-7.41667025041991,8.72616381077533,-16.1418128280754,-11.775383207912,0.14795642969468
2021-04-27,16.827185086382,8.39259938185586,-7.5035100600504,8.54399700318078,-15.0470888392608,-11.9437597710727,0.730577198965292
2021-04-28,16.9887215597754,8.77150648655628,-6.76317533669241,7.00068436570576,-15.2957487210355,-12.0155506587323,1.31356230442277
2021-04-29,17.3467788344318,8.97153370892691,-6.98555160258294,6.96087310781429,-15.5641826056777,-11.9625587314993,1.23310728858687
2021-04-30,16.9155473191007,8.14095801133919,-6.65091463374795,6.72704130665393,-15.2948312372593,-11.1623913646225,1.32459059853588
2021-05-03,17.0262128483261,8.22039829797564,-6.73047538052844,6.41478629550692,-14.9558907506305,-11.2647849515379,1.28975364088819
2021-05-04,16.0583997592729,7.88251009260478,-6.99912935214898,6.98536289631516,-14.7708306454161,-10.8172486096876,1.6609358590598
2021-05-05,15.8690879903591,7.44005196381374,-6.90246984882504,6.02591965882478,-13.605253219708,-10.7924659671081,1.96512942264347
2021-05-06,15.6551230365385,7.15660862319139,-6.25232790284354,5.94081719975526,-13.5922467088805,-10.9972645941152,2.08929034635408
2021-05-07,16.3758674627222,7.31394191774378,-7.02478906420072,5.97124730956274,-15.3132035322167,-10.0687882354856,2.74572414187428
2021-05-10,16.6332688063034,7.59833680435617,-7.29235094888215,5.4213711881052,-15.6212739429668,-9.62360209653575,2.88425018961991
2021-05-11,16.9664759809816,7.77962307749471,-7.36423074453845,4.4604513239857,-14.0402772897475,-10.491084862937,2.68904251476091
2021-05-12,17.0023133848926,7.64771097862034,-7.21649268705536,4.70419618702542,-14.1930415293116,-10.5419236031787,2.59723726900736
2021-05-13,17.2783858152082,7.58769748250216,-7.16293347313272,4.54745434036474,-14.4944960338065,-10.7911591151733,3.03505098403747
2021-05-14,17.2473135214592,7.0352822525761,-7.12370858051005,3.85257259744979,-13.7949261990702,-10.8662359625787,3.64970237067379
2021-05-17,16.8632285725946,7.95842332666405,-6.75852547580547,3.1442128330457,-14.9401151281032,-11.0677604096487,4.800536281253
2021-05-18,16.7260693009416,8.51289528516495,-7.01766450006748,3.74846674931815,-15.1712188311865,-10.0828779884435,3.28432998427274
2021-05-19,16.4286725426114,8.90032446588557,-6.94614428539606,3.62835662182918,-14.5522076765054,-10.0761661039294,2.61716443550462
2021-05-20,16.7199302638975,7.26463086910371,-6.38174260754131,3.74550898895816,-14.9586707386206,-9.86466420949209,3.47500743369468
2021-05-21,15.383636616192,8.1126177570137,-6.57562495678685,5.79791610591673,-16.2413747358131,-7.48892137998354,1.01175059346107
2021-05-24,14.9172519178729,8.70534148180251,-6.48939012715555,6.04702073502344,-16.5424873619919,-7.23592746740574,0.598190821854381
2021-05-25,14.8283908935669,8.18843567738026,-6.42097762721449,5.70488624465187,-16.5778616634016,-6.54564719213397,0.822773667150983
2021-05-26,14.4539598960181,7.98065008492025,-6.192638859027,5.82130225977653,-16.0361603546168,-6.81199138512147,0.784878358050392
2021-05-27,14.898548396815,8.06025201179304,-6.65325174507453,5.07359268607466,-16.0097445877635,-6.75308666401211,1.38368990216745
2021-05-28,15.0011988400755,8.17204958504563,-6.69273125887944,5.29646468278434,-15.6514231161021,-7.66562256932009,1.54006383639613
2021-05-31,15.5780963703193,8.21858166621234,-6.65878015722331,5.09650962923771,-16.8605491456594,-6.29349486321143,0.919636500324806
2021-06-01,15.0820881233212,8.0350449244998,-6.60045684442957,5.52250207469785,-16.3241873617806,-6.24833167882497,0.533340762516218
2021-06-02,15.1728049438188,8.62930608295196,-6.71261467226862,5.03391569870686,-16.6989921399088,-6.00829293761552,0.583873024315373
2021-06-04,15.4177440583714,9.28339022096709,-6.72762998401159,5.15003624830968,-17.0328715917231,-6.39559987592516,0.304930924011742
2021-06-07,15.2224186406329,9.51462818156099,-6.35104127204463,4.36685438949986,-17.0954409949425,-5.71416698003391,0.0567480353272316
2021-06-08,14.4752711572438,9.12236008551938,-6.82744645834858,4.72434753632676,-17.2991916730607,-5.06915166169622,0.873811014015644
2021-06-09,14.4489476012101,9.37442501204899,-6.02251910731737,4.57626910390346,-17.9645907565898,-5.99987086840486,1.58733901514955
2021-06-10,12.5434962027898,8.60397641233343,-6.75271637161548,4.99420649166439,-16.1584022454014,-4.38593240567658,1.15537191590588
2021-06-11,11.7202703384649,8.45461235269682,-7.18475935745334,5.3124104626932,-15.6335829637453,-4.34751238057527,1.678561547919
2021-06-14,11.1720523453837,8.69698238316118,-8.07512370936213,5.53157276292483,-15.5911574156334,-4.70404082827884,2.96971446180466
2021-06-15,11.521524484809,7.92511595365936,-7.35047362519995,5.49649180009471,-15.5637258107427,-5.38157996136178,3.35264715874129
2021-06-16,11.4370206607836,8.04398637772356,-7.43404498385055,5.65284465383893,-15.6292006997318,-5.10276462207646,3.03215861331277
2021-06-17,12.3380306420176,7.24094066838907,-6.85334917053462,6.23758042789435,-18.0304621558386,-3.41982568390616,2.48708527197835
2021-06-18,11.6290411350915,9.20346226546835,-1.6198672662095,-6.14481272653798,-12.669989538794,-1.70620456293314,1.30837069391471
2021-06-21,9.86539983670122,7.96501767882015,3.2284134756861,-3.18738294108869,-12.7777844195905,-4.93392312302542,-0.159740507502825
2021-06-22,9.35555086841575,7.25380039362028,5.10332322416144,-3.8640919910594,-13.0062705699957,-4.45266285018578,-0.389649074956623
2021-06-23,8.11066775011294,7.88005378961678,4.92377249182677,-3.54917169709944,-10.6095918088769,-6.16374400987487,-0.591986515705266
2021-06-24,7.84131712856671,8.40826339061562,4.74427192380114,-3.32685362756543,-10.1903877522689,-6.87271232633498,-0.603898736814195
2021-06-25,8.88516471392127,7.67565906857422,3.81591464632061,-3.01142840845473,-10.5457569580641,-6.32250344967038,-0.49704961262691
2021-06-28,8.7553177753134,7.77863621778147,3.9581047615423,-3.05005506672191,-10.6185586373311,-6.41005678665525,-0.413388263928944
2021-06-29,8.51863104084951,7.87900869026534,4.09675374326495,-3.05245362595748,-10.6764174400722,-6.02456016428935,-0.740962244060789
2021-06-30,8.33807274157815,7.46619772706974,5.19134144563255,-2.45768254447965,-10.9646366093875,-5.93227142927206,-1.6410213311412
2021-07-01,8.70553696802861,7.88660441419189,3.80099019666918,-3.04519235660929,-10.1581040333899,-5.95730245475387,-1.23253273413663
2021-07-02,8.80722208119903,7.68200547944954,3.9552781290618,-3.25830437860069,-10.2596363214172,-5.39839431621263,-1.52817067347984
2021-07-05,8.33619376814998,7.63301500760298,5.58588904035394,-2.88047015647602,-13.1022405967446,-3.95083445178729,-1.62155261109896
2021-07-06,7.91464901866244,7.39945483349406,5.82516623461175,-3.26216575639888,-13.8827450232643,-2.57101961185442,-1.42333969525065
2021-07-07,9.00472363226059,8.1194448414095,5.5007712278934,-6.16161016915149,-11.7005902200496,-3.71994311349317,-1.04279619886924
2021-07-08,9.64569917516297,9.60110116280843,5.62926747716737,-7.46245880706718,-11.2026729611618,-5.26556658458702,-0.945369462322738
2021-07-12,9.84372874694373,10.3134707199306,5.44984852824961,-7.0967184967567,-12.8103388385074,-5.18952786502034,-0.510462794839505
2021-07-13,9.74369644536043,9.33724106677211,5.40267785810217,-7.63268034454753,-11.0528565595958,-5.57512321512512,-0.22295525096628
2021-07-14,9.72490204199582,9.94760808607914,4.50875952698424,-7.3544677644053,-11.2584692214537,-5.40010800513436,-0.168224664065853
2021-07-15,9.83267333803427,9.73515075262291,4.54544799723966,-7.24647094978587,-11.1867623649059,-5.7407963906767,0.0607576174715874
2021-07-16,9.3762733895293,11.258249282994,3.55251871181129,-8.08566420798756,-9.30372019130066,-7.27057707409143,0.472920089045047
2021-07-19,8.4229313353172,9.64959104582195,3.52767607355774,-7.71821055660735,-7.84656359804652,-5.59264237793045,-0.442781922112573
2021-07-20,7.96569624880904,9.39537884485081,3.47829568884233,-6.60641250197098,-8.08473514308574,-4.66062341517456,-1.48759972227088
2021-07-21,8.08710025526186,10.6840253906961,3.00084134528024,-6.72587067594467,-8.18861400972065,-5.92536546355714,-0.932116842015752
2021-07-22,8.64074026347022,11.845485036227,1.29313784205378,-8.34600829727339,-5.78819963599632,-6.68863761289371,-0.956517595587528
2021-07-23,8.59173629970839,12.0705527751052,1.88821301788795,-8.04116860323914,-6.67712093196455,-6.56342556366094,-1.26878699383688
2021-07-26,8.97799521984375,12.1584882895794,1.202795558292,-8.05875904804812,-6.66281018227696,-7.07992240353029,-0.537787433859734
2021-07-27,8.73968198753337,12.1906887717305,1.87923818290908,-9.31666956045396,-6.89714926182834,-7.22093108659637,0.625140966705693
2021-07-28,9.11922406373667,12.3853734468014,1.0373742886127,-8.74515292665912,-6.62224724158105,-6.92336391687678,-0.251207714033782
2021-07-29,8.05988162206356,12.7702248480281,-0.57600792531121,-9.92190938679727,-4.74417854748215,-5.64706283717955,0.0590522266785385
2021-07-30,9.15136703791793,12.2028339964201,-1.8927924365232,-7.70591254961867,-5.33334639168797,-7.33815540478759,0.916005748279375
2021-08-02,9.24432243925054,12.0893192442363,-2.25134231112877,-6.55268351595055,-4.8618998562267,-8.47697447630568,0.809258476124832
2021-08-03,9.41587695594837,12.2899020478782,-2.43462901623015,-7.57049378540304,-5.01158806255232,-7.68739197247463,0.998323832833513
2021-08-04,4.66528563406678,8.47291096101684,-0.220232415984306,-4.84396168558778,-7.04303422744814,-5.49302856918045,4.46206030311705
2021-08-05,6.34062360340175,10.9271753167059,-0.986903276306343,-5.66646021279929,-6.72206783341947,-5.79639476481668,1.90402716723414
2021-08-06,5.47773757078323,10.2818106426046,-1.24740673515873,-5.37440334008718,-6.26551014121992,-5.52303008777498,2.65080209085301
2021-08-09,5.41560086639268,10.164677541461,-3.80726865861844,-4.29741278873286,-7.33153690794097,-3.40006014794998,3.25600009538861
2021-08-10,3.16369396404728,9.48823310282511,-3.57839482615064,-3.80341756077107,-5.41176527239655,-2.23590608554026,2.37755667798612
2021-08-11,2.01042569053803,8.81532785233318,-4.22189590956305,-4.74813132206248,-4.94641500986033,-1.96170091727264,5.05238961588729
2021-08-12,2.06054663662579,8.87506366364669,-4.82989268840767,-4.46537120862396,-4.80858654745902,-1.80789156959207,4.97613171381028
2021-08-13,1.74480270403552,8.60759567599118,-5.07386548131386,-3.8034196474092,-4.42726354240658,-2.596463060123,5.54861335122595
2021-08-16,1.71494614047455,8.89244490917937,-5.17550980927903,-3.89869333415887,-4.21092577110078,-2.95713854040408,5.63487640528884
2021-08-17,2.08126693523924,7.61868928068041,-4.89560497055753,-8.6154579001629,-1.41479645705515,-3.64385810006794,8.86976121192389
2021-08-18,1.38743691146156,6.85852367957584,-5.65517838757558,-8.72759045434691,-0.395052288928845,-3.00103335312122,9.53289389293516
2021-08-19,0.754316975104771,6.99671547956071,-5.25256633154376,-8.6287234089395,-0.505173200682449,-2.53832377432683,9.17375426082707
2021-08-20,1.3872949543229,7.21205178633264,-4.7158141993535,-7.33183716190934,-2.23590837163336,-2.59704610404246,8.28125909628314
2021-08-23,-0.755810146949578,6.9967327352621,-3.65513173124258,-5.78197752270779,-3.3716814736495,-1.4462373833957,8.01410552268304
2021-08-24,-2.10694081117492,7.03212873124386,-3.73962422738555,-5.97504649384954,-2.52913297023478,-1.25572897916512,8.57434475056605
2021-08-25,-2.17733180861264,6.18618211849657,-2.75975340677246,-7.18044297525468,-1.81727357270167,-1.33126447885508,9.07988412369993
2021-08-26,-2.54036625786483,5.68738235988729,-2.34312842156258,-7.09081367036083,-1.96932709699605,-1.56819746867882,9.82445055557582
2021-08-27,-2.40470930112838,6.85342345562501,-1.86764111450572,-7.31002418421697,-4.21447988138476,-0.856698630091579,9.80012965570239
2021-08-30,-0.413592033171547,8.47368840059625,-1.44705297138493,-8.11765000584738,-5.36529033390157,-0.908031089432974,7.77792803314215
2021-08-31,-0.669007161946354,6.56720264508295,-2.59159647148219,-7.40518077042572,-5.05348444669616,-0.10245703443308,9.25452323990056
2021-09-01,-0.271399705434028,7.20474014418829,-2.34134850962619,-7.37551629178198,-5.73302363485014,-0.121836236257366,8.63838423376141
2021-09-02,-0.22553271587433,7.59057084956029,-2.25813168775571,-7.16119924501481,-6.62384372935476,0.204162765140559,8.47397376329874
2021-09-03,-0.179256809890305,7.45599254594377,-2.43603951480668,-6.99796540134191,-6.7754358170361,-0.47523601859568,9.40794101572689
2021-09-06,-0.000903087890002041,7.81834808624093,-2.25796267783564,-7.30953458851913,-6.78744131983784,0.0612319499809573,8.4762616378607
2021-09-08,-2.8789081743097,2.36515889728355,-1.59618770638232,0.426011286464636,-7.53902680525157,-0.779296770734959,10.0022492729304
2021-09-09,3.74090224256278,10.9310718490259,1.27226564697317,-9.16139673528001,-5.6436230096031,1.74652609879603,-2.88574609247472
2021-09-10,4.66683308449652,12.2731327211683,1.0727556921727,-11.4920362629397,-3.67231882207811,2.12811083617972,-4.9764772489994
2021-09-13,4.78395777026905,12.4896580990028,1.18997214108803,-11.473151287055,-3.93718246531454,1.99073480869516,-5.0439890666855
2021-09-14,5.50649702830103,12.4397539988696,0.877972845745589,-10.0731704236035,-4.54324538402935,0.548870099937332,-4.75667816522076
2021-09-15,5.40420885752189,12.4918835127556,0.471507364708799,-8.90053346125093,-4.35101060851062,-0.901894316988731,-4.214161348236
2021-09-16,6.80891096033159,12.4624648138564,1.23140831842126,-8.60487592830865,-5.36239584153014,-1.84441196578574,-4.69110035698476
2021-09-17,8.7868831857235,11.1963750566418,2.6836392547876,-9.00252701310183,-6.03848173363039,-3.56083796363382,-4.06505078678683
2021-09-20,6.70582942505214,7.49774665334065,5.11447685237686,-7.69818360308647,-3.16441641824561,-3.34450958827356,-5.11094332116401
2021-09-21,5.51783414590761,6.2197791672656,5.97267723228795,-8.19069022488474,-3.48736490856117,-2.96263394460597,-3.06960146740929
2021-09-22,5.4116592279162,6.81409481523977,6.13580651132542,-7.90410529950478,-3.04171519051069,-3.26924939396261,-4.14649067050333
2021-09-23,4.95726363501806,5.99686347237564,6.25225300950093,-8.40657345284084,-3.58704805567885,-2.77205661024796,-2.44070199812698
2021-09-24,4.81961633940118,5.81426200859644,6.63023161305437,-8.94758912578174,-3.22969668345701,-2.9026449681817,-2.18417918363154
2021-09-27,4.08785914743671,5.11746987373844,7.54845701081121,-7.76682513686784,-3.03879963734592,-3.81482116912193,-2.13334008865067
2021-09-28,4.86771296459433,7.27294437149509,7.17319461079506,-6.70796447006661,-4.45119105365283,-5.7175760725663,-2.43712035059875
2021-09-29,5.08402379914351,5.93132609362713,7.28120099755961,-6.48387122797055,-3.86022932318217,-5.26257204889425,-2.68987829028327
2021-09-30,4.49410143031491,5.03718273656963,8.84831828897483,-6.87908192590086,-3.8792298901459,-4.70641715778726,-2.91487348202536
2021-10-01,4.35986053529832,5.12674437749108,8.39521236892316,-6.9997724130498,-4.28560138110197,-4.23126882456319,-2.36517466299761
2021-10-04,5.88428117512045,4.44957110518298,4.03090148863944,-8.74721970554201,-2.19479873133464,-3.9822736492113,0.559538317145091
2021-10-05,5.09511790895525,5.1200731417027,4.87986869707171,-8.19325353188672,-2.6081840359985,-3.44513745185726,-0.84848472798717
2021-10-06,5.79935758350283,4.67024017023477,4.51260528129003,-8.78553264900539,-2.58252667640642,-3.17711431563267,-0.437029393983131
2021-10-07,7.47790081447606,3.76875887057747,3.91595797197287,-6.71539699864017,-2.09582438041407,-4.48773593892993,-1.86366033904224
2021-10-08,6.49722211214063,3.77318274985745,4.55772863953391,-8.66960370313022,-2.04292018234675,-1.87175806434006,-2.24385155171495
2021-10-11,5.88464807103279,3.66400275357975,5.70953844608457,-9.25143744732765,-2.75237038884288,-1.80340252331381,-1.45097891121276
2021-10-13,5.57182773835812,3.96353333269897,6.01066504534811,-9.44517649765992,-2.84522055752211,-1.15562864787687,-2.10000041334629
2021-10-14,5.75200872842532,3.93095673658792,5.97517892030987,-9.526673447145,-2.4741875097902,-1.44635472893968,-2.21092869944822
2021-10-15,5.53259145244773,4.45486250515817,6.05234372695834,-9.97238787034485,-2.77367525040726,-0.648218508502971,-2.64551605530917
2021-10-18,6.93301964277315,4.56581582523192,6.80022029834127,-9.97686538540809,-2.55803538169333,-3.34638086315645,-2.41777413608848
2021-10-19,7.8395769404304,3.38127296426163,7.26291744463775,-8.93284760909048,-2.42365812477664,-4.69203619800872,-2.43522541745396
2021-10-20,8.21552591452665,3.12720495172864,7.53596063407817,-8.45512948275022,-2.41610516609711,-5.32177007223865,-2.68568677924746
2021-10-21,7.772098100485,2.67083857608708,9.04966338663282,-8.30254389707778,-1.02681327462464,-5.82409831090909,-4.33914458059341
2021-10-22,6.78352053554652,3.87985322667161,9.91788659451901,-8.84812753270324,0.74694124150485,-7.16316559969393,-5.31690846584483
2021-10-25,7.92594605105798,3.51607168562132,9.92151030268322,-7.410920957399,-0.310671070770219,-7.01575990067272,-6.6261761105206
2021-10-26,7.69546921749775,3.25208428545028,10.5215775745178,-7.52005949350747,-1.04836195113332,-5.93960303121464,-6.96110660161037
2021-10-27,8.80081277856724,2.62945626797254,9.92372853059123,-7.32188837015382,-0.384946005867867,-6.88196782455753,-6.7651953765518
2021-10-28,9.40631014825011,2.66854766225412,9.69281677754389,-7.49885048382932,-0.0619030899464903,-7.1680800311871,-7.03884098308521
2021-10-29,9.91878207512801,2.64619286330581,10.2318010148733,-7.34315186972201,-0.546746426188506,-7.3079783275689,-7.59889932982775
2021-11-01,9.34134817590781,1.39644678029461,9.47973488463182,-7.43323969085001,0.740329349393093,-6.60980093722362,-6.91481856215371
2021-11-03,9.1088133598783,0.800545913103036,9.4928958747092,-7.37369903779248,1.10466752456878,-6.41978840622254,-6.71343522824431
2021-11-04,8.94266866809776,0.272774656156649,9.27087794351542,-7.34998781826042,1.98107542222348,-6.14820561775647,-6.96920325397642
2021-11-05,9.4808471511954,-0.348448564811697,8.98677208271139,-7.45049380060882,1.87641029138805,-6.01502808920689,-6.53005907066743
2021-11-08,9.57034658034345,-0.0290105910616703,8.88290740116964,-7.38171758786242,1.79712961459142,-6.07777912457771,-6.76187629260271
2021-11-09,8.83205249218835,1.52312137357695,8.43696745369407,-7.57537442923829,2.13633134410401,-7.70755372847271,-5.64554450585237
2021-11-10,8.37969467138056,0.79452353284104,8.90303937782733,-7.77746919308718,2.96033583580775,-8.02704574144939,-5.23307848332012
2021-11-11,8.07115669387213,0.62251064437671,9.22339069800612,-7.8103016353855,2.64721517068705,-7.67963853287797,-5.07433303867855
2021-11-12,8.19512050993596,0.830851231025768,8.28170043846819,-7.49284188369128,3.60909244101711,-8.24802413181508,-5.17589860494068
2021-11-16,8.11085221615945,0.75163539796749,8.52896893967961,-7.44996405690787,2.96890184705685,-7.67834309897938,-5.23205124497616
2021-11-17,8.35404654334072,0.982170829174301,8.80770006617121,-7.09057303615122,2.31993186111421,-8.00122243894096,-5.37205382470825
2021-11-18,7.88515086263899,0.29169002947534,8.25948450429849,-1.77606978744966,1.4877161646579,-8.99905737694429,-7.14891439667677
2021-11-19,7.79709096974272,1.55049826413357,8.31416709505085,-2.22192620499747,1.00628163209571,-9.36026646772437,-7.08584528830102
2021-11-22,7.6551963416097,1.2194433735599,8.2862314449313,-2.97877940946329,1.48129616113967,-9.2589471478686,-6.4044407639087
2021-11-23,6.81427630925062,2.24447932384214,7.8160472211244,-3.48299739302565,2.24619633823036,-9.3860324754499,-6.25196932397196
2021-11-24,6.88375678286499,2.87471231950825,8.56024415870645,-3.62308987970781,0.561629670914328,-8.20138401883258,-7.05586903345364
2021-11-25,6.98414626473681,2.78436955544602,8.09985444891475,-3.55258597856872,0.749079035801337,-8.26400809014815,-6.80085523618204
2021-11-26,5.42905432338713,2.19558492702646,5.73933990956269,-3.49155926461601,1.89838465118409,-7.44341821360835,-4.327386332936
2021-11-29,6.0600495512267,2.37403005192116,5.37935313730813,-3.72749869731919,1.12949943297944,-6.755182155525,-4.46025132059123
2021-11-30,5.33528600258735,1.61084570389735,6.13057371049754,-3.25857069221479,1.15689323797914,-7.1022158216123,-3.87281214113428
2021-12-01,4.32567444765159,0.689167201760959,6.71705900351756,-4.16455586749669,3.2313117271416,-7.00003247707171,-3.7986240355033
2021-12-02,4.70384620245734,0.797426319365989,7.00228168239928,-4.56220786803708,2.60539159194788,-6.6576930235811,-3.88904490455231
2021-12-03,1.28977981046634,-1.89543750335974,3.49324097674202,-4.89720623253447,9.95388306215591,-5.96007406783249,-1.98418604563756
2021-12-06,0.908357295024935,-2.56025720048909,3.3703044159649,-4.85187800316368,10.8356432235942,-6.32327101813619,-1.37889871279504
2021-12-07,0.729807579307803,-2.67174550249983,5.94353353816096,-5.00664227625924,9.10818818377934,-6.22575892722674,-1.8773825952623
2021-12-08,1.04285131457772,-3.57192074137055,2.65043069082086,-4.90119855700448,10.8159899131382,-4.88810417108815,-1.14804844907358
2021-12-09,1.52898988070279,-3.58520122632638,1.7717598200345,-4.57064535124653,9.94701480867822,-4.4236541132492,-0.668263818593388
2021-12-10,1.62332115464892,-3.6607852162467,1.44877054392726,-4.52765629727582,10.0301790905169,-4.62661727172657,-0.287212003844033
2021-12-13,3.07412527073877,-3.79270747053221,0.863787003753316,-3.7465413297685,14.2208017583694,-4.76692210853707,-5.85254312402371
2021-12-14,3.28624576831888,-3.09175713679382,0.611956917480995,-4.09104885664084,15.6904741198836,-4.33304906503015,-8.07282174721868
2021-12-15,2.57535851535966,-3.52274139628676,1.17610337087279,-3.51159179324161,16.2008685371817,-4.54472074945803,-8.37327648442777
2021-12-16,2.73562735009524,-3.49122898642566,1.0686380468422,-3.60638648071129,16.3454701298482,-4.57990428156292,-8.47221577808578
2021-12-17,2.33812507570616,-3.72347602774392,1.61340654469177,-3.30670519527077,15.1193148026112,-4.07085459646484,-7.9698106035296
2021-12-20,2.67047480623874,-3.74303322723821,1.93588120228306,-3.38355946640615,14.7682224610064,-5.12061461439048,-7.12737116149335
2021-12-21,3.08670949409544,-4.30323871770328,1.52874824082205,-2.5868048006357,15.0638576117481,-3.54053066129773,-9.24874116702888
2021-12-22,3.61824577001006,-5.01074970785182,1.43975342023271,-2.30420307797818,16.6367289732898,-3.22116360429291,-11.1586117734096
2021-12-23,4.64206352122027,-4.65799124085885,2.33058319808047,-1.7495861617379,19.4241743184643,-5.01395029733872,-14.9752933378296
2021-12-27,4.91536773832469,-4.05902735144612,1.67028750891463,-2.23232064933618,19.1876105575595,-4.99831586961356,-14.483601934403
2021-12-28,4.46990896142718,-4.14561560234022,1.84088528813335,-1.54619796567209,19.4557703762571,-5.77699806303908,-14.2977529947662
2021-12-29,5.32328984257907,-3.46699948095478,2.2533074516604,-1.02158866477529,18.7197672582743,-7.37696231507865,-14.430814091705
2021-12-30,6.94482007385177,-3.77846135650717,2.08315456301542,-0.799114524069537,18.8642337036223,-8.7716594874877,-14.5429729724251
2022-01-03,3.37930824218632,-2.95867717929528,1.60700280396323,-3.89010241359683,18.6943599325411,-4.87149296873925,-11.9603984170593
2022-01-04,4.14764035018654,-2.75021441711372,1.65732295926325,-3.59249369639705,18.5605630514271,-5.23023914238963,-12.7925791049765
2022-01-05,4.1004118057435,-3.26861784060549,3.05804448001851,-3.9803270341009,18.4786826140635,-5.68791592599329,-12.7002780991258
2022-01-06,4.26855517347762,-3.11947995312985,3.75883165417778,-3.42659331136382,17.7483152053397,-6.2423130765601,-12.9873156919413
2022-01-07,5.43810541727972,-3.69186498923257,3.49974404271251,-3.16629541607491,17.8230890614308,-6.28771088556519,-13.6150672305504
2022-01-10,7.15821854897885,-4.09350016156505,2.49830410176256,-3.78746268671766,18.3622531938886,-6.66245395805472,-13.4753590382926
2022-01-11,7.2970569821771,-4.61773627163824,3.94324319157621,-2.70808839401034,16.3062247222394,-6.16816967629344,-14.0525305540507
2022-01-12,7.61162551327307,-4.67642570982828,3.44026177116163,-2.26214496566597,16.425172031037,-6.62005520329317,-13.9184334366842
2022-01-13,7.68539280141398,-5.38324610975472,3.50144561247775,-2.24258954473121,16.5972856300219,-6.55165561219187,-13.6066327772358
2022-01-14,8.88389447810513,-3.81109340480191,2.96362079787183,-2.45102965801679,16.4307293729371,-6.77165135180487,-15.2444702342905
2022-01-17,9.1829611552885,-4.13202420811992,2.8814332210594,-2.89073186792213,16.4851598271363,-6.72636678012133,-14.8004313473208
2022-01-18,9.28338253518048,-4.43834631367127,3.06421044921124,-2.78438404129135,16.3002294051863,-6.48135880935803,-14.9437332252573
2022-01-19,9.22793762596373,-4.59869951518692,3.10658507648629,-2.73598675283917,16.3674821108187,-6.35311984664978,-15.0141986985928
2022-01-20,8.85821732503749,-4.39660929803709,2.98642734943512,-2.65171240713997,16.1089546536388,-6.06000233839254,-14.8452752845418
2022-01-21,8.50980822925649,-4.37893125242105,3.06994711966446,-2.61459314270314,15.8837697257851,-5.65701951468549,-14.8129811648963
2022-01-24,7.5452643616139,-3.58070346503708,4.09325517751552,-1.36428608282031,14.6299469927355,-5.96673172147572,-15.3567452625318
2022-01-25,7.26650878995386,-3.5636492230477,4.26167205113136,-1.03047090193238,13.9180649126366,-5.458149432662,-15.3939761960797
2022-01-26,6.31164275690087,-6.20951769893662,3.09932493887858,-3.10706395773855,17.3963426002469,-2.14304758959086,-15.3476810497603
2022-01-27,6.01663060300687,-6.58646769874715,3.04342677108636,-3.60845327822622,18.1174819086174,-1.67107738817288,-15.3115409175644
2022-01-28,6.53613655768558,-5.2826320472883,4.05519722827583,-3.15946256048008,15.4717897911325,-2.86712714167324,-14.7539018276523
2022-01-31,6.8771987928052,-4.88040144289639,4.12357082082946,-3.06546698047839,14.9019613975549,-3.33506803689048,-14.6217945509243
2022-02-01,6.0637936492484,-5.22902372292693,5.49863732401219,-4.37486042316328,16.1575515003368,-3.14383304271301,-14.9722652847942
2022-02-02,5.83926432998559,-5.20049653711951,5.83411931883133,-3.64826541998997,16.1555105256057,-4.55559355518994,-14.4245386621232
2022-02-03,5.49726837336934,-5.43057078801414,5.2108006523586,-2.70269453009221,16.7783529188274,-5.13860945076955,-14.2145471756795
2022-02-04,5.44419250625746,-5.33317458521783,6.1389451608757,-3.05041362052027,16.0215013441455,-5.23133661368711,-13.9897141918535
2022-02-07,5.66455947310107,-4.35407825433693,8.47019194182648,-2.78949592927988,12.655494585601,-5.74583361143226,-13.9008382054795
2022-02-08,5.72533350522945,-4.71290515046014,8.39534290415413,-2.09112802397149,12.7546798181454,-6.21204157585109,-13.8592814772462
2022-02-09,6.11503797859751,-3.33299827496815,8.87981858697915,-2.39482856457465,12.5304423140089,-8.13128967847354,-13.6661823615692
2022-02-10,6.21568729064369,-1.7112660959855,8.7012962579104,-2.3650180718377,12.0586151882488,-8.95577514435683,-13.9435394246229
2022-02-11,5.50013613128047,-1.69935501728371,7.93675948315462,-2.56373522567469,12.7177837606505,-8.63756159740754,-13.2540275347197
2022-02-14,6.37709538794065,-1.31413228683876,8.47772571194593,-2.54135474806378,12.7590960303835,-9.64129513970235,-14.1171349556652
2022-02-15,5.56576596210126,-3.25253511777269,7.0186130081652,-1.8770255220189,13.880687893046,-8.37438047755517,-12.9611257459657
2022-02-16,6.79528249179661,-1.69751902999332,5.93571390816228,-1.58623395107338,12.7641394741405,-8.98546916156353,-13.2259137314692
2022-02-17,7.4077904238186,-1.22981563403041,6.26690986162542,-1.74580064098287,11.2334922304715,-9.28053473057184,-12.6520415103304
2022-02-18,6.99910280798633,-1.06912232016644,7.83342848072995,-1.52814759948827,10.3520060780513,-9.43923121642349,-13.1480362306894
2022-02-21,6.44258888477897,-0.240126766486426,8.45299125688687,-1.36400775281346,9.41324644753529,-8.65531258381787,-14.0493794860834
2022-02-22,6.38071814055456,0.2483631214076,8.44753458492502,-1.00259715472342,7.66287533872615,-8.29389489183279,-13.4429991390571
2022-02-23,6.25819583435261,-0.839554635041409,7.63365679977857,-1.35647646007379,9.28539307508336,-6.90116097098812,-14.0800536431112
2022-02-24,5.91066993258083,-2.85894384943305,5.38862965973384,-0.710582759276967,11.4255951606025,-5.22508552923205,-13.9302826149751
2022-02-25,8.43205859316848,-1.70139403557702,6.68215257371958,0.628927332272063,7.56165974776997,-8.42354487104478,-13.1798593403083
2022-03-02,8.69696191378147,-2.07244539055529,5.95777723748186,0.77816483480435,7.19488590017556,-8.22422725020285,-12.3311172454851
2022-03-03,7.37001508445965,-1.81455796532475,6.00544901299409,0.571239835165962,8.43783917089132,-8.41443221154329,-12.155552926643
2022-03-04,8.51716470229866,-2.15721769316296,5.65370041392642,0.0189771304780209,8.12880784768309,-8.45033269482079,-11.7110997064024
2022-03-07,8.78924204674901,-2.45177621828612,5.20269815916804,-0.167867874274037,8.06449871126171,-8.07649561073922,-11.3602992138794
2022-03-08,9.23923445812935,-2.12836064641695,4.97669775797021,0.257804406793177,7.50006341817335,-9.13626684657471,-10.7091725480744
2022-03-09,9.07257624041465,-1.28217848375478,4.40577302186333,0.469944973941992,7.55510180658408,-8.9651962869108,-11.2560212721385
2022-03-10,8.99434146028257,-1.26803696109991,4.27201027881583,0.557327866113873,7.46165808075344,-9.22504121777578,-10.79225950709
2022-03-11,8.83923552010897,-1.19839934349389,4.06610807404644,0.424612874253384,7.95850398172031,-9.24666405304561,-10.8433970535896
2022-03-14,8.11504173962454,-1.03951609533823,4.86838593190098,-0.00306803431558222,8.00510648879317,-9.47763614354162,-10.4683138871233
2022-03-15,8.183255508796,-0.796436383706713,4.75658150761589,-0.28511269146464,7.53643096651482,-9.56225848097155,-9.83246042678382
2022-03-16,8.76170867997246,-0.599967226296812,4.28979882305071,-0.358985840691147,7.15814773886466,-9.63889162669839,-9.61181054820148
2022-03-17,8.29823388808371,-1.2082214818987,4.27880447700719,-0.693721707895882,7.51519411505158,-8.66080247482896,-9.52948681551896
2022-03-18,8.43623189729055,-0.988493348761345,4.3520565627117,-2.00680449568384,7.55029531021727,-7.58319548393037,-9.76009044184397
2022-03-21,8.21615517693575,-1.91710476874695,4.2697603803923,-2.59084615694118,8.79972990895334,-7.46897707612378,-9.30871746446947
2022-03-22,8.63821364597234,-1.34160710878739,4.31319082440197,-2.12153475373774,7.700135473724,-8.29244778139205,-8.89595030018112
2022-03-23,8.59091612088427,-1.43042260310157,3.85003059478177,-2.16723804803555,8.50917713617872,-8.37437180133529,-8.97809139937235
2022-03-24,10.4451510176251,-0.999662822819474,4.97860560554104,-2.61658606742516,6.28743646581204,-9.150598671564,-8.9443455271695
2022-03-25,11.0073176512946,-0.96832383801673,4.85144087550375,-2.85422509874045,5.51082780256285,-8.54464652309407,-9.00239086950992
2022-03-28,11.421135755415,-0.90603525025837,5.19978968053118,-2.59822746063709,4.70509893367817,-8.79060541875015,-9.03115623997869
2022-03-29,11.5421333142156,-0.513231842189953,5.77774115701506,-2.52742927722598,3.72250013304918,-8.85181101125755,-9.14990247360637
2022-03-30,11.5047405459738,0.054926264706765,5.19795330477141,-2.90183039065817,3.77874791017443,-8.3820707640436,-9.25246687092462
2022-03-31,10.7666277626988,-0.1319389172683,4.99320811361151,-3.65588662638243,6.2742825148634,-8.93497948971436,-9.3113133578086
2022-04-01,11.9881709883939,0.266152952971645,5.81104093654662,-4.06744541928903,3.27584157420329,-7.66806887968726,-9.60569215313921
2022-04-04,13.1313696566306,0.433099936876161,5.69356386550012,-4.37068452101443,1.98725844739482,-7.34178238326811,-9.53282500211919
2022-04-05,13.1436132229763,0.539302452421104,4.91450388219863,-3.83096180571901,4.1980650933797,-8.60405572333547,-10.3604671219213
2022-04-06,13.334019738551,0.197877546625264,5.23208092504992,-3.62518317054712,3.35521628216684,-7.79447167033037,-10.6995396515155
2022-04-07,12.921305393696,0.258954199537932,5.13095346119614,-3.73346748223742,3.75650020299446,-7.53559793158316,-10.7986478436039
2022-04-08,13.3937004521934,-0.0286123388403539,4.9096758687384,-5.39454518444813,5.34575533062286,-8.82023312824824,-9.40574100001791
2022-04-11,12.9054339984155,-0.0829848271666123,5.02353496311753,-5.49609182455399,5.31057609822384,-8.61639916580369,-9.04406924223252
2022-04-12,13.3803733447551,-0.160814822774199,4.89791392938786,-5.48156251646596,4.75979729656446,-8.36714149165357,-9.0285657398137
2022-04-13,13.8465073091335,0.353390265722716,4.29878001657472,-5.19170565962703,3.66894984511377,-8.35208525523858,-8.62383652167913
2022-04-14,13.326763265625,0.436987185560916,4.60400398309744,-5.31640703209231,4.60291377853333,-8.57827840284411,-9.0759827778803
2022-04-18,13.1815884541431,0.770403832080987,4.0390001184561,-5.61776867767277,5.17574543038755,-8.80313781377487,-8.74583134362011
2022-04-19,13.2763206677561,1.56293889425561,3.68975508078934,-5.19829424437651,6.5903542848664,-10.8035804514697,-9.11749423182132
2022-04-20,14.0239612414168,0.265832005365283,2.34547731346479,-5.12781466622694,7.11749666390445,-10.3176109008383,-8.30734165708609
2022-04-22,13.4764712252503,0.492403236877863,2.12994032636944,-3.10998087476099,6.02338178696417,-9.81833774545997,-9.19387795524079
2022-04-25,13.1661898576103,0.2373046388484,1.89305802004877,-2.23715623846434,5.73660263223045,-9.64095339293709,-9.15504551733653
2022-04-26,14.1872719851796,0.0172747399786317,2.07961544293932,-1.98951325893871,5.40067801380079,-9.62756156680778,-10.0677653561519
2022-04-27,14.1055617117121,-0.116296058849002,2.22070194866055,-2.10677284404442,5.74449984006316,-9.78996281483889,-10.0577317827035
2022-04-28,13.7980066441943,-0.329284183981251,2.25171463004675,-3.1750402393467,7.20172625161464,-9.91109276385389,-9.83603033867389
2022-04-29,14.1996245637337,0.231939275592943,3.03844929028989,-2.24018880911586,5.43039957125025,-9.53302756852913,-11.1271963232218
2022-05-02,15.0427077944506,0.979862727646207,4.78703240836054,-1.11409971690123,1.8401961828594,-9.91333157120759,-11.622367825208
2022-05-03,14.3129933038277,1.08771385585025,3.379175930946,-1.0977883929362,3.04158355338914,-9.6054429262291,-11.1182353248478
2022-05-04,14.3661687581227,0.613332657175178,4.62930885490603,-3.6124912082098,3.56302314832107,-9.07849010192918,-10.480852108386
2022-05-05,14.6237791486968,0.0626555813167045,5.55137620449897,-4.54314190309457,3.67324223722226,-8.75205177700247,-10.6158594916377
2022-05-06,14.8156048215241,-0.195077281386716,6.44567138646535,-4.96500813383688,2.583667775567,-8.06332568156095,-10.6215328867719
2022-05-09,14.8824690928363,0.0879271607974559,6.80535990244968,-5.20758708337303,2.25068617088733,-8.05308845091571,-10.7657667926821
2022-05-10,14.870926013725,0.415656659007112,7.07432535117267,-4.34485805904283,0.146141779039688,-7.41835885475501,-10.7438328891466
2022-05-11,14.8143213620581,0.703816340028659,6.78711144534404,-4.16285821323389,-0.449822581096264,-7.14005050548709,-10.5525178476135
2022-05-12,15.1182712040176,0.592555098854099,6.42512170801464,-3.52834789328629,-0.674179684185212,-7.3373553959407,-10.5960650374742
2022-05-13,15.3967193871934,0.892242436489816,6.34308876544162,-3.20920875416471,-0.777405023692957,-7.95208321872462,-10.6933535925425
2022-05-16,14.4875338199031,0.626554935349368,7.02056606856845,-3.36556731297032,-0.799804452198927,-7.97595043351825,-9.99333262513338
2022-05-17,14.3257984290716,0.330044422293099,6.77425759691631,-3.20431891983491,-1.06692921886579,-7.58837168065631,-9.57048062892399
2022-05-18,14.5781719904911,0.621514451305408,6.62456443586049,-3.0170588582184,-1.09469240728882,-7.97114967332728,-9.74134993882249
2022-05-19,16.8846418389055,3.2686028660157,6.4633020799107,-2.63187618568818,-1.15565095578253,-10.4740888607036,-12.3549307826577
2022-05-20,17.0520847376018,3.51656114492633,6.80340496525356,-2.68411533862881,-0.918017104223047,-10.0769479949208,-13.692970410009
2022-05-23,17.4671441265684,3.74946374626908,7.53974957016878,-2.65902353399487,-1.44358184508047,-10.9525081956115,-13.7012438683194
2022-05-24,17.9245028890485,3.51295994395567,7.96629173992203,-3.57512136438016,-1.06500485040784,-11.3023005025454,-13.4613278555928
2022-05-25,18.8027380114541,3.822476511192,8.67639791254507,-4.36691034251119,-0.254144058826107,-12.5819244994799,-14.0986335343739
2022-05-26,20.391816107132,4.31423711452413,7.9484678865695,-4.78676257099641,-0.0491149543800518,-13.1081401829083,-14.7105033999409
2022-05-27,21.1900908592125,4.42150155071007,7.41198287288915,-4.3148684712051,-0.171790920748784,-13.2528781057709,-15.2840377850869
2022-05-30,20.8613762526901,4.69295817238291,7.6860438146389,-4.26444540203102,0.533069364222321,-13.5392362731987,-15.9697659287045
2022-05-31,21.4816531145697,5.32910992732736,4.9570217664152,-4.62730239444961,0.593342840552531,-13.0323990263155,-14.7014262280997
2022-06-01,21.8041057127038,7.4010193390997,2.23521022219321,-3.96840300690993,1.24255123644902,-16.411735059277,-12.3027484442588
2022-06-02,21.991338720959,8.34137764909985,1.60439050667159,-3.11455900455293,1.21638665697812,-16.6398305702592,-13.3991039588964
2022-06-03,22.8387970635978,8.1934608616295,1.0200599507863,-3.35535832861685,1.18794344914879,-16.0072092628472,-13.8776937336983
2022-06-06,25.5186539438898,7.95876329438213,0.751139199137512,-4.49831332707306,1.4311123815995,-16.7883033485776,-14.3730521433583
2022-06-07,28.6231004269434,7.8011668894403,-0.494316212123699,-5.98397056607703,2.57406344937726,-17.9197408573629,-14.6003031301973
2022-06-08,28.9332427750076,7.23598902495227,-0.869980535767461,-5.73678751171911,1.65112484729095,-17.1398314750137,-14.0737571247506
2022-06-09,28.261206264769,7.32766951608239,-0.180356888273259,-6.07699748626892,1.85613962558828,-17.1022170408942,-14.0854439910033
2022-06-10,28.6556702659552,7.70800229081733,-0.197246594498509,-6.00294791773673,1.79227421335445,-17.6150645216132,-14.3406877362785
2022-06-13,28.7336809478988,7.25638664657833,0.498468090122294,-5.942971247201,2.55439522850631,-18.4666991596166,-14.6332605062881
2022-06-14,28.149559557911,6.92590265495397,-0.012887206067461,-5.77431807993537,1.56755042100939,-17.3645491317332,-13.4912582161383
2022-06-15,28.2745925007705,7.52004097259308,0.140945849510345,-6.41815681664848,2.9936218984838,-18.1213781507549,-14.3896662539543
2022-06-17,28.4873257396528,7.59699226317032,0.639550729663064,-6.03740753946548,1.79365720285312,-18.0444058032241,-14.4357125926497
2022-06-20,27.7219335823457,7.65679847964573,0.475020948305392,-5.93538569538198,2.26627250439955,-17.8208011193774,-14.363838699937
2022-06-21,27.5760786766088,7.6094180336035,-0.0617862279495611,-6.31950752693609,3.35796345895321,-17.4277082605887,-14.7344581536912
2022-06-22,27.4925125838534,6.96510416292356,-0.141769604176439,-5.81379555756125,2.75341262461044,-17.2801778450373,-13.9752863646124
2022-06-23,28.6348022882577,9.91209567937403,-1.2661259646115,-6.91049704056558,1.61259534274399,-17.5684429990394,-14.4144273061593
2022-06-24,25.2644489501294,4.67373209760117,-4.97109710315508,1.00587561069014,1.16195645559873,-18.8412173633532,-8.29369864751121
2022-06-27,25.3397415048541,6.47920634453998,-5.49081203559265,1.74108454111341,1.10938040957933,-19.8061170253274,-9.37248373916674
2022-06-28,25.2688298420599,6.3987869693518,-5.05913055695516,1.40757758479516,0.361106868117723,-19.0043448378819,-9.37282586948754
2022-06-29,25.764770794423,6.90012717047243,-4.45623323860831,0.948069168853891,-0.803981535232566,-18.1105424086677,-10.2422099512408
2022-06-30,26.624241554883,7.08080955956847,-4.84581275449798,-0.28497804591521,-1.04256436522663,-17.4882339365522,-10.0434620122595
2022-07-01,26.0006058829703,7.05173994213136,-5.20929226194332,-1.13443018264421,0.0228478861570736,-17.1269592664945,-9.60451200017668
2022-07-04,21.8180245966542,8.53902328045483,-5.31376659607928,0.639605766331023,-2.022871833157,-14.9739886540411,-8.68602656016263
2022-07-05,24.7681659704071,13.4626626622966,-7.74344729095368,-0.09638925252127,-0.821314406990936,-19.5626213392888,-10.0070563429489
2022-07-06,24.7861793571237,13.8940139276619,-7.55473969375981,-0.152196171372943,-1.34175379781725,-20.1573214726492,-9.47418214918642
2022-07-07,25.1009914339008,13.7835321460593,-7.95234024192381,-0.257084344899113,-0.267460908727983,-19.6718388310697,-10.7357992533395
2022-07-08,24.9369572247488,13.4358069401723,-8.147525157296,-0.502603955268121,-0.437864998738071,-19.4063107777265,-9.87845927589233
2022-07-11,25.1904068834125,13.6750422069341,-8.83769697118993,-0.0113085065012584,-1.63015324322363,-20.041865561985,-8.34442480744674
2022-07-12,24.9623613480456,12.886453106001,-8.8249552988437,-0.964446702589981,-0.293827884446337,-19.4749332419888,-8.29065132617782
2022-07-13,24.3661004215148,10.74170808828,-9.55412817617329,-1.2966199747738,1.43569115709553,-17.2064624169713,-8.48628909897202
2022-07-14,25.2692309015008,13.3368956319989,-9.49987995172574,-0.311682448192158,-0.601360982364113,-17.7537784897527,-10.439424661465
2022-07-15,26.5311205019619,14.6264942344174,-9.64741822127121,-0.583509720520588,-1.0236539011449,-18.1136362901002,-11.7893966033424
2022-07-18,25.4779346042132,13.8938460736081,-10.0184928362919,0.330302737031076,-0.779997288278487,-17.7763856738477,-11.1272076164343
2022-07-19,24.7947501929743,14.147647243432,-9.29879501571926,1.92681698713034,-2.12216583579226,-17.8750519926838,-11.5732015793412
2022-07-20,25.7306400155063,12.6532448307138,-8.94643088845828,1.67104285794719,-1.52909614951369,-18.4809070062862,-11.0984936599091
2022-07-21,24.3964650318751,12.7851721570828,-8.75904407623267,2.03613226381772,-1.28546885374405,-18.3478578771871,-10.8253986456118
2022-07-22,27.8381752674579,14.5651085634041,-7.83902605037522,0.347423214156052,-3.80762661689328,-17.383424286416,-13.7206300913336
2022-07-25,22.2134606541939,13.0425029810678,-7.27857198466972,1.87959521079055,-0.26596046652417,-19.2404260787755,-10.3506003160828
2022-07-26,25.3239892786311,14.1138724777948,-8.81823228377601,-1.11069372620388,-1.10112728922346,-16.8057220606969,-11.6020863965256
2022-07-27,23.2955988265296,13.6588438767963,-7.64172954672057,0.509750265541065,-1.18540627945459,-16.9822594254876,-11.6547977172041
2022-07-28,24.0388222404441,13.8712904760987,-8.52928753449095,0.411584253956946,-1.48277840820889,-17.2764170404033,-11.0332139873966
2022-07-29,24.8098361422426,12.9070854023288,-8.1213410846206,-0.172982866217737,-1.14110257918941,-17.282569727674,-10.9989252868697
2022-08-01,23.7007305212092,12.5103330213963,-8.10324307769069,-1.94555344864585,0.572406021607968,-16.0982212959302,-10.6364517419466
2022-08-02,23.6975564805351,12.6194460837749,-8.24391175790118,-1.70023581228377,0.406825650964635,-15.9709332137675,-10.8087474313221
2022-08-03,23.3795473575148,12.3500066300653,-8.19929197567963,-1.82822156399688,0.30698303800142,-15.257627103442,-10.751396382463
2022-08-04,22.2856703403572,11.9882585466282,-9.27868032154533,-1.99306431704787,-0.267945562347045,-14.8539320467934,-7.88030663925168
2022-08-05,20.6866733729469,10.7302915348461,-10.7684890433293,-1.87370026647702,-1.04484345264906,-12.3399209284802,-5.39001121685736
2022-08-08,22.7498597131153,12.5448732321172,-12.4575689692043,-1.90959016856309,-1.7756257687065,-13.2665636292577,-5.88538440950096
2022-08-09,24.5777455355727,12.6586936915709,-13.4293336072059,-2.80572920276123,-0.324109657111265,-14.3163507450809,-6.36091601498442
2022-08-10,22.8995847420883,13.6653166234068,-13.4302677496964,-2.6542151800818,-1.43757482412413,-13.1355273833898,-5.9073162282029
2022-08-11,21.2486013844761,17.5860478144412,-15.9089012382264,-1.76325420668332,-2.37786318886066,-11.432178196002,-7.35245236914494
2022-08-12,21.5521829207637,18.9892310240666,-18.0968531396484,-1.7597566559195,-2.70771199787513,-10.7778003546389,-7.19929179674837
2022-08-15,21.0454569740291,19.0499237745942,-16.8766631823587,-2.54795842202831,-2.84227477252607,-10.5862910596962,-7.24219331201412
2022-08-16,18.5761513919249,20.9268076388504,-16.7696457187591,-2.9312495029159,-1.97103416292905,-10.5328093905465,-7.29822025562478
2022-08-17,18.7084527726181,20.9354281669321,-17.5548647917832,-2.81733053405171,-1.94807294034507,-10.5972824143524,-6.72633025901788
2022-08-18,15.8772433738173,21.1838785840402,-17.5422697463747,-2.98554378475654,0.676166391349668,-10.5183393447274,-6.69113547334844
2022-08-19,15.1180288631445,19.1774702566596,-16.1101511045731,-3.98636234686578,0.994293438348727,-9.95274638243538,-5.24053272427865
2022-08-22,15.1152552114029,17.9627167971953,-14.3394156943473,-4.45417207223708,1.68531979840019,-10.0640242383167,-5.90567980209738
2022-08-23,16.0322566369441,17.0231554785703,-16.754473454004,-3.79588352684578,5.63462992627494,-10.9633969608472,-7.17628810009233
2022-08-24,15.9477928501641,17.4330713106444,-17.765442359644,-3.9308800339187,6.90932199951278,-11.8255868704286,-6.76827689632998
2022-08-25,16.2364929999726,18.9366746163622,-18.2413423686396,-3.44756258673075,7.20180928847227,-13.1607348888351,-7.52533706060169
2022-08-26,16.5498629652151,19.6133397300635,-18.1133906559731,-3.511814809668,6.51429280405861,-13.6956542679535,-7.35663576574256
2022-08-29,15.0070901718135,19.9552769784824,-16.7815208159602,-3.889759440344,5.65882128731892,-13.0388689909616,-6.911039190349
2022-08-30,15.2622532557174,19.2353565101749,-17.1948541445956,-3.23864761694647,6.30907613150787,-13.0248681493514,-7.34831598650655
2022-08-31,11.7816441907185,20.2564844028558,-17.807372265248,-3.2984086524775,7.91539232611451,-11.9285383793468,-6.91920162261648
2022-09-01,9.08705017554989,21.0044783981263,-17.6234108445208,-3.04270611101705,6.24228965483154,-10.4269065037716,-5.24079476919822
2022-09-02,10.3672383974543,20.0838434659882,-17.4605789430467,-3.02439432920283,7.14978096433155,-10.9861466824373,-6.12974287308725
2022-09-05,10.6237329590697,17.5808336705341,-17.4491825667506,-2.26653741379698,11.1690422661679,-14.0342581579361,-5.62363075728801
2022-09-06,10.5398256380264,17.6963043478427,-15.9394586796849,-3.9860447021265,9.25722521347512,-11.9732550633699,-5.59459675416299
2022-09-08,11.1859982499919,16.9026049378256,-15.8225267687911,-3.60823797930976,8.95772113915888,-10.9205504200826,-6.69500915879293
2022-09-09,10.8497950336725,17.3315101617127,-16.3408765118007,-3.4639884095159,9.74619013096601,-12.0309022111976,-6.09172819383701
2022-09-12,11.4702907892264,17.5044536929667,-15.0635383145432,-3.21302683509552,7.05663287153444,-11.1595741306906,-6.59523807339821
2022-09-13,11.4383584753395,17.5391594555638,-14.6493877545178,-3.79253181560511,6.46238255865225,-10.8454468881556,-6.15253403127704
2022-09-14,11.6523709137927,17.7200261766805,-14.7310965547772,-3.56735572510377,6.3379092926046,-11.1741296238791,-6.23772447931768
2022-09-15,11.7591978128788,16.6221648953005,-14.5282831703186,-2.92968606107649,6.82584764853182,-11.2356643212185,-6.51357680409753
2022-09-16,11.9114357931555,16.9538790832553,-13.3095658928346,-4.06231671606382,5.338432105207,-10.5440941970275,-6.28777017569186
2022-09-19,11.6695013602496,17.1280357830319,-12.6704452698229,-4.31066303059719,5.11109406929356,-10.3934985628559,-6.53402434929912
2022-09-20,12.7028296659007,17.7684039757915,-13.067886163338,-4.47260801586927,4.72683872477146,-10.664108355286,-6.9934698319705
2022-09-21,12.6924302495389,18.323773081976,-13.2544330728783,-4.52076503087949,4.80154229421935,-10.7114154518414,-7.33113207013512
2022-09-22,11.2083921626803,17.7203606663276,-12.7889341614961,-3.44057485040347,5.69537318088576,-11.2121526618591,-7.18246433613495
2022-09-23,10.6332111330885,17.8953876194361,-12.5281447473594,-3.69662764413539,5.96749055297779,-11.2587337110919,-7.01258320291577
2022-09-26,11.3942459965521,17.1371161248561,-12.0381431495117,-4.28768271291947,4.77286878394191,-11.1757842635865,-5.80262077933245
2022-09-27,11.4752948773234,16.6918146158952,-10.4711014799458,-4.63752330311878,4.7288239952417,-12.0847541721331,-5.70255453326263
2022-09-28,11.4788581868301,16.4304331961389,-10.4799670636148,-5.00561729126328,4.62368613851167,-11.8594622776175,-5.18793088898508
2022-09-29,11.0580728057658,16.2524289494482,-10.0387393191818,-4.84179666781526,4.1719089529038,-11.6857367875089,-4.91613793361182
2022-09-30,11.5986548041199,15.5974363195773,-10.0788262378224,-4.57960049678089,3.97975564630794,-11.4859893310544,-5.03143070434747
2022-10-03,9.92613325856243,17.2263406696597,-8.66160090618274,-4.99436681739581,4.19293412583848,-13.6897396715803,-3.99970065890179
2022-10-04,8.39653507798509,18.4366487959993,-8.09509900947361,-5.00289624149779,3.03460736604805,-13.742979714407,-3.02681627465403
2022-10-05,8.028687788253,18.0062849613602,-6.92899376496671,-5.22625260031898,3.0688210295776,-14.3094188507406,-2.63912856316452
2022-10-06,8.78062441884472,15.8374859338981,-6.53477749473425,-4.96937848347969,2.1438201495292,-12.5014522726084,-2.75632225144977
2022-10-07,8.98184919386669,15.8939340554874,-6.6244762172234,-5.360787689229,1.2797679571959,-11.7944292027875,-2.37585809731006
2022-10-10,8.34908492520431,15.4463024489348,-4.54286252011943,-5.86414121438613,1.68956008114559,-12.6390173440768,-2.43892637670231
2022-10-11,7.46258536333933,13.8571110718732,-3.39493666683448,-6.49842521887221,3.04007912453492,-13.1855914207861,-1.2808222532547
2022-10-13,11.3114258406151,12.9067911802124,-4.57668405520856,-4.83455572912046,3.05350038011481,-12.7666257426572,-5.09385187395605
2022-10-14,10.9282668476764,12.9561804554212,-5.36317182950489,-4.9577866283757,3.94030654534567,-13.3679728969148,-4.13582249364787
2022-10-17,9.85988882033947,13.1987775623956,-4.91780661346479,-5.26504433352054,4.59893531654233,-13.6293508882804,-3.8453998640116
2022-10-18,9.73736980812539,13.3019446572543,-5.17994368583622,-5.3607394853426,4.82231607705601,-13.519055098009,-3.80189227324785
2022-10-19,8.5215581324338,14.5187980253022,-5.70752044770569,-5.75554577664673,6.09792189489006,-13.6563261920459,-4.01888563622775
2022-10-20,8.4688921734889,14.0742252882307,-5.74784064097411,-5.19849646067115,5.87021787692728,-13.4732646717808,-3.99373356522075
2022-10-21,7.63790899393495,14.733488876627,-5.46457467155298,-6.46831639834491,6.313086181304,-13.4150897383623,-3.33650324360567
2022-10-24,9.19508893395685,15.0174568731837,-5.96481680436311,-5.54410206618378,4.53866613866247,-13.5195404632808,-3.72275261197529
2022-10-25,7.61869489143909,12.8690195325697,-6.4469596260504,-5.9890274421171,3.76681413008722,-14.2326165824597,2.41407509653119
2022-10-26,7.38188208051555,16.4439500761615,-8.50205595191229,-0.64148974828818,5.73254370686351,-14.1937776910241,-6.22105247231606
2022-10-27,7.01701012596672,16.7536404501701,-8.40018555750665,-0.139225975123544,5.11473768716749,-14.0374227743508,-6.30855395632338
2022-10-28,8.58670337173717,17.4273628097776,-7.71003043849286,-3.38214017161454,5.61701177835257,-14.0993143622205,-6.43959298753944
2022-10-31,9.31829797702805,17.0350182077231,-8.25223355731881,-0.875870683276048,3.49501807127395,-13.5822974696368,-7.13793254579344
2022-11-01,9.68152726094485,18.1855942121258,-8.15161369915245,0.567331563264418,2.78711783692141,-14.6794576767469,-8.39049949735718
2022-11-03,10.9921410794487,20.043376813273,-9.7698471204875,0.381289135358195,2.28560128817072,-15.3205619794281,-8.611999216335
2022-11-04,10.5534753517326,20.8457108566478,-9.46403094992799,0.253471649360435,1.98768055533241,-15.2375379264758,-8.93876953666952
2022-11-07,10.8028342001777,21.064226012572,-9.13050980491391,0.199758896524735,1.8078048159116,-15.2838743739194,-9.46023974635279
2022-11-08,10.7984930357317,21.2087487904388,-9.02770313809354,-0.284773273321861,1.75904458787706,-14.9641822769491,-9.48962772568306
2022-11-09,12.672904024908,22.2307984371163,-9.28565176659905,0.671889597703917,-1.00775020529272,-15.1280255931238,-10.1541644947126
2022-11-10,13.392964666143,25.0828234556529,-10.7981236035847,2.3564928246314,-2.61526677495871,-16.0784195760324,-11.3404709918515
2022-11-11,13.3707073213779,25.6452511461467,-10.4192377707255,1.95737782531288,-2.74180790716524,-16.9176121152795,-10.8946784996673
2022-11-14,12.993662635191,25.2744791661438,-10.9887120154221,2.93557710731866,-2.55921087022833,-16.7639387917041,-10.891857231299
2022-11-16,12.9945837363585,25.8198580317212,-11.0276701101153,2.28797532320223,-2.59771273882333,-17.1769080114926,-10.3001262308507
2022-11-17,12.8467487499972,27.3746208611047,-10.7147069315125,1.49941852478691,-4.07264331010258,-16.115685140912,-10.8177527533617
2022-11-18,12.465696212109,27.4620281378552,-10.9504639597338,1.81366409680747,-3.35992568099372,-15.8215644243203,-11.6094343817238
2022-11-21,11.5973538533656,27.8880161859264,-12.4055470610881,1.28947801586014,-1.12046490259409,-15.3224250647797,-11.9264110266902
2022-11-22,11.5354272313058,27.6302113768173,-12.1536293242769,2.0368196659627,-2.01317499845434,-14.84487261375,-12.1907813376045
2022-11-23,10.7872900845549,26.020983077209,-12.0751041320641,4.79265995275281,-3.54533157597566,-13.3691022275606,-12.6113951789165
2022-11-24,10.8704877538199,24.4364145332154,-11.642983651816,4.63876693082874,-3.47516274012387,-12.590341642826,-12.2371811830981
2022-11-25,12.0049220569914,23.5051133079664,-11.9156360168756,4.52289148066593,-3.97022742616969,-12.2156565534388,-11.9314068491397
2022-11-28,12.2798797826335,24.4814452657771,-13.1653394443574,4.9542844858419,-4.46449620542246,-12.4328105031099,-11.6529633813628
2022-11-29,12.4009563139611,23.9187138314183,-10.9450785979356,4.74588014095183,-4.92516068434508,-13.4333152406093,-11.7619957634413
2022-11-30,13.3691291249902,23.7149792716976,-10.6321602644547,4.87530108391495,-4.61904960457371,-14.4895851090312,-12.2186145025432
2022-12-01,12.5611280199902,22.422685397175,-10.4663253615672,4.84028207702426,-3.16038655221419,-14.1244429339059,-12.0729406465023
2022-12-02,12.8358177386779,22.5444421394116,-10.8052074452761,4.49200685694147,-3.49522228079011,-13.3137582869394,-12.2580787220253
2022-12-05,13.5007482834103,21.8489048769809,-10.8518465235295,3.5024411532217,-3.69897769810262,-12.3990482439171,-11.9022218480637
2022-12-06,13.2325759035021,21.6147785861092,-10.6302828239671,3.76922187814598,-3.56123265627087,-12.79841348683,-11.6266474006893
2022-12-07,11.0641892911758,22.4491511380228,-9.47361365778819,4.41758392730306,-3.84647730861931,-12.997730248854,-11.6131031412402
2022-12-08,10.1062649407641,23.3044294730015,-7.62981585953921,2.83576543701379,-4.48298227560863,-13.43687113714,-10.6967905784915
2022-12-09,8.32583935033517,24.8845590531624,-10.2381254699588,3.90474218895342,-1.66248859780614,-13.5306416587901,-11.6838848658959
2022-12-12,9.83834678205952,23.019358261774,-9.65071517716645,1.02385869094547,-0.140756294816697,-12.5501555261589,-11.5399367366369
2022-12-13,10.8120214661662,22.8972130677287,-9.81163157859007,0.659871241117898,-0.388245385118246,-12.5966388742003,-11.5725899371042
2022-12-14,10.5574305483006,23.469732471471,-9.07916315148474,-1.02157373297327,0.36501413314582,-12.2578965191629,-12.0335437492966
2022-12-15,10.7279475001038,24.3383636888198,-9.0479417414506,-3.05319139916926,1.75697762799877,-12.8807966518243,-11.8413590244783
2022-12-16,8.93225549379312,21.8662521412637,-8.91785901251227,0.551292348755268,3.32460969399169,-13.5376553952559,-12.2188952700356
2022-12-19,8.9075234216413,20.9899088004974,-7.87631441218909,-0.0242014232256977,3.08793138951079,-13.2134484258206,-11.8713993504141
2022-12-20,10.9410794842949,22.0902787434925,-6.87735894822065,-1.35427509668133,-0.0466018452959247,-12.7676253710989,-11.9854969664906
2022-12-21,10.7905729493172,20.9329683224918,-6.45589016610073,-1.1187478869567,0.256447621168533,-12.4591946846222,-11.9461561552979
2022-12-22,10.5895758950651,20.5254090622247,-6.13150887302206,-0.466459417274066,-0.280440361981249,-12.6238734532867,-11.6127028517257
2022-12-23,10.5168578542027,20.4065049353343,-5.83720957809563,-0.440847689843956,-0.189201491261329,-12.584155980153,-11.871948050183
2022-12-26,10.340168446839,20.5654828304046,-6.03452500125317,0.0803028367620939,0.19090418609877,-12.8702062541127,-12.2721270447386
2022-12-27,10.4992766813885,20.2849032928573,-6.2028035076759,-0.0282143251381726,0.307186386882321,-12.6068460005281,-12.2535025277859
2022-12-28,10.3496349729464,20.3913331402586,-5.70818447729238,0.0368896657747513,0.0803416816304079,-12.9514582238519,-12.1985567594658
2022-12-29,10.0568731751692,19.9132951464651,-7.40534738837984,-0.193467590707883,0.825139402360584,-11.5827087739171,-11.61378397099
2023-01-02,9.60566015806322,19.9855942335466,-7.28573450743202,-0.5084430271855,0.943635043754782,-11.2989681906142,-11.4417437101329
2023-01-03,9.49368285936067,19.7536195898896,-7.21614345565383,-0.0688493710079925,0.0460950699495299,-10.5152086241888,-11.4931960683491
2023-01-04,9.73761166027357,19.3577429317238,-7.92791490576956,0.168048175889318,1.94801148100569,-11.9973665263778,-11.286132816745
2023-01-05,9.55585570909982,18.9958776084084,-8.09192806429586,0.070957305440281,2.37083708159846,-11.8478195885004,-11.0537800517507
2023-01-06,10.1130308772968,17.8529079110615,-7.36694756224606,0.290672773673485,2.16645914006773,-11.6553753919261,-11.4007477479273
2023-01-09,9.85615043118085,18.7282228961721,-7.80450742795052,-0.280095377179585,2.16873279596409,-11.3786187525744,-11.2898845656126
2023-01-10,9.88040244383069,19.8707675078263,-8.6769286106021,0.824857444849229,1.49986600325519,-11.9466558253996,-11.4523089637597
2023-01-11,10.1083080813632,19.5400068270816,-7.79819748475547,-0.0437434303977753,1.4429906444655,-11.7510230329521,-11.4983416048049
2023-01-12,10.1624981227825,18.6503147801765,-8.31600235542977,1.1884212293992,2.36511090273855,-12.2488030304178,-11.8015396492493
2023-01-13,9.52960591498972,18.8502563316289,-8.15114399490592,1.15629119347682,1.35754828597984,-10.8870464033382,-11.8555113278311
2023-01-16,9.4718697840128,18.6778118591145,-7.72779993740066,0.881267884838969,0.385251877392207,-10.1208666313902,-11.5675348365676
2023-01-17,9.74214429757354,18.7957644497459,-7.33472390008288,1.29517377850083,0.195768379435286,-10.9229539352431,-11.7711730699296
2023-01-18,9.82816027049309,18.7885579124045,-7.26411396601064,1.31897446020334,0.351952828088386,-11.3158018024263,-11.7077297027524
2023-01-19,8.91528132746449,18.4949917751143,-8.1270981058291,2.09702652625008,1.25529834318274,-10.7282355273344,-11.9072643388481
2023-01-20,8.959403392701,19.1020027030621,-8.27890338863815,1.55572039799753,1.27837750251731,-10.6425889841245,-11.9740116235153
2023-01-23,9.41274686549524,17.190901076886,-7.35448676443816,3.34399568980288,0.0785335393474327,-10.596916316769,-12.0747740903244
2023-01-24,8.21782498457176,18.5772271091902,-7.69587955962334,1.94803965683669,0.663070317504925,-9.68952891106119,-12.020753597419
2023-01-25,9.35542363159387,17.7488737351659,-7.13856930421161,0.090518759929715,1.07039447740989,-9.41535233663186,-11.7112889632559
2023-01-26,9.31552840728941,17.3789777598411,-7.13016270363036,0.868699508036244,0.129231702634335,-8.99943467769911,-11.5628399964716
2023-01-27,9.45280041025386,17.3283145735797,-7.47548621081224,1.4293950223847,-0.225192168667526,-9.21940477789668,-11.2904268488418
2023-01-30,8.87331528497183,18.1169781333584,-7.44263148707957,1.48089627244738,-0.152177098967826,-9.56633652382665,-11.3100445809036
2023-01-31,9.0896543661326,18.1673647176456,-7.35283597253976,1.22387607308989,-0.197947762542796,-9.91977940393625,-11.0103320178493
2023-02-01,9.4649428100072,17.2731699884575,-7.40649437625846,1.20525533559502,0.0704548261215905,-9.73574415055906,-10.8715844333637
2023-02-02,10.3110616156557,15.3926338374768,-7.24855760097459,3.59326801119045,0.583848220582261,-10.8290702108334,-11.8031838730973
2023-02-03,10.306306491477,14.8857041666173,-6.38364350619056,2.88448120323886,0.714141816678818,-10.669541978934,-11.7374481928873
2023-02-06,9.96961479019677,15.1343721339933,-5.79498696324455,2.76817552420036,0.616171253336432,-11.1797266471571,-11.5136200913252
2023-02-07,9.64683101772258,15.1497367107938,-5.50519322047487,2.14705982211745,1.0980591482945,-11.0601413273942,-11.4763521510592
2023-02-08,10.6279274858845,15.6650970337908,-5.73769416849156,1.89665657856977,-0.21489675282465,-10.5719940798755,-11.6650960970534
2023-02-09,12.2825899889386,16.4758527788467,-6.54406008079308,3.2249854010321,-1.6383769700362,-11.6491909609996,-12.1518001569885
2023-02-10,12.7842575806493,13.3751242499639,-6.70555029483903,6.08605647414831,-2.04555259562284,-11.5019353458878,-11.9924000684119
2023-02-13,13.5279196533074,12.3916011540384,-6.95556024894263,7.59416069907542,-5.33574591341784,-9.82919254541474,-11.393182798646
2023-02-14,13.2732286496338,13.4495151211427,-7.78525751661254,7.92763864939437,-5.53738957494577,-10.377956512618,-10.9497788159946
2023-02-15,12.522541353229,13.0293597669457,-7.8080280594232,7.97041493181099,-4.90164790822987,-10.1629889759733,-10.6496511083594
2023-02-16,12.4517855850833,12.8103863500583,-7.98596879568709,7.78455488155617,-4.14228857941438,-10.4099760803087,-10.5084933612875
2023-02-17,12.6332433101954,12.3377786990642,-7.71308479484994,6.73378273297061,-3.6583631901122,-10.0886731000909,-10.2446836571772
2023-02-22,12.4220898414815,12.7789193849487,-7.31579496678691,5.70162760269751,-3.59569655668339,-9.80030829984754,-10.1908370058098
2023-02-23,12.3133408176875,12.8417030018291,-6.9477805385854,5.2234280737916,-3.78440032800329,-9.67332406816778,-9.97296695855172
2023-02-24,12.2738131948018,12.3663310122355,-7.13395699832481,4.6065544055282,-3.44775411005631,-9.33864170621187,-9.32634579797258
2023-02-27,11.9000960627851,12.5201275521115,-6.97247445613156,4.02709167108672,-3.05920098846615,-9.36611572402647,-9.04952411735913
2023-02-28,11.5968858647566,12.3979393707524,-7.05124182922095,4.20409943422192,-3.46126374543788,-8.90572095360269,-8.7806981414694
2023-03-01,11.4926434124127,13.0345743202,-6.91257479304318,4.79746686602468,-4.91441788957265,-8.38239589368961,-9.11529602233194
2023-03-02,11.1318528090106,12.9723982453497,-6.60926878715394,4.52488827158123,-4.4629783941801,-8.64967325058435,-8.90721889402312
2023-03-03,9.80486664668473,13.3995154629882,-6.73785507177443,4.64921677277852,-4.01922682557949,-9.51310637462203,-7.58341061047553
2023-03-06,9.75564893340172,13.5561571849187,-6.77944344494974,5.03311384584241,-4.22768666549999,-9.70344433678317,-7.63434551692989
2023-03-07,9.89054982399674,13.3492734642485,-6.73305126384721,5.03924375512167,-4.32548951535244,-9.70451300913761,-7.51601325502964
2023-03-08,8.87396295358874,12.99859803693,-6.74610683299014,4.77409734924302,-3.55728081169438,-9.0875781755109,-7.25569251956631
2023-03-09,8.33040249588996,13.0265444453179,-6.93412827764051,4.22450041814264,-2.88378376736321,-8.7978120590081,-6.96572325533873
2023-03-10,8.64281431111741,13.2304443150224,-7.10623626801252,4.19572560177698,-3.46135173296886,-8.62076030958204,-6.88063591735333
2023-03-13,8.82980891061541,13.1388221214696,-6.79886128844288,3.92925723028891,-3.33428842927803,-8.49243037808068,-7.2723081665723
2023-03-14,7.89199662478315,11.8588963155148,-4.13483676127546,3.31719646098784,-3.07821527582443,-8.39626848970276,-7.45876887448319
2023-03-15,7.91540611207459,12.6126731649857,-4.54141726096935,2.60970188368938,-4.67537896444666,-6.87715837157898,-7.04382656375469
2023-03-16,7.94345548948037,12.4383670382926,-3.78206656092486,2.08097572564337,-3.909597714897,-7.73108451082317,-7.04004946677135
2023-03-17,9.04332030977469,12.1430633631723,-4.1266975522872,0.99772195585679,-3.99657890266007,-7.04187650473689,-7.01895266911965
2023-03-20,8.51026363589609,12.4230848666236,-3.76638787235547,0.883627043544038,-3.57020668677237,-7.45668441148539,-7.02369657545049
2023-03-21,8.72943681738277,12.5998757146645,-3.80471925139578,0.616489388778014,-3.52418411975987,-7.37631323575805,-7.24058531391156
2023-03-22,8.80462372431002,12.2738074232492,-3.81895597672823,0.938897990030618,-3.55284259249534,-7.33129732760165,-7.31423324076466
2023-03-23,8.93262214616397,11.5935825554137,-3.64965798278866,1.50138246851239,-3.67872008661263,-7.14701860381106,-7.55219049687777
2023-03-24,8.68795406072167,11.2508766575396,-3.76407973028078,1.56907077909809,-3.99267431661828,-6.40097631526026,-7.35017113520008
2023-03-27,8.60508551580818,11.0097601312227,-3.30446772651414,1.71392064817432,-3.70500792091858,-6.84094522667832,-7.47834542109421
2023-03-28,8.69456794430941,11.0604744296034,-2.77923923515372,1.34378572904126,-4.16945314568483,-6.5028966513159,-7.64723907079964
2023-03-29,8.23934131679049,11.0140292617386,-3.1094363439753,1.35589412821147,-3.41530060728036,-6.36822776318849,-7.71629999229641
2023-03-30,9.4419471315368,10.779591919438,-3.33806729772996,0.666439931751007,-2.95862071025561,-6.67824784850983,-7.91304312623044
2023-03-31,9.13269385100476,10.2905040446872,-3.06524545561755,1.18621137031167,-3.06588369303202,-6.49075983765345,-7.98752027970058
2023-04-03,7.8525204556379,10.2500318445235,-3.41412218334094,1.74638041586097,-2.84961001025517,-5.43216670784629,-8.15303381457992
2023-04-04,7.99831865002749,9.95055123426737,-3.40204124044264,1.07747672115813,-2.14859510263653,-5.14183871946529,-8.33387154290854
2023-04-05,7.77319853615888,11.4081480287731,-3.84257255608042,0.745030016772667,-2.09324178695763,-5.51951050035063,-8.47105173831596
2023-04-06,7.00044431196815,10.1622235128269,-3.778398124112,1.34990716481321,-1.29594429495769,-4.83437435747429,-8.60385821306431
2023-04-10,6.96464180738048,9.99942157585263,-3.54194303898063,2.21218381590737,-0.962025078016552,-5.46123614902644,-9.21104293311686
2023-04-11,6.94520831649212,9.9468585471736,-3.56853699763043,2.02587515203555,-0.620000141646742,-5.44759631152054,-9.28180856490355
2023-04-12,7.05061261668409,10.4676176292201,-3.2366947188816,0.967510001625207,-0.135917966548938,-5.43931632091685,-9.67381124118203
2023-04-13,7.3242820172287,10.3394206199913,-3.29328060577821,0.920839979173181,-0.385626899676808,-5.41137398155444,-9.49426112938368
2023-04-14,7.68552616967451,10.0463497077989,-3.96882845446627,0.458471127387867,0.460772912483925,-5.46997253391296,-9.21231892896598
2023-04-17,7.63433301967427,9.90169188856555,-4.101117618077,-0.781887110060438,0.98374965219061,-3.94929199025816,-9.68747784203482
2023-04-18,7.53639198071003,9.99373325187376,-4.34494119165046,-1.30561788380931,1.11055416616922,-3.25913347132809,-9.73098685196514
2023-04-19,7.74673247562215,9.56158979754589,-4.18792851456242,-2.64969901235113,2.18391927279896,-2.70816037097993,-9.94645364807353
2023-04-20,7.93773357144197,8.73438540378997,-4.04165130532663,-2.5836882533129,2.25609739030942,-2.18117299627047,-10.1217038106314
2023-04-24,7.81776121484851,8.34158193473696,-4.10892474457975,-2.59702168729023,2.58746238294033,-1.94023815151903,-10.1006209491368
2023-04-25,7.75826960492757,8.45349271004441,-3.8329243175334,-2.47675031746996,2.62543341838504,-2.06987010515169,-10.457650993202
2023-04-26,7.97219335818898,8.36165198623129,-3.82957713199082,-2.86783600445048,2.74038868370123,-1.82334271670533,-10.5534781749749
2023-04-27,9.43196311594291,7.35584682692316,-3.26760129697328,-3.06798599432776,1.34631314746008,-1.26944397521711,-10.529091823808
2023-04-28,9.06947748751524,7.74481843944866,-3.11879654331143,-3.13957568265467,1.50994155490565,-1.00730125221271,-11.0585640036908
2023-05-02,9.86131287626537,7.65133032445665,-3.74400616056609,-3.03819992776197,1.3432537568691,-0.758247913354602,-11.3154429559085
2023-05-03,9.7613162882375,7.20051928348808,-3.16639792672105,-3.04135154619752,1.2491330559864,-0.981583041365148,-11.0216361134282
2023-05-04,9.78379932879565,7.160210519983,-4.01645269727575,-2.52256902848785,0.340235015045167,-0.381309067346528,-10.3639140707137
2023-05-05,10.1512786162132,6.37996426759717,-3.88588029805424,-2.69061313565615,0.569585470518994,-0.0717982010762839,-10.4525367195426
2023-05-08,9.1063905516903,6.51083917468193,-3.40250955909428,-2.70185411225675,0.831303794119265,0.109825723211344,-10.4539955723518
2023-05-09,10.7440181556085,5.58057868826245,-3.40013233017516,-2.25745527416586,-0.305295628370111,-0.30914854691958,-10.0525650642402
2023-05-10,10.1122576383693,5.51517330559157,-2.88369910558229,-1.50744987558711,-0.363027760484215,-1.09991680016016,-9.7733374021471
2023-05-11,10.2275543597643,5.21682075800063,-2.94618888485324,-1.93286309443683,-0.265898527141339,-0.31122124314377,-9.98820336818972
2023-05-12,10.2313190290563,4.54999113958922,-3.25204602181066,-1.55112395432459,-0.0312446860514228,0.00833820252402262,-9.95523370898291
2023-05-15,10.5690444042377,4.80001491369644,-2.95443749773175,-1.26947498113249,0.413278966489329,-1.8725807823506,-9.68584502320859
2023-05-16,11.3946452340813,4.66180148560457,-3.09718311722703,-0.974464465261178,0.126329633296514,-2.14863121157155,-9.96249755892259
2023-05-17,11.074106882623,4.80644389821158,-3.69361689913111,-1.08760540191074,0.223494300157547,-2.12723142395811,-9.19559135599217
2023-05-18,10.6219642345036,4.78146094647952,-3.96815194438271,-1.05946948516318,0.00309153822708197,-1.9603417049557,-8.41855358470864
2023-05-19,10.7550524287706,4.8551084549764,-3.75129765047831,-1.43808227487886,0.277024515116409,-1.95821368671526,-8.73959178679093
2023-05-22,10.7934744977325,5.36703803635878,-3.63647464304163,-1.61600340345103,0.351745715317087,-2.09164186314968,-9.16813833976601
2023-05-23,10.8631610169735,5.40930092808218,-3.54973072873052,-1.4252005339202,0.34726472408245,-2.06778916911559,-9.57700623737183
2023-05-24,10.5794245740422,5.64891552543892,-3.54934204211502,-0.79769083392415,-0.406511198962434,-1.38657762921794,-10.0882183952615
2023-05-25,10.4047712046909,6.80460687255493,-4.08957807565668,-0.867322453140538,-1.13733146129469,-1.94360640280981,-9.1715396843441
2023-05-26,10.1856549717528,6.43068343275728,-2.26894828846319,-0.951659082602099,-1.75096734492097,-2.17463088804997,-9.47013280047388
2023-05-29,10.3556830976827,6.71350475780833,-0.838221640070131,-1.93090379378696,-1.98639361555852,-2.28433427847493,-10.0293345276005
2023-05-30,10.2247630388152,6.5297092461979,-0.0610603420230191,-1.83785046068805,-1.96675295359539,-2.59555194703125,-10.2932565816754
2023-05-31,10.3846425281509,6.42052920482839,-0.27477319940197,-2.04759339181784,-2.08371025640462,-2.73161148056822,-9.66748340478668
2023-06-01,10.3476375183447,6.14706480038328,0.376936174999393,-2.00438159921487,-2.25006018846575,-3.33594436635016,-9.28125233969655
2023-06-02,10.3107606910251,6.16534128322083,0.601200545439042,-2.24275480321112,-2.16919390693166,-3.40775849997203,-9.25759530957018
2023-06-05,10.2271364840145,6.00265741775715,0.56670396803063,-2.04523011038109,-2.03862119950409,-3.40318639670537,-9.30946016321175
2023-06-06,10.4623016064715,6.22526620623883,0.175111729263975,-1.637667621965,-1.44735363350984,-4.29027057151276,-9.4873877149867
2023-06-07,9.98919163014651,6.13917915268235,-0.231572276647668,-0.689948197680401,-1.47041468424886,-4.54839296128161,-9.18804266297033
2023-06-09,9.8442869007977,5.70253883140907,-1.15819761370588,-0.203977478690341,-1.01464967905646,-4.31105001207207,-8.85895094868202
2023-06-12,9.67350392321094,5.91575524253525,-1.52730092564781,-1.02604489781635,-0.959117568060869,-3.70973892987117,-8.36705684435001
2023-06-13,9.36188352666665,5.94028401872454,-1.07657112944896,-1.30204296412228,0.175556482702795,-4.17437891023895,-8.92473102428381
2023-06-14,9.23119793769258,5.76520718118846,-1.36846440542207,-0.918404861291457,0.128856990821298,-4.00200985339248,-8.83638298959633
2023-06-15,9.34447660518223,5.61978035193897,-1.03880876110749,-1.40289724746923,0.193231121313381,-4.10324039954864,-8.61254167030922
2023-06-16,11.4772825032256,6.08453758844199,-1.22768424380581,-1.9119028295982,0.810437836471927,-5.57672688682476,-9.65594396791073
2023-06-19,12.8917364030623,6.54517392460885,0.190111361099497,-2.28559999045648,1.13971769600275,-7.39840156624324,-11.0827378280736
2023-06-20,12.7686222333201,7.12586552532555,-0.0695765015630698,-2.14748517347126,1.1179773775477,-7.67921188421905,-11.11619157694
2023-06-21,12.8995550668098,7.47776985669759,0.228746488710534,-2.3038640309401,-0.383105964186612,-6.77469046580411,-11.1444109512871
2023-06-22,12.5478408922479,7.94414388128149,-0.186906356283139,-2.97604700951678,0.147191717941844,-7.5742087890607,-9.90201433661066
2023-06-23,13.022419926712,7.31460311552779,0.38169025615835,-1.89333350693342,-0.462310606493205,-8.00081302909443,-10.3622561558771
2023-06-26,12.1186175476048,7.11621287271957,1.19156031288763,-1.94377523940718,-0.771677814401222,-7.76394710699326,-9.94699057241031
2023-06-27,11.7836430853004,7.64390825472192,0.655018441860825,-2.4908178802279,0.24632926878089,-7.76041369738109,-10.0776674730551
2023-06-28,12.5297393259014,6.9597050284734,1.18425063867695,-1.35923389672558,-0.131524621889611,-8.36052009106373,-10.8224163833728
2023-06-29,12.1880111709136,6.63306890122428,1.77676629266707,-0.973393234883346,-0.268629063964426,-8.19323222303877,-11.1625918429185
2023-06-30,11.5298020344887,6.23047951162979,2.66153164881522,-1.94261117914399,0.392738899674015,-7.91883958217318,-10.9531013332905
2023-07-03,12.5802252440139,6.31546189682938,1.70692238676613,-1.89990270156323,0.299772108587561,-7.9852774684458,-11.017201466188
2023-07-04,12.7861648485746,6.8573968616545,2.56698386001673,-2.97833144751355,1.51750699487123,-8.93240759025376,-11.8173135273497
2023-07-05,12.6070158254061,6.8794175226318,3.36990903797943,-3.18038088184812,1.5294694988051,-9.41040544691707,-11.7950255560573
2023-07-06,11.9992486665065,6.70344603755807,3.26876565031962,-3.13353127072097,2.05090821079128,-9.39480834692663,-11.4940289475278
2023-07-07,12.2941605408809,6.83922563414099,3.70542111908673,-3.57022581414545,1.29461508407809,-8.65745539351766,-11.9057411705236
2023-07-10,12.3369895383302,7.36373763434646,3.87747236078818,-4.14021295428384,0.692769077853782,-8.42854386908536,-11.7022117879494
2023-07-11,12.5367846308424,7.33272974766323,3.36863855425413,-4.30254091299856,0.906287216779731,-8.08371544278274,-11.7581837937582
2023-07-12,12.5546879263179,7.16582949619961,2.92413777191259,-4.86417144947343,1.29578482122659,-7.51653986011266,-11.5597287060706
2023-07-13,12.6254182701623,6.94026219733659,2.76092420250584,-5.67191703345594,0.349171176521715,-5.57962983740403,-11.4242289756664
2023-07-14,12.5448707378222,7.03624630499712,4.00824370019469,-5.88940543482524,0.110096161670526,-5.32432659385688,-12.4857248760024
2023-07-17,12.3482826907624,6.48334532505421,3.11529945687771,-6.08421700931509,1.78321881685808,-5.68597690863674,-11.9599523716006
2023-07-18,13.1729233885571,7.00040161028955,0.994211003237439,-6.06300080167106,1.7933342940817,-4.60032043456961,-12.2975490599251
2023-07-19,13.828797198593,6.49514736020807,1.72006548528006,-6.81863359403808,2.20161481056434,-5.02079415818281,-12.4061971024246
2023-07-20,13.1290875411122,6.87308116333704,2.24809472575544,-6.55383278582421,2.32502383678876,-5.56419924934384,-12.4572552318254
2023-07-21,11.2432511584931,6.51060781486589,5.36424217906277,-7.146837702935,2.67354742633349,-6.95786658305563,-11.6869442927647
2023-07-24,11.2066179122869,5.69270958467489,5.9268712366534,-7.52585286743873,3.11869738665408,-5.4706587796756,-12.948384473155
2023-07-25,11.2800422584427,5.45289235999778,6.09828294736321,-7.05820097181594,2.73569382162307,-5.46423322876671,-13.0444771868441
2023-07-26,10.6894248738665,5.35960582419036,6.29241251774076,-7.87763055981804,3.00447365962206,-5.38898951359358,-12.0792968020081
2023-07-27,10.1206370769459,6.29540354708077,5.31439589154241,-8.11780971966658,3.23084160954566,-5.99762790033172,-10.8458405051164
2023-07-28,10.8372534927588,6.3034801266868,6.3887222471898,-9.01850423345901,3.16500783265399,-5.94163256491274,-11.7343269009177
2023-07-31,10.938062884976,5.63824849029452,8.04905913901669,-9.57307195176234,2.13077861571008,-5.10796088052516,-12.0751162977098
2023-08-01,10.5533727589633,5.14370985805133,8.17843456711461,-10.0198617422785,2.49784444497681,-4.39363901209823,-11.9598608747294
2023-08-02,10.8302214497069,4.69699632545247,9.02477417748783,-9.34726989587499,1.8310407203769,-5.22810356225242,-11.8076592148968
2023-08-03,10.8499185440353,5.55469553478871,7.89692077951945,-9.76715449177676,2.34694338227062,-5.02653540622671,-11.8547883426106
2023-08-04,11.3610383208736,5.04788482250041,7.2354616980497,-10.0412023143198,2.65639553827819,-4.72098111699083,-11.5385969483912
2023-08-07,10.3940461461573,3.33083919074635,7.63990666249641,-8.87420907555898,4.25388820685779,-4.99812712855643,-11.7463440021424
2023-08-08,10.5260442027442,3.62325092839293,11.5255350713723,-9.61766036168958,2.58417376678611,-2.19649427883434,-16.4448493287715
2023-08-09,10.744949491694,2.49453286928444,8.94443830113759,-11.0374575580131,0.349504022897023,-3.72726182404315,-7.76870530295679
2023-08-10,10.7747318219567,2.339906161881,8.29837378228606,-12.0117852581907,-1.54986919651171,-4.19268241375696,-3.65867489766444
2023-08-11,9.34655774726995,1.83343696898363,8.54766093057506,-10.9953347330593,-1.26254327366239,-4.43807247759104,-3.03170516251586
2023-08-14,11.9948886337133,3.24002801511951,4.92628801773203,-13.0301039962239,-0.543271161879161,-4.47358109978472,-2.11424840867705
2023-08-15,13.2728169677619,3.7333444358587,2.88468961099439,-13.4947132474797,-0.137206667347677,-4.41750605866613,-1.84142504112151
2023-08-16,13.2331356205635,3.18390997424412,2.48254013665391,-13.428115282132,0.102298819914871,-3.53226856549042,-2.04150070375394
2023-08-17,13.7257159686641,2.75027982671065,3.09994775799948,-13.7523328417862,0.223316064630048,-4.52098729979745,-1.5259394764206
2023-08-18,14.1553754077167,2.21379089999924,2.52879615352712,-14.162321072796,0.334765036270674,-4.24704489084635,-0.823361533871328
2023-08-21,13.9169889215727,1.75067984033269,2.92615412811544,-13.6423134476736,-0.0748537621319798,-4.87556461684306,-0.0010910633721295
2023-08-22,14.2279465980486,2.38888820435869,0.846096277806176,-13.5436210591285,3.18757287035287,-5.2798685421949,-1.82701434924289
2023-08-23,13.7109814737431,1.20594491338712,0.453769620003165,-13.384305850083,5.00081572724223,-5.44997394034067,-1.53723194395197
2023-08-24,13.7395203916753,1.66734375031787,-0.571853394632221,-12.8212119877013,4.98028283430889,-5.36302807832115,-1.63105351564736
2023-08-25,13.4115168170979,1.93891942345411,-0.146476554794035,-12.4466904136892,5.03433978842671,-5.16933281232447,-2.622276248171
2023-08-28,13.3061578985204,1.1854032754721,-0.000465907168639035,-12.1955948680878,4.93682148769445,-4.72767997530577,-2.50464191112484
2023-08-29,14.5266747998479,1.33793323581702,-0.79738585320105,-12.0638904891047,5.03543180826127,-5.91755445488365,-2.12120904673681
2023-08-30,14.6144476527484,1.84440626279206,-2.1304331334756,-11.5861223511199,5.0500529173028,-6.61354514381795,-1.17880620442989
2023-08-31,14.7000588879722,2.22797792214839,-2.09404314924209,-11.6701293515313,5.3473268327343,-7.19482381092561,-1.31636733115592
2023-09-01,14.8130694560232,2.00609344474936,-2.76427975823216,-11.2310184991076,5.60404708958825,-7.26821781886112,-1.15969391415998
2023-09-04,14.7021844512002,2.2697362550492,-1.59906630389153,-12.1346644849785,5.81911920499248,-7.2329383113736,-1.82437081099826
2023-09-05,15.685736949958,1.92349645844509,-0.950408392446015,-11.9784771294173,5.52870131406714,-7.42024403915065,-2.78880516145621
2023-09-06,15.6949972529066,1.8293724212924,-0.281392709459851,-12.7131172186813,5.43326560379757,-7.38138085822725,-2.58174449162808
2023-09-08,15.2180236297109,0.55398518643397,1.61951931481099,-13.3317440346551,5.59710073950563,-7.69416385273987,-1.96272098306656
2023-09-11,15.2910917018117,2.82294869250767,0.096436512689003,-14.1199494189754,4.68916813329019,-7.00965526266444,-1.77004035865872
2023-09-12,14.9042464244656,2.66503057169077,-0.768854294703203,-14.0972807479451,5.17651496505082,-7.39941397578137,-0.480242942777586
2023-09-13,15.3891495482473,2.14768171082596,-0.544246860790892,-14.480951848177,5.35123725504636,-7.38611107097782,-0.476758734173885
2023-09-14,15.7324651842629,2.08680346111699,-1.4679761325871,-14.5196062863637,6.72357223413759,-7.13045523733614,-1.42480322323047
2023-09-15,14.9673829345946,2.51758281497083,-1.24828595580171,-14.4862184951193,6.46677832451443,-7.57109546045091,-0.646144162707994
2023-09-18,14.3666486886162,2.32731008745075,-1.23848981588916,-14.0241211550043,6.31626173086867,-7.56579079184341,-0.18181874419874
2023-09-19,14.4264682565591,2.21721959742181,-1.63895524987264,-14.4772999281224,7.07722226008179,-7.30197056600104,-0.302684370066558
2023-09-20,14.9545291750519,2.69406912924335,-1.36485691852916,-14.1722546164432,6.22524048696292,-7.34587520797256,-0.990852048313236
2023-09-21,14.4061945928919,2.23898527221735,-0.787260607195797,-14.4624370766796,6.95443458295915,-7.28659613162404,-1.06332063256894
2023-09-22,15.5466243263197,4.48896327144965,-3.88235782503735,-13.9292768846003,5.72359053641188,-6.65895587393797,-1.28858755060566
2023-09-25,15.7847431655898,3.97091081500926,-3.21846628925045,-14.4129509010773,6.05617521638895,-6.72014800642894,-1.46026400023132
2023-09-26,17.5359056844744,4.65016657325746,-3.98699142671883,-13.7605063159554,5.05296023395487,-6.62712953552515,-2.86440521348728
2023-09-27,14.794443045077,4.85740160587018,-3.35519461977137,-12.4997644152724,4.03281169705551,-6.13350886491561,-1.69618844804326
2023-09-28,15.5046603421533,4.83251679947139,-0.624165950147287,-16.7565822177792,2.46095358789382,-5.73468989017457,0.317307328582597
2023-09-29,15.2360417367197,5.04195971762979,-0.688094367663332,-15.9066826241586,2.18779512402234,-5.38295283497481,-0.488066751575111
2023-10-02,14.7679673737605,5.29490620725085,-3.28267733043729,-14.3713278995557,3.36970425981539,-4.75091893546965,-1.02765367536415
2023-10-03,14.4923007067886,5.2993025843022,-2.00995695214699,-15.3045046832992,3.36422570567243,-4.50995176386156,-1.33141559745543
2023-10-04,14.2087266460325,5.65641329981602,-2.21750239153933,-15.747353865787,3.02864208589699,-4.44630676254755,-0.482619011871634
2023-10-05,13.6511073952939,6.37428250827362,-1.29830059650725,-15.6852245015778,1.47885977365958,-4.92313224134926,0.402407662207146
2023-10-06,13.1748260631228,7.07643563603524,-0.356856750788239,-16.3938144214111,0.253994694497273,-4.96199168177665,1.20740646032069
2023-10-09,13.304315766418,7.04399716100993,-1.51660299028948,-14.943329186095,0.896608119433019,-5.06401090942425,0.279022038947797
2023-10-10,13.144479274211,7.42035633318407,-1.63777155149285,-14.5741571555927,1.62162839928496,-5.67439204244195,-0.300143257152587
2023-10-11,12.9302682490699,7.55070093635464,-1.49870174890226,-15.1355531845883,1.69550862370838,-5.75577062539486,0.213547749752518
2023-10-13,12.7306623157896,7.57466219059316,-2.42253690020942,-14.0881330115988,1.84378272711047,-5.69491408971417,0.0564767680291496
2023-10-16,12.7258545527305,7.5729188119123,-2.277831941706,-14.334488083316,1.49415858738056,-5.50342839139307,0.322816464391757
2023-10-17,12.0617009151681,8.16528178244442,-2.07036262728637,-13.9140802793655,1.33752666116574,-5.62563057771351,0.0455641255870916
2023-10-18,11.9725324659535,7.86848028403445,-1.17171806841831,-13.9822251207097,1.01326730077415,-5.4125556094242,-0.287781252209804
2023-10-19,11.9516984906753,8.52851897671549,-0.846887354642874,-14.5937468011637,1.6815747173391,-5.8179720391784,-0.903185989744919
2023-10-20,12.1270180848075,8.22570997037695,-0.726568644762317,-14.2827332430164,2.22847448421597,-6.20746517094699,-1.36443548067477
2023-10-23,12.2369990300103,6.70006212795609,0.11866498416795,-14.0117328909616,2.54607182350507,-5.94613058449842,-1.64393449017938
2023-10-24,11.9523440256254,5.53569540308611,-0.254123567206605,-12.9356848593894,3.14547810321078,-6.10115085902842,-1.34255824629792
2023-10-25,11.7625461584456,6.996321876491,1.15171774616033,-12.4117437936573,1.02009543399372,-6.29083140447817,-2.22810601695518
2023-10-26,10.9380817071309,7.47617386307885,2.52392068394749,-13.4188520433968,1.03265887796003,-6.24422947419582,-2.30775361452473
2023-10-27,10.8306783349882,7.27363259212134,2.21973871005494,-13.0333602774966,1.38901308027954,-6.35876697826822,-2.32093546167916
2023-10-30,10.8897676428489,7.20222844192403,2.49881357932115,-12.8329652046356,0.921550457448753,-6.31004973256536,-2.3693451843418
2023-10-31,11.6471366649584,6.70632216286303,2.32808933123015,-12.5317873462658,1.01850041690387,-6.46547335425484,-2.70278787543478
2023-11-01,11.829945112953,7.81871607468341,1.86899910831573,-12.484401805057,0.731482760247218,-6.70992162684924,-3.05481962429307
2023-11-03,11.3972969114475,5.90686944666547,3.58416277524719,-10.8904593982129,0.920784884171418,-7.31388529563816,-3.6047693236805
2023-11-06,12.1890173235915,7.50011340621865,1.66452397084757,-11.8866939857353,1.29405870863763,-7.87061118075041,-2.89040824280966
2023-11-07,12.0121228870738,5.98068867287816,3.80146778908826,-13.0165733561866,1.61783771707264,-7.55511188186056,-2.84043182806569
2023-11-08,11.6397690715444,7.6482222712021,1.9241812248507,-9.76962347917551,-0.706840913383651,-6.86497630181616,-3.87073187322192
2023-11-09,12.4016789364362,8.45915957407723,3.66167430501977,-12.7646965362841,-1.86321924199652,-6.83381402781847,-3.06078300943414
2023-11-10,11.8792039134513,7.14550829259911,4.50250629520312,-13.4148399263083,-1.86281983628876,-6.12269304302049,-2.12686569563602
2023-11-13,12.1509700588861,4.17459305225653,5.45997954165914,-14.1320704212865,0.804087315437982,-5.91117478225012,-2.5463847647031
2023-11-14,11.8189161155441,5.18818953489559,3.78462731748115,-12.6765083804355,0.693152937499903,-5.8722656086294,-2.93611191635588
2023-11-16,11.2793826652029,5.87487622619869,3.53985956038559,-12.5205625700413,0.171459031835305,-5.07333263974233,-3.27168227383878
2023-11-17,10.3964508264309,9.98738962465885,3.17589132087804,-13.4749311457423,-0.526130712308721,-5.06853259518729,-4.4901373187295
2023-11-20,10.5567274235635,9.58216277689816,3.88406365330503,-13.8464074080488,-0.219746899533945,-5.51283548370004,-4.44396406248389
2023-11-21,11.3362563145892,10.7398673245122,3.94570325914633,-16.0146797889437,-0.186840247742232,-5.8415560959545,-3.97875076560738
2023-11-22,10.9418295586135,10.9217596282868,3.46524416714637,-15.1638068217293,0.199629893307645,-5.98788415392982,-4.37677227169512
2023-11-23,10.232167421371,10.8627027626531,2.42495012159549,-14.4155296816746,1.26579755098577,-5.94705923999539,-4.42302893493538
2023-11-24,8.94968887662102,7.09025226839892,4.00079671154273,-13.4013951041248,3.78990575986214,-5.5964978740131,-4.83275063828689
2023-11-27,8.78823325251718,6.53371235133355,4.06559343540814,-12.5143592022049,3.5797829095982,-5.01274497527401,-5.44021777137817
2023-11-28,8.17971564691148,6.3966431179213,3.96324575780321,-13.3550855686396,4.59246810864794,-5.03436386711088,-4.74262319553347
2023-11-29,9.98941024498846,5.22502763617892,4.35464839720375,-12.5168383129084,2.93129878717797,-5.6689814927814,-4.31456525985928
2023-11-30,9.75244044780925,4.91834177586303,4.43207698836994,-13.1512722498479,4.0155940826727,-5.87912918198003,-4.08805186288699
2023-12-01,10.5974229657285,5.01520464124022,4.38235663616612,-13.2896752197201,3.33678298470726,-5.89191127260272,-4.15018073551922
2023-12-04,10.6964329045658,5.05877254552288,4.29075705925321,-13.0769516654461,3.31221481123309,-5.95481642939124,-4.3264092257376
2023-12-05,11.4564423565113,4.9582095008277,4.06708647416952,-13.5966748762879,3.48916827800443,-6.31659848070825,-4.05763325251676
2023-12-06,10.5359999035278,5.37564477316936,5.6886380103095,-15.2392615551242,2.24109938411926,-5.64408918181325,-2.95803133418841
2023-12-07,10.8557838497746,5.65884478662347,6.32193868604029,-16.2774272235021,1.52509664845168,-5.46485114942472,-2.61938559796315
2023-12-08,11.3859982358136,6.16895643108867,3.72428850765962,-14.6922661185455,1.40550854557581,-4.90590392820982,-3.08658167338241
2023-12-11,10.6269669013395,5.04010798698229,6.25334152680327,-15.7426685438571,2.22650048895247,-5.47199470470749,-2.93225365551298
2023-12-12,10.8902661638486,4.21686526129792,5.35642876841181,-15.165353703906,2.65696559900454,-5.44123007523259,-2.51394201342433
2023-12-13,11.1755323612192,4.78022208485076,6.03874540210657,-14.6212134253995,2.23254554774129,-6.0101139180309,-3.59571805248747
2023-12-14,11.4099601797552,4.56250423756742,7.97897632489985,-15.9211442532684,1.33101200523225,-5.61809871272825,-3.743209781458
2023-12-15,10.4832056555878,5.725724605935,5.88688522337308,-14.8431932244323,1.28087294777651,-4.96468650332599,-3.5688087049141
2023-12-18,9.85904983226236,6.23631887082296,5.31076237313714,-14.4761966807776,1.51868167002254,-4.87848734781911,-3.57012871764829
2023-12-19,10.0951369687512,6.23951754345021,4.89058090153272,-14.5167690723272,1.41812346698559,-4.5387387991359,-3.58785100925655
2023-12-20,7.92751555835351,6.31628227953364,4.74857603056613,-15.9532690530638,-0.557819934492919,-7.72155469028464,5.24026980938812
2023-12-21,8.38513391295101,6.10399311677286,4.39293952882884,-13.9417310329256,-0.171219387401635,-4.23921919086382,-0.529896947361644
2023-12-22,9.77807217244383,6.22281043833681,4.79815653032149,-13.6006882425845,0.857370524250612,-3.55198424209176,-4.50373718067648
2023-12-26,9.82679836333421,6.05583765985191,6.27953534549155,-14.2434125409323,0.617119451224156,-4.32075632086693,-4.2151219581026
2023-12-27,8.42293035837968,5.64297681514526,6.36180997513458,-13.4592011858458,0.372139102869426,-3.31695321215734,-4.02370185352583
2023-12-28,8.87526108025145,5.44598834623407,6.87896392081317,-13.2748928970902,0.181373803018701,-3.89925797855604,-4.20743627467116
2024-01-02,8.0313914184108,5.55042521283998,6.88954917196418,-13.2230589093811,0.309163291312537,-3.91979280635563,-3.63767737879073
2024-01-03,8.53214404702113,5.68614806744762,5.7126789459903,-12.992335880501,0.306964291815468,-3.6964706233012,-3.54912884847227
2024-01-04,8.39780347801286,5.60088822943042,4.73998799972546,-12.0031605167204,0.23021162580077,-3.49027735774879,-3.47545345850029
2024-01-05,6.74834352577624,5.96601624320642,5.65621947361719,-12.1372424197364,0.122333601717692,-3.04444272041716,-3.31122770416403
2024-01-08,6.54542682034688,6.43573431370313,4.86585137573351,-11.9911504327251,-0.273318892862754,-2.64598282918842,-2.93656035500721
2024-01-09,5.84585336943294,7.51351230714789,4.36272889804309,-11.3389246003536,-1.93130628293923,-2.10783342740245,-2.34403026392866
2024-01-10,5.27534984420269,7.31230396523403,4.4374388145174,-10.4169944751924,-2.20756958385829,-2.16232606350205,-2.23820250140138
2024-01-11,5.19649764894893,7.00815991925204,4.31644228548554,-11.0445015160068,-1.08637339165844,-2.34161159939649,-2.04861334662475
2024-01-12,5.21488520041628,6.51908455344319,3.95572547930038,-10.3376576372717,-0.86909221371279,-2.36608877094774,-2.11685661122759
2024-01-15,5.6454623635725,6.13849469131414,4.69818749924597,-10.4304896686101,-1.38581619755945,-2.68940198592727,-1.97643670203584
2024-01-16,5.6835559756815,5.80912973786172,4.34421632542304,-9.73027462601318,-1.49962951379598,-2.69559260105325,-1.91140529810385
2024-01-17,6.31937405487566,6.29527580287032,5.32795800751635,-10.981698327452,-1.86203805079282,-3.23120734264706,-1.86766414437045
2024-01-18,6.44967907603097,6.31660916765146,6.21555320695546,-12.3696045077158,-1.64691558297714,-3.0672962080931,-1.89802515185181
2024-01-19,5.40405342365169,6.98739593678798,5.40574848955379,-11.4964243458793,-1.05021677776298,-3.24450891343627,-2.00604781291493
2024-01-22,5.1251724113918,7.28826814192897,5.19962086647676,-11.6961075061774,-0.671372526425912,-3.24798190172696,-1.99759948546721
2024-01-23,4.73571219517684,7.27634955083115,5.46545505511959,-11.523909360598,-0.668835242571291,-3.10730805714209,-2.17746414081624
2024-01-24,3.68990518416356,7.63038545290585,6.0079312612996,-11.5523758644753,-0.20215265142803,-2.92997761490451,-2.64371576756115
2024-01-25,2.40280719136077,8.11347901244775,5.75337576887081,-10.6820357437832,0.342588716949081,-2.79302286480277,-3.13719208104247
2024-01-26,1.06613132942341,8.40956722449609,6.65966688410079,-10.6602162928708,0.592079293001927,-3.23215993059633,-2.83506850755508
2024-01-29,1.16914695273669,8.2221937992983,7.71703318558889,-11.066282616332,0.0751903928491799,-3.11778001577701,-2.99950169836406
2024-01-30,1.11962582594574,8.70717054460816,7.5390433650635,-10.971913921821,0.187032292015733,-3.32207175641425,-3.25888634939789
2024-01-31,1.97838609781384,7.93428303728189,6.3177250329309,-9.11631561949083,-0.444549861350623,-3.36371583473025,-3.30581285245491
2024-02-01,2.21213740605992,8.19498553285756,5.81308638571482,-8.9030589068978,-0.516195859359559,-3.90181941119015,-2.89913514718479
2024-02-02,2.70768712799335,8.59917850577077,5.20921054015885,-9.12140298302069,-0.651822570160761,-3.98790038458576,-2.75495023615576
2024-02-05,2.69094817364755,8.15850712131197,5.39701632649252,-8.97983909644013,-0.668848090144422,-3.879719297209,-2.71806513765849
2024-02-06,2.31083089308355,7.89905899457941,5.2118105508339,-8.62533035202453,-0.316555553880022,-3.79793642221009,-2.68187811038221
2024-02-07,2.76354108481084,9.21616869779652,3.96016525634611,-8.74592826843418,-0.066094406763554,-4.12273323797719,-3.00511912577854
2024-02-08,1.66185434691256,8.88461790307939,4.15789702264629,-8.09358489710651,0.559704263379633,-4.01933224677444,-3.15115639213692
2024-02-09,3.40261092197983,10.6388330285694,2.66330889510935,-8.41790307040527,-0.491471096822472,-4.99846573714551,-2.79691294128529
2024-02-14,5.8857340821754,8.27101089992915,0.857062883022653,-7.71405426736744,0.107675706950634,-4.60510426484048,-2.80232503986992
2024-02-15,6.25929746367837,8.27487606125064,-0.179420375974725,-7.7951559287004,0.39246282548584,-4.17456206886842,-2.77749797687129
2024-02-16,4.52402977093505,7.86802643650304,0.657737491691741,-7.06724966562986,0.934861370219267,-4.17930116396052,-2.73810423975872
2024-02-19,3.0923903520666,7.48885446675831,1.14025696624772,-6.65983599705942,1.4169951965827,-3.98400191977238,-2.49465906482352
2024-02-20,1.79768341058065,7.71327264007235,2.33158541473913,-6.39026075531132,1.27050481944286,-3.93087910117919,-2.79190642834448
2024-02-21,1.26460152151831,6.95953916592171,3.0096157208913,-6.03998772571643,1.66835517337449,-3.9394849440617,-2.92263891192768
2024-02-22,1.43637675756768,6.70212205168591,3.55600876705167,-6.0918907232295,1.63479708172823,-4.27406238448137,-2.96335155032261
2024-02-23,1.19397014677525,6.72550788391367,3.30826000000968,-5.80125813959028,1.21473835950913,-4.10478529839772,-2.53643295221973
2024-02-26,0.945025811584529,6.74964226233465,3.27148824625514,-5.85401949695094,1.66617796033436,-4.22939690554351,-2.54891787801422
2024-02-27,1.06345373723956,6.70835493259185,3.2676655549706,-5.75163514166091,1.4991244176759,-4.07189500780479,-2.71506849301221
2024-02-28,1.25966476582501,6.55349054613836,2.59248723466408,-5.82467944357854,1.77471879764334,-3.51266846768161,-2.84301343301063
2024-02-29,1.4046343331234,6.69041233089431,2.81694179030634,-6.13846764902671,1.67992684966233,-3.58662949597243,-2.86681815898725
2024-03-01,1.00303398939444,6.36373285324203,2.89555841298019,-5.76111835028589,2.38082222679333,-3.2956821110914,-3.5863470210327
2024-03-04,0.871854714347783,6.44185966278241,3.18349691901802,-6.34367651601914,2.38557390778846,-3.2968009273952,-3.24230776052232
2024-03-05,0.622303113676196,6.55489039208468,2.76116533575852,-5.24538076813418,2.45914236404643,-3.44352943689035,-3.70859100054129
2024-03-06,0.639014721128191,6.93076654124519,2.21863625834661,-5.27904946815844,2.06249452417423,-3.26209021917404,-3.30977235756173
2024-03-07,0.321987411215318,6.92308056202306,2.67411687369191,-5.49781709384275,2.15063614474823,-3.04345637842994,-3.52854751940584
2024-03-08,-0.284819173201463,5.95099188885382,3.46945750000385,-5.67301488242532,2.37066407132392,-2.76992345631612,-3.06335594823868
2024-03-11,1.09831821697718,7.21813127035427,-0.0815888055292682,-4.40599928450804,2.80288297430236,-3.80149900594645,-2.83024536565006
2024-03-12,1.59691267921569,7.34992789632419,-0.613166291546047,-4.63362024380765,3.6738179429741,-4.62161107447825,-2.75226090868203
2024-03-13,1.80353595630804,7.58709648989322,-0.747076416857524,-4.23258056752046,2.83216825944357,-4.41057784429479,-2.83256587697205
2024-03-14,2.21119913792687,7.9306697591837,-0.902646742835838,-4.42509999273161,2.81875962053337,-4.6609598911925,-2.97192189088399
2024-03-15,2.67367243510697,8.0883817327354,-0.865555062675334,-4.16569595773384,2.85315433501927,-5.73211820311331,-2.85183927933915
2024-03-18,2.91182284631034,7.99072075223188,-0.561997796139877,-4.10105115306506,3.0761049249646,-6.26555775502435,-3.05004181927752
2024-03-19,3.34263425505863,8.38033751316003,-1.90669745268566,-3.79528454543509,2.5901280891282,-6.08609349652781,-2.5250243626983
2024-03-20,3.38719559383858,7.81469365930926,-0.821800826430145,-5.36990451620734,3.01941500808946,-5.44348645370317,-2.58611246489664
2024-03-21,3.18392450558651,7.18837170207124,-0.321712296563344,-5.2021834005912,2.69745009509592,-4.88062482516232,-2.6652257804368
2024-03-22,3.08631627057638,7.3431286967896,-1.29468263034209,-5.23906682282079,2.55924274640419,-4.12019279315822,-2.33474546744907
2024-03-25,2.36568115516159,7.1918609618793,-1.33416907777182,-4.65581144266783,3.22414006045918,-4.26996013957901,-2.52174151748141
2024-03-26,2.30581356970264,7.12806262737615,-1.04795666168294,-4.28567681372543,3.15213709765613,-4.7993466811867,-2.45303313813985
2024-03-27,3.06921435466322,6.74516703658894,-1.76553810366706,-5.12760139062528,3.91789784555799,-4.16140105813921,-2.67773868437858
2024-03-28,3.63627947742127,6.20808590759656,-2.94314809993613,-5.2188047575057,4.10734992365693,-4.0560427346647,-1.73371971656824
2024-04-01,3.76647325035295,6.24603564200017,-2.73154903034886,-5.60498541822654,4.12768172591655,-3.55960527672887,-2.2440508929654
2024-04-02,3.89013264184238,6.16239492149004,-2.83391288753664,-5.38784028899564,3.75309782334621,-3.91188804372521,-1.67198416642114
2024-04-03,3.74127654665757,6.56158168321199,-2.61879796678512,-5.73606562620945,3.35803092729753,-3.96447026981226,-1.34155529436026
2024-04-04,3.63664378931625,7.02189195529898,-3.04074204702549,-6.61213732202994,3.88761874072417,-3.46693764318726,-1.4263374730967
2024-04-05,3.90293651051711,6.32423008784991,-3.57726596204193,-5.25931376358756,3.21768253157604,-3.39670823652047,-1.21156116779308
2024-04-08,3.77112466622734,6.33574943882579,-4.21061506189617,-5.46691359982873,3.27108558213661,-2.56915136151987,-1.13127966394498
2024-04-09,3.81230738001004,6.54735217864985,-4.52521467673846,-5.3227573739576,3.32549849181173,-2.98757464032413,-0.849611359451419
2024-04-10,3.79363530163837,6.20002641768506,-4.74205193062935,-4.97363610420346,3.14644515642424,-2.70806885565549,-0.716349985259368
2024-04-11,3.21140372832549,6.79022795954501,-4.52377978940323,-5.7920712902078,3.7617311630215,-2.98447879291374,-0.463032978367222
2024-04-12,2.9377151042794,6.8591875356076,-4.23480691101522,-5.64659428414276,3.78052249759496,-3.4790793344058,-0.216944607918181
2024-04-15,4.53283187062888,6.93742348534551,-4.63448996834909,-5.68577392007558,2.91026802875583,-3.76970282041864,-0.290556675886901
2024-04-16,4.54951719590974,6.43632712075919,-4.62543263626229,-5.48908501021523,2.95033049101461,-3.82308220142296,0.00142504021694201
2024-04-17,3.98351251079055,5.96828440125758,-4.2771411346716,-5.12147540816385,3.28883022444222,-4.05618523228942,0.214174638634502
2024-04-18,3.97856464036075,5.72778947075754,-4.08677826624589,-4.67664585167816,3.15809261542731,-4.39089538387922,0.289872775257676
2024-04-19,4.24220244084263,5.81662916142702,-4.02241900138844,-4.78450251901196,2.57646067722845,-3.9569083365246,0.128537577426886
2024-04-22,4.52456424497332,5.60538536396555,-4.04358593923978,-4.27315358655314,1.84777755075449,-3.81733714090281,0.156349507002378
2024-04-23,5.10256550917737,5.14511217658124,-3.43032704856342,-4.01788542406042,1.46782444186971,-4.31517049835991,0.0478808433554239
2024-04-24,4.59054004436895,5.64179364998932,-3.84923850435162,-3.84286314120444,1.33537685166624,-4.0595750534005,0.18396615293204
2024-04-25,4.11010681231009,6.0848712739362,-3.89722883961719,-3.76025053435562,1.26749679838638,-3.89693228378631,0.0919367731264416
2024-04-26,4.77742267789344,7.27618061362002,-3.97063766740787,-3.33980626841796,0.00513635532757561,-4.63790427899697,-0.11039143201824
2024-04-29,3.97000094419146,7.56414154396474,-4.00237311236129,-3.50401908912427,0.0024088524661785,-4.24227441809037,0.212115278953561
2024-04-30,4.35520347505877,6.89187296423211,-4.63581850967548,-3.24041346558505,1.16391375727765,-4.82893351346712,0.294175292159137
2024-05-02,5.11037711769581,7.68397227945319,-4.37346012919399,-3.03583768238764,-0.573993040048002,-5.18828635999041,0.37722781447105
2024-05-03,5.80214424207531,9.14198266818575,-4.48884338041045,-2.86551406596131,-1.97556709566618,-6.17425007087258,0.560047702649467
2024-05-06,5.92360916998049,9.4976707613538,-4.3023717101879,-2.25997366501165,-1.89116901801328,-7.45066160113826,0.482896063016817
2024-05-07,6.33085987158873,8.94866888507097,-4.5690901940261,-2.07385084718774,-1.70319832628842,-7.38760811212518,0.454218722967749
2024-05-08,5.81408698003942,9.17036479107271,-4.89498027830779,-1.59299864304321,-1.79732048060733,-7.5195547829117,0.820402413757916
2024-05-09,5.92734153000253,9.51627675597621,-5.2562223327877,-2.04930770867027,-1.86996622062628,-7.34270239504914,1.07458037115465
2024-05-10,6.25311854415714,9.77518537326697,-4.76247991574898,-1.45176820154634,-1.86196393207334,-8.84523909799895,0.893147229943491
2024-05-13,6.29427495174852,10.2666323568568,-4.47491456209931,-0.69039304080529,-2.37428340732986,-9.50360198187445,0.482285683503601
2024-05-14,6.19336792715913,10.4844551652902,-4.77514423161588,-0.582560370243034,-2.53165585422203,-9.26097650928008,0.472513872911671
2024-05-15,5.65463751427433,9.92130381845541,-4.45800113242668,-0.12207977834953,-2.68122996438934,-8.77253245156794,0.457901994003759
2024-05-16,5.57766925330737,9.69584570625968,-5.03071358461419,-0.267449172574086,-2.56336542942506,-8.10369491746148,0.691708144507764
2024-05-17,5.63839113709088,9.89314744005802,-5.36845560012742,-0.316942276080802,-2.70417224614145,-7.85429570164108,0.712327246841852
2024-05-20,5.8866109288131,9.33831052432939,-5.12594859996797,-9.07452963083699e-05,-2.87731537369402,-7.85604667981698,0.634479945632796
2024-05-21,5.37070209692377,9.45989154394113,-4.66172499970515,0.451433076722054,-3.39535654961312,-7.78809782931238,0.563152661043699
2024-05-22,6.82026280434448,10.6145592415171,-4.65059898820531,-0.738699977068141,-3.44939445900818,-9.17096724296495,0.574838621384988
2024-05-23,5.80138890563895,9.39850556140649,-3.98769889032334,-0.326297599628329,-2.91294829242911,-8.65448799437403,0.681538309709349
2024-05-24,4.8471667528536,9.07899107949911,-4.25512759942803,0.457226047376921,-2.68544610674794,-8.2223429130251,0.779532739471426
2024-05-27,7.02697055606519,9.58408360510511,-4.64481117967402,-0.38753682847382,-2.52096818159699,-9.71260777010663,0.654869798681158
2024-05-28,7.63626692519134,10.0624223686188,-5.18334284405996,-1.09121214503694,-1.81878089173383,-10.2032326654857,0.597879252506319
2024-05-29,8.11448453600853,10.1004632772331,-5.0919435063619,-1.13951561701559,-2.05947526246494,-10.5149928018392,0.59097937443995
2024-05-31,7.85650898474426,10.3035613318785,-4.50569504950995,-1.48549938912315,-1.19635117208836,-11.2539784546249,0.281453748723573
2024-06-03,7.54166930348122,10.6038044308251,-3.86004965897466,-1.07121085282146,-1.86743875452003,-11.133919287205,-0.212855180785255
2024-06-04,8.0338989705297,10.978630980861,-3.79114532325581,-1.37289896927565,-2.04385048992625,-11.8648636518417,0.0602284829087747
2024-06-05,8.37875095484209,10.9245840874178,-3.86739693888116,-1.45387703117047,-2.35606795801073,-11.7719152841222,0.145922169924647
2024-06-06,8.76381759942464,10.404502432447,-3.72895150064765,-1.22051850086714,-2.31461017620133,-11.939159480261,0.0349196261054665
2024-06-07,9.64652439072809,9.63645614506621,-3.48472481429219,-1.47682419246982,-2.18388351932419,-12.3013250550861,0.163777045377966
2024-06-10,9.03612109240424,10.0926628780338,-3.71729981495158,-1.17381172163571,-1.87795797128117,-12.5614019677555,0.201687505185889
2024-06-11,8.63613728514757,10.294569342249,-3.50765125019092,-1.32344795084157,-1.73015116587093,-12.5903931131135,0.220936852620397
2024-06-12,9.51592570631833,9.61210836564179,-3.59766094066979,-1.49234837357453,-1.75169018910248,-12.4840903606845,0.197755792071126
2024-06-13,8.80839261632667,9.79295634995822,-4.00724519071318,-1.46437073256079,-1.40886457500671,-12.1065312836757,0.385662815671479
2024-06-14,9.14318357146186,9.96051196239719,-3.52436264695183,-1.20213060579953,-1.32061168571433,-13.5527393883507,0.496148792957364
2024-06-17,8.86830833977982,9.91352646208754,-3.50849798742826,-1.17287722225251,-1.70011304722264,-12.8038649622741,0.403518417310123
2024-06-18,9.49800045058331,9.88507087786656,-3.60739531775573,-1.16404053969179,-1.62840341872355,-13.3640641309281,0.380832078649295
2024-06-19,9.65617332107553,10.061597082534,-3.69892783237393,-1.4975606989817,-1.71039421079464,-13.367990803615,0.557103142155652
2024-06-20,9.70824358073722,10.2323161981701,-3.99840026214707,-1.66194343073843,-1.55003427834747,-13.3518231841554,0.621641376481044
2024-06-21,9.10405574806354,10.3232206213985,-4.0941566777678,-1.34395163226493,-1.05014162893612,-13.3763030552831,0.43727662478987
2024-06-24,9.63862039375142,11.0425797385069,-3.90917808150865,-1.46795150038573,-1.36803807312194,-14.2486261559608,0.312593678718777
2024-06-25,8.16974839982919,12.5117203870571,-4.30517286445201,-1.56666511093432,-0.928588958527598,-14.1940504253675,0.31300857239513
2024-06-26,8.71690489652944,11.6710617046364,-4.17074152059761,-1.1301516116576,-1.10275748011993,-14.2709484705813,0.286632481790608
2024-06-27,8.59712976870997,11.867491303111,-4.03085312110232,-1.43445872940497,-1.05656533941352,-14.2147901713083,0.272046289408117
2024-06-28,8.66464180066772,11.8149809269687,-3.80047997174481,-1.30491939854295,-1.49514165746766,-14.2120491125785,0.332967412697563
2024-07-01,8.70175769406674,12.2783128382436,-4.09314832612839,-1.32568865460336,-1.47426520230481,-14.5230333461195,0.436064996845671
2024-07-02,10.4970767210896,13.1893489517967,-3.23426522133331,-1.11064586709546,-4.82691039654258,-14.8275566656542,0.312952477739255
2024-07-03,10.5119219599572,12.8361119685808,-3.37448657592251,-1.30016778645458,-4.23587221289056,-14.9355009086689,0.497993555398558
2024-07-04,9.8928730703727,12.3958272161702,-3.23870622315541,-1.37786959558126,-3.50159351874108,-14.5553990744661,0.384868125400903
2024-07-05,9.98776072181683,12.6386817468294,-3.33437629562279,-1.81902179149882,-3.29408778475981,-14.5555933915575,0.376636794792681
2024-07-08,9.82402311667398,12.6047986178969,-3.51537047919854,-1.86000333888801,-3.01721121041079,-14.46483844731,0.428601741236442
2024-07-09,9.32696723205919,12.6458201691517,-3.64745423455382,-2.12953986481429,-2.87796053145461,-13.7733109868587,0.455478216470535
2024-07-10,9.3566270887478,12.5248960731648,-3.43596293029211,-2.3520945908982,-2.68219443346575,-13.8816363289647,0.470365121708149
2024-07-11,9.29165709465431,11.8237191536044,-3.32714686870368,-2.51650088619828,-2.49231464972853,-13.5977727927432,0.818358949114984
2024-07-12,12.1661480565175,11.4973123466795,-4.0991203619397,-2.95936796671503,-3.21192027757526,-13.5955889682401,0.202537171273118
2024-07-15,13.0546798742265,12.2371854643434,-4.95874265308648,-2.06375328255763,-4.38599807488043,-14.0248208665189,0.141449538473594
2024-07-16,13.1629076026417,12.8092801753442,-6.23852766626493,-1.41326308472702,-5.10134284850956,-13.2253685447205,0.00631436623606874
2024-07-17,13.9451533380934,12.0704679282272,-5.89811931935119,-1.83785579528277,-4.90453887372828,-13.4020295028907,0.02692222493231
2024-07-18,14.1244026663211,12.0862384914761,-5.58496419499641,-2.1754736049375,-4.4855502972267,-14.0060474040895,0.0413943434528328
2024-07-19,14.3480970853026,11.3433688764699,-4.98835088415738,-2.01215227549426,-4.9825808453193,-13.3352852820426,-0.373096674758909
2024-07-22,14.2089508038487,11.6176000488698,-5.46511395823094,-1.61356257403206,-5.31134177439879,-12.9846118335474,-0.451920712509317
2024-07-23,13.9100782107685,10.8869669119893,-5.86548606923785,-1.15384136942692,-4.82372035176358,-12.2733786518209,-0.680618680508559
2024-07-24,16.4241115474208,9.76022343282282,-5.45585981194059,-1.07115559192617,-2.7951929917175,-15.2962476985966,-1.56587888606281
2024-07-25,16.575897493247,9.9283396574881,-5.94953847997114,-1.2197431717573,-3.14301159380406,-14.2087407030133,-1.98320320218935
2024-07-26,16.0081844625864,9.31439029431164,-4.76288589948605,-1.30684762705538,-3.41814111210132,-11.4764473243539,-4.35825279390146
2024-07-29,17.279519819074,9.63923253698075,-4.69940956188692,-1.58547745671903,-3.75390007882412,-12.473755591078,-4.40620966754662
2024-07-30,17.6767649114045,9.38080736883713,-5.04664629878937,-1.54852161537469,-3.5026236626152,-12.4472339091031,-4.5125467943593
2024-07-31,17.754229179058,9.04852355964287,-5.40784147419909,-1.49478338816437,-4.12082720351955,-11.6798165945958,-4.099484078222
2024-08-01,17.5297151658766,7.76420196477913,-5.4832200835675,-0.848234552750061,-4.67259736621612,-10.4291732270942,-3.86069190102787
2024-08-02,16.9238634089351,7.15876381009145,-5.03462350465492,-1.12626111510028,-4.57320714834123,-9.92570652942599,-3.42282892150414
2024-08-05,15.756346242509,8.15967240005148,-5.11153110493927,0.184591452069327,-4.00548984855011,-10.8536542378544,-4.12993490328606
2024-08-06,15.4607867577775,7.51331936391211,-4.87388092250345,-0.0652348603189346,-3.03216059571783,-10.8504722501103,-4.15235749303914
2024-08-07,14.5790094317966,8.64755899223093,-5.08587454672133,-0.768182477609795,-2.49289012460101,-10.5714033215464,-4.30821795354901
2024-08-08,13.1668239259623,9.02225872256194,-4.76915429164014,-2.5318582508536,-1.74199631326595,-9.18695118408342,-3.95912260868118
2024-08-09,12.1240406366253,7.75894949877838,-4.34249281136625,-2.91960544799567,-0.622075989184257,-8.01402388886477,-3.98479199799274
2024-08-12,12.3488143950601,7.65987480743825,-4.41721969395027,-2.91646673999959,-0.524445594886242,-8.34589248658065,-3.80466468708163
2024-08-13,12.4140455766793,7.62607816145208,-4.25836764923093,-2.97189638896168,-0.333334413214597,-8.5262049040151,-3.95032038270908
2024-08-14,12.4228315015525,6.62878954409796,-3.91670179471646,-2.75671036793537,0.127156086491652,-8.49155906417905,-4.0138059053112
2024-08-15,12.1712426502095,6.72902285297705,-3.82961397772912,-3.33711095738017,0.432362418827509,-8.21563959863673,-3.95026338826805
2024-08-16,10.2332087624101,7.43240223844325,-3.86260489221496,-3.42072215185588,0.142135133863604,-6.98919299227185,-3.53522609837423
2024-08-19,9.74275699272501,8.10138187190986,-4.20098980346668,-3.22133975509702,-0.304254585456647,-6.4026173265689,-3.71493739404563
2024-08-20,10.2452496209323,7.60216636363948,-3.34400373560159,-3.75189592773985,-0.651114938617972,-6.52731570513703,-3.57308567747534
2024-08-21,11.2888461060721,5.87037379903187,-3.07760851000591,-3.77762518347708,0.306963770157957,-6.72553943496734,-3.88541054681162
2024-08-22,10.0621599566529,5.58059545159,-2.32407792159979,-3.25470766278344,-0.133627092682083,-6.29826178422748,-3.63208094695007
2024-08-23,10.8868188708516,5.18247391030508,-1.7604144545339,-2.82584996677454,-0.716364450202573,-7.00820957318574,-3.75845433645994
2024-08-26,9.33362473597814,6.33816012150233,-2.48776328598937,-2.73662883116682,-0.371759222595067,-6.46360725540055,-3.61202626232867
2024-08-27,10.0137027518319,6.05908071340235,-2.01988504613831,-4.21323616238197,0.703803331307068,-6.53517536214132,-4.00829022587967
2024-08-28,10.5651663475909,6.57583954184977,-2.5886237495284,-3.52527744469116,-0.283179230798869,-7.30133370459067,-3.44259175983152
2024-08-29,10.6081997091489,5.65154373557908,-3.04609670395996,-2.61102891315596,-0.382618865702767,-6.86720667929927,-3.35279228261002
2024-08-30,10.5476678154891,5.98982857442817,-3.35353246633791,-2.72059236323366,-0.433349954731778,-6.63578021884805,-3.39424138676589
2024-09-02,10.484560815378,5.91247786921367,-3.15275722685741,-2.99442430972453,-0.331668554725304,-6.62452715164457,-3.29366144163982
2024-09-03,10.4474698753831,5.89250749403887,-3.00853741970761,-3.38706562830501,-0.734147333152723,-6.0915847243176,-3.11864226393907
2024-09-04,10.5063243627034,6.31649725229042,-2.84441790996025,-3.64967484464797,-1.29538436408497,-6.00882635443077,-3.02451814186989
2024-09-05,10.6598235106462,6.93471657847747,-3.4428415936696,-3.73726677929587,-1.06942885196802,-6.35649732946174,-2.98850553472845
2024-09-06,10.8501745629033,6.79968194012709,-3.34209602655113,-3.70719538845341,-1.08831392101819,-6.45187207515326,-3.06037909185442
2024-09-09,11.4263511898092,6.61441841153513,-3.74723663935526,-3.62234435107745,-1.02786799773619,-6.68062392066667,-2.96269669250871
2024-09-10,11.2722726742772,6.56227147422339,-3.55374738726013,-3.6956017243352,-1.08789598379904,-6.60288454100453,-2.89441451210171
2024-09-11,12.110984813892,6.43462698623274,-3.92966219788784,-3.64115248294852,-1.11368193249243,-6.87185998171366,-2.98925520508228
2024-09-12,12.224325285773,6.81518966760839,-3.88841546731581,-3.52138090636486,-1.28825032464828,-7.31833597616609,-3.02313227888639
2024-09-13,12.4718256854585,7.19905312050128,-3.7296926311828,-3.54474163233803,-1.87658042787849,-7.00094966687242,-3.51891444768808
2024-09-16,11.90338777988,6.28102443035186,-3.63469700257683,-2.62074385412118,-1.55349794747271,-6.93955096298607,-3.43592244307509
2024-09-17,12.0396896544286,5.85717829694205,-3.83575385295843,-2.96343428040778,-1.39538483085329,-6.21560528766113,-3.48668969949006
2024-09-18,12.0660822626834,6.02776602565879,-5.05217800127077,-2.06896354984496,-0.496395277481152,-6.76963700667026,-3.70667445307507
2024-09-19,11.6527937959512,6.10650521700118,-4.16866408361059,-2.76099748368803,-0.303795835164969,-6.84739824243612,-3.67844336805263
2024-09-20,11.7711692201149,6.40425983348184,-3.61121254805504,-3.9656227243409,0.224537854502916,-7.15911736349754,-3.66401427220616
2024-09-23,11.6563511798138,6.24870702232787,-3.36914022499678,-3.30690180424528,0.138499812266879,-7.77976908709394,-3.58774689807252
2024-09-24,10.8406847899366,6.29476301446371,-3.28968659500692,-2.98400291086114,0.752753055647478,-8.16630695921118,-3.44820439496859
2024-09-25,11.8361956831908,6.38494316338379,-1.79168195987125,-4.66733860851937,0.62481659907764,-8.41849279919027,-3.96844207807129
2024-09-26,10.2824846392,6.96465933699469,-1.56121342316382,-4.63021522181269,0.729010721352651,-7.78559704188217,-3.99912901068861
2024-09-27,9.26007303932101,7.53641662952332,-0.990254047643926,-4.84775214951761,0.822441947732703,-7.95269583876177,-3.82822958065372
2024-09-30,8.83701511783035,7.51644324698398,-0.502871397075939,-5.23562589374305,1.38114709921168,-8.15037473530635,-3.84573343790066
2024-10-01,9.91203154645802,7.36094895755664,-0.240455407672712,-5.4177176854133,2.45990960073157,-5.45117291167329,-8.62354409998693
2024-10-02,10.1665915251135,8.04309401294002,-0.953510516614198,-5.85614703566889,3.05540196611475,-5.63348754104693,-8.82194241083822
2024-10-03,8.45369193177818,7.05957667119146,-0.548000177586033,-6.02841526595398,1.90654147213341,-5.21221010693929,-5.63118452462376
2024-10-04,7.65863172545408,5.49214426816263,-0.703744658181353,-6.04448440204499,2.38395174639811,-3.72558382903535,-5.06091485075312
2024-10-07,7.30435328856473,5.40354541428842,-0.70968360046238,-5.61099118266952,2.34677023964775,-3.35478230861265,-5.37921185075635
2024-10-08,6.42323978304101,4.8526088154829,0.122673803177168,-6.05527368294342,2.30324942272784,-3.00774470452931,-4.63875343695618
2024-10-09,7.80991946431082,4.7308255406444,-0.316794580008324,-5.39999617330485,1.86693622230869,-3.28960326813113,-5.40128720581959
2024-10-10,8.22430179688408,4.5552238385287,-0.406806947979891,-5.3926550037707,1.70370417369038,-2.80013355516514,-5.88363430218743
2024-10-11,8.37745855020922,4.44940437252229,-0.665729404210541,-5.31812312982976,2.08300289179811,-3.54281499464654,-5.38319828584278
2024-10-14,8.44320887936233,4.253926293643,-0.609266900060742,-5.09591218903253,2.10458297572945,-3.95874182312662,-5.13779723651489
2024-10-15,7.91680633095028,4.41993755852972,-0.808388719140453,-4.70995432534453,1.98118233650811,-3.84173610282627,-4.95784707867685
2024-10-16,8.11228997435546,3.77662828824611,-0.848486695391994,-5.0322956126104,3.42973007400295,-3.9636883266147,-5.47417770198744
2024-10-17,8.42626314644177,4.33066524061757,-1.53822476824371,-5.2906930639627,3.28413022248296,-3.94136462943081,-5.27077614790508
2024-10-18,8.5915668666245,4.55056946636095,-1.59923990591826,-4.91477213805532,2.98144617663601,-4.39488330999534,-5.21468715565255
2024-10-21,9.72517734688368,4.75003765117274,-1.64553785263891,-5.36161437930304,2.41929443243249,-4.42946242439203,-5.45789477415494
2024-10-22,9.67207329892243,4.48985964394744,-2.32916137452067,-5.32075463110116,2.85660341200701,-4.69282885324217,-4.6757914960129
2024-10-23,10.9295342519153,3.76032519546513,-2.25983380567407,-5.25036119375424,2.69477426313323,-5.0417629851281,-4.83267572595726
2024-10-24,11.4125666922709,3.52704322551203,-2.04330622054235,-5.33447871349728,2.64982467671804,-5.33197815764991,-4.87967150281138
2024-10-25,12.3393039144749,3.11437691455346,-1.79094607664573,-4.94570683030787,1.84592014412057,-5.63208423143151,-4.93086383476379
2024-10-28,12.2262567714488,3.33280922892757,-1.72683737479019,-4.88029276941224,1.70102043214377,-5.66634060931723,-4.9866156790005
2024-10-29,12.5196230872292,2.5567439771183,-0.680337103198475,-4.52657439641604,0.855117747467556,-5.56230350688913,-5.16226980531146
2024-10-30,12.8944552224531,1.7781349808505,-0.981706536088062,-4.69613073189668,0.611893353350769,-4.4154251138055,-5.19122117486413
2024-10-31,13.40310516919,2.41298307352452,-1.44826478153546,-4.18057933683154,-0.503245926077348,-4.19837633596721,-5.48562186230301
2024-11-01,14.721080464097,1.26314316569166,-1.0274192441972,-4.20582674277088,-0.019752382918174,-4.25197213643778,-6.47925312346461
2024-11-04,14.7789394976434,1.55551421860532,-1.48871545936944,-3.6053616268302,-0.146541205892785,-3.8690648843574,-7.22477053979895
2024-11-05,13.9741255650711,1.57612951012306,-0.3523224110778,-4.10975443599423,0.342442901818096,-4.04437659118284,-7.38624453875734
2024-11-06,15.2203604251849,1.10445880638412,-0.431045636443471,-4.04445767537394,0.150910451220309,-4.50567120443543,-7.4945551665365
2024-11-07,15.1936142856034,0.885696721403818,-0.958608551773995,-4.47226834154769,1.26551911446001,-4.50800457831859,-7.40594864982689
2024-11-08,15.0226748029743,0.828609813494481,-0.569766513147908,-4.72019608787303,1.1443948488471,-4.41218555108118,-7.29353131321379
2024-11-11,13.0053479482929,1.43015965097968,0.572522232716302,-4.63081107743592,0.700046896852658,-3.72854121775474,-7.34872443365092
2024-11-12,12.7920446467289,1.54979324429621,0.201687897728977,-3.51347115095248,0.3966495809712,-4.00475209079455,-7.42195212797829
2024-11-13,12.7675682935498,2.55110759294089,-0.31209795091948,-3.99216999219902,-0.121323669716539,-3.48091173484429,-7.41217253881133
2024-11-14,11.0520822578596,2.34739717057936,0.147725015066591,-2.38515244177736,0.0974887051540634,-3.66233134269725,-7.59720936418505
2024-11-18,9.93105254306312,1.47396951146059,0.580816615336019,-2.0620038196445,0.713024555105491,-3.62086002176195,-7.01599938355877
2024-11-19,9.16995806291766,3.3717660309608,0.169203039944694,-2.43740235726068,0.235895075729978,-3.44332079059971,-7.06609906169274
2024-11-21,9.12690192728697,3.79937003452132,0.125814397995974,-2.4299608212929,0.151805290787507,-3.24426760905382,-7.52966322024505
2024-11-22,9.5027847379305,3.57862738923121,1.21456167976433,-2.66056949339169,0.208556477269966,-3.74590020526691,-8.09806058553742
2024-11-25,9.61512544516196,3.48019232516192,1.25512955454002,-3.17524349939499,0.251369167187537,-3.43965943316775,-7.98691355948869
2024-11-26,8.770221708996,3.69478215895709,0.985123370483997,-2.09045753866378,0.118920869956124,-3.67670317075804,-7.80188739897138
2024-11-27,10.041723180557,3.06227692125064,1.07988555861144,-1.81043109912486,-0.267353060628114,-3.95099961582832,-8.15510188483785
2024-11-28,10.2837033289808,2.66704018819782,1.12774282874446,-1.31498703079141,-0.634881576418238,-4.23715905839477,-7.89145868031869
2024-11-29,10.0907725947864,3.69063550388765,0.958526935128965,-0.272045541658287,-2.12685597708582,-4.52896631576314,-7.81206719929572
2024-12-02,9.45941197317594,4.18325226174711,0.727966739986396,-0.547506615414889,-2.2702280444145,-3.21380630450754,-8.33909001057252
2024-12-03,10.3600643104385,4.2708422881382,1.44837534923244,-2.11410271125517,-2.45195510125848,-3.04435118552854,-8.46887294976693
2024-12-04,9.64373711107523,3.99314993042843,1.42744143300103,-1.4159747256987,-2.62639016502242,-2.41690869207864,-8.60505489170493
2024-12-05,8.98308042328325,4.21569540051875,1.5384009937018,-1.49167671060461,-2.04232330963553,-2.40917794565539,-8.79399885160827
2024-12-06,9.28972635831157,3.71943949423614,1.84077855202952,-1.32462028165011,-1.8123844804247,-2.59372243796715,-9.11921720453527
2024-12-09,9.14160194679192,3.79883558133036,1.3481841387873,-0.872948115296008,-2.15675304283604,-2.12378590939964,-9.1351345993779
2024-12-10,8.15340786989617,4.14258987454893,0.941577403559535,0.34947962642919,-2.24834962342511,-1.94904562257618,-9.38965952843254
2024-12-11,7.41667214532149,4.68153902626195,0.653884689430278,1.47338516040292,-1.98454712542184,-2.23618379945163,-10.0047500965432
2024-12-12,7.4541890582029,4.90223837872181,0.544605620259802,1.37690506275949,-2.23931715308284,-2.2729919572877,-9.76562900957346
2024-12-13,8.41337963916219,4.68543416202488,-0.39410108953086,0.282415681863114,-0.959596521524361,-2.79503569396051,-9.23249617803445
2024-12-16,8.42168057061106,5.21486707797939,-1.10878292639123,0.318367388890511,-1.17848772945908,-2.44247708288856,-9.22516729874209
2024-12-17,7.77986830285257,6.46547083761591,-0.364356874023969,0.025357452227972,-1.51604384191664,-2.42836382908496,-9.96193204767088
2024-12-18,7.96663766439989,6.64861737898404,-0.6147549637498,-0.311683924429701,-2.00754390725291,-2.57818071416542,-9.1030915337861
2024-12-19,8.04862079252488,6.62572154366063,-1.34554244067326,0.323386614973735,-2.39945557741047,-1.63887546632627,-9.61385546674926
2024-12-20,8.6724834008553,5.76514004224137,-0.523842721766162,0.155915923214177,-2.59143296256679,-2.14261611364418,-9.33564756833371
2024-12-23,7.87515242639579,6.67853242092951,-0.591905051981808,0.207722774655089,-2.69422568257205,-2.15990931238052,-9.31536757504601
2024-12-26,7.92959029518033,6.37957977197992,-1.34538508047493,0.607756172376767,-2.78151206334169,-1.83949114209978,-8.95053795362062
2024-12-27,8.80441272766656,5.64611568298719,-1.23212113187719,0.65148287088973,-2.66411259657366,-1.92288965633776,-9.28288789675487
2024-12-30,10.0630890136004,5.90134349498661,-2.04790705564742,0.991672851389911,-2.85552213968201,-2.41033456802328,-9.64234159662425
2025-01-02,9.20359520749474,6.4572816472668,-2.47939410826459,1.31651734266727,-2.56509362836909,-2.42691187292261,-9.50599458787251
2025-01-03,8.68989585890615,4.46068545920102,-4.11924695000716,-1.6063037844229,-5.59222860887206,7.30229594556362,-9.13509792036869
2025-01-06,8.16336345424406,5.54184294975726,-3.02685717058298,-0.845333147355706,-4.66621665698438,-2.47542337593918,-2.69137605313908
2025-01-07,8.70946716750968,6.03452342415714,-3.31640833397436,1.25942509378541,-2.46761648887684,-7.61210258670559,-2.60728827589545
2025-01-08,8.69541366206469,6.01112546949985,-3.83800457882516,2.39857352117883,-2.81077930355913,-7.68177345793381,-2.77455531242526
2025-01-09,8.24104142226666,6.93502290011789,-2.59758740913152,1.6918513584534,-2.9006538780991,-7.57938616597798,-3.79028822762936
2025-01-10,7.05468234108374,6.01773562049839,-4.03328025437902,3.28200747160941,-0.984289052243675,-7.27530461222813,-4.06155151434072
2025-01-13,6.86701860935175,6.07834985949773,-4.20221801193138,3.23759679623473,-0.589650863757154,-7.51645524193062,-3.87464114746506
2025-01-14,6.78798216552992,6.36136349290745,-4.09161297176235,3.00201235236046,-0.659459223559143,-7.51608626948139,-3.88419954599495
2025-01-15,7.42905297772342,5.82824289750786,-4.18625392605769,4.16895708946378,-0.760171857817713,-7.77661121861862,-4.70321596220105
2025-01-16,8.14221102494428,6.65660739873002,-4.3757026078692,3.04258939878148,-0.946073975511005,-7.67556296903351,-4.84406827004206
2025-01-17,8.44362387968725,6.98850227244099,-4.60209515751515,3.38552888968133,-1.14775161394983,-8.05216074802056,-5.01564752232403
2025-01-20,8.84621297424434,6.97962317734749,-4.22253368472616,2.77693488755587,-1.25085280689687,-8.00916037469691,-5.12022417282777
2025-01-21,8.75564641940347,7.30756169541103,-4.51884133915579,2.86748340186888,-1.23560442738079,-8.11224341666971,-5.0640023334771
2025-01-22,8.50504647983093,7.16154757362564,-4.27066263909895,2.60051003711295,-0.95488885936555,-8.0422360990158,-4.99931649308922
2025-01-23,8.37110912140552,7.41382860510343,-3.97057009538081,2.51993185467254,-0.935535801796632,-8.11241706651738,-5.28634661748666
2025-01-24,8.80670453517279,7.20852587234386,-4.41117484925551,2.95380706638834,-0.719058414144804,-8.27576527182238,-5.5630389386823
2025-01-27,8.48744756946132,7.49947466521849,-4.57139603971949,3.38398855042165,-0.672973143273911,-8.33210185826874,-5.79443974383932
2025-01-28,8.44400121505529,7.16244375413348,-4.7806192179932,4.20943847382976,-0.943951288639958,-8.45563007509624,-5.63568286128913
2025-01-29,8.01059949923286,6.71747099219311,-5.07146076353693,5.04301099077069,-0.467381438693035,-8.43991614744692,-5.79232313251978
2025-01-30,8.09059550140336,7.41109646268498,-4.02588705895345,3.52576889191076,-0.885774743062253,-8.34514501855312,-5.77065403543026
2025-01-31,7.89651979877961,7.47325459017912,-3.91190092211138,3.91513265863321,-0.996512278753606,-8.32339529255169,-6.05309855417527
2025-02-03,7.43834679112894,7.53123496661525,-4.1538408700146,4.2774636572661,-0.888536546623762,-8.28638408379567,-5.91828391457627
2025-02-04,8.21654296713623,7.42552972785783,-3.76974007312707,3.28110700301217,-1.36705247707253,-8.1549667402959,-5.63142040751072
2025-02-05,9.42001527914636,8.47478326450958,-3.361645665948,2.18153735177676,-1.82385002171904,-8.94998649436464,-5.94085371340102
2025-02-06,9.27047348180696,9.45013118380643,-3.40353304980163,2.77883348095719,-2.50020902486044,-9.03459904541967,-6.56109702648884
2025-02-07,9.52293741957104,8.95513782967092,-3.69621374209215,2.14453577289683,-2.00032952522051,-8.62883401008349,-6.29723374474263
2025-02-10,8.37708635974407,9.010560108375,-3.28739269332216,1.14798951517278,-1.01860920055265,-8.0958639779877,-6.13377011142934
2025-02-11,7.98000313835193,9.7057403943253,-2.89761158484421,0.516868705168285,-0.748868988222217,-8.16912292422268,-6.38700874055641
2025-02-12,6.25102317058626,9.84399419983321,-2.9590912590581,1.75914127880235,0.051551639289805,-7.95124730059022,-6.99537172886331
2025-02-13,6.7490546462853,8.97864965666261,-2.45578680050659,2.4998973378987,-0.0498884192480382,-8.47796692428387,-7.24395949680812
2025-02-14,6.66927864465266,9.15098736389459,-2.52218432617206,2.33578020903974,-0.0682558576400041,-8.24691664124902,-7.31868939252591
2025-02-17,6.26731921033585,9.41949551979337,-2.60267560286841,2.02333862294964,0.207118270639619,-7.94481815864948,-7.36977786220058
2025-02-18,5.40191832084501,9.78133442010653,-2.43400885653213,1.41887134461729,0.468948424480288,-7.8102854728699,-6.82677818064709
2025-02-19,5.53187302281439,9.88875115383622,-2.91617597636751,1.43428788666911,0.318238432042342,-7.83155160803602,-6.42542291095852
2025-02-20,5.26803603620499,9.42906227534031,-2.61394473121975,1.55354689663746,0.741531277973319,-7.72734610181389,-6.65088565312243
2025-02-21,5.116561668968,9.10143508794889,-2.41400631830708,1.72224721771187,0.863711099977117,-7.58616038286291,-6.8037883734359
2025-02-24,5.16559776634901,8.82261081714246,-2.21355341638698,1.42569969502344,1.00805146996666,-7.45178178594998,-6.75662454614462
2025-02-25,4.42619666483589,9.21368925863968,-2.35198385409981,2.0383103621198,0.968062495252276,-7.61969992389352,-6.67457500285431
2025-02-26,4.80374693123591,8.81323924730435,-2.42724355121211,2.1186827013796,0.888702660179995,-7.62078683368426,-6.5763411552035
2025-02-27,4.67584726796668,8.81644414959142,-2.49358164132876,1.99344272006658,1.06539481468969,-7.59918095758743,-6.45836635339819
2025-02-28,4.81987623910114,9.09903241685766,-2.16882883727903,1.62090344961176,0.892178135891541,-7.59556352868961,-6.66759787549346
2025-03-05,5.09576799824748,9.08976653352496,-2.12203975410825,1.7714072596433,0.808345697984528,-7.76639253133468,-6.87685520395732
2025-03-06,5.63914272655197,8.4902006832004,-2.0152956297588,1.60323889026991,0.848649500559677,-7.55306137326642,-7.01287479755673
2025-03-07,6.14255914098102,8.56250380474176,-1.62479701954038,1.61031943545409,0.0426804342273996,-7.48606962830422,-7.24719616755966
2025-03-10,5.75672859880102,7.92249197804233,-1.52600722733798,1.61335304374684,0.332701087944855,-7.36309416290521,-6.73617331829186
2025-03-11,5.65900978325642,7.76144267015471,-1.57235580155187,2.01233141415046,-0.234024728981225,-7.44385065857999,-6.18255267844851
2025-03-12,4.69905351978262,7.09971707491373,-1.65621088218824,2.98598521564999,-0.185411322528083,-7.40212690858884,-5.54100669704118
2025-03-13,4.54100074534914,7.33981201000222,-1.25599492125142,3.02077146983454,-0.449602258447356,-7.36907757686395,-5.82690946862318
2025-03-14,5.01011125955037,7.53788566601177,-1.42819258246429,3.05151464107849,-0.116869426448041,-7.35378601240674,-6.70066354532155
2025-03-17,4.80392931629058,7.70860361951723,-1.50054392882015,3.33954158508404,-0.0934163138183948,-7.37771508672432,-6.88039919152898
2025-03-18,4.65248889635554,7.70783430924494,-1.85366356953494,4.01036177976604,-0.319310175224466,-7.24786143291623,-6.94984980769089
2025-03-19,4.26071226842808,7.64675822549663,-2.00351696948525,4.13199524357187,-0.396476037182921,-7.30184667893418,-6.33762605189422
2025-03-20,3.69094203582407,8.12491613852624,-2.67178336375569,5.53056904793903,-0.44379136812239,-7.39322901306823,-6.83762347734303
2025-03-21,5.28648019450406,7.91491918501347,-2.91446856761335,4.55787464698832,-0.194889661098614,-7.63057670618133,-7.01933909161257
2025-03-24,5.7014055279879,7.02081306045982,-2.58698901350705,4.35590870425909,-0.00391164678642753,-7.49769782002716,-6.98952881238618
2025-03-25,4.69044628162808,8.6612445849298,-2.24919540308703,4.22803844869511,-1.20388210834506,-7.23436009800101,-6.89229170581989
2025-03-26,5.14430444106428,8.35326236615926,-2.22778944371359,4.04557919608786,-0.958679178245248,-7.42285889369841,-6.93381848765415
2025-03-27,5.73749212067825,7.838356172734,-2.18576960330846,3.71497809657345,-0.81133258324439,-7.4754349761285,-6.81828922730436
2025-03-28,5.87060753701608,7.15027696239265,-2.15124344725379,3.9233809365489,-0.612530973547109,-7.42769388659006,-6.75279712856668
2025-03-31,5.50853712649126,6.91895306702102,-1.9970961496312,4.39541948526388,-0.441872161215599,-7.52941191364872,-6.85452945428064
2025-04-01,5.16432881716528,6.47585066030542,-1.51310849092702,4.84923117812412,-0.52043717322616,-7.54859113030113,-6.90727386114052
2025-04-02,5.21806821963122,6.64306858338489,-1.30896576118926,4.51873520446177,-0.431050048720703,-7.67310756498874,-6.96674863257917
2025-04-03,5.32752042979147,6.3667854879138,-1.6599525085211,5.74762547944935,-0.635577892497857,-7.83385885341107,-7.31254214272459
2025-04-04,5.12862340881805,7.24382954800222,-2.25159411119888,5.98166763386898,-0.536007930726022,-7.89608202908338,-7.67043651968096
2025-04-07,7.71624610739828,6.45531893110621,-3.15217877107087,7.7158846498684,-1.72118493039868,-8.32264875437618,-8.69143723252716
2025-04-08,7.0464973671336,7.95542572606261,-3.46470040469093,7.12889505259971,-1.57285530815957,-8.49126054866734,-8.60200188427808
2025-04-09,8.12801989284065,7.16071280856884,-3.07023857181646,9.4939612732328,-2.46093653576366,-9.17675576395799,-10.0747631031042
2025-04-10,7.46075956735142,6.96199078903673,-3.46061796866451,9.05013375917675,-1.37390762769081,-9.23229030860187,-9.4060682106077
2025-04-11,6.04155019013061,6.6067410462505,-4.08707312981696,8.91059295345503,-0.321274311086412,-9.45498568293414,-7.69555106599861
2025-04-14,6.49193669287151,6.12157984249459,-4.54053722117968,7.60889456131561,0.990094895800567,-9.39168380252622,-7.28028496877638
2025-04-15,6.48837885528852,6.42759664963602,-4.14590200804201,6.5518846028703,1.09240341665508,-9.07106890783087,-7.34329260857703
2025-04-16,6.38117478795912,6.86602371008116,-4.06819141993828,6.81273974180156,0.47283465395418,-9.16572784516528,-7.29885362869247
2025-04-17,6.71943953560361,6.55771514728271,-4.18235768252053,6.18201113065242,1.20061959703408,-9.12656062433729,-7.35086710371499
2025-04-22,6.72753068617395,6.52273863637976,-3.93081992169652,6.47087603145163,0.605953166320973,-8.8901705809283,-7.5061080177015
2025-04-23,6.67402921912975,6.57286759498987,-4.00864053481057,6.90480679476155,0.740382032341863,-9.36723582833699,-7.51620927807548
2025-04-24,6.74069479496388,6.51591332018129,-4.45707516131981,7.2043793131954,0.871719267052718,-9.43359974464175,-7.44203178943172
2025-04-25,5.68219922983487,6.57627835392629,-4.17563132932078,7.65657220924662,1.14611341707028,-9.54094854280602,-7.34458333795127
2025-04-28,4.67176837761935,6.75352876633187,-4.3911507887085,7.88744024029452,1.77491160198936,-9.57851045461594,-7.11798774291065
2025-04-29,4.89092007113862,7.56340405973444,-3.58757086711032,6.53316032127555,1.40397121149786,-9.53068419712177,-7.27320059941439
2025-04-30,4.9253759629283,7.37963725874618,-3.30950889604421,6.65696601962204,1.26453410112499,-9.59339955950762,-7.32360488686967
2025-05-02,4.56735899374338,8.20147274516502,-3.46017792039418,6.84670518908075,1.32961263968854,-9.5868970448354,-7.89807460244811
2025-05-05,4.79031620596199,8.27417155682223,-3.92784994212363,7.10185161420745,1.227439159034,-9.57209992607357,-7.89382866782848
2025-05-06,4.13859000323049,8.89791430907628,-3.66912373949585,5.86627560957422,2.47303476169921,-9.5464336009074,-8.16025734317696
2025-05-07,4.5882914587561,8.08011109514679,-3.49992177702025,5.07117087379591,3.15767984562113,-9.34545497346835,-8.05187652283133
2025-05-08,5.22869376044942,11.0398070085242,-2.9366647137746,3.07117257372922,1.83034660257862,-9.89400081392946,-8.33935441757738
2025-05-09,3.40899461988596,8.89644413527451,-3.52415955216696,7.78488109744485,0.926793595834205,-8.22865797511349,-9.26429592115909
2025-05-12,4.16001771703169,9.37059991865248,-3.83848290706766,9.13499646718736,-0.062209550781013,-8.77329368185312,-9.99162796316973
2025-05-13,2.61895316373555,10.4191404226882,-3.77436607214003,9.15355472577185,-1.27158239331253,-17.5562416344219,0.410541787678852
2025-05-14,2.12382231817654,9.8856884524555,-3.64343596527429,9.62697822000941,-1.01709808804134,-17.3047542434409,0.328799306115116
2025-05-15,1.99511620217446,10.2551733981313,-3.50133277597723,9.61848152121397,-1.25618341496184,-17.5181542938818,0.406899363301115
2025-05-16,2.00540226006577,8.64860396581056,-2.95566253774032,10.2674619019685,-1.57699673303057,-16.8198599504206,0.431051093346596
2025-05-19,0.736452866397379,10.85158104785,-5.88775675397867,11.4133688068728,-1.6925434989914,-16.9035099403376,1.48240747218744
2025-05-20,0.481025208458853,11.1622123896699,-5.2022769428898,11.4436921765859,-1.83041640814054,-17.0163915903915,0.962155166707269
2025-05-21,2.25893420259022,11.0006151305574,-4.56295204407453,9.36986319902892,-3.05342572038444,-16.853934092907,1.84089932518938
2025-05-22,1.98585267041379,12.2031455131756,-4.72993532558009,8.55981163219711,-3.1175679659324,-16.9830934846827,2.08178696040869
2025-05-23,2.59530469952166,11.7634922700224,-6.56111490392906,9.82915792673035,-1.39891813474618,-17.814607839386,1.58668598178684
2025-05-26,2.08266974579801,11.2165923777906,-4.0269519718077,8.7148849395122,-1.50338602829317,-17.4680902297071,0.984281166707241
2025-05-27,2.29513421193379,11.2269511544832,-4.75204553247558,9.3799247450826,-2.10259246523204,-17.6760389542529,1.628666840461
2025-05-28,2.09291764688666,10.8365524277062,-4.35051439321749,9.28157639090526,-1.86609658122183,-17.6786886780392,1.68425318698038
2025-05-29,-1.83580933712168,7.7337492349963,-3.50056588188041,7.77714787588185,-3.90360997271331,-38.9297322311116,32.6588203119489
2025-05-30,-2.53702666192179,9.38958791747502,-3.40177633494536,7.16882176324209,-4.03771984660964,-37.2858002847686,30.7039134475283
2025-06-02,2.50562816871381,10.2549250361675,-2.63446439474674,7.82612749278387,-2.02971298230601,-9.0020154114726,-6.9204879091398
2025-06-03,2.62795471332114,10.9906429678611,-2.56408001987669,6.83031373777895,-1.52061480671696,-9.23303835324888,-7.13117823911868
2025-06-04,2.63859946809248,11.378938318236,-2.60184203432378,6.84896154838695,-1.61956144265037,-9.29726960569611,-7.34782625204516
2025-06-05,2.7503595891794,12.086139706474,-3.04908446219743,6.46448966932158,-1.74088400692743,-9.20011027404048,-7.31091022180964
2025-06-06,2.60090842860911,13.1339247220846,-3.79495018549054,6.60280477361385,-2.68642937105232,-9.0708050718739,-6.78545329589078
2025-06-09,3.22888338031195,13.2443188672418,-4.0974259917265,6.68325202182714,-2.90486782581797,-9.28740513957507,-6.86675531226134
2025-06-10,2.38308154751525,13.6659884397306,-4.39453608008886,6.77213662620747,-2.81658079179014,-9.22412052075199,-6.38596922082234
2025-06-11,2.88423690973296,13.2192452231854,-4.12091292234072,7.17180684434161,-3.38070481552458,-9.14003740964259,-6.63363382975207
2025-06-12,3.84602311315978,9.55874433295311,-4.36640728414008,9.27189278399149,-3.95137842533951,-8.88002655540201,-5.47884796522278
2025-06-13,2.04876076310682,10.6867285153803,-3.28253585244425,9.09934367539384,-4.40932574504646,-8.6515483497338,-5.49142300665642
2025-06-16,2.57552928949362,10.7894267363363,-2.55648619622952,9.18899130256515,-4.6426465995969,-9.43056149206474,-5.92425304050388
2025-06-17,2.39174258372059,11.245883370865,-2.75913320389789,8.29456291941407,-4.25464841662214,-9.40290862217328,-5.51549863130638
2025-06-18,2.62822518404175,11.1630528249999,-2.93962458253107,8.41845360531601,-4.07087408609649,-9.45035964965119,-5.74887329607889
2025-06-20,2.67991813558223,11.2206016427319,-3.33086371998534,8.11159799174963,-3.73199894905834,-9.34781058303033,-5.6014445179897
2025-06-23,2.29532120206979,11.3734195983337,-3.5558169064736,8.92407956670923,-3.61810437620462,-9.29018937524993,-6.12870970918456
2025-06-24,3.28142742236379,11.1353769560292,-4.21522491801757,8.98615294515808,-3.30279800891859,-9.37614175303398,-6.50879264358093
2025-06-25,3.17562621494762,11.7864786591411,-4.15232079541118,8.27578607125509,-3.10175912195945,-9.23222414844574,-6.7515868795274
2025-06-26,2.84983520715716,11.590061431195,-4.29342158993346,7.94814328033315,-2.63423396038778,-8.9422345370277,-6.51814983133634
2025-06-27,2.86643468383665,11.5259171844218,-4.33615796007916,7.95180789212812,-2.47539754431203,-8.97982212471183,-6.55278213128357
2025-06-30,2.91820458006214,10.8164985093604,-3.86862797085345,7.78397410320273,-2.47127734867363,-8.7790840684084,-6.39968780468975
2025-07-01,2.84918937102003,11.5824688531588,-4.13471554122486,7.44328132079529,-2.14311217421413,-8.90561258967152,-6.69149923986359
2025-07-02,2.57800617464618,10.731166388121,-3.46002658838058,6.96311633117897,-1.92308030072182,-9.36407830619805,-5.52510369864574
2025-07-03,3.20671775358825,11.2832613990898,-3.63632448347811,6.32903235205406,-2.69327258303467,-9.09869834452487,-5.39071609369443
2025-07-04,3.97131410382264,11.3360746797134,-3.78110756405307,5.59180612051776,-2.7787959285969,-8.80602445571334,-5.53326695569054
2025-07-07,3.98605958241984,11.265607856671,-4.13754202369284,6.24631306534291,-3.12030541359815,-8.8889969081711,-5.35113615897167
2025-07-08,5.03735497264621,11.1887772089499,-3.60853132356151,3.85478696946665,-2.49198158268694,-8.75154878701179,-5.22885745780249
2025-07-09,3.46133537194598,12.9856132073705,-3.77234676384288,4.89279308530299,-3.33283300592742,-8.70423788802287,-5.53032400682632
2025-07-10,5.00441566760588,11.6847707000045,-2.55114492969341,2.54085797505801,-2.65617298814693,-8.69261481046137,-5.33011161436665
2025-07-11,4.82964593791461,11.9581777668544,-2.35218126409502,2.13325179462391,-2.88538995272885,-8.81758262272336,-4.86592165984572
2025-07-14,2.56951169455824,11.7802521307738,-2.47835371389687,3.95902102907861,-2.76331354520923,-8.65362959624558,-4.41348799905895
2025-07-15,3.48638114046179,11.9861261544066,-2.66022950719028,3.59047379965466,-2.69008377449093,-8.97162808210173,-4.74103973074011
2025-07-16,4.65751818993039,12.0177438639957,-2.18520992036536,2.95657755254303,-3.52369306293391,-8.89430906134633,-5.02862756182358
2025-07-17,4.97394506298948,12.2306631135606,-2.36969087304117,2.82088643265506,-3.7157914203641,-8.95218128942386,-4.98783102637598
2025-07-18,2.11874908084731,11.2886785372249,-1.35180267592025,2.75063829120729,-3.26646478149301,-4.63945895286606,-6.9003394990002
2025-07-21,1.00999813186579,10.6781964144481,-1.5733314716276,5.10053114320534,-3.66591673856687,-5.06837781193274,-6.48109966739196
2025-07-22,2.01329404475575,11.0837421577265,-1.12995863684458,4.11802639636056,-3.09919951016156,-5.59775008593381,-7.38815436590288
2025-07-23,2.29204124321447,11.4162223074438,-1.66268362733132,4.09576955503439,-2.8956306531329,-5.73128440634035,-7.5144344188881
2025-07-24,2.46716244188109,11.7460015502749,-1.64600491515102,3.73387604840667,-3.03731471426658,-5.84018676191949,-7.42353364922557
2025-07-25,2.56059739134026,12.3135317494354,-1.47014992761024,3.18395932314352,-3.30267255664545,-5.78635431741281,-7.49891166225063
2025-07-28,3.25887937165184,12.0854956373823,-1.5512545246362,2.66001439228582,-3.01532298478948,-5.81367747991825,-7.62413441197607
2025-07-29,2.73690477229748,12.2627406088925,-0.232405230921149,1.08013378527902,-3.0232495554373,-5.83403070731545,-6.99009367279507
2025-07-30,3.70139776488758,11.560160422562,0.100872374265766,1.69026728518724,-2.97665673233185,-5.98887184814322,-8.08716926642748
2025-07-31,3.65010630841761,11.4729114909755,0.609465796428271,1.94444498267807,-3.31792976405112,-6.0004305153394,-8.35856829910897
2025-08-01,3.63821113377342,11.3428029977592,-0.0582764560059132,2.45363933658771,-2.74688958353329,-6.02798827969211,-8.60149914888901
2025-08-04,3.49088353024322,11.0415968806383,-0.653112038208697,2.53950363088265,-2.33441329857848,-5.75218991643168,-8.33226878854532
2025-08-05,3.22404315933017,11.3906457266715,-0.780542195287605,2.8878512087458,-2.54046294612507,-5.78867367774739,-8.39286127558735
2025-08-06,4.04358628307149,10.9320506884024,-0.435509544394208,2.7053505459942,-2.42733282430407,-6.06989902698646,-8.7482461217834
2025-08-07,2.87840931068395,10.425454135803,-0.170856598952593,3.19092079684271,-2.49387985987457,-5.9037298658789,-7.92631791862357
2025-08-08,2.33423565065495,10.8951827469577,0.227926464343092,3.02531215912878,-2.6379909859152,-5.91254144391752,-7.93212459125184
2025-08-11,1.70095474319944,11.3375141604578,0.566613771415671,1.79103744138781,-2.15872886995502,-5.79575676835393,-7.44163447815178
2025-08-12,1.43634307596329,8.75015994991204,0.716763904974837,2.93663519670232,0.194576935861335,-6.19599150276244,-7.83848756065137
2025-08-13,1.14355616884147,8.84078921200749,1.10283084570721,1.8961390930656,0.370331193178853,-6.083113786732,-7.27053272606862
2025-08-14,0.598178914731207,9.03764926391754,0.933537063046415,2.64570111445906,0.291272915357137,-6.16244904715882,-7.34389022435255
2025-08-15,0.678739340059948,8.90256895677,1.07867708196134,1.82664194863546,-0.601182871016508,-5.77677446729271,-6.10866998911753
2025-08-18,0.216577918854512,8.5098096591008,1.92992604813663,1.95188145273946,-0.8595789979471,-5.58998883726711,-6.1586272436172
2025-08-19,0.672628486997532,10.0505053624546,0.108317061730254,2.2676320537951,-0.996643902975503,-5.17186546396964,-6.93057359803234
2025-08-20,1.02291523727255,10.7966832311465,-0.0247310548642332,1.72193852491482,-1.44634635175933,-5.20257163156881,-6.8678879551415
2025-08-21,0.83440298498293,10.5997672039637,0.00882201796292392,1.19751939431125,-0.386433175479024,-5.32147204473072,-6.93260638101108
2025-08-22,1.33474692013912,10.3127466018143,0.648483657900773,0.997535322232139,-1.03139753506117,-5.28521767242028,-6.97689729460485
2025-08-25,-0.0417670128475507,10.6481071609703,0.930900152159193,1.57636881192616,-1.09140498277424,-5.11896444945882,-6.90323967997501
2025-08-26,-0.598796550975763,10.7096910438301,1.64058052870494,1.64058957478823,-1.47215558414557,-5.12789026956134,-6.79201874264062
2025-08-27,0.207074600289872,10.3335781452542,1.35601392783695,1.69976958216569,-1.79044486594914,-5.06332991132046,-6.74266147827709
2025-08-28,1.8495192380451,10.1528997597761,0.546547077713267,1.1135220208845,-1.74308347969134,-5.08940239604456,-6.83000222068307
2025-08-29,2.30011055279854,10.0541573734152,1.33404787976541,-0.303092884216596,-2.16312011753052,-4.85820563463088,-6.36389716960112
2025-09-01,2.46369922379936,8.85880226065382,1.94811781744746,-0.733490297842245,-1.47087502999804,-5.1106527362452,-5.95560123781516
2025-09-02,3.43267135011105,7.93515832127273,2.51292543484832,-0.287913482684779,-1.70436364540936,-5.28809126466298,-6.60038671347496
2025-09-03,3.23667083270052,8.17163613763373,2.93541413835342,-1.34365125815488,-1.48046988489817,-5.12973661754005,-6.38986334809459
2025-09-04,3.01508585208483,8.23358166681258,3.28004955093541,-1.2656021296673,-1.60652945661601,-5.23129421708176,-6.42529126646774
2025-09-05,3.63419272060917,8.33037327068403,2.53590690894153,-0.861328728723969,-1.82565028310178,-5.34238320983852,-6.47111067857047
2025-09-08,3.41276277533164,8.12421623255234,2.71617697589685,-0.876597577496156,-1.4719450052406,-5.45941834525102,-6.44519505579305
2025-09-09,3.9362637517299,7.84678360106088,2.75353257776775,-0.914715669644075,-1.53233621519596,-5.39689770297493,-6.69263034274356
2025-09-10,4.40597198771401,7.04494006023157,2.63089186409638,-0.155893608697419,-1.65468261792041,-5.58669273469722,-6.68453495072692
2025-09-11,4.54264960904556,7.03843625708101,2.18873416617205,0.223516494254355,-1.67269168150982,-5.59267672360068,-6.72796812144247
2025-09-12,4.38319636948253,7.22893595205879,2.59180567360726,-0.109575326548878,-1.66604980284907,-5.58520112149968,-6.84311174425094
2025-09-15,4.54665681986378,7.02484719964313,3.12991159645063,-0.400532796050122,-1.79276473299238,-5.43785292824936,-7.07026515866567
2025-09-16,4.4261243793624,7.30670598553765,3.24238485772928,-0.82850631692844,-1.93372148663094,-5.52024829925486,-6.69273911981509
2025-09-17,4.64011303139428,6.87484659218055,3.19234657224686,-0.633699776746155,-1.61516002104154,-5.69852203609861,-6.75992436193539
2025-09-18,4.74610171755542,6.92824136551651,3.35889690384563,-0.971525230530204,-1.53298438792136,-5.75651897188213,-6.77221139658386
2025-09-19,4.55772916334298,7.45145969504526,2.9063723556714,-1.3351571093364,-1.18331720566118,-5.68490802776919,-6.71217887129288
2025-09-22,4.20899492446294,7.69746504266995,2.85947974749609,-1.03660382541141,-1.22400887174906,-5.82546375800008,-6.67986325946842
2025-09-23,4.86454885895948,7.82921404996853,2.80838658217755,-1.28955566881323,-1.5686460057768,-5.88395939402828,-6.75998842248726
2025-09-24,4.61623847111592,7.26898624970305,4.17402564539149,-1.64412398505013,-1.18055855612711,-6.22059901851263,-7.01396880652059
2025-09-25,5.93911922442304,6.8454958556851,3.85053241443019,-2.31948848099791,-1.55586358625591,-5.68311769745859,-7.07667772982591
2025-09-26,5.99025623310225,6.57865569410435,3.64135434602095,-2.47498865073224,-0.922887269613149,-5.47742388701032,-7.33496646587185
2025-09-29,5.97240482425679,6.53031835063567,3.92372944889269,-2.40878668553746,-1.36908701611656,-5.38086429414704,-7.2677146279841
2025-09-30,5.82159544007774,6.68405858759526,4.10132631850585,-2.61494885009084,-1.44457836747685,-5.37441741147442,-7.17303571713674
2025-10-01,6.15736485610933,6.95276742358303,3.34692718097056,-2.5934189209765,-0.982370934532202,-5.50549974766408,-7.37576985749012
2025-10-02,6.76893390434698,6.4527463659515,1.79757186159361,-2.26817605866653,-1.07818644346766,-5.39083294656632,-6.28205668319158
2025-10-03,6.98804101805214,6.0874758103251,1.76170625175934,-2.51451284344317,-0.916995066148598,-5.44590575901499,-5.95980941152982
2025-10-06,6.77075515708329,6.2398850742249,0.540204569348159,-2.78754676975644,0.190965334154779,-5.21989200157311,-5.73437136348158
2025-10-07,6.46064295082604,6.1229016329746,0.524890461866551,-2.81972201979541,0.349829545862825,-4.91334264729775,-5.72519992443685
2025-10-08,6.2702942164253,6.17484149404083,0.844876174069615,-2.90634323547719,0.323848148729166,-4.9752818929942,-5.73223490479352
2025-10-09,5.91758016211531,6.23862203377305,1.13664613978927,-2.95975130521527,0.635043498941503,-4.99828552261162,-5.96985500679225
2025-10-10,5.36142882110868,5.91474539308854,1.18635663933381,-3.20130283630994,1.11606198123072,-4.91586538801247,-5.46142461043935
2025-10-13,5.92249490645668,6.42166092381383,0.183800369268557,-3.44417149956264,0.741045683748059,-4.66364919512042,-5.16118118860405
2025-10-14,4.7268418979079,6.21905267166549,2.45223149650072,-0.379047396548415,0.343468205569426,-6.46719791186851,-6.89534896322662
2025-10-15,4.7806303428871,5.83399175935828,1.75607431075851,-0.506616596609433,0.14532216546959,-4.98414928292332,-7.02525269894074
2025-10-16,4.95686774677085,5.79765390635671,1.37846283915786,-0.306600598128135,0.569884228919381,-5.40587149395353,-6.99039662912314
2025-10-17,5.22115115490015,5.72180408396348,1.14232241250316,-0.382389724131059,0.542437643098225,-5.2827071585888,-6.96261841174515
2025-10-20,4.66912788261968,5.20697605072547,2.08239141862084,-1.15063955062332,1.24568099818494,-5.203421650809,-6.8501151487186
2025-10-21,4.83457261610798,5.0030723663664,2.26114478668181,-1.16930675500754,1.33912555077537,-5.06625952881629,-7.20234903610773
2025-10-22,6.37951470944443,5.38501677021306,1.80685726622396,-1.55075875060228,1.12755569231046,-5.21849880582006,-7.92968688176957
2025-10-23,6.75756379822116,6.199285279486,0.950922555293889,-1.7771682892685,1.00828733993831,-5.19600821832573,-7.94288246534513
2025-10-24,6.72765010067438,6.41911494158191,1.0643260354876,-1.88283881563818,1.05548351238462,-5.48794169592348,-7.89579407856685
2025-10-27,7.22993295802384,6.49205091090212,1.21065970270033,-2.234427802749,0.966298076454951,-5.93584029206681,-7.72867355326543
2025-10-28,8.30194314119016,6.002838013268,0.919397385235786,-2.1784841729142,1.49464281167525,-6.09968325514065,-8.44065392331435
2025-10-29,7.61307113043431,6.03985262310895,1.2437668437237,-2.50408101657519,1.22967855859317,-6.17300398864744,-7.44928415063749
2025-10-30,6.45935894683977,5.49668038092098,2.15191295541316,-1.39217863724267,0.159904217730276,-6.20931038360906,-6.66636748005246
2025-10-31,6.77836134049014,5.10062236174703,2.47138251729501,-1.53339296793141,0.0935140614873902,-6.2416863376473,-6.66880097544087
2025-11-03,6.66515632065762,5.60186471416907,1.92138677393873,-1.37613855023363,-0.00664165205161638,-6.19109363286707,-6.61453397361311
2025-11-04,5.87817310791105,5.66146040156381,2.01814930994328,-1.72011490619025,0.337872129366783,-5.91417054840676,-6.26136949418791
2025-11-05,6.09388672489016,6.01448154960843,2.351315572666,-2.3941653700745,0.443123171935646,-6.15681573480635,-6.35182591421938
2025-11-06,6.20734224199968,5.64235325629145,3.3477973924815,-2.9658811552537,-0.269619465532816,-5.89653955642081,-6.0654527135653
2025-11-07,6.27297479587555,6.37537496847649,4.60070326811602,-3.73044851526017,-1.00469177381005,-6.03502640966448,-6.47888633373337
2025-11-10,5.90118428653381,5.97743623520446,3.30318409929534,-3.12240461384221,-0.0117219715985328,-5.82178039314081,-6.22589764245207
2025-11-11,5.2165663233405,7.05390729068741,3.49925589067814,-3.55667713741057,-0.178835484363713,-5.83615294738129,-6.19806393555048
2025-11-12,4.95715698795696,7.5996407557634,3.44298539652624,-3.65836669515964,-0.549307787671435,-5.91951104831061,-5.87259760910492
2025-11-13,4.68163671539499,7.27836098847389,3.33656750185196,-3.8512186996643,0.548405752273563,-5.70947720038722,-6.28427505794287
2025-11-14,4.66098657925927,6.32699420325157,4.07575547548062,-3.32795699300486,0.687072857301001,-5.99335153656257,-6.42950058572504
2025-11-17,4.84606047691643,5.92458274121976,3.31305551500897,-3.01301666712055,0.739228317922954,-5.85350432496391,-5.95640605898364
2025-11-18,4.57611402100181,6.40461824066268,3.01513831425128,-3.26625097781073,0.464770724369743,-5.42489727113912,-5.76949305133565
2025-11-19,5.21785576781313,7.05057744753962,1.88141944717469,-2.89948884502336,0.703206546193805,-5.95592384798446,-5.99764651571343
2025-11-21,5.21708075284531,7.13662160665235,2.05341999945458,-3.22749837517256,0.868430238238155,-6.17655154245148,-5.87150267956636
2025-11-24,6.21409274563511,6.83069776440714,1.15003865013168,-3.05395355640493,0.836430096635944,-5.84790199333177,-6.12940370707318
2025-11-25,5.18534947027712,8.17948600732765,0.231750359577831,-3.55855792435982,1.36709092624287,-5.62613871131189,-5.77898012775376
2025-11-26,5.51094843147962,8.19628120518821,0.362758925313994,-3.35359594601161,1.39653816492243,-5.57197777593737,-6.5409530049553
2025-11-27,5.79089613191312,8.53334211438179,-0.948558503617893,-1.57639766727917,0.532140167935243,-5.75227989377411,-6.57914234955897
2025-11-28,6.12130352120802,8.25455295618804,-0.49248637058032,-1.68579893016705,0.418717359125612,-5.51469749017864,-7.10159104559568
2025-12-01,5.48838599945041,8.68741789913906,-1.08096707347935,-0.838019530986472,0.480945393712787,-5.5689716600802,-7.16879102775624
2025-12-02,5.84712086360671,9.63036694260769,-2.31872302715127,-0.528270826704215,0.765039599823609,-5.85315596407075,-7.54237758811176
2025-12-03,5.38527062446008,9.49871032038599,-1.94882738196577,-0.165377311781697,0.357535558371612,-5.84719902686208,-7.28011278260814
2025-12-04,5.33622371000065,9.76810107598704,-2.12192617707327,-0.620538553817859,0.981895838974019,-6.18708814268567,-7.1566677513849
2025-12-05,3.78608496739716,9.9494748483325,-1.46645914281198,0.183008100890532,0.516766287597783,-5.83410130985161,-7.13477375155439
2025-12-08,2.96833997997525,10.0233816612447,-1.81190329243841,0.738121155103769,0.749036245332881,-5.50268727140449,-7.16428847781367
2025-12-09,2.72933625788413,10.5483872119906,-2.70582642254119,1.3179026811091,1.01423722939916,-5.82085629994532,-7.08318065789648
2025-12-10,2.78541700398858,10.4682616666048,-1.95695977353512,1.05847100943826,1.09705586018788,-6.16734301040074,-7.28490275628368
2025-12-11,2.64680935690416,10.6740672600145,-2.12754044388396,0.977505577057244,1.25408038891925,-6.17507293635643,-7.24984920265476
2025-12-12,2.2731159715682,10.654820909683,-2.18167589268838,1.18734909980049,1.30415348712117,-6.09560242798021,-7.14216114750427
2025-12-15,2.40910624981968,10.070943636459,-2.12308721801685,1.20479221057136,1.76608387626532,-6.15471802104994,-7.17312073404856
2025-12-16,2.3078041986753,10.2947176607382,-2.17116143474366,1.09390735278562,1.94143351446701,-6.17644140988734,-7.29025988203514
2025-12-17,1.68508599391479,10.5724463714151,-2.37704641148168,1.28520865281263,2.24327300362162,-6.0708673729567,-7.33810023732578
2025-12-18,1.57265236880147,10.8260332977855,-2.39721190173568,0.671886658362943,2.2962034462431,-6.04697626233235,-6.922587607125
2025-12-19,2.12677657196484,10.678543869506,-2.00570762979005,0.702734395538961,1.67680925569736,-6.41182548279712,-6.76733098011995
2025-12-22,2.62242381007142,10.6967004373075,-2.31886255337176,0.875148112236282,1.18659543740721,-6.43434872201474,-6.62765652163587
2025-12-23,2.79326226594942,11.1685787760975,-2.97079897358772,0.503780844672129,1.01063462960019,-6.29886008416395,-6.20659745856761
2025-12-26,2.81756396078443,11.208273830365,-3.24087113816925,0.673679830477319,1.07710588262118,-6.44711380555803,-6.08863856052062
2025-12-29,3.40460344400434,11.6565337411988,-4.13226800095376,0.306705480788096,1.44670227787673,-6.33283230831549,-6.34944463459871
2025-12-30,3.61493694616169,11.586013286897,-4.05384660280151,-0.589599716347074,1.23241863198103,-6.21081095800692,-5.57911158788425
2026-01-02,3.28382575177469,11.4751255119301,-3.54305146726727,-0.972239638275994,1.14671708391835,-6.20005110177789,-5.19032614030194
2026-01-05,4.17884788584443,11.23526548699,-3.52913113488561,-0.862645149984651,1.52298576995138,-6.29236057596895,-6.2529622819466
2026-01-06,3.53760105043008,10.70117506152,-2.80141160047545,-1.1696770921484,2.23250708046042,-6.30197538526138,-6.19821911452531
2026-01-07,3.64018410243438,11.228184199733,-2.80117852605577,-0.94224958692606,1.66396018467022,-6.58688223435479,-6.20201813950099
2026-01-08,3.77743670981438,11.8436125829667,-3.66148727989328,0.0829178205514651,1.13979439809941,-6.80334542696631,-6.37892880457238
2026-01-09,3.99179370118087,12.2023992195012,-3.79630014148845,0.013410279816604,1.11320150584525,-6.88655978890925,-6.63794477594622
2026-01-12,3.95888737013684,12.5454169141835,-3.80094961624145,0.359815360724852,1.02207518043942,-7.04233759208178,-7.04290761716139
2026-01-13,3.38995919253114,12.8881186438101,-3.64257123689536,0.484713906264574,1.03558812571439,-7.31532557964585,-6.840483051779
2026-01-14,2.81189730577348,12.6877334167115,-3.88247280320132,0.967740907968377,1.10606061891066,-7.08717230325861,-6.60378714290403
2026-01-15,2.98715139934324,12.6944954127957,-3.75769380128826,0.405552996785126,1.26416143162835,-7.029163847153,-6.56450359211114
2026-01-16,2.96513634306726,12.0710576110094,-3.43610278267248,0.212004484494265,1.17678315506496,-6.90444610978615,-6.08443270117723
2026-01-19,3.86085122836647,10.7224681149834,-2.81992720521644,-0.670469532033692,1.65249228173465,-6.58947402173402,-6.15594086610031
2026-01-20,4.20980453654595,9.99961704171046,-1.9105740199741,-0.712949998110368,0.462444565155067,-6.37775896762218,-5.67058315770483
2026-01-21,4.9184807066748,8.75172860972775,-0.357664226250957,-1.28463805687329,-0.71541361623802,-6.16066290500333,-5.15183051203695
2026-01-22,4.96373632282572,8.48847288878007,-0.15994538731637,-0.710529320150748,-0.755230349545048,-6.57437199793534,-5.25213215665828
2026-01-23,5.27703823668134,9.19730346307845,-1.15048302931874,-0.269971945932284,-0.776555559011719,-6.64333388123673,-5.63399728426032
2026-01-26,4.97727657528807,8.88238569923586,-1.504864705441,0.246223034731003,-0.335428453200024,-6.62206110064757,-5.64353104996634
2026-01-27,4.6296645727051,9.71808661317691,-2.57777271518474,1.61515766619595,-0.549848567241472,-6.87096771314096,-5.96431985651079
2026-01-28,4.54220863366226,9.73541554609382,-2.22263872092081,1.2863300901023,-0.862955229281091,-6.74153749152232,-5.73682282813414
2026-01-29,4.34136745303967,10.1023921064653,-3.00859570623243,1.76805133829245,-0.672709985178678,-6.72995464452066,-5.80055056186565
2026-01-30,4.69333515575698,10.6678458717651,-3.41996773928018,1.76230069467751,-0.287813378204806,-7.24711393511106,-6.16858666960353
2026-02-02,4.70920518845747,10.76400544723,-2.31896928552495,1.51204749237198,-0.829940986005802,-7.66722032512593,-6.16912753140274
2026-02-03,5.24981111760117,9.9941082163859,-3.70450500178276,3.0249658049469,-0.749082176859147,-7.1654479024815,-6.64985005781057
2026-02-04,5.49232523711345,10.0367085873132,-4.21036118537632,3.4692984875625,-0.244320496086253,-7.26585681603339,-7.27779381449318
2026-02-05,4.84978480454812,10.001614553471,-5.07787037940285,4.48470739528595,0.078219915038737,-7.01240031351307,-7.32405597542785
2026-02-06,4.77847578920509,10.6219483054904,-6.10767527218512,5.37679255886883,0.179018045339166,-7.33121559567934,-7.51734383103906
2026-02-09,4.561460105789,8.66872715863495,-4.62780084461662,5.353049149904,0.0858317074735666,-6.86923636045527,-7.17203091672962
2026-02-10,4.8834135833304,9.72426573997815,-5.27374737989611,3.48078182058799,0.275777526498633,-6.62262365773447,-6.46786763276459
2026-02-11,4.84115920641951,10.3893701476496,-5.59883091322644,1.8897940368618,0.919483669243288,-6.19746791207227,-6.24350823487552
2026-02-12,5.7459059997745,10.5650571203608,-6.73826669764275,2.48248200362575,0.749470162688997,-6.75213155743527,-6.05251703137201
2026-02-13,6.06825315539882,10.7237259318154,-6.57489500034121,3.20330929111145,0.00271679372255562,-6.68160589863948,-6.74150427306755
2026-02-18,4.45673372249023,6.79975541032808,-5.17540714990481,3.28610196703696,3.27098834091671,-6.33745667258299,-6.30071561828418
2026-02-19,4.32782817322236,5.07845004476119,-5.766195858836,2.11077985258723,6.7872063261954,-7.82827203734272,-4.70979650058745
2026-02-20,4.59931104796284,5.46413796474796,-5.58844599412488,2.39206905776506,5.11710303223495,-7.41522922863323,-4.5689458799527
2026-02-23,2.57518650162504,0.915644757363978,-5.95873670270053,-3.44132707365631,19.1050008583832,-8.51171707667043,-4.6840512643449
2026-02-24,4.14115539223494,4.01489186321587,-5.44948327022844,-9.59769897921549,19.113488891029,-9.38527297298989,-2.83708092404595
2026-02-25,5.54676547702829,6.62303390088674,-4.93986912005522,-19.0221490072726,19.8180410921501,-5.36942446536306,-2.65639787737425
2026-02-26,6.55663960319085,6.89910953661814,-6.19416534805924,-18.9283072214019,20.1288792534815,-5.75758079015994,-2.70457503366943
2026-02-27,6.43493666089343,5.1880690646575,-5.31519255992623,-18.9261212860782,20.0239223179252,-4.87043368436499,-2.53518051310674
2026-03-02,7.11356781518961,8.15582086861897,-5.26917679452686,-18.4987850353378,18.9625591225035,-6.3948634629761,-4.06912251347127
2026-03-03,8.12899541584569,10.769632766121,-6.68016318699788,-18.0233704291833,17.9226130745543,-7.35896002278069,-4.75874761755912
2026-03-04,7.94058474179083,10.6391915763543,-6.573648500732,-18.1238307398098,17.7767463052513,-7.3639277381465,-4.29511564470808
2026-03-05,7.88055697758253,10.7000560821353,-5.21993201521025,-17.0263551755402,14.7876442519165,-6.83828633431198,-4.28368378657182
2026-03-06,8.37196376945567,11.5555322776304,-7.47336370946479,-17.2299707619205,15.8270602844456,-7.03074273049488,-4.02047912965154
2026-03-09,8.12943461692895,11.1803006068689,-6.73644516753962,-17.4943354673986,16.3123189500895,-7.39836334818784,-3.99291019076126
2026-03-10,8.09093378617187,12.6180189548473,-8.02625817612989,-17.4183979744455,16.4172515749454,-7.67259452180063,-4.00895364358849
2026-03-11,7.10916081266333,16.0470988025883,-10.238129559065,-17.5024832251428,18.6941432989594,-6.55210895521741,-7.55768117478596
2026-03-12,4.85941320387933,13.9951520923915,-9.6221665637731,-17.3342602543436,16.3885608169992,-5.70725223400096,-2.57944706115248
2026-03-13,4.30220050953052,13.5374780157301,-10.3232726191051,-17.350700321737,16.112496587297,-5.80570169467901,-0.472500477036458
2026-03-16,4.7233003282189,14.3325794643419,-10.7362385169123,-17.5199401600406,16.6871648565987,-6.1785779120708,-1.30828806013581
2026-03-17,4.45691762196302,14.9452969409117,-11.0460509226937,-17.3518474332524,16.6915815544959,-6.32652936262506,-1.36936839879955
2026-03-18,4.08426089544545,15.6712901661639,-10.8638116311257,-17.4597025001153,16.1596081387124,-6.46559737439469,-1.12604769468593
2026-03-19,3.81063833486954,16.5002667068384,-12.010215783763,-17.6990808185678,17.3596238507379,-6.37346332406997,-1.58776896604512
2026-03-20,3.88263915499365,16.3211372677597,-11.5564104092227,-17.8021001900828,17.5659136946821,-6.63167571192446,-1.77950380620546
2026-03-23,3.8507513399929,17.1655784198452,-13.2167127034374,-17.9703255448856,19.5744450002151,-6.8784919838517,-2.5252445278786
2026-03-24,3.7869193332943,16.9607019603677,-12.4852848652737,-18.234139943469,19.2013347026699,-6.98199498435442,-2.24753620323467
2026-03-25,3.9604033612441,17.1246644058035,-12.7235221001049,-18.101643497052,19.5466437052535,-7.00580170637843,-2.80074416876575
2026-03-26,4.20787078661493,17.6234423500803,-13.1172256878179,-17.3454728703586,18.7214841525611,-6.78402594440644,-3.30607278667332
2026-03-27,4.27425306078617,17.0632969608854,-12.6349625522631,-17.1552110093718,18.0190173732391,-6.4274317755086,-3.1389620577673
2026-03-30,5.61675268575903,16.8180110691887,-13.0513464431652,-17.2222314759916,17.5799233343078,-5.9348176956443,-3.80629147445446
2026-03-31,6.41904418225911,17.2316979814428,-12.7943585042008,-17.6719599959044,17.4241539649217,-6.3818370171656,-4.22674061135285
2026-04-01,6.14342581878935,17.009352789861,-11.3520176362511,-17.882637777366,16.7033692079993,-6.44526601520313,-4.17622638782939
2026-04-02,7.34592169927504,17.3437827383043,-11.9010473062124,-18.002551254271,18.3181205324737,-7.22985062427951,-5.87437578529007
2026-04-06,7.26451718224607,17.9107348674545,-10.6121212925528,-17.6471461012648,16.7268613748262,-7.17689195096206,-6.46595407974701
2026-04-07,7.5139611863692,17.8268675471778,-10.9046674546668,-17.5775493375573,16.8326288494088,-7.36285031429394,-6.32839047643778
2026-04-08,10.9001498490736,17.2348316820568,-11.5537968746816,-17.3674203987999,16.7255296831231,-7.85337235542505,-8.08592158534691
2026-04-09,9.12102828829543,15.6423848510113,-10.5002324777532,-17.0438638941912,15.4704493416761,-6.52289094806878,-6.16687516096964
2026-04-10,9.11278916917578,15.8773384340612,-9.6287184010285,-16.7466422531238,14.3859566298434,-6.34626039791722,-6.65446318101085
2026-04-13,9.46413935585849,15.5578894060003,-9.63884968096811,-16.6050876781708,13.7825435369056,-6.22118953232012,-6.33944540730539
2026-04-14,10.1898308960666,16.3899730653718,-9.9866753515385,-16.4031234429675,14.341834735462,-6.56864269406014,-7.96319720833424
2026-04-15,10.1470260082664,16.2526677012557,-9.98194004095553,-16.2314985614962,13.751770348001,-6.41359623032179,-7.52442922474962
2026-04-16,8.9372683479038,16.6027981120769,-9.92239689555123,-16.1298717043982,13.8308136037724,-6.36759483806626,-6.95101662573742
2026-04-17,9.32663664892283,16.9278415711539,-9.57018554585568,-15.6340225677799,13.2395737905122,-6.34599038397814,-7.94385351297527
2026-04-20,8.63166684412649,16.7621477064837,-9.13484480620855,-15.910352900936,13.8207678130906,-6.83860900730188,-7.33077564925435
2026-04-22,7.22626503500937,15.8898082297813,-8.95036060297254,-15.5197808449339,14.3029536629828,-5.88975509619958,-7.05913038366747
2026-04-23,7.10124292602232,16.9903866300638,-9.41970233419199,-14.9885313420964,14.2808628550002,-6.03206281442057,-7.93219592037732
2026-04-24,6.91410096791652,16.5123559491705,-9.08926039406717,-15.147225796849,14.3167227030438,-6.35267210463716,-7.15402132457751
2026-04-27,6.69633050010845,15.806538723465,-9.01206399871441,-15.5974514411803,14.8873570172477,-6.42188632989259,-6.35882447103381
2026-04-28,6.69018791554017,15.9347678934831,-9.20534762312932,-15.5604527050436,15.27677417993,-6.32373756156899,-6.81219209921133
2026-04-29,6.91388081900539,15.821500413349,-9.67347164226872,-15.7631972412137,15.9166572556902,-6.20832707971017,-7.00704252485203
2026-04-30,6.0768339528466,15.9712724039549,-9.08110919334253,-15.6820543338948,15.8157919199719,-5.93427488558343,-7.16645986395263
2026-05-04,6.92328830301144,16.6535493112558,-8.09597615067606,-17.9510964072978,18.2376113897833,-8.08860875235909,-7.67876769371761
2026-05-05,7.04473641975926,16.7242832586175,-7.20370410403481,-18.257064077663,19.776462129188,-10.2840365569525,-7.80067706891442
2026-05-06,6.32348889971149,16.3898718614254,-6.96461093642925,-18.0417148376946,17.7325919770206,-7.94787378910513,-7.49175317492856
2026-05-07,6.69982448254967,16.3367254651151,-7.26538194561877,-18.3858024765815,18.4488413958249,-8.0441447168661,-7.79006220442326
2026-05-08,6.75626067906748,16.3552015168277,-7.67637851886769,-18.4117243404929,18.6681211387497,-7.82600607484562,-7.86547440043873
2026-05-11,6.71333722224968,16.1630488680017,-7.4347577772531,-18.7548892551231,18.6411073999124,-7.54742491847438,-7.78042153931323
2026-05-12,7.18736160162477,16.3980828512083,-6.72523517575415,-18.5272174908385,17.243124463032,-7.70232314953896,-7.87379309973342
2026-05-13,7.54710253151073,16.4165427344601,-7.50928703866243,-18.0046090748006,17.0700605932601,-7.37429029674006,-8.14551944902789
2026-05-14,7.18241028503255,16.2917806712361,-7.35033794096896,-18.0053902447822,16.4949966772337,-6.69072399593414,-7.92273545181704
2026-05-15,7.28481314747642,16.3444840218732,-6.56945030410515,-18.2194192303988,16.1488757751198,-6.41544120050352,-8.57386220946194
2026-05-18,7.36963349019663,16.1651672403814,-5.5247788790486,-18.5875827645207,15.4053940514596,-5.8331488412645,-8.99468429720384
2026-05-19,7.04630046850745,16.0093869999945,-5.1021911458711,-18.9879047287975,15.2409760974768,-6.12652024665881,-8.08004744465142
2026-05-20,7.25620728985347,15.9264828958685,-5.20847981592973,-19.153234080977,15.6000760179168,-5.88317252976248,-8.53787977696958
2026-05-21,8.40162244181246,15.7209305717474,-5.54638269356052,-19.2336917157039,15.7684194220026,-6.01201888141557,-9.09887914488252
2026-05-22,9.97111058704936,14.8985118033873,-5.49814028690801,-19.2784645228745,15.7521130848507,-6.28067888714909,-9.56445177835571
2026-05-25,10.5576690574709,14.9318730626924,-5.4767721642768,-19.4499757703069,15.6074634007535,-6.54892492527897,-9.62133266105408
2026-05-26,10.8357452210091,14.4025774055304,-5.78282622262319,-19.59961144678,16.7477303173595,-7.11908356681757,-9.48453170767825
2026-05-27,12.078884071986,17.8708579387591,-6.43803312565765,-18.5492611995237,13.9094591719836,-7.12978503932196,-11.7421218182253
2026-05-28,11.9002191557653,17.3190492975035,-6.24963987382914,-18.4476824214449,14.4695202659894,-7.36385334786878,-11.6276130761153
2026-05-29,12.2205171714707,16.6672366703044,-5.31601337025615,-19.3812471018227,15.337911710871,-7.56085477781523,-11.9675503027521
