"data","ITUB4","BBDC4","BBAS3","SANB11","BPAC11","BRSR6","ABCB4"
2017-10-03,-1.42585278552203,-0.785124977837307,-2.87322648359639,-1.58446489502729,-1.02124343385141,-1.29786992691608,-1.14229900721752
2017-10-04,-2.24142510063982,-1.9365609229658,-1.61282061706771,-1.18547248142471,-0.684217741124553,0.754236405504531,-1.28468177446391
2017-10-05,-1.20162033090261,-1.3191646720794,-0.954664723371184,-0.969704392711734,-1.21480321008297,-0.780646023994376,-1.04956745518731
2017-10-06,-1.59933145788689,-1.88775449432975,-1.31416250218067,-1.19736132716782,-0.823125475313373,-0.843431750836777,-0.964399859982846
2017-10-09,-2.04149795668666,-1.55346874490683,-1.15496013081884,-1.16690858153734,-0.682110258727202,-0.758532900722916,-1.02924500566424
2017-10-10,-1.5381296081527,-1.3698968917417,-1.61042044289698,-2.02748561721152,-1.70023840493069,-2.75139747097186,-1.46425838858246
2017-10-11,-1.98378000445415,-1.51986796190744,-1.9044296985875,-1.00968770203196,-1.33853600135596,-1.25476354860058,-2.20434091821035
2017-10-13,-1.34711570861399,-1.35418432247084,-2.06241767030577,-0.603504170502345,-1.20511706462669,-1.32405309281581,-1.66080917523311
2017-10-16,-1.63717818546624,-1.63388274365922,-2.01240610624214,-0.690476421390304,-0.972799306590121,-0.858720927574214,-1.50767085298004
2017-10-17,-2.12323447205757,-1.73549558169922,-1.73229409177992,-1.02602405318347,-1.23212062830721,-0.982055192960258,-1.35783171295021
2017-10-18,-1.85640149451219,-1.47498216599257,-1.88560742652637,-1.38598635886088,-1.09973926977467,-1.41531011307112,-2.04092778474114
2017-10-19,-1.58041737645527,-1.41101513548397,-1.41862799825983,-1.40422999359297,-0.798184703155668,-1.1867604714387,-1.76892306842878
2017-10-20,-2.02320096042163,-1.9584518621671,-2.39885921878567,-1.76768634678898,-1.37967914213134,-0.90900169984614,-2.79661016130216
2017-10-23,-1.68739077350763,-1.4838075482201,-2.27399717880056,-0.968936246187913,-0.300971764279824,-0.901319774379978,-1.74746992472555
2017-10-24,-1.55204951828469,-1.53513986400119,-1.36123712492455,-1.81789521284986,-0.832930422976332,-1.02311081080522,-1.59909384505872
2017-10-25,-1.19688366342746,-1.16598640346796,-1.64077412388087,-0.917222307384132,-0.598547604349273,-1.63460224330457,-1.19373909521414
2017-10-26,-1.5598192435491,-1.26916661165049,-1.17428857539034,-0.388351461128228,-1.33494103051641,-1.50150075660955,-1.29316095486547
2017-10-27,-1.47588255184118,-1.63361357678159,-1.64497582156145,-1.32468955761072,-1.37562641876095,-1.04581790636931,-0.459093901755161
2017-10-30,-1.34493109700088,-1.44307940979512,-1.21224276830614,-1.44341470170167,-1.72085752498224,-1.67846288659371,-1.14357340252998
2017-10-31,-1.25045123327389,-1.13312672456152,-1.17723569178386,-1.5360082887023,-0.777621211396119,-0.973386741055373,-1.14720844874075
2017-11-01,-1.63637589306871,-1.43423684804305,-1.3002802140703,-0.71653614005069,-3.83265575729476,-0.842791085051737,-1.08502108428156
2017-11-03,-1.81068899061335,-1.75597343189431,-1.04451405828148,-0.616471937583617,-0.703696765316545,-1.19674814391924,-0.675132446730296
2017-11-06,-1.98566747862318,-1.76903140898714,-1.35889092053595,-0.792086445969245,-0.937546657376132,-2.7614008997805,-1.10109205062368
2017-11-07,-1.64802780684029,-1.39592709039635,-1.30003993682671,-0.667696108988722,-0.831160608093969,-0.649174202176899,-0.740859101160315
2017-11-08,-2.09108357165613,-1.07814581770913,-0.838041763147537,-1.29377522862658,-1.59008446963398,-1.06531016914521,-0.80744047614757
2017-11-09,-1.72591389243543,-2.11105046170202,-1.57238237823074,-0.943439856128547,-0.713922189094175,-1.0094835238342,-1.6271829851337
2017-11-10,-1.50088602895428,-1.1043649781693,-1.06858163416836,-1.13178949624456,-0.0218925247925872,-2.45968469817304,-1.7149432554092
2017-11-13,-1.4690740670736,-1.54687094101388,-1.08127690671396,-1.24297266910658,-1.2579556655002,-0.925926419409414,-0.806293956540191
2017-11-14,-1.97528147992814,-1.42766331623565,-1.04018431280547,-0.908481758845181,-0.140851678210162,-0.640063139001103,-1.48990913592345
2017-11-16,-1.55168873725591,-1.09837983942707,-1.30205046443297,-1.21913274127862,-0.659183951100439,-1.05102620684653,-1.24864814377453
2017-11-17,-1.5587137678982,-1.49661508659222,-1.29152214876393,-1.46673343465134,-1.78233218028364,-1.71471706539628,-1.62583303103128
2017-11-21,-1.27373467904651,-1.18748614086774,-1.25360863786774,-1.60978478379623,-0.366623468319807,-1.19377749626801,-2.44325009921096
2017-11-22,-1.64625699848993,-1.36686204909159,-1.33549960876269,-1.31831592319589,-0.795178769599963,-1.0762219380654,-1.52523188000141
2017-11-23,-1.67173296317099,-1.67756133979534,-1.10257811946678,-1.3268746490583,-0.920728014017682,-1.72524396369442,-0.948098002808636
2017-11-24,-1.60543895570129,-2.30310052417863,-1.74503269936602,-2.15788340951143,-0.9133572944648,-1.13628547800546,-1.54716629663058
2017-11-27,-1.70883012532771,-1.37787166815344,-1.37876073663181,-1.65429529275395,-0.718537205674787,-0.934727989347172,-1.22270409841654
2017-11-28,-1.5096737985121,-1.25125911545311,-1.11268092902167,-1.26615629316596,-0.709984513500903,-1.42621291369304,-1.40871875529281
2017-11-29,-1.91585749428602,-1.25080851955895,-1.28436946310716,-1.26772462654619,-0.634048995054136,-0.617074716902912,-1.39338968286393
2017-11-30,-1.50809227191608,-1.27219058389585,-3.48686578520162,-1.53535022048234,-0.687685729229574,-0.683906363884501,-0.472705764147872
2017-12-01,-1.38093885815129,-1.24541750211844,-1.05293293330895,-1.39665255928495,-0.773087604430291,-0.802790464299241,-1.68995599995384
2017-12-04,-1.14445004619495,-1.08691536282609,-0.98851497219804,-0.846414200264788,-1.18777369565228,0.0542939146474374,-1.15101836438563
2017-12-05,-0.99593247317228,-0.684093067703723,-0.621663681348672,-0.700122127953532,-0.60666587931289,-0.805159467486158,-0.913961806456874
2017-12-06,-1.20725525526406,-1.06877153667411,-0.893841284304504,-1.01590023419659,-0.826990433732844,-0.995212621782685,-1.35114808305992
2017-12-07,-0.85402292447387,-0.758535153118628,-0.70724051621754,-0.548306585843993,-0.490597001205996,-1.20640383394828,-1.0120352031792
2017-12-08,-1.62355308859673,-1.24825068204709,-0.938483617652356,-1.5135021837527,-0.875892139865898,-0.898710564886391,-1.06175495846103
2017-12-11,-1.63708760165533,-1.53572764593402,-1.1543545404822,-1.49422413901346,-0.946323492376067,-1.48018690170835,-1.17046070385588
2017-12-12,-1.15585206002143,-1.03159090433125,-1.09197984249268,-1.05823179415956,-0.739518896763119,-1.17569566205362,-1.24962202909242
2017-12-13,-1.40958087748122,-0.845456662839515,-0.893970632454717,-0.794629717518705,-1.69283864873068,-0.686755426484632,-1.75500722119899
2017-12-14,-1.82582362698112,-1.38381154440304,-1.31017117927807,-1.34719936453431,-0.934081289814125,-0.504315677677112,-2.13169794084828
2017-12-15,-1.57088083641057,-1.53823932501073,-1.51483596669836,-0.546941599526338,-1.00983629677387,-1.11689657985513,-1.64769100397927
2017-12-18,-1.47779756319685,-1.37187449511674,-1.21610420597148,-1.02197327467339,-0.510750951037191,-2.14414242382094,-0.948269802289421
2017-12-19,-2.10647095857956,-1.59956718419604,-1.59329296989787,-1.04599943200447,-1.17719021615132,-1.27040534879947,-1.57141819610564
2017-12-20,-1.94117741421982,-1.8464014736194,-1.63715151470024,-1.71956341090196,-1.07716181163552,-1.7360183645149,-1.48862709436852
2017-12-21,-1.83692181927625,-0.975876855958881,-1.10554505676124,-1.12771329736055,-1.05139478996775,-1.1935830703645,-1.28609521231105
2017-12-22,-1.80131270681528,-1.80378173495489,-1.89837743564781,-1.15372110781531,-1.18535721792015,-1.76124046207921,-1.66093667810433
2017-12-26,-1.85559495394473,-1.56805968553456,-1.76004004276865,-1.49451064168569,-2.02960069585048,-1.18527695758526,-0.709860081848868
2017-12-27,-2.22313278459313,-1.8949340674942,-2.5208375357447,-1.7513077871436,-1.37264171919368,-1.31363975518829,-1.54786518555663
2017-12-28,-2.35234833859451,-1.78748375886465,-1.75660591894485,-1.65953582024684,-2.53261912829359,-0.981946669687591,-1.44558169333204
2018-01-02,-2.4372418160637,-1.5601306803307,-2.00894150210559,-1.4822576022332,-0.771661002572363,-1.07163508268657,-1.61515447182682
2018-01-03,-1.66806825605583,-1.5563899500922,-1.53890499433907,-1.65868539189275,-0.747822874475704,-1.3069629014335,-1.19788148400895
2018-01-04,-1.81002563308485,-1.64290110022955,-1.63308372328004,-1.57583856729497,-1.5534606985862,-0.825244754080724,-1.65094638764926
2018-01-05,-1.57050787770345,-1.66276033640959,-1.54653130014152,-1.60654561932189,-1.25167344652369,-1.04463767251872,-1.26881398835432
2018-01-08,-1.91383555054229,-1.55727043281387,-1.79151317463783,-1.1834582930075,-1.98804795116583,-1.05844086649378,-1.46501853024073
2018-01-09,-2.05560319525456,-1.88324185265345,-1.83761705249063,-1.53569924529626,-2.14916554951585,-1.0696746385575,-1.38385086719751
2018-01-10,-2.00842456004054,-1.40515241293307,-1.26497863639079,-1.62363457891137,-2.36272468852984,-1.26369447642311,-1.64987166547846
2018-01-11,-2.0021680605849,-1.76933906406213,-1.53638351390396,-2.15474026429613,-1.52381241395865,-1.81566632159041,-1.3135585525567
2018-01-12,-2.04423266684197,-1.89478284345674,-1.60227736589084,-1.48000143978769,-1.43039928853988,-0.917797100049876,-1.56621882137287
2018-01-15,-2.6261486846472,-2.30251779758636,-2.28964983428527,-1.88054622909783,-2.28946210607027,-1.57323758679439,-3.99570032609701
2018-01-16,-1.89995626344838,-1.8027130068528,-1.99881489555685,-1.97214489494914,-1.36406872976633,-1.64795708546156,-2.14964862662821
2018-01-17,-1.60097248327715,-1.36094162908602,-1.41313869752762,-1.61683968200603,-1.02188728201074,-2.52232347193781,-1.69213872044073
2018-01-18,-1.80206704289899,-1.72746479849188,-1.24107396998641,-1.38422788056223,-0.767661404483885,-0.79524156338801,-1.36558267570026
2018-01-19,-1.89167358588001,-1.69711821230187,-1.22160089710279,-1.68305735533804,-0.775332863924049,-1.38087746022703,-2.30088870870669
2018-01-22,-2.18032282622524,-1.92602147953651,-1.39978987916199,-2.10004779945282,-0.736483181365597,-1.10281208445027,-1.44543189903832
2018-01-23,-1.58249593819249,-1.15802414519115,-1.40241223959286,-1.09301639007517,-0.609031568562896,-1.21337778990211,-1.83265463029126
2018-01-24,-1.66192043402552,-1.83886708967412,-1.52069832250697,-2.01770492224287,-0.701997751419385,-3.85868678789517,-1.17249134205461
2018-01-26,-1.12552772568197,-2.02050589215495,-1.0118009197489,-3.00374788797361,-1.09999637058191,-1.40565976164862,-0.998525862706653
2018-01-29,-1.55852330195744,-1.55374504119152,-1.47125939364736,-1.38214343154889,-1.79073108320345,-0.533717155712378,-1.38581809809909
2018-01-30,-1.44662245099573,-1.27524260527712,-1.36452890281122,-0.976957375239831,-2.72491003705172,-1.38237196697946,-1.57154235847666
2018-01-31,-1.11437224910358,-0.636443782398554,-1.12183292303431,-0.484205090642756,-0.39797506696804,-1.27169889903093,-0.723356915934571
2018-02-01,-1.21914408406879,-1.39746509575582,-1.62228435642246,-1.39258603435787,-0.684219059777869,-1.48654170053911,-1.36455703869199
2018-02-02,-1.16676269290796,-1.11349391814584,-1.38320552471357,-1.16966412628804,-1.03178239091861,-1.08308387709261,-1.56862054549667
2018-02-05,-0.684604367853175,-0.655218505525581,-0.871202270898013,-1.2889801422432,-0.796551969618056,-1.34808806770506,-1.25932381931148
2018-02-06,-1.16737197110947,-0.871083481453429,-0.589439314101178,-0.712666670340137,-0.525026969334313,-0.615907271459894,-0.636600073034379
2018-02-07,-1.72249549115843,-1.29704949711394,-1.04278629369366,-0.961628604969416,-0.257905498835033,-1.0006708626467,-1.51487237342804
2018-02-08,-1.08337382416916,-0.839009909377466,-1.37483473673059,-1.18750786884145,-0.205900026926878,-0.882782959728341,-0.894237200942103
2018-02-09,-1.25455382136182,-0.959273582650248,-0.908477685618478,-1.1357939733116,-0.908873265001147,-0.552752076082139,-0.533829118621498
2018-02-14,-0.90562552679899,-0.867093951909123,-1.41528621512516,-1.09139419490441,-1.43083346951584,-0.612124295370953,-1.32993638536933
2018-02-15,-1.77420789319428,-1.47612868792285,-1.41206524310499,-1.31089105932957,-0.516693674728875,-1.42730888632723,-1.99540716194872
2018-02-16,-1.78060120558221,-2.15853019997549,-1.50463112256667,-1.28567288788206,-1.32522756200689,-0.922416010117567,-1.40529500044221
2018-02-19,-1.73089636274746,-1.85293275108325,-1.02930475428125,-1.54063363325071,-1.35562154391253,-0.321375113012694,-1.05202033159639
2018-02-20,-1.42114413696511,-1.93916295718152,-1.20820548958297,-0.517732105657173,-0.90341887401969,-0.98268619708751,-1.7226836348647
2018-02-21,-1.09035198979712,-0.974864084331548,-1.65226211064521,-0.93589077938621,-1.48897800602496,-1.70175450962523,-1.39208155404214
2018-02-22,-1.46499642634514,-1.55055007022594,-0.232670219941453,-2.14630489820686,-1.52479010264944,-0.898800772768355,-1.63838102523527
2018-02-23,-0.880517042678299,-1.10927569070387,-1.56082719048763,-1.6467775506918,-1.0204400162363,-1.04998423468422,-1.54001704790084
2018-02-26,-1.80640076845052,-1.66904852822641,-2.3404738495257,-1.24964302979501,-1.16164261990627,-1.49641003369534,-1.49973487775457
2018-02-27,-1.54195903143369,-1.80205608964699,-1.56105854418736,-1.13717383856746,-0.932236477878244,-0.789384529849009,-0.785167764274485
2018-02-28,-1.60831737891601,-2.27977073960948,-1.01379340137332,-2.046378900538,-1.19450631585966,-1.30859947631826,-1.93498322240502
2018-03-01,-1.45843951091455,-1.2538681572523,-1.88432427096822,-1.26415954713233,-0.747202932185606,-1.09346208111933,-0.947335189172837
2018-03-02,-1.29665149040489,-1.22364989746153,-1.20145810039026,-1.35604537521312,0.0151266732939436,-0.721946231822295,-0.874031496723792
2018-03-05,-1.3767344141125,-1.38707441059425,-1.41812622052999,-1.61473484212117,-0.941968365663413,-1.1649153100473,-1.50504692502921
2018-03-06,-1.45876600353456,-1.47254981377566,-1.2561193446293,-1.31333596107622,-1.06377159038097,-1.18216738534241,-1.11011176918084
2018-03-07,-1.37704106511268,-1.47861562192419,-1.22168976875663,-1.61614797896135,-0.441544301443497,-1.14993519691141,-1.24990034960044
2018-03-08,-1.07558932022613,-1.18389978029427,-0.798080175561219,-1.11459622546443,-1.21353916824105,-0.528180752227534,-1.41625258684631
2018-03-09,-1.90329973144144,-2.14520011701125,-1.40599719598648,-1.61905898920791,-1.30914548428712,-1.21790533222939,-1.23521937199992
2018-03-12,-2.02766514866387,-1.83299965286579,-1.54159289709781,-1.63056497100028,-1.24498232435529,-0.996232273475649,-1.45951340643119
2018-03-13,-1.80403989888702,-1.82784184278524,-1.80854893351543,-1.50546808140871,-1.46185784825544,-0.817732413382395,-1.35289343586668
2018-03-14,-1.7482866356321,-1.37267175476693,-1.29696921506537,-3.11583642695903,-1.57590374874201,-0.789527590198159,-1.16369836304657
2018-03-15,-1.48159832960746,-1.27607341084431,-1.38073457436265,-1.11047626722233,-1.14875832061206,-1.27670648701944,-1.08838506384912
2018-03-16,-1.39553916509775,-1.56746927508166,-1.63178951743293,-1.87158079886476,-0.805561456456235,-0.975414096065114,-1.45918326462236
2018-03-19,-1.33491164444205,-1.29682858324165,-1.72514662883985,-1.26838499780394,-0.891687103574569,-1.16765919792189,-0.862552977149562
2018-03-20,-1.38228757100595,-1.65183118282675,-1.39068151868652,-1.76578462698482,-1.22407372036623,-1.78373571927092,-1.63555808376391
2018-03-21,-2.14219658548926,-1.77072075075971,-1.61305740316598,-1.46993457587798,0.25914669353686,-1.31922017132018,-2.4474976384566
2018-03-22,-1.54842320185281,-1.53445331713621,-0.94319517662379,-1.36422850876446,-0.898786931344612,-0.768146918418038,-0.524896865803689
2018-03-23,-1.04573309213074,-1.09443819498751,-1.04457038297394,-0.936129775099815,-1.1385970588922,-1.02117130029274,-1.59340340561126
2018-03-26,-1.14856896058221,-1.02657092051826,-1.23539011327063,-1.3102292476091,-1.55217917291925,-0.805148949639303,-2.63796116646415
2018-03-27,-1.34707358350996,-1.50049191195149,-1.07255970932935,-1.23245086191833,-1.08097590144027,-1.37271262532606,-1.40606279222301
2018-03-28,-1.71205825403598,-1.48766810939137,-1.31821060709461,-1.52904776396714,-1.23695630304034,-1.07429430104946,-1.5614915626388
2018-03-29,-1.36396742497629,-1.56257927169742,-1.20770384683015,-1.17627217839595,-0.994421635089118,-0.906800845638829,-1.3408570032165
2018-04-02,-1.43678479324116,-1.3989683410134,-1.89230724921023,-1.77291001812358,-1.15038688775501,-1.15199742944336,-1.22726867781186
2018-04-03,-1.58952172358217,-1.21816512968418,-1.27045716144703,-1.30377536375223,-2.50709745492145,-0.429632210459863,-1.39253378537714
2018-04-04,-1.03783789219976,-1.10506210134852,-0.931760519855689,-1.12007662101799,-1.81219719294156,-1.88284553643655,-1.22874504306064
2018-04-05,-0.86553767333433,-0.648653557303495,-0.372526463843793,-1.21239643115451,-1.93610900714749,-0.570365890945583,-1.01915885027493
2018-04-06,-1.42199932568874,-1.25206263550926,-1.11422684699274,-1.15786112685747,-1.61181712706382,-0.756755556756446,-1.23007311361085
2018-04-09,-1.88189931840474,-2.5784282110388,-0.789901573673577,-1.49842678521855,-0.721073686943572,-0.685940217551374,-0.929323776154694
2018-04-10,-1.46065845918943,-1.20684471850152,-0.791153603992498,-1.49122466150157,-1.24964782733248,-0.702764227562531,-1.26770637571647
2018-04-11,-2.51123771024493,-1.77220625227333,-1.21672999020644,-1.08513101576682,-1.73743011989522,-0.997315681821969,-1.26770339035894
2018-04-12,-1.62732511734817,-1.39508995819356,-1.75940200905515,-1.62405272838197,-1.49905415964429,-1.16648982585526,-1.68946055134698
2018-04-13,-1.72879529850438,-1.36321175566576,-1.62901020428088,-1.40775029637157,-1.62205970245962,-0.929896501423674,-0.839357173299512
2018-04-16,-1.44573557350856,-1.44807255361698,-1.1061977191793,-1.02070643824916,-1.46819471147004,-0.780149818397053,-1.36286400547394
2018-04-17,-1.55265870573009,-1.54626403456491,-1.35895746992599,-1.37891064528137,-1.42048247137246,-1.6588208903618,-1.43497656583497
2018-04-18,-1.26230910499407,-1.24549225693217,-1.14032228160452,-1.53201377928506,-0.988051385056059,-1.40548629276143,-1.81175519378193
2018-04-19,-1.65328617853445,-1.52784556718818,-1.54964842476564,-1.31935467240907,-1.09849586975823,-1.10695776556822,-1.67823681402703
2018-04-20,-1.80625337632551,-1.33657259538008,-1.44246557593925,-1.47662539788724,-1.20058320785529,-0.999591168655909,-1.31860379500589
2018-04-23,-1.53595737436704,-1.66634557817379,-1.21372575902944,-1.26032480523876,-0.645879418395478,-0.84322084701977,-1.06351191619968
2018-04-24,-1.44949055863474,-1.44153312102629,-1.26527306339009,-0.588722581505203,-1.20409433003421,-1.17630564892542,-0.870964312411255
2018-04-25,-1.4466527056449,-1.08367499829875,-1.07012104631077,-0.976449677210646,-1.23491337646366,-1.89697636051221,-1.18155442947698
2018-04-26,-1.55088554313431,-1.05067444459025,-1.52103648392889,-1.61826812359401,-1.49673083630953,-1.26936264021467,-1.70231235045398
2018-04-27,-1.72866638233573,-1.01330453853241,-1.56206839095199,-1.55096167758737,-0.905781492603467,-0.767513825687395,-1.35842314114591
2018-04-30,-1.57593057941566,-1.54026926678848,-1.5310401209964,-1.30153670843803,-0.901789705897677,-0.887140292208602,-1.35290983771777
2018-05-02,-1.03887772692256,-1.10808287893319,-1.36781634946567,-1.28708973222995,-1.74312641097257,-1.03594847945015,-1.30178356018663
2018-05-03,-1.42589654611179,-1.45466406180914,-1.47173328535481,-1.44626066315029,-0.726572207567435,-0.426922098367457,-0.562616259164065
2018-05-04,-1.66709769516294,-1.3482471613965,-1.51239809716671,-1.42386300439811,-0.762902901383033,-0.92747664346323,-3.09749434836725
2018-05-07,-1.51825056741107,-1.71206927721682,-1.20460917724807,-1.3726925515463,-1.83553214820179,-0.909042500306979,-0.749283769586024
2018-05-08,-1.49284318955993,-1.37473598605471,-1.09975215279905,-1.31953861997947,-1.47025664851124,-0.592983774808486,-1.01335041104156
2018-05-09,-1.47179181286857,-1.40463828656421,-1.49484747107793,-1.25242073780655,-1.32017571477856,-0.977436916929001,-1.12244088015626
2018-05-10,-1.47101299964237,-1.39280888486601,-1.37131785454211,-2.36412586157745,-1.72724678554053,-1.32036607832713,-1.54153655070303
2018-05-11,-1.43819340229788,-1.59604304172157,-1.2353020304341,-1.09689008428323,-1.33718449333613,-1.10614576651647,-1.52708015669187
2018-05-14,-1.13087414039146,-0.822186772503464,-0.673360390306881,-1.47762294640595,-0.147453961716323,-0.186577061485587,-1.11324363400217
2018-05-15,-0.72806501567671,-0.690769066277229,-1.15017880018277,-0.753370438853609,-1.24578991731467,-0.366036033866889,-1.05411119509495
2018-05-16,-1.64751978721064,-1.44238379498782,-1.60416788246286,-1.36839442313641,-1.92138584925262,-0.868061796788737,-1.02843957381402
2018-05-17,-1.68155005790685,-1.58208753541413,-2.39051241144862,-0.957414207090039,-1.52855603814483,-0.556971245457165,-1.39103461887398
2018-05-18,-0.778543141240128,-0.434709779766019,-0.591622701741238,-0.636599668293179,-0.691847672538683,-0.453391629518114,-0.706604874427361
2018-05-21,-0.893383174749066,-1.20998774302434,-0.944738374782257,-0.700507138159781,-1.23489999499544,-0.926644574113249,-1.36135905871471
2018-05-22,-0.925217615641024,-1.0590824333851,-0.962812584039616,-1.03777890371071,-0.514529512411467,-1.38029595702072,-1.2570413227473
2018-05-23,-1.19779267072906,-1.10163882008992,-1.24664697981821,-0.974335168208299,-2.11753537420478,-0.495537141911395,-1.0056434166719
2018-05-24,-1.18339008492449,-1.25139568044532,-0.400532019205158,-0.907496935622385,-1.30725442205314,-0.150614833809485,-0.616816387121624
2018-05-25,-1.41532367752901,-1.05899952447452,-0.996692335937016,-1.32480399671217,-0.983823915840323,-0.755724533272538,-1.07522984064605
2018-05-28,-1.30535160235531,-1.2966555435001,-0.996843421744064,-0.543606797725379,-0.626647179852735,-1.19167052898568,-3.27494407784521
2018-05-29,-1.14078817583463,-0.882723723453483,-0.475639680883137,-0.928122775016142,-0.527704478967046,-1.49613940496116,-1.21190238352581
2018-05-30,-1.41765944247349,-1.11845865744888,-2.55950523187125,-1.6362312635915,-0.777301952981577,-0.740229652874043,-3.924262913069
2018-06-01,-0.822771028048626,-0.746561100246033,0.0251493059257812,-0.690819703259458,-1.0003922628647,-0.664623628582814,-1.06921440684806
2018-06-04,-1.49215037868975,-1.21411166684835,-1.0069759010898,-1.27867019394602,-1.57306400768885,-2.0752318424535,-2.2431726911352
2018-06-05,-0.927786368426678,-0.798428464523325,-1.1659590784003,-0.652010843792684,-0.785973872893577,-0.633032816847535,-1.01411859233431
2018-06-06,-1.02761735489713,-0.672103836095546,-1.0678145255259,-0.610142309374334,-1.58847464049352,-0.538560415720732,-0.835030142784788
2018-06-07,-0.247415626903495,-0.214917738311991,0.165359387419435,0.399522222567215,-0.743409886707815,0.293039476372454,-0.459026543013176
2018-06-08,-0.678124372575554,-0.463055299592313,0.173181379588063,-0.717986584595882,-1.03667669215802,-0.133398130870349,-0.655453447412543
2018-06-11,-0.837736730682615,-0.974122227915102,-0.805906270271098,-0.962568789447913,0.455744898911577,-0.087571148768373,-0.945325777226612
2018-06-12,-1.28364104009144,-1.08710006915573,-0.733973168556334,-0.559408452344671,-0.900458200099043,-1.24287961474176,-1.26106723164671
2018-06-13,-0.980193586421706,-0.723137194751637,-0.635728953830835,-0.524152548955515,-1.26873260695714,-0.921607276770947,-1.2832867029948
2018-06-14,-1.25504062483679,-1.19752234527117,-1.17052350771123,-0.544566413858865,-1.38598438064188,-1.66506067141422,-1.49612601822231
2018-06-15,-1.05930029405572,-1.0123901216479,-0.606488800044084,-0.731112087892162,-1.37691930531409,-0.957325057985794,-0.865449820742479
2018-06-18,-1.37539855496481,-1.35307751288242,-0.779208321486733,-0.780354937728783,-1.37970775336071,-1.06727674510719,-1.57145576202099
2018-06-19,-0.552022330295015,-0.622432987736013,-0.205682048662029,-0.403986268206065,-0.919488776301953,-0.881358309058187,-0.721778306036024
2018-06-20,-0.66517620840985,-0.639404696234431,-0.704612254170495,-0.78683099115128,-0.750858106889887,-0.787308057543793,-0.782814347701964
2018-06-21,-1.14752576325552,-0.729819849346389,-1.07031500433639,-0.983519873523338,-1.44799793657073,-0.925577262767348,-1.10999288737469
2018-06-22,-1.10910134592824,-0.942055935746622,-1.03398583207741,-0.851913867830309,-0.647621459421667,-0.162035972058869,-0.864798925792711
2018-06-25,-0.983764442969159,-0.690904872969684,-0.862496678253912,-0.837069625329251,-1.04643044576991,0.0394529031643909,-1.20435343222354
2018-06-26,-1.03247145734078,-0.967437640500683,-1.16270346450425,-0.818025648813249,-1.01119446509886,-0.548363875803144,-1.54864714769432
2018-06-27,-0.945759374516413,-1.10983681495965,-0.316597261998683,-0.783590901233424,-1.5364501000995,-0.949004721654363,-1.27777318530445
2018-06-28,-1.26603440712302,-1.40138539282239,-2.92320142954277,-1.24757621981328,-0.886364090420645,-1.20337106483705,-1.85660738516891
2018-06-29,-1.25226573177454,-1.21787703013752,-0.851521492330439,-1.50230670078699,-0.305899846163282,-0.694434415494321,-0.91822627063089
2018-07-02,-1.52328689708638,-1.28280726340021,-1.29237424515812,-1.25925822564624,-0.60159039771893,-0.606557015555653,-0.652663364958384
2018-07-03,-1.02855434114638,-1.00776613597203,-1.26472046638187,-0.651229763646495,-1.33337072753151,-0.889671339044186,-1.19805495628771
2018-07-04,-1.62383583314345,-1.32404763061867,-1.02014858815872,-1.07507618377802,-1.5135990422477,-0.945599239269471,-1.81618175279802
2018-07-05,-1.04988425178342,-0.807362278448177,-1.18908340848333,-1.13304224522073,-1.08442995424068,-0.909621975753713,-0.698931626878455
2018-07-06,-1.65071033110443,-1.2365884694107,-0.926390751306596,-1.2740237893097,-1.39256400766742,-0.802141886327668,-1.36253461887453
2018-07-10,-1.01018946700127,-0.801802487531985,-0.808604661344741,-0.872101512850884,-1.61834494710456,-0.878826636752672,-2.30585975006937
2018-07-11,-1.42469425543299,-1.15831879021806,-0.93662555329117,-1.48782101672406,-0.753734941682882,-1.25846236215263,-1.76563229129664
2018-07-12,-1.91764315009213,-1.52002932897624,-1.67659635271516,-1.20191879660054,-0.78080920820102,-1.59416305091646,-1.0460736638173
2018-07-13,-2.3583572304122,-1.37553484244842,-1.63600889426014,-1.22874955835703,-2.33534806531245,-0.957187200224239,-1.63729288229875
2018-07-16,-1.64091876386047,-1.64667384123613,-1.14319951366425,-1.23786760781159,-1.63832146721589,-1.19294499297436,-2.12264290714448
2018-07-17,-1.42310215760355,-1.26766028143516,-1.01959346651021,-0.763466458231613,-1.00845241618618,-0.912774738292154,-1.83621257912227
2018-07-18,-1.85170507537615,-1.05845947411112,-1.21154019579198,-1.36518321921805,-1.36228736112472,-0.953167228100583,-1.30587151692678
2018-07-19,-1.09614928529824,-0.899627189834941,-0.677832174151961,-0.919192551037614,-1.01767090648399,-1.3749722180856,-1.20530456088805
2018-07-20,-0.758477359571026,-0.464868721059209,-0.35457702543809,-0.324954643044041,-1.00021788422555,-0.590014786671824,-1.07378806660746
2018-07-23,-1.83677188293846,-1.50222958567475,-1.71452806385663,-1.04125642657981,-0.547090100835189,-0.746442243048994,-1.72354588508917
2018-07-24,-1.41652457200111,-1.40451017891265,-1.31744544802446,-1.19452110656505,-1.24289545772973,-0.788507604958516,-1.0722618420449
2018-07-25,-1.32437781098086,-1.11280361852053,-1.8416166912545,-0.35809754772233,-1.94527572270334,-1.16107394000632,-1.41698967387957
2018-07-26,-1.27642764812756,-0.795530044752603,-1.46019559485285,-1.08344538036601,-1.32833372981613,-1.01534460883419,-1.61235000989422
2018-07-27,-1.48865725546508,-1.46175454032618,-1.17640781164131,-1.81962597925119,-0.959347441936435,-1.43260276351437,-1.78548843817214
2018-07-30,-1.55350321329214,-1.56353394997977,-1.74516247244326,-1.91345226914583,-2.92298573652249,-1.18407517011135,-1.61537744596823
2018-07-31,-0.779750056307182,-1.49901329082633,-1.28550103479394,-1.03967903451246,-1.01006204583497,-1.67919664403632,-1.44127630789425
2018-08-01,-2.02159572596535,-1.20439957075095,-1.22712881990328,-1.23738505536739,-0.929751616702449,-1.05709633571686,-0.824814042319633
2018-08-02,-1.23958755761576,-1.3015541120398,-1.16981188908796,-1.5102562094942,-1.64206286951648,-0.985383520107842,-0.910447622672547
2018-08-03,-1.80463631901576,-1.3425638212485,-1.16371817020493,-2.10171550743497,-1.50441689586926,-1.14164200302069,-1.438018412708
2018-08-06,-1.58834379529236,-1.68652768029558,-1.54215838110731,-1.43351736388573,-1.44407723001701,-1.13914323934717,-1.66827124484346
2018-08-07,-1.08475851366968,-1.00796999709676,-0.869646113645301,-1.01128074222653,-0.937087976114816,-0.759709249099298,-1.42466939530276
2018-08-08,-1.13918619674573,-0.899116025834917,-1.17882235048477,-0.593253865259557,-0.898123850169229,-1.13716135005668,-1.30397224236827
2018-08-09,-1.28935010752004,-1.00691862645618,-0.989448955792731,-1.09483112482538,-0.493841817141194,-0.929830595837899,-1.02067083601759
2018-08-10,-0.961716280973559,-1.04467111430127,-0.829696009736002,-1.65821296351038,-1.05549912190414,-0.83322336260814,-1.47046405020418
2018-08-13,-0.952973337232944,-1.46626034131342,-1.05495946206229,-1.25100443584863,-0.49577018583113,-1.73871733496804,-1.56990166853092
2018-08-14,-1.09483136955195,-0.912863844559381,-0.971609325972207,-0.843732539920487,-0.791071992985073,-0.579277513189891,-1.10627940816387
2018-08-15,-1.12357827113705,-1.04494253316369,-1.01474193443044,-1.15420186809595,-0.671641669649102,-1.53240845646167,-0.681714109557179
2018-08-16,-1.82993495022787,-1.47650132453488,-1.22138243590456,-1.235124648362,-0.559346611277437,-1.03711051418063,-1.43725477312159
2018-08-17,-1.1735065753762,-1.05521217086634,-0.941130913087936,-1.19022808473749,-1.18564000778725,-1.00157417734153,-1.81893596839348
2018-08-20,-1.63368908513902,-1.43910944806314,-0.993097871577354,-1.44592102453893,-1.67839593315925,-0.942438961804931,-0.832788992681658
2018-08-21,-1.3113854793464,-0.864872518301309,-1.25891482171556,-0.942893395946517,-0.769740456595134,-1.03380824115979,-1.04390672565824
2018-08-22,-1.25142062002433,-0.893669819628264,-0.895831770586779,-1.08112574973762,-1.34998559605635,-1.04084557174566,-1.58733236015982
2018-08-23,-1.31706378169487,-0.976128444079639,-0.716583332377936,-1.15344285172501,-1.16597098650468,-1.11629076504108,-1.77037491009367
2018-08-24,-0.935362950275639,-0.94435186965187,-0.485407693877787,-0.890045787561261,-1.80372487252456,-0.87607520676168,-1.24375380917772
2018-08-27,-1.23791808786247,-1.18299264018173,-1.99410419637631,-1.89629260803364,-2.33311433607587,-1.52433587104361,-1.50469532666625
2018-08-28,-1.53485070122673,-1.43761271393386,-1.5489582966172,-1.38562339918601,-0.962157963852547,-1.92746735787866,-1.73608591180242
2018-08-29,-2.04750674074748,-1.5413858156197,-1.1152773818883,-1.32166556185177,-2.04421917861739,-0.58284240049158,-1.55299425199444
2018-08-30,-1.4843210535278,-1.22676039903787,-1.61909229168545,-1.97317180076668,-0.677222184562484,-0.871707137520492,-1.86337067131402
2018-08-31,-1.51597197738191,-1.34235762739025,-0.921104708673649,-1.06067339381988,-0.703539198632138,-1.20192256911925,-1.55121155374305
2018-09-03,-1.22750154703486,-1.17996709420961,-1.84064062243394,-1.04362448993408,-1.30477973438965,-1.23770878391361,-1.12314493188247
2018-09-04,-1.43935260329841,-1.46748591517055,-1.45284722945238,-1.3634531513192,-0.974880212702901,-0.996932084057924,-1.48008824583487
2018-09-05,-1.31184779100155,-1.37581082704221,-0.720981038259835,-1.25647649754494,-1.56441438221569,-1.2218148175202,-1.85821361425216
2018-09-06,-0.926985525301243,-0.958486448543824,-0.57176647162916,-0.991939910862851,-1.16518899608329,-1.26989354173072,-1.45361332364705
2018-09-10,-1.30122971375637,-1.08293040440167,-0.938738572715465,-0.751630988602168,-1.16500724945223,-1.04354847167656,-1.9279902780564
2018-09-11,-1.043667869494,-0.778193646876837,-0.916845360718192,-0.658416979074539,-1.95625476610282,-1.16322053079504,-1.64871240827735
2018-09-12,-1.37482844384323,-1.3148573402854,-1.02110302560663,-1.07787432361133,-0.849453560651546,-2.30322483311508,-1.83760995142854
2018-09-13,-1.64908448882296,-1.31602107171789,-1.30020713160011,-1.36706458033204,-0.700641381958384,-0.804650205166202,-1.47946407318038
2018-09-14,-1.61813329933314,-1.24072882286668,-0.942759428013362,-1.04526478593101,-1.43925319190587,-1.12997506620281,-1.58367619980911
2018-09-17,-1.88420126006868,-1.15570976625038,-1.5842916053746,-1.07399031368909,-1.16192171698654,-1.32224012407361,-1.18778240894352
2018-09-18,-1.48139735061569,-1.35726928054836,-1.45464345008149,-0.875861010066371,-0.89015648461372,-1.25708020752184,-1.08171172678799
2018-09-19,-1.05281934817983,-1.06960926813648,-0.629257884896216,-1.02980609888651,-0.870651252120046,-0.381463533565643,-1.38511270937299
2018-09-20,-1.31792596808169,-1.17785959190923,-1.00646035856956,-1.19867393577027,-1.38925827861937,-1.05828660407802,-1.57831289430267
2018-09-21,-1.13425633236787,-1.27714983151097,-0.938838653445559,-0.793066273036171,-0.941339676037185,-0.963496428494054,-1.64717949052372
2018-09-24,-1.5482321923634,-1.5239959622319,-0.938155253704938,-1.37986228224758,-1.92595362435817,-1.39738347224731,-2.10633525981227
2018-09-25,-1.12263322050929,-1.16591718883576,-0.721955884148077,-0.887498929187795,-1.30569784696748,-0.701713195361651,-1.76331266052684
2018-09-26,-1.30084227948674,-1.31475998862965,-1.25631711817871,-1.28683748733879,-0.908983922806866,-1.09150156379568,-1.15405002275642
2018-09-27,-1.81114886442693,-2.19224420647063,-2.03812591084902,-1.30907645360286,-4.90127892031796,-0.665058001669156,-1.66751994065143
2018-09-28,-1.14772970997139,-1.15979764779568,-1.12867046003716,-1.20121520205363,-1.38381591745037,-1.37622796573775,-2.0699393377499
2018-10-01,-1.24395858348333,-1.34107256084137,-1.13882025053504,-1.82797299185998,-1.67044419457704,-0.704907741872934,-1.3917564969268
2018-10-02,-0.858633562073742,-0.644640519815625,-0.140161382551625,-0.690168002807323,-1.30063902819931,-1.01710939878837,-2.05519500967508
2018-10-03,-0.0377485234851397,0.231973904156359,0.606176733632061,-0.31040817295858,-0.798271472915945,-0.718329003859624,-0.248298573802707
2018-10-04,-0.969680097448419,-1.18853971581867,-0.37126317714916,-1.28190937863023,-1.51776203172533,-0.554548436917899,-0.293277538264632
2018-10-05,-1.19283670052077,-1.02573801182367,-0.309563778076385,-1.03531419737616,-0.745728061590184,-1.52343955136258,-1.08492705033567
2018-10-08,0.270761069824187,0.417721295384756,0.717420411471841,0.424369562736809,-1.1307995451122,0.00869379499895737,-0.196634882472081
2018-10-09,-1.48980461226267,-1.00442484795157,-0.930391492494465,-1.31634130666654,-1.04299961746553,-0.843160105787646,-1.09411661750661
2018-10-10,-1.39853075311686,-1.1364359579527,-0.939001644749127,-0.699092769421814,-0.766769193244094,-0.82996055367084,-1.67078312941882
2018-10-11,-1.14777230691271,-0.823441661629953,-0.819058923806989,-0.702179483719589,-1.69087266956896,-0.76179398009976,-1.20897081346732
2018-10-15,-1.30693169110189,-1.48101384941608,-0.841912754439642,-1.01693368029637,-1.01025958659853,-0.860462037847208,-1.41157430859191
2018-10-16,-1.61027625962271,-1.88013384858851,-1.332762706993,-0.858122747952437,-0.89084419805512,-1.38315282499557,-1.51091637952456
2018-10-17,-1.3557324429696,-1.34485495097436,-1.18645516562899,-0.867963461811249,-0.851504388750764,-1.38911046171532,-1.28773170138987
2018-10-18,-2.30428778036827,-1.57712752617163,-1.1397283960273,-1.35356742385566,-1.53121185893113,-1.90724790120076,-1.2992491732284
2018-10-19,-1.46827105171393,-1.17015000974947,-1.14547932452583,-1.281829583369,-1.55022025692303,-1.03292363165828,-0.703255685664297
2018-10-22,-1.48166904939949,-1.55436520377938,-1.62633546257052,-1.27809433754136,-1.77125469398951,-1.17019150353116,-2.19698307795182
2018-10-23,-1.13792115092919,-1.1026062173557,-1.10983182008496,-0.568436474981485,-1.10178624163199,-1.9664925922643,-0.747006673945703
2018-10-24,-1.47041052830924,-1.30720115596746,-1.41472346754951,-1.79916375149275,-1.38219103646678,-0.893541863805585,-1.08724258763753
2018-10-25,-1.08320071455374,-0.860828126153532,-1.13586080264676,-0.698741475239228,-1.31389257227936,-1.8635996995486,-1.73712436265126
2018-10-26,-1.07286837688908,-0.806973340953022,-0.402383217175415,-1.62374929517943,-0.611505486238742,-0.919906196205426,-1.73158231402999
2018-10-29,-0.3350398764088,-0.0167242661559135,-0.138551064108426,-0.195573144814752,-0.602410464372539,-0.0585726726726863,-0.943658837177262
2018-10-30,-0.565272540581791,-0.5405491396032,-0.625601961000478,-0.4732781725985,-1.43120930452568,-0.836470042485529,-1.10675566189865
2018-10-31,-0.698422317110265,-0.660381664203225,-0.563407013337987,-0.338965840923015,-0.952427211369393,-0.584805841476039,-0.935952702539057
2018-11-01,-1.2044021373635,-0.703825778938162,-1.36405817624595,-0.872355103652649,-1.27397342627144,-0.623811555877701,-1.48335170368782
2018-11-05,-1.94580238967445,-1.01231812347747,-1.2474310101197,-1.1150773489072,-1.00598647160873,-0.764633210810321,-1.79208684473578
2018-11-06,-1.40842769257073,-0.936367349700198,-0.817192650676772,-0.988642590459372,-0.918666169875649,-0.949794811770574,-1.19390164484017
2018-11-07,-1.15828813551681,-1.15893211934916,-0.698885741656549,-1.13726091567262,-0.234420662948543,-1.35945793974549,-1.523834196696
2018-11-08,-1.34080948966,-1.27016558589337,-0.670691642597028,-1.15129973466243,-1.11961402126366,-0.56923275260053,-1.04334328963068
2018-11-09,-1.3222974869989,-1.48716394477053,-0.668121645773241,-0.92696777064202,-0.646432863738021,-0.891331148698962,-0.858877373736188
2018-11-12,-1.76384844455335,-1.37349275353348,-1.12267639446586,-1.15447808857236,-1.34486385257523,-1.53246698882919,-1.26161349830763
2018-11-13,-1.39854017532522,-1.12397398269419,-1.34297576688419,-1.61741376098226,-0.465834126664063,-0.917921889976589,-1.01684529209636
2018-11-14,-1.56469271457699,-1.20013726372364,-1.09967813716449,-1.28363315074302,-0.912622953923407,-0.755265224028449,-1.05994251631704
2018-11-16,-1.47496245564789,-1.09923990082876,-1.40886001299639,-1.59927606757537,-1.94868086098935,-1.47302837367706,-1.16751524640503
2018-11-19,-1.91336897031845,-1.26773461556562,-1.28198721821359,-1.29801611033091,-1.92294752676346,-1.05582733214639,-1.5674387078294
2018-11-21,-1.52034841764273,-1.0835384677571,-1.27888559466131,-1.22116536285871,-0.797953815968645,-1.12501932559169,-1.92451363876961
2018-11-22,-1.58510532765414,-2.20695423211844,-1.04340029377984,-1.44050080735894,-1.43423591992343,-1.15023110309504,-1.40679031335268
2018-11-23,-1.86902054897989,-1.85598652443974,-0.992993511994907,-1.84179411775156,-1.90717421226396,-1.24552543542552,-1.40822409203851
2018-11-26,-0.969047531858917,-0.771681002308744,-0.750517021155688,-0.810467603508814,-0.293344646303648,-0.455897457891108,-0.970710127107928
2018-11-27,-1.23155275901725,-1.44989138219082,-1.01379974825836,-1.61001579588689,-1.29052958971894,-0.634629336722805,-1.27831269764854
2018-11-28,-1.25591860647908,-0.847226776606663,-0.873417272189653,-1.30712511237819,-0.985906321176112,-1.0559622732204,-1.29850341221047
2018-11-29,-1.3107618483874,-1.57394643792706,-1.31930304105075,-1.13894177685012,-1.69531781899257,-1.21409541273226,-1.90121741346076
2018-11-30,-1.00282034561654,-1.15492938372978,-1.55576172082704,-1.5751442435611,-1.98404883024624,-1.29020084477178,-1.6749467422662
2018-12-03,-0.792813054196995,-1.09308227155826,-1.03419595801134,-0.952137490202954,-1.14021652490647,-1.05480432407976,-1.6269054566631
2018-12-04,-1.06629830432221,-1.03674760840927,-1.18528975892269,-0.78680710622326,-1.40319711581756,-0.903172647883719,-0.783566821711002
2018-12-05,-1.84116215057003,-1.54334594720871,-1.53686676748528,-1.35976566330951,-1.12705849411212,-1.70371002672553,-1.63425700170406
2018-12-06,-1.15205718183473,-0.854452555887487,-1.06332593130982,-1.21025387060803,-1.05870163921543,-0.660304975831642,-1.04091334101965
2018-12-07,-1.02909231304566,-1.10337424686784,-1.25749136618695,-0.538237112281,-1.51872481934407,-1.50286458139518,-1.85790131465714
2018-12-10,-1.24016864139046,-1.56908569959328,-1.22583825130705,-1.35946654778029,-1.24664382405043,-1.27158590291774,-0.977857512619495
2018-12-11,-0.974795237591563,-1.00194642484686,-1.06440989666103,-1.15385628508275,-1.08064168696702,-1.00472970318046,-0.869585257120333
2018-12-12,-1.47814036875392,-1.27785475292022,-1.45992839761797,-1.20994499330704,-1.19570708995759,-1.62038000525742,-1.18454843161478
2018-12-13,-1.65661493461848,-2.10689604658401,-1.16028475764974,-2.06740132284264,-1.09615692147633,-1.2821444486455,-1.65523921240848
2018-12-14,-1.53891704813006,-1.22331708318772,-1.4298666109931,-0.946679412158592,-1.65052747525222,-0.694660978422759,-1.78852752852436
2018-12-17,-2.30814297477789,-1.54787671231853,-1.36473264296435,-2.23167263300384,-1.46938977274446,-0.883782553317076,-1.34669368575686
2018-12-18,-1.39052188038824,-1.56033749971746,-1.53194907187805,-1.49784421788273,-1.91426764163373,-1.37498082898762,-2.45430536944606
2018-12-19,-1.15453589862383,-1.23893356445163,-1.22593611981311,-1.15786037218033,-0.606092058313519,-1.20291684549129,-1.63020571207213
2018-12-20,-1.43872941865454,-1.30467675537119,-1.55660556596851,-0.793208667873066,-1.1090162649408,-1.03250678783684,-2.27509345302767
2018-12-21,-1.35565177713181,-1.42969445844054,-1.30341538445218,-1.28164879474422,-1.29417690762537,-1.07300277226523,-2.07199705608072
2018-12-26,-1.03011696790865,-0.97635447054975,-0.971357732641056,-1.42395677090684,-1.62574157614962,-0.677812181375048,-1.21111504511414
2018-12-27,-1.77656276659827,-2.26771695138908,-1.76185166660218,-1.68693004419096,-0.755565730643684,-0.967074056808656,-1.76120620161802
2018-12-28,-1.18411951473775,-1.20730470637482,-1.3371496386298,-0.878455114999569,-1.46068907160338,-1.17872395235566,-1.27163270261416
2019-01-02,-1.30030414481334,-0.782612297231978,-0.39527893315047,-0.866564908607443,-1.94322420582352,-0.633541859418755,-0.94412522266443
2019-01-03,-1.28657599213433,-1.27480247730013,-1.16450514445863,-1.72728268652111,-0.895883697410952,-0.611497039960582,-1.50879882558287
2019-01-04,-1.09556792195622,-0.951500233675721,-0.675198434648857,-1.06211331725362,-0.989125738236723,-1.041010782403,-2.042327367874
2019-01-07,-1.35820681730559,-1.48532682217781,-1.21278078323213,-1.83715059026657,-0.981131219504614,-0.732871673348587,-1.79804353376877
2019-01-08,-1.07522443898878,-0.812384637634093,-0.650513872374798,-0.778067428538542,-0.550770163105021,-1.20414111259706,-1.26014939505428
2019-01-09,-1.45576651052548,-1.70514849988947,-1.49869258480034,-1.19398150908388,-0.882054257455827,-1.87643529345209,-1.84781692183733
2019-01-10,-1.40619503757196,-1.22298396703549,-1.13118972558198,-1.534496214017,-1.86748714188721,-1.32939325371855,-1.77791063028444
2019-01-11,-1.55293605456814,-1.69460792223311,-1.73995304535628,-1.21222851516091,-1.41680862439212,-1.16227911427864,-1.67235317995984
2019-01-14,-2.33541907566008,-1.79757861290065,-1.78678651162485,-1.24353504753928,-1.90699695463326,-0.877552783999935,-1.44338174122518
2019-01-15,-1.31790591765055,-1.5761890515584,-1.455424930101,-1.21423459352916,-1.6645358572612,-1.91852996430222,-1.73363508424979
2019-01-16,-1.40955497494529,-1.93739628134178,-2.14934538947001,-1.47294083415959,-1.13202517179052,-1.40442854171285,-0.916835546042693
2019-01-17,-1.64083841486989,-1.58877423912802,-1.38638895378293,-1.51464159171814,-1.07257724887023,-1.52080089553363,-1.80523616821127
2019-01-18,-2.19197341024799,-1.57686241836803,-1.62350707038906,-2.11350000177003,-0.668982554755157,-1.06902154647321,-1.11230737109934
2019-01-21,-1.66747841574993,-1.42462387487611,-1.35842286538307,-1.25182562966198,-1.71347947308406,-2.99796232150795,-1.42134292867468
2019-01-22,-1.68784909220213,-1.5587346951831,-1.44977443941364,-1.60067265884112,-1.33701994498464,-1.01335913847516,-1.84596115973433
2019-01-23,-1.38455506464233,-1.9957114669278,-1.44297291611097,-2.29074729339264,-0.912057396388158,-0.744449415116806,-1.71528826060412
2019-01-24,-1.79245344389299,-2.37331383166896,-1.69529174421979,-1.51395271098603,-0.410603535015857,-1.64387682565225,-2.72721292136364
2019-01-28,-1.29865714028463,-1.20629584850998,-0.772021852561481,-0.839416629947565,-0.652635964850893,-1.11966250797083,-1.63540101504423
2019-01-29,-1.80354121395771,-1.61280926135355,-1.11831699926508,-1.16117224613572,-0.995504776054461,-1.42627807355195,-1.29367608678546
2019-01-30,-1.00567108322378,-0.915169045976785,-1.40600222146452,-0.273080650956968,-1.15237344158471,-0.825612197052883,-1.78288252623078
2019-01-31,-1.05963968913455,-0.301814783289858,-0.879618232626232,-1.42188334343657,-1.10235749999408,-1.39713119258403,-2.25171279889815
2019-02-01,-1.50308025826636,-1.38410791423792,-1.63002837491986,-1.7986282648825,-1.06686376529758,-0.935876562560496,-2.92989070024493
2019-02-04,-1.26450880562816,-1.00398438151134,-0.977998005343775,-1.27571932465305,-0.94647475585964,-1.40518078440507,-1.31534911778146
2019-02-05,-0.59319907480654,-1.33323103733972,-2.0017177722844,-0.999068352746465,-1.45240547331927,-1.26105167382744,-1.5993924206344
2019-02-06,-1.73591741899013,-1.01206453413432,-1.32267381539091,-1.24753805867244,-1.44472171397137,-2.33273333549528,-1.02422098349664
2019-02-07,-1.02892385927646,-0.953844888426805,-0.447847612106573,-1.0742871945041,-0.663101103118032,-0.889140501576179,-1.17412409016181
2019-02-08,-1.32510969373076,-1.02466818768061,-0.895724497662181,-1.58128330321991,-0.294923975515164,-0.396187146782436,-1.39918974943594
2019-02-11,-1.52189738143883,-1.31055263793235,-1.6286832287718,-1.46446616208557,-1.50678227249915,-1.06523466414235,-0.941740767713642
2019-02-12,-1.15976025284994,-0.952412169558182,-1.22722524454101,-1.13165892417432,-1.22811405634422,-0.361951461301639,-1.17463225764314
2019-02-13,-1.84253221975738,-1.69043049141467,-1.00618894044988,-1.02838091399745,-0.965980866758987,-0.833922463403575,-2.23438545174896
2019-02-14,-0.751297649591026,-0.553608432826814,-0.436775675473649,-0.998937683089364,-0.924195716059267,-2.02370323396338,-0.906652710025624
2019-02-15,-1.57117647182302,-1.56534182645074,-1.38090351707349,-1.11715167696585,-1.95163275651199,-1.74849097783188,-1.66311571411039
2019-02-18,-1.9476024001719,-1.19098779621118,-1.21236337476023,-1.46831798906469,-0.404808697567206,-1.05834141700612,-1.44720262384328
2019-02-19,-1.3201183554076,-1.36567499348784,-0.867065749718307,-1.20906442601158,-1.23240575026085,-1.27242781379683,-1.6472705413629
2019-02-20,-1.25348791589408,-1.4735243119975,-1.13931977192905,-1.70665424384209,-1.65684347718774,-1.87396432777799,-1.51159318565046
2019-02-21,-1.30130585537976,-1.51722216132631,-1.38439740674373,-1.15620170781355,-0.747233753953243,-0.88205564295693,-1.66353374681855
2019-02-22,-1.47740455560833,-1.07364006142851,-1.32369652093475,-1.5522769213375,-0.743827782251238,-1.13518758816039,-1.36359258236961
2019-02-25,-1.88381808443487,-1.71038930638673,-1.53789082853617,-1.07445933184055,-0.777940632257434,-1.28840574752836,-1.50923811888198
2019-02-26,-2.18653063651415,-1.85013245320021,-1.63341595401954,-1.86889024714848,-1.32910970553951,-0.794751754651435,-1.76303251605491
2019-02-27,-2.16091871055582,-1.88800489060015,-1.98434614747248,-1.23371155266579,-0.379555273135267,-1.27800394177032,-1.48468293122768
2019-02-28,-1.88089152186152,-1.72521548754367,-1.70926619451359,-2.91374903951405,-1.05159922425335,-1.53830176422464,-1.70015611504869
2019-03-01,-1.74747006846508,-1.57733402938178,-1.88123224298814,-1.43513456246957,-1.13290419431489,-1.25103411461657,-1.60165784016821
2019-03-06,-1.58327596046184,-1.5815228573313,-1.09482177660982,-1.29424901108208,-0.74321666321717,-1.13360866531653,-0.773056985706493
2019-03-07,-1.5005820537392,-1.82083852086844,-1.74742051816546,-1.21416696829544,-1.99399372568726,-1.54320072716533,-1.75412806596899
2019-03-08,-1.26345554407889,-1.0970519180596,-0.991681522454465,-1.17650931326628,-1.21111833961757,-0.866238949905584,-0.757487007337666
2019-03-11,-1.78650967644192,-2.18582799737798,-2.88148410020114,-1.88151523964961,-0.594059872205108,-1.09464533590166,-0.970223396919462
2019-03-12,-1.84022541026608,-1.4835810993914,-1.11422508375694,-1.79294107642024,-1.56389041997923,-0.551103638148348,-1.18201016535105
2019-03-13,-1.38304615159658,-1.38390205118686,-1.25843445934327,-0.980020558815604,-1.15081657216986,-0.742271664072735,-1.36864916469753
2019-03-14,-1.35753239652755,-1.52110966366171,-1.21575582683004,-1.82010381781598,-2.10443748575431,-2.01714701536806,-2.28363698637323
2019-03-15,-1.53689929507922,-2.26724075111082,-2.02331485718216,-1.05233576151347,-1.19390236304409,-1.49260778061864,-1.99289049126674
2019-03-18,-2.26747634158132,-1.93598235488708,-1.94094023543455,-1.78221264464651,-1.1635828657779,-1.75765706797316,-1.41683437018901
2019-03-19,-2.81042125710296,-2.74657295318057,-1.8353151088778,-2.38463940851794,-1.37665072232771,-2.72140030137551,-1.36852000145787
2019-03-20,-1.70736688433917,-1.58016556738463,-1.85128483261451,-1.2190676957817,-1.83919459683792,-1.91908188304226,-1.15551373996942
2019-03-21,-0.9819378636928,-0.887163365547025,-0.928439113348327,-0.751552727195438,-0.524535197188009,-0.654502340958985,-1.53537951595
2019-03-22,-1.17219489177287,-0.907784266482527,-0.928982156297141,-0.59513186705747,-1.66062292821053,-1.04449541570693,-1.54515722026809
2019-03-25,-1.22790765886776,-1.1974986132373,-0.851181224380473,-1.75172192716145,-0.305607523194621,-1.2345984029437,-1.53763483757709
2019-03-26,-1.20991267764577,-1.34722226614893,-0.646768115191605,-1.19677216658622,-1.4042008420274,-1.24967433360633,-1.12429044302568
2019-03-27,-1.14420461809989,-1.08004385815224,-1.25989186921953,-0.769796717359729,-1.15327008178145,-1.03399373606152,-1.29876780008703
2019-03-28,-0.911402348924127,-0.986750527484217,-0.665467951543914,-0.766087259455156,-0.664041453271654,-0.819127378871036,-0.907831387288506
2019-03-29,-1.12944978425408,-1.32402083462525,-1.06794622689322,-1.18299116484449,-0.901489052921503,-0.665580529999033,-0.584221636035705
2019-04-01,-1.45284156577378,-0.957772876970681,-1.2627289297522,-1.07682388927104,-2.1913905588024,-1.1517263159958,-1.63946665374295
2019-04-02,-1.78097963250874,-0.738300694322728,-1.52351370683847,-1.14888131124925,-1.43016965826531,-1.30459921354145,-1.98193415923079
2019-04-03,-1.16734827737602,-1.02232366854488,-0.939207609219711,-0.999732914627987,-0.719545403849897,-1.13658272467757,-1.45377883509899
2019-04-04,-1.10049172071505,-0.962422699596583,-1.01587274228616,-0.823121173211828,-0.350850431468288,-1.07949872709315,-1.21868608033752
2019-04-05,-1.43428783131203,-1.32313431153658,-1.47777126453824,-1.03407907441123,-1.63176242726343,-1.66800351311812,-1.02537986335872
2019-04-08,-1.87110821510107,-1.44511125988797,-1.75271964844989,-1.7508179187947,-1.34673895374984,-2.0634788019935,-1.55167302846038
2019-04-09,-1.2991199806843,-1.18533095919027,-1.35436239398013,-1.16431225834833,-1.05092281338174,-1.7199626797971,-1.8259518721441
2019-04-10,-1.47486472937858,-2.28140231120985,-1.33714054276149,-1.58610599343158,-1.74977910225715,-1.94069252258929,-1.41918401925003
2019-04-11,-1.24783873588173,-1.10588152479115,-1.55014479674429,-1.28107833633957,-1.84849103183727,-0.8104948045419,-1.44688529980409
2019-04-12,-0.788944642380494,-0.854563356299299,-0.327216793899709,-0.949884055026356,-0.8918288752852,-0.720197011008274,-0.948903654478374
2019-04-15,-1.34279830730875,-1.3639668556425,-0.864402750979397,-1.24072921320152,-1.76141532190814,-1.59008581111357,-1.63707189797681
2019-04-16,-1.12483058862093,-1.44231908761204,-1.05848593739635,-0.948944776245092,-1.37430132251798,-1.13886713675307,-1.17301276200251
2019-04-17,-1.00545324586863,-0.907994545185269,-0.953855945987715,-0.819848036074332,-1.13038284372331,-1.13651736812971,-1.89326747974071
2019-04-18,-1.0175058492716,-0.881004174366948,-1.14443781174597,-0.942820746867641,-1.98916217462891,-1.05262231293464,-1.51450732721432
2019-04-22,-1.33979176758251,-1.18281078943043,-1.80966852513321,-0.967919442915534,-1.56762743356215,-1.26408161097738,-1.44268603701028
2019-04-23,-1.54516515438055,-1.42765756348054,-1.35878828509884,-1.40195042517695,-1.93967079205144,-1.53701113091927,-1.65061970350506
2019-04-24,-1.38982295206171,-1.09045874291433,-1.36260746269707,-1.28893613243017,-0.878709598581068,-1.24649187612392,-3.69649286127168
2019-04-25,-1.07198015293394,-0.539079782451456,-1.35583549531143,-0.964208511656587,-1.02667433862078,-1.00702046019183,-1.4320703534331
2019-04-26,-1.61575223151501,-1.87385821327019,-1.69473418848653,-1.42539661712252,-1.47468905229528,-0.929846636469363,-1.6213646371093
2019-04-29,-1.57562873711878,-1.55019003082388,-0.847658290704452,-1.3216341092571,-1.81677921705631,-1.77510550363997,-1.57819712765909
2019-04-30,-1.56351063050119,-1.43487005109715,-1.71083551227252,-0.82703960726421,-1.43985503967657,-0.934964487926407,-1.92808223467499
2019-05-02,-1.68826758772524,-1.36807909496352,-1.63809301311476,-1.47240207104999,-2.42189388476376,-1.20407641830107,-1.68059847128268
2019-05-03,-1.86355444169052,-1.81745828745818,-2.20698053658089,-2.13048095395074,-2.15924140544587,-1.55817920077048,-1.86415290651106
2019-05-06,-1.47649607195104,-1.69463579306445,-1.50066334452926,-1.68681940592403,-1.32591349659639,-1.08866922913806,-1.17007650762688
2019-05-07,-0.999880844062532,-0.928758250292018,-0.996486858799949,-1.15161991242497,-1.18257598588254,-0.928934675243947,-0.911634635718449
2019-05-08,-1.36729184913002,-1.18014378511277,-1.7027316022381,-1.16424481868941,-1.55282799044532,-1.43504833396593,-1.2024093197612
2019-05-09,-1.23380176363202,-1.30621051443486,-1.21126076784365,-1.3572247384722,-0.870084228342719,-1.57885257797959,-1.12932670659073
2019-05-10,-1.31435254703125,-1.25596339070633,-1.5328335020945,-1.0840266473801,-0.944449580830418,-0.99879589046168,-1.3082742536903
2019-05-13,-1.01044227613292,-1.02872115775689,-0.617330953160122,-1.30012679387837,-1.65669463334616,-0.848387962059354,-1.22159547605237
2019-05-14,-1.72242549591638,-1.582190220489,-1.20961984779487,-1.05964435504558,-0.404868125835707,-0.870746527004961,-1.36312990114763
2019-05-15,-1.25288233567202,-1.16818223248934,-1.31364146215812,-0.850199870911882,-1.26273261183644,-1.00704654926267,-1.74143334975801
2019-05-16,-1.36576285242166,-1.11929045894881,-1.43753952046404,-1.0072374963423,-0.756440612776606,-1.30742510342581,-1.40901468725179
2019-05-17,-1.12078347070166,-1.34950251434146,-0.727176468730531,-0.929965413564369,-0.738109315050314,-0.59240655832915,-1.19310136539462
2019-05-20,-1.19124679453693,-1.39040338463725,-1.08804982297905,-0.898370648322734,-1.09963495564614,-0.846589978768887,-1.90170307370438
2019-05-21,-1.9316865897077,-0.921820730963398,-1.47180282062439,-1.34059849028713,-1.03127666415342,-1.13044226878844,-4.02875186879142
2019-05-22,-1.08904637008467,-1.91796712908082,-1.27014817350695,-1.13546670196237,-0.910673265999538,-1.25231115763047,-1.59774862026878
2019-05-23,-1.52296952184106,-1.16032576886994,-1.36701584824947,-1.46245757617272,-0.911169404254202,-1.37814489205628,-1.34084790914957
2019-05-24,-1.77101592464612,-1.32550583773817,-1.48507199473436,-1.45668458869795,-1.31301655190217,-1.67298810636872,-1.88733140566381
2019-05-27,-1.4674689706276,-1.26638240545421,-1.47961813266773,-1.42956565689183,-0.699005716340213,-1.78929403113903,-1.36730161462587
2019-05-28,-1.62775029559245,-1.49753302275368,-1.23166399793284,-1.17633004998408,-0.220003047284656,-1.56424090461252,-1.43098174250588
2019-05-29,-1.50998100071107,-1.4741934201657,-1.39902024249562,-0.835968642580414,-0.459628307428097,-1.52381575235414,-0.878819313243103
2019-05-30,-1.85957720470596,-1.69879243667769,-2.3776608283634,-1.72842063432441,-1.13617146646403,-1.74371862450987,-1.47721588435585
2019-05-31,-1.43895519975031,-1.42265488235175,-1.12978559160484,-0.822253245135363,-0.917125933436333,-1.41218198736393,-1.13480375671816
2019-06-03,-1.5051844298066,-1.65448401525887,-1.49626519355445,-1.38736758337715,-0.730511386598691,-1.44316719337334,-1.37095420615126
2019-06-04,-1.71706092889064,-1.55357711784186,-1.7914587559547,-1.43337065116945,-0.901197113309672,-1.42423310777484,-1.71946217212896
2019-06-05,-1.84414026893895,-1.15327527236209,-1.43292053123628,-1.91917681798163,-0.837419528168717,-1.2538965850119,-1.34060811878129
2019-06-06,-1.4521996256592,-1.0902834360605,-1.07982867821201,-1.2584060131088,-0.798990583916765,-1.12027984218881,-1.47643593579737
2019-06-07,-1.72150771532108,-1.51427454743813,-2.07755861447762,-1.87302862580013,-1.43636886206257,-1.22672208947679,-1.68336877284623
2019-06-10,-1.18861016187107,-0.907369166587076,-1.12230100039712,-1.54723555625204,-2.03234177558184,-1.06524615434021,-1.30717256002691
2019-06-11,-1.22013155605336,-1.33586163513343,-1.25758362092066,-1.73016125626182,-1.24504861211387,-1.84914551536146,-1.85675514482009
2019-06-12,-1.56810861901187,-1.30713709619086,-1.60657943738089,-0.938481545032396,-1.09565396820981,-0.736630034280678,-2.06633759400563
2019-06-13,-1.46090505638534,-1.06914360178161,-1.38276199094671,-1.9450600007048,-0.749978123224454,-0.95727241971458,-1.59597295866376
2019-06-14,-1.47961367322419,-1.51967816872532,-1.17019888897905,-1.54853144655134,-1.27589420417148,-1.02871752621043,-1.55058516788698
2019-06-17,-1.63280274712541,-1.67167304306858,-1.51957117604749,-1.29388971890846,-0.828678241805744,-1.30870146723152,-1.01920570805361
2019-06-18,-1.42256406300985,-1.54368939422727,-1.36345613961485,-1.18519037227813,-0.843089528295531,-0.949878059797149,-1.17995252687781
2019-06-19,-1.41673099683794,-1.09919143127233,-1.46372655692002,-1.42985850126435,-1.39932955836967,-1.22642448705787,-2.40228878033627
2019-06-21,-1.98773912220205,-2.37965508924805,-1.51492610214319,-1.47132253810122,-0.998893999682306,-1.85043919843351,-0.610990280961378
2019-06-24,-1.52142270656181,-1.84583711361026,-1.24910507190265,-1.13244165337491,-1.3307307744053,-0.635338629650779,-1.34834008241061
2019-06-25,-1.54650487417055,-1.24906404260398,-1.17555803939021,-1.71194968636675,-1.35626191434508,-1.25978335368181,-1.08425423490785
2019-06-26,-1.82671333592414,-1.43347015292352,-1.5592121603705,-1.45923388580888,-1.14443190949007,-1.16241989613651,-1.36057811147333
2019-06-27,-1.27133516730169,-1.17788661838815,-1.31356800717844,-1.06173603585371,-1.05086273914495,-1.31353637269938,-1.35912022404375
2019-06-28,-1.87503964871868,-1.81722775812489,-1.34574415934278,-1.55215886682115,-1.10821931488801,-1.4554459309299,-1.62389380335032
2019-07-01,-1.2985823649563,-1.24556318332395,-1.30152809615985,-1.12275485127135,-0.765977151691296,-0.977567083834242,-0.789443493928699
2019-07-02,-1.6701890801013,-1.25301334242012,-1.22269187230158,-1.25450225675631,-1.66699732119367,-1.5007511145792,-0.900037181538853
2019-07-03,-1.61429184979138,-1.42764267598082,-0.979169866209811,-0.908663163820375,-0.830526781518661,-1.07256265014971,-1.4882277364232
2019-07-04,-1.27258526173871,-1.27539076149867,-1.84550119761553,-0.948531366244199,-1.12771302311721,-1.29502296119801,-2.82547142137973
2019-07-05,-1.71072577358358,-1.47604297199962,-1.46853436035161,-1.3122671407218,-0.443620570945368,-1.0103656849813,-1.44662306350573
2019-07-08,-1.95959718770537,-1.99792220929346,-2.19894956240807,-1.97350290510964,-0.790565318774719,-1.98521449454047,-1.77165839762105
2019-07-10,-1.46259819294003,-1.23071774056862,-1.06320088033909,-1.15179999478209,-1.06993717729185,-1.11211153831026,-1.47033578957308
2019-07-11,-1.4878126885691,-1.18246958264225,-1.5264072568025,-1.65267854347991,-0.797859262504006,-1.20005680929587,-1.39919732543714
2019-07-12,-2.00531233506591,-1.65709368238421,-1.44825371764042,-1.54815857145457,-1.29981166260339,-0.85473852803619,-1.66451091029053
2019-07-15,-1.66108854757651,-1.64038139686283,-1.23498132172881,-1.47816650738363,-1.53177973532076,-1.156851857532,-1.34185786102205
2019-07-16,-2.01151145614405,-1.9643403756498,-1.77982753932689,-1.69780009349398,-1.33555842368067,-1.63104649487238,-1.6179494041162
2019-07-17,-1.68457030925448,-2.09643315371904,-1.93305708953541,-1.25511331619353,-1.59265389564118,-1.10985840747788,-1.85339862114737
2019-07-18,-2.96965799263607,-1.74217806017833,-1.26895339970775,-1.6480863760897,-0.952879275608913,-1.84635705938255,-1.65628553294127
2019-07-19,-1.52165797310226,-1.73135653188381,-1.28777757888702,-0.906339355356228,-1.28077406717042,-1.33167482183715,-1.48944797068214
2019-07-22,-1.55344976325358,-1.4665761923502,-1.69238040109292,-1.06910557709726,-1.07502589953165,-1.22230744235468,-1.3879879172449
2019-07-23,-1.25675176371826,-1.61545128563458,-2.05916224726198,-1.05549376733731,-1.08851052552132,-1.35280213919512,-1.55116237184462
2019-07-24,-1.67353377434358,-2.77406631180046,-1.58660359558393,-1.24085848451019,-1.549293086871,-1.05339458554586,-2.08383483736226
2019-07-25,-1.22773104475992,-0.524539636985201,-1.54648761472679,-1.17481123979392,-1.23614814733207,-0.914538873115234,-1.56893177130217
2019-07-26,-1.07754780241415,-1.59828850632117,-1.47193882211577,-1.45284407150738,-1.38242357748332,-0.862608083470613,-1.59179961851227
2019-07-29,-1.41753675749826,-1.68158790536086,-1.71513280401212,-1.96238287593388,-1.15112855879889,-1.46000045357435,-1.66313832385958
2019-07-30,-1.7237208977741,-1.32797624115974,-0.998051320964421,-2.06152404288661,-1.1462145097486,-1.22849495645436,-1.59655406079691
2019-07-31,-1.69758968295466,-1.28453723358533,-2.12229438231552,-2.01834609800102,-0.455803018184266,-1.25629762000738,-1.72138088105437
2019-08-01,-0.676710407237879,-0.897808183842119,-0.92146333553542,-0.639537771679057,-0.0591772467071938,-1.02050151819658,-0.917713123916565
2019-08-02,-1.55426492491989,-1.19392568854681,-1.15908792978784,-1.40650660398034,-0.438780829058217,-1.2029885549323,-1.82918385281377
2019-08-05,-0.928161737566674,-0.950313100732571,-0.73856881963473,-1.15671788794859,-1.66926255704713,-1.59682402753395,-1.30481787295211
2019-08-06,-1.32869985446808,-1.36922863789306,-1.21380560058398,-1.25558526579356,-0.83997948712689,-1.35811579702351,-1.14292779665868
2019-08-07,-1.28639670531107,-1.01796367570163,-1.17606590416211,-1.28898421046486,-0.710884523829771,-0.816558507791336,-0.943877443343622
2019-08-08,-1.49819617939559,-1.32614255990079,-0.823096967620792,-1.24353706833428,-0.771461785310857,-1.44492216289249,-1.37421285168635
2019-08-09,-1.54967384336457,-1.40278441416127,-1.6198036164391,-1.48724449993065,-0.668212963115397,-1.61961813992035,-1.88801239382828
2019-08-12,-1.11723244271782,-0.967288880531185,-1.11585591636053,-0.772166400689081,-0.746558867772252,-0.908871237405521,-0.375774118952592
2019-08-13,-1.47961407489548,-0.909978297785561,-1.08238364472956,-1.10144914043652,-0.0242557482501529,-1.2168596831144,-1.17084591633713
2019-08-14,-1.33044143122661,-1.09740930609331,-1.22143942107136,-0.812191192284655,-0.890102709783019,-1.00422297721683,-1.29290482997031
2019-08-15,-1.44685214041759,-1.13967149305791,-1.06479473264552,-1.40013834951305,-0.471969307302015,-0.693596533053762,-0.986193012652967
2019-08-16,-1.10011049892364,-1.3022048944279,-1.17803254173548,-1.34789049340378,-0.470882929025143,-1.10546831127446,-0.859794645043739
2019-08-19,-1.1700125374851,-1.29911399011922,-0.865764379749322,-0.858731222547782,-0.710926757485206,-1.14454511266632,-0.909295081149112
2019-08-20,-1.36068894691076,-1.17988562225544,-1.15452267938464,-1.35433241683612,-0.154965470300877,-0.987688137420258,-1.23444762476553
2019-08-21,-1.34185939761244,-1.18168542982128,-0.836382531983042,-0.912549784536774,-0.718051240356817,-0.902912661158198,-0.924245395268002
2019-08-22,-1.63929113976396,-1.99934289103052,-1.28766229654198,-1.9596856786898,-0.898752659213053,-1.57167723706253,-1.44724001617329
2019-08-23,-0.829165614347743,-0.818840402403703,-0.922747466910321,-0.689378967441333,0.754816630383152,-1.41598657340945,-1.07048727586205
2019-08-26,-1.1943210118092,-1.36706029018167,-0.667189315410956,-1.65171452444851,1.36533298558349,-1.06630717143502,-0.955103488302543
2019-08-27,-1.28377708805261,-1.205891824124,-0.576127711353801,-1.23031024701337,0.691237944487107,-0.978595444903789,-1.19552933233488
2019-08-28,-1.35587902463088,-1.23420787958994,-1.48717426216741,-1.3187913602689,-0.510839212941786,-1.13141394426428,-1.27826954693318
2019-08-29,-1.14939017110059,-1.17845540228832,-1.5281543185193,-1.70816173315618,0.158285706222513,-1.13781948236361,-1.56621537667689
2019-08-30,-1.31863530573439,-1.4136653068277,-1.35767129512774,-1.36340064903145,-0.560773149977985,-0.992345610996179,-1.0428168155051
2019-09-02,-1.5629091656752,-1.60541365438776,-1.15698543280756,-1.70686499575522,-0.757094061880545,-1.20790243331501,-1.33197777927548
2019-09-03,-1.26619833196387,-0.922586080714138,-0.820300581363851,-1.193472803481,-1.32744797836631,-1.23075902442902,-2.39992630852226
2019-09-04,-1.31131807719652,-1.1810409597939,-1.2064469087182,-0.924679909485448,-0.585212065679298,-1.74135887982012,-1.4105828789085
2019-09-05,-0.81095011337322,-0.570958198741072,-1.33623480629081,-1.14460704203524,-0.592895490420061,-1.07998685621709,-1.13387902916932
2019-09-06,-1.89528615724381,-2.14876744043476,-1.92077096081442,-1.13466058914428,-0.79233559937322,-1.05572246687599,-1.74928825586237
2019-09-09,-1.4213369809777,-1.21979855694635,-1.29062472859785,-1.25001037739013,-0.331519217274997,-1.11060976337748,-0.855870026266159
2019-09-10,-1.23816137633789,-1.18989505732107,-1.2946520480244,-1.43943984269626,-0.682232033406369,-1.03458720988844,-1.26560395302827
2019-09-11,-1.57432103633222,-1.62028385208465,-1.1116409666191,-1.51810400824248,-1.03012735203837,-1.72398529795318,-1.36847816792137
2019-09-12,-1.57137579342392,-1.71177545995385,-1.16372242238725,-1.24133335203567,-0.444367221837685,-1.09459382435094,-1.70072828128455
2019-09-13,-1.16583773393851,-1.52801289104818,-1.17139889302001,-1.04482536333812,-1.12438271447868,-1.4176718687358,-1.85652691671556
2019-09-16,-1.32709824685586,-1.58277471200888,-1.23401896161723,-1.32707568968107,-1.17232089155094,-1.42248405156584,-2.11926895305403
2019-09-17,-1.67108387058623,-2.28136362602895,-1.38183116453957,-1.80166061371443,-1.41925678039721,-1.2334518601365,-1.34418662824747
2019-09-18,-1.3472406155838,-1.73673703802166,-1.48182762044878,-1.47325496837126,-2.04520337764474,-0.537973552876214,-1.96579429756345
2019-09-19,-1.08312141596869,-1.34473848617722,-1.27970753732484,-0.969392985708844,-0.960265246807195,-0.817068755746764,-1.60253689545771
2019-09-20,-1.70510378522479,-2.12817421015836,-1.3729241866746,-1.44698350970676,-1.33587415052789,-1.19456340713286,-1.67218895674347
2019-09-23,-1.52232108630383,-1.1890496593821,-1.56647129113805,-1.36334683872381,-1.3163440293874,-1.53771962851752,-1.73244149305764
2019-09-24,-1.59096417918376,-1.61751189583914,-1.2294229182495,-1.20269527359543,-1.39686608990929,-1.17789566822015,-1.82744440048087
2019-09-25,-1.42872824382671,-1.52488857080566,-1.17828531149459,-1.34705816981105,-0.426328694571431,-1.01493545430549,-1.92842774565953
2019-09-26,-1.30155040579863,-1.65926256916085,-1.34473773538024,-1.29609238466675,-1.48836664966242,-1.53767464802443,-1.70398891381346
2019-09-27,-1.30824434253959,-1.33278810324275,-1.40855269671968,-1.08444429884252,-1.20803777578914,-1.32991236790543,-1.67314928614792
2019-09-30,-1.6555978750381,-2.1290738608904,-1.88738469323557,-2.22646769640701,-1.59165219003028,-1.74550197166824,-1.93072415769333
2019-10-01,-1.70436668355888,-1.25553760005914,-1.91990208727258,-1.73834016571998,-1.30441994720324,-1.50307640628517,-1.43171999700356
2019-10-02,-1.33393561704699,-1.40382123889153,-1.85594503242666,-1.74571310905659,-0.974119307499132,-1.46348204964297,-1.12943865393473
2019-10-03,-1.36593088642908,-1.38208198802006,-1.51057772775218,-0.996312277247363,0.298001055660261,-0.894212672600262,-0.687278341232204
2019-10-04,-1.28842709680751,-1.37958071402715,-1.19274232608697,-1.51744985377416,-0.367125390833719,-1.61037407075063,-1.36705851549583
2019-10-07,-1.28876654732352,-1.16088313946742,-1.39941861912929,-1.63016297781304,-1.47898986630054,-1.62115689962134,-1.63352420298373
2019-10-08,-1.43551146763556,-1.23207187861891,-1.57097042326418,-1.36058814352235,-0.72204575229644,-1.29164253157278,-2.00247729636468
2019-10-09,-1.18590892233961,-1.12721680686408,-1.03967201682346,-1.27464177040828,-0.604613180833313,-1.22552839333719,-1.64900739775734
2019-10-10,-1.88012956495154,-1.62192854991916,-1.57899827837029,-1.28499698123629,-0.929646515257319,-1.12581533320242,-1.51111149754422
2019-10-11,-1.36705466072794,-1.54297823518707,-1.67741527334816,-1.42073685555258,-1.35368853230506,-1.33087444525249,-1.15160740505436
2019-10-14,-1.76152539954267,-1.59094513176669,-1.74234153478819,-1.61644471892135,-1.03987101976337,-1.52311591583164,-1.30282697665233
2019-10-15,-1.94375357329919,-1.52173654583009,-1.73852719423008,-1.50234577701129,-0.835931777996476,-1.71323657185947,-1.75018778572433
2019-10-16,-0.92737122596216,-1.25842811116875,-1.08738651151587,-1.89624837553607,-1.33791513396629,-0.77874381694749,-1.18084053949205
2019-10-17,-1.3688397633743,-1.29106966062884,-1.26172066170078,-1.60094831088071,-1.79988724179704,-1.27228806118823,-2.35215358878222
2019-10-18,-2.34129144856569,-1.92052659760652,-0.779594758678627,-1.36753682298073,-1.23741698779187,-1.37113364152794,-1.84750082819816
2019-10-21,-1.44137859453401,-1.61152236217004,-1.36833549660232,-1.84264508923557,-1.37219451261647,-1.27692136953556,-2.01881339164201
2019-10-22,-1.80019951044587,-1.88556639546109,-1.56870672486341,-1.44862287845065,-1.44463544091706,-1.50408138266531,-1.43068639915704
2019-10-23,-1.10343440909641,-0.982008582778372,-1.04840874571028,-1.46805251613584,-0.866716818850226,-1.0670513330906,-1.81669528575081
2019-10-24,-1.53135600354066,-1.65984424330584,-1.14921872024963,-1.55364174547938,-1.78678666653645,-1.70738770463148,-1.87011780692739
2019-10-25,-1.46213789390693,-1.74284301765672,-1.62061360907939,-1.25635931760515,-0.710456073642292,-1.68855271620252,-1.64872796506733
2019-10-28,-1.4219384459219,-1.83146585865649,-1.96955732628744,-1.42119316259049,-1.57699009859029,-1.35604399513786,-1.07450416890056
2019-10-29,-1.75322669342423,-1.57830750642955,-1.72530965425119,-1.46107230416056,-1.49100275316376,-0.974619325573675,-1.29837845246448
2019-10-30,-1.05546492485465,-1.0288395842917,-0.754682564483829,-0.684151369527854,-1.18084951743193,-1.34093709531773,-1.43230061878268
2019-10-31,-0.921211819484257,-0.543135110451395,-1.42552905341648,-0.904985337698291,-1.15671694536651,-2.07275259610035,-2.31822959696262
2019-11-01,-1.03096960507476,-1.14510218007287,-1.1659278822879,-1.08747147310906,-1.01453759111298,-0.838307990816563,-4.7333279904677
2019-11-04,-1.80759640655502,-1.76640182563557,-1.36414808184637,-1.55494008347251,-0.987820900178342,-1.32210716886651,-1.40928061384138
2019-11-05,-0.521003660231287,-0.997985114150375,-1.60238479866361,-2.5509926119806,-0.798068598158408,-1.15668327552331,-1.53052351670951
2019-11-06,-1.62026693409856,-1.39436197400591,-1.36360522682353,-1.22765494466562,-0.93592035479142,-1.38068916332249,-1.09122757145534
2019-11-07,-1.9562180442139,-1.94902136594941,-1.34810655319608,-1.45155317461122,-1.48489924123128,-1.7334591552415,-1.81794149387342
2019-11-08,-1.1684995725359,-1.26326540954289,-1.23951001150377,-1.19599919854145,-0.836723307928239,-2.0084737781955,-1.40876836852923
2019-11-11,-1.30499252114313,-1.7250474352985,-1.45727836080237,-1.37729612586003,-1.56200938562066,-1.50634673029762,-1.2474711060736
2019-11-12,-1.14266846452596,-1.25633286411135,-1.25372752954803,-1.17817397964736,-1.28236986240337,-1.00517114483119,-1.47591074319996
2019-11-13,-1.56604645075622,-1.42493202862102,-1.57807461839253,-1.42296380734431,-0.431839479103138,-1.15413414836196,-1.79810867252801
2019-11-14,-1.58011601575296,-1.67620726571711,-1.45790646702181,-2.20689752252559,-1.17317678290425,-1.91830340864457,-1.57253259022631
2019-11-18,-1.49095533390442,-1.21004859481135,-1.5234478602969,-1.42697856965855,-1.13694156522945,-1.16508887804473,-1.69358317393853
2019-11-19,-1.53129445380627,-1.65865950208058,-1.74977918525581,-1.3475493872326,-1.21885171172818,-1.19769989439972,-1.83275798654524
2019-11-21,-2.29683633068751,-1.43732870734433,-1.99447406517088,-1.58264509282985,-1.25810284458833,-1.33573070355602,-1.62803759446368
2019-11-22,-1.80245419505957,-1.92190105483268,-1.73024926432821,-1.6068171316755,-1.58717406082081,-1.85361651739574,-2.06469324627471
2019-11-25,-1.51098102799073,-1.74866035457864,-1.82644925357587,-1.33406776475554,-1.40153101601917,-1.6105715338415,-1.76121951482902
2019-11-26,-1.59160698681976,-1.38424934635765,-1.49516345881409,-1.67701724923419,-0.425806759893859,-3.07931202837504,-1.59966064662928
2019-11-27,-1.40291960852007,-1.27749719670218,-0.898823433669526,-0.672705024824892,-1.20707602108629,-0.898421818914216,-1.53990876963467
2019-11-28,-1.31594492146363,-1.18832099625241,-1.3360322351201,-1.61059869518571,-1.49107077894107,-1.57346923730507,-2.28772242272682
2019-11-29,-1.5951586830236,-1.6605599007634,-2.02690928130527,-2.18286566201345,-1.24109508124628,-1.93418698118897,-1.53116223580163
2019-12-02,-1.60768256152385,-1.71737862049544,-1.48558743288907,-1.80547235672779,-1.15113319161761,-1.34396242460441,-2.12679683152199
2019-12-03,-1.25079815103779,-1.67913541811209,-1.24789291519119,-1.70831646292503,-1.8400156672769,-2.15332538332365,-1.72373197783753
2019-12-04,-1.80999589990334,-1.92001207190552,-2.26753760679569,-2.08627603210233,-1.08669178503743,-1.41264524908052,-2.58248278978562
2019-12-05,-1.24585248525313,-1.5251456793313,-1.6088794943694,-1.96915452591228,-1.72545452754817,-1.45778394013273,-2.3953212085209
2019-12-06,-1.78080752754784,-1.49720756432305,-1.75105342217961,-1.42838484134871,-1.06633140828928,-1.38154504853305,-1.83759986245509
2019-12-09,-1.1825678525406,-1.47003243418929,-1.86681407471568,-1.9568517677714,-1.12139072018053,-1.63235977719526,-2.58619019398914
2019-12-10,-1.35126644039132,-1.82462056624125,-1.5780762488967,-1.82822898207532,-0.814501508790773,-1.81957404452449,-2.06246915410784
2019-12-11,-1.22537292970319,-1.31774584560207,-1.66726398436377,-1.68585802171899,-0.699658725364411,-1.43557869989218,-1.31837102050768
2019-12-12,-1.35540389740474,-1.7570576280623,-1.79334122744882,-1.96181234406091,-1.36851520279476,-1.46980524777371,-3.68549270543298
2019-12-13,-1.13110767977757,-1.42031596314491,-1.30008372252531,-1.98980878325274,-1.29793224620705,-1.64833606216464,-0.993734658489036
2019-12-16,-1.52253327851932,-1.57581140680707,-1.28037911694197,-1.06627111375461,-1.54857561724889,-1.73461274820934,-1.55121713598192
2019-12-17,-1.39784041325933,-1.30264698676031,-1.71296185624617,-1.37603974504506,-0.935224512395096,-1.37191353790144,-1.72348554008866
2019-12-18,-1.31442363572018,-1.36114499088264,-1.57212028560353,-1.13788021878054,-0.850074936951038,-2.03655935481976,-1.63787438472031
2019-12-19,-1.75298141447374,-2.68947334927042,-1.67613699300907,-1.62251201901588,-0.940187343921555,-2.03665256754811,-1.31499658908528
2019-12-20,-2.08902052212831,-1.89756863023251,-1.38952774328977,-1.45745920853428,-1.64441472694158,-1.19340207568807,-1.46872320690342
2019-12-23,-1.980115853154,-1.99863051788694,-1.60669788033691,-1.54913264227509,-0.70890937603284,-1.32740589093807,-1.85702918598773
2019-12-26,-1.92811262844971,-1.8335739467041,-2.08113972948274,-1.65149429170439,-1.22760234798496,-1.33756191338011,-1.74191718614532
2019-12-27,-1.43192729757159,-1.84176090562133,-1.19309106661912,-2.20080009383345,-0.905302860625531,-1.47826658114289,-1.90778378716677
2019-12-30,-1.56733861792946,-1.78948597215841,-2.18516121201161,-1.13974660738137,-1.34611556271138,-1.59707846343517,-1.67328860058279
2020-01-02,-1.39437411863944,-1.12210759642863,-1.55795917230896,-0.995472780342541,-1.56168973246909,-1.40621016093866,-1.09254701352619
2020-01-03,-1.01844635902143,-0.910032817210992,-1.28458747938335,-1.24302995682966,-1.78593692446557,-1.14316853677761,-1.02225405469494
2020-01-06,-1.89424441516856,-1.25931205348157,-1.44450861510031,-1.13740486817831,-1.59251868561736,-0.9855996307857,-1.30802623992261
2020-01-07,-1.71572885859567,-1.40563405267212,-1.92568923394683,-1.5705100857254,-0.825746392320831,-1.49559982752547,-1.8189744838415
2020-01-08,-1.19088553298876,-1.38103271163856,-1.8288819318409,-1.46054793578048,-1.22613603874542,-10.9679420370255,-1.3533267971245
2020-01-09,-0.996330096311641,-1.16259394603893,-1.38496410393292,-1.26646256189255,-1.5657791455466,-0.91134141260324,-1.86619091122459
2020-01-10,-1.3064813569118,-1.36131864695982,-1.19191414805827,-1.34523779644024,-0.704178986055452,-1.46057788776819,-1.84963576322023
2020-01-13,-1.25368358553891,-1.59485014695144,-1.66326873677508,-1.14153810870263,-1.42062313192659,-1.35780766975651,-1.5047116839777
2020-01-14,-1.75380937875809,-1.56218661583008,-1.74616406352799,-1.24243940060523,-2.32290863977233,-1.42371111341921,-1.63092033716814
2020-01-15,-1.70682313673198,-1.46109148267364,-1.45206239568542,-1.83513668443233,-1.29832003072782,-1.51424706851182,-2.32319374605363
2020-01-16,-1.43708286531833,-1.48741765464464,-1.6046270428447,-1.3567657549924,-1.01839788424781,-1.93095577336742,-1.22290810447302
2020-01-17,-1.54855468289908,-1.68166767184553,-1.77914620810547,-1.58969202203375,-1.29965632828622,-2.06514934337845,-1.07000074585302
2020-01-20,-1.54213772581003,-1.63026787666732,-1.40328480155389,-1.38291704848628,-1.80645153436137,-1.47538921788625,-1.38408633143067
2020-01-21,-1.06921681411327,-1.44983310092631,-1.33267723064871,-0.980006193293513,-1.22565465758405,-1.87529410119601,-1.18316375316207
2020-01-22,-1.40140823498131,-1.35538975137247,-1.48405861492293,-1.272059713404,-0.539597169031745,-1.11102338233113,-0.711384440376085
2020-01-23,-1.06091992622528,-0.916675711207377,-1.44178028115494,-1.31485533058001,-1.34552363873132,-0.851554476391073,-0.839985111585458
2020-01-24,-1.55471412338479,-1.23868225756148,-2.57316004846703,-1.97252855351414,-1.06360502701839,-1.63444578957149,-1.58234085662578
2020-01-27,-1.11933955046901,-1.4450554442115,-0.949459780770034,-0.86652555208576,-0.812245270167526,-0.858024593512996,-0.945624022559439
2020-01-28,-1.42790221352094,-1.41682967722032,-1.23506689435536,-1.02369048075462,-1.28852657287342,-1.22277980001813,-1.09797336113959
2020-01-29,-1.66038131963541,-1.50639683119101,-1.17113438829877,-0.45276798139499,-1.31099134196491,-1.21928477846053,-0.840919668817099
2020-01-30,-1.63213600807779,-1.24568378886215,-0.9996266627187,-1.05471156247788,-0.612419287723569,-1.00917050252137,-1.01396164790205
2020-01-31,-1.01907832647497,-1.22436126656931,-1.26193113105952,-1.07912000027524,-0.848872494755616,-1.09652820455984,-1.57429772611317
2020-02-03,-1.56840483011567,-1.41631558578316,-1.3497469182345,-1.10980006809659,-1.07097940906686,-1.31786372498286,-1.02277666618655
2020-02-04,-1.24494249013849,-1.09372602954952,-1.32353036231742,-0.900677011177593,-1.27874254340429,-1.26228576374523,-1.33192149828881
2020-02-05,-0.994548725649741,-0.60153591538505,-0.614279939023898,-0.960391067642492,-1.46486193458028,-0.960782028158884,-1.46408179491154
2020-02-06,-1.47052807794305,-1.13749551473893,-1.17121953799725,-1.55850552089716,-1.08535177067733,-1.00715754034101,-0.490354317157525
2020-02-07,-1.03084976047116,-1.08673006161943,-1.35770526592964,-1.45280851347601,-1.13331362039893,-4.15348479823461,-1.41598590965847
2020-02-10,-1.41587365800448,-1.18547047457725,-1.53636820534012,-1.15892772278373,-1.00044996013045,-1.17324431496797,-2.05175355470692
2020-02-11,-0.733679265808725,-1.15406567245112,-0.910352057189644,-1.32133889451624,-1.22500965233289,-0.728364849116267,-1.31783978431896
2020-02-12,-1.48786733073193,-1.30051260827771,-0.88034379016995,-1.47674756873488,-1.54377911228019,-1.27146646118177,-1.16712653956199
2020-02-13,-1.64258212448294,-1.49494821807635,-1.47266889842826,-1.10678392043365,-0.274469019138967,-1.57351571399836,-0.620394638162231
2020-02-14,-1.63436444112016,-1.66431990909346,-1.53852938963763,-1.41000131273749,-0.449472618576928,-2.08711554324085,-1.40190154832635
2020-02-17,-1.80876538818839,-2.31833768830761,-1.86925182920818,-1.85451167350988,-1.16844490977366,-1.82406659578762,-1.42337529796333
2020-02-18,-1.3023556252818,-1.35910919859896,-1.42701273034017,-1.38713361096153,-1.01239135626555,-1.54982944429121,-2.44546751700649
2020-02-19,-1.31987307173367,-0.969361484475804,-1.30408350695852,-1.16080251234192,-0.546139482752055,-1.50237994446733,-1.73281540319791
2020-02-20,-1.96137849906151,-1.6857787050242,-1.24409041575502,-1.78695140446963,-0.716396118595955,-1.58121140497355,-1.2226605424205
2020-02-21,-1.67924488383724,-1.55537790245312,-1.40823977990879,-1.39042471477878,-0.662787729843738,-1.66195872745594,-1.53576446889757
2020-02-26,-0.168597445290449,-0.388583129501299,-0.30379698499636,-0.384679497740182,0.177145761265921,-0.413635923534825,-0.145315791775613
2020-02-27,-0.282835151146289,-0.371119403396334,-0.189720979106505,-0.844345903897932,-0.285427148148536,-0.780193609798477,-0.623546280111758
2020-02-28,-1.08966273895252,-1.07848517122246,-0.382908376938095,-0.553448815088938,-0.0299629769755744,-0.703627671759518,-0.583534971851962
2020-03-02,-0.990150063344458,-1.07869539406191,-1.28125003754347,-0.867961748518653,-0.252414292973152,-1.25045835234539,-0.608410354482971
2020-03-03,-1.02953705707699,-0.876012288984261,-0.657163547502278,-0.909601875968883,-0.249497585858942,-0.995682606638819,-0.503867581401934
2020-03-04,-0.760519592235809,-0.734171582387697,-0.749048553025506,-0.793804105118238,-0.652223559974713,-0.79892314119054,-0.758515517521953
2020-03-05,-0.839530496412066,-0.916940200289391,-0.391686793827594,-0.839882059465132,-0.276875592724524,-0.869976903973233,-0.653534703865805
2020-03-06,-0.482321128614016,-0.440895702546789,-0.483223925632421,-0.231929730282866,0.302455656996723,-0.691821570327712,-0.669573568990332
2020-03-09,0.105748033335656,0.22232976580873,0.633574333329325,0.557278504414193,0.904615666334834,-0.009687461953046,0.0376981985974987
2020-03-10,0.208793010284595,0.187283651163114,0.181012914963879,-0.713334947845396,0.428561776762251,0.203149990841306,0.177913060821957
2020-03-11,0.219726524020917,0.145229465098819,0.335060099383663,-0.0426075406742866,0.577909452025826,0.49684689164,0.151014082532723
2020-03-12,0.771741792312318,0.796067623227794,1.36897780256843,1.03235809081564,1.10491677498927,0.751039008233489,0.636489846780868
2020-03-13,1.03152090323688,1.27796344989306,1.17880167913846,1.23375965485304,1.64335788737683,0.856285638260361,1.04861742571396
2020-03-16,0.811097342220898,0.879833534929958,1.1371301669305,0.883288855821604,1.13185690865417,0.637363056599531,0.8703654589083
2020-03-17,0.398516571702528,0.344813318328193,0.22145646902595,0.421394710193881,0.351930990715081,-1.08426708586829,0.180814902525471
2020-03-18,0.552249650007171,0.585819669070705,0.788336613716989,0.329771872446054,1.32256689406801,0.259102799615234,0.649609183092461
2020-03-19,0.367528949523798,0.397852954536236,0.71114676076071,0.317767693760778,1.00840856120896,0.286498344616142,0.275457474261856
2020-03-20,0.0322020369856058,0.0249767786634933,0.365214569922562,-0.0122217967922636,0.665503187131035,0.24869069968183,0.187734479008349
2020-03-23,-0.0242833859140417,-0.0186298403327289,-0.46099008706549,0.204095790590512,0.175721917946068,-0.777146196419614,-0.232642601011484
2020-03-24,0.20188538845156,0.268536937659859,0.525110087601482,0.39439328000336,0.512330977033214,0.57125467544129,0.410069668557395
2020-03-25,0.191829623681968,0.544641019618822,0.433502169748318,0.45070687606304,0.812171136062639,0.292663769390724,0.0599440781386498
2020-03-26,-0.41710361557288,-0.00686032422369994,-0.123881519926743,-0.280268029408968,0.685042616253831,-0.104186276191336,-0.0330323841843204
2020-03-27,0.121861299732123,0.00440071662878607,0.0759553819082555,0.0703311053827782,0.361935738181707,-0.110939950579444,-0.0298229484154716
2020-03-30,-0.54870310908615,-0.559588191055445,-0.545841124687992,-0.466902397093243,0.17074928141754,-0.454671095381178,-0.0857040415426561
2020-03-31,-0.577781060111615,-0.571872056853867,-0.434039114435714,-0.368079430486629,-0.152737324396308,-0.562934828801147,-0.470639243681263
2020-04-01,-0.291554203563019,-0.266512501869269,-0.250220929172329,-0.193410149838452,-0.172115678573865,-0.558437432999106,0.00351342945314076
2020-04-02,-0.778972573665813,-0.828682871874407,-0.45299823822658,-0.787498384054922,-0.491936314954259,-0.25856197379237,-0.21729058720625
2020-04-03,-0.27281293695608,0.0634582309358407,-0.475694544232468,-0.482101374418916,0.176910025709235,-0.0881304860630827,-0.380847681183282
2020-04-06,0.160788606715343,0.195358561605508,0.135697305499554,0.0546558908483914,0.350464458992067,-0.126677169513529,0.180459256926766
2020-04-07,0.00788060971618188,0.17043725237166,0.0784562197686895,0.255421481853983,0.635614514495806,0.139132115316655,0.144916440822073
2020-04-08,-0.89371641996257,-0.681979436739791,-0.30923589603,-0.796947606355108,-0.274858898426361,-0.300303280084781,-0.433626639227121
2020-04-09,-0.929120476501624,-0.567912566466051,-0.550799345514757,-0.675846626233119,-0.70908212081457,-0.885661283227644,-0.156256562986223
2020-04-13,-0.81589673604807,-0.539050454414655,-0.356523628826088,-0.25678806143512,-0.799177560141096,-0.72467310650598,-0.736787768445838
2020-04-14,-0.551525200783829,-0.346858698460904,-0.396551937183335,-0.847297167495364,-0.327187276593903,-0.782974759064129,-0.849233982518877
2020-04-15,-0.469433133992928,-0.796903574695533,-0.498663980381471,-1.30034916864117,-0.0528314178742706,-0.81817155193152,-0.36764559300897
2020-04-16,-1.14971371716981,-1.12849455377571,-0.852424655791829,-0.835725890814252,-0.563233886405159,-0.889068370935999,-0.689799253877107
2020-04-17,-0.38908370961505,-0.376060868297964,-0.569818881769301,-0.606909424473756,-0.394591167479623,-0.442211373544955,-0.2806734890849
2020-04-20,-0.872829892099725,-0.74833277178923,-0.714034740505901,-0.965960870589803,-0.135878590775139,-0.550459382920938,-0.846292120475375
2020-04-22,-0.579131054820642,-0.678476622112231,-1.56392877073187,-0.92742499187209,-0.304134084674106,-1.20309971542841,-0.925187900904668
2020-04-23,-0.922399726792352,-0.507590553517826,-0.388782910508942,-0.908263783774873,-0.133846749239713,-0.455621233042115,-0.419585914686329
2020-04-24,-0.349686793444327,0.0859066398655696,-0.270832058936549,-0.166406523495142,0.787303897606575,-0.0269880534058272,0.0434717693454452
2020-04-27,-0.308824953748592,-0.129224247484289,-0.106380016941647,-0.376590269410205,0.0686593343647311,-0.44084277544655,-0.578854014754887
2020-04-28,0.102939013073353,0.0820573018454885,-0.00738805989367003,-0.288861216168458,-0.723921829026056,-0.385523803196166,-0.773281201706095
2020-04-29,-0.450771456332387,-0.347798012301666,-0.26883764994789,-0.518139331833422,-0.555203910505869,-0.439579849028565,-0.692334750924093
2020-04-30,-0.139199128583242,0.288145550884667,-0.250226711127001,-0.367352272024978,-0.141063540436488,-0.401434267479136,-0.346646037873107
2020-05-04,-0.522976271208514,-0.692856183324278,-0.335140822690658,-0.320799757077643,-0.219792117232161,-1.34143059144262,-1.0131221559029
2020-05-05,-0.304685174125075,-0.512163493616796,-0.847021934206318,-0.708190665086107,-0.476696550624839,-0.808624686369353,-0.465958138956545
2020-05-06,-1.03398329056828,-0.923002279745586,-0.882831458668312,-0.758793304535783,-1.3039073688239,-1.23183187441616,-0.93162567055316
2020-05-07,-0.647159167434184,-0.892065404439705,-0.895798259876737,-1.24152419461943,-1.29945518784506,-1.08003289219697,-0.4521428529177
2020-05-08,-0.491505643123848,-0.535752611575123,-0.450787901838079,-0.229488169531685,-0.500727378282897,-0.511607862861762,-0.598683892508648
2020-05-11,-0.625819604530145,-0.307111115153943,-0.483820612315676,-0.252258271040208,-0.253401941957427,0.0117007708409062,-0.00651810548750438
2020-05-12,-1.1634456316226,-1.18797832936158,-1.28046274028356,-0.993870880869252,-0.00527207351124243,-0.483350230568022,-0.419663099172815
2020-05-13,-0.905205427000526,-0.54255742025596,-0.58727020426569,-0.557674829504406,-0.378441344186466,-0.289570395650177,-0.0186052157752208
2020-05-14,-0.209823546671309,-0.001070940332718,-0.451930745873263,-0.0472418924348319,-0.411230807964311,-0.245759533011662,-0.280884759694732
2020-05-15,-0.930111963363353,-0.735747983598881,-0.646420747604161,-0.849057158162355,-0.300430684771644,-0.669234397054016,-0.787262820429656
2020-05-18,-0.28928690559308,-0.100427935766681,-0.300624253826809,-0.15213831671325,-0.352650019778766,-0.503002790763507,-0.377140408251903
2020-05-19,-1.20321375458723,-1.77915464581641,-0.798336967275279,-1.09677731252467,-0.542129599065167,-0.629414715122819,-0.65170720243221
2020-05-20,-1.11114723100863,-1.17737952486729,-0.942958766930948,-0.754139881186727,-0.711473306110386,-1.38283024518653,-0.653719768280537
2020-05-21,-2.14799244862837,-0.807687216093465,-0.98716783121191,-1.35114726987241,-0.250186355540746,-0.440214568181498,-1.05160021850598
2020-05-22,-0.581773999646975,-0.777121549052485,-0.630997142931079,-0.870304202043451,-0.684826897442254,-0.957001370435971,-0.904889353042642
2020-05-25,-0.276112781976944,-0.193112482587359,-0.145516276828794,-0.669062921745998,0.104484588958448,-0.549515406824356,-0.554501368946436
2020-05-26,-0.763395932677267,-0.642853334560455,-0.109320116139542,-0.762007223828685,-0.5295536269072,-0.492016105554848,-0.682114661787195
2020-05-27,-0.58632150975113,-0.762989146857261,-0.598636090340711,-0.551981618178024,-1.05993104723432,-1.04001279565565,-0.71022361877343
2020-05-28,-0.776548845018928,-0.997609944070519,-0.726156136454925,-0.839916492134492,-0.89338463028323,-1.14777171203114,-0.892163325175957
2020-05-29,-1.16675826493825,-0.764271885543992,-0.694616839681723,-0.453026148603375,-0.418936380304413,-1.45417038969952,-1.08057374180193
2020-06-01,-0.89808038226826,-0.89006939918692,-0.827844201314611,-0.763439273083573,-0.850807265672167,-1.10234294186658,-0.41199351251924
2020-06-02,-0.853848170885866,-0.930632069869895,-0.798689844653907,-1.27478185984955,-1.53508264206071,-1.1370337135062,-0.652067971572977
2020-06-03,-0.268253137900703,-0.220525861024034,-0.139042473988676,-0.11876942221247,0.0859682666594497,-0.410993692722096,-1.15183421052094
2020-06-04,-0.806158680154652,-0.57852031067921,-0.401123196885481,-0.224635489511621,-0.24442457376694,-0.31306459145942,-0.221345627434634
2020-06-05,0.00861741041838787,0.120115742352719,0.258421193947897,-0.00363015665697243,-0.181206717203191,-0.14223793967769,-0.487967230287661
2020-06-08,-1.14212777690193,-1.00936576610909,-0.776385964128579,-0.888871227526304,-0.333436135514706,-0.601152595001276,-1.11378969797295
2020-06-09,-0.521995182244477,-0.555179641642787,-0.275914370614442,-0.634710605111814,-0.014623175402885,-0.540977310080153,-0.158441800645541
2020-06-10,-1.0420948526069,-0.75457493697866,-1.23551188743554,-1.20136301849074,-0.586729688409286,-0.520939363180978,-0.0432519809076308
2020-06-12,-0.654912994114927,-0.701754209417794,-0.393616963862339,-0.187907637986976,-0.55273332536499,-0.277759913709884,-0.150187014042468
2020-06-15,-0.297933871306835,-0.513970522888619,-0.24925597116279,-0.232019954714645,-0.351300441436243,-0.538634787970103,-0.135704976901912
2020-06-16,-0.285757308593691,-0.286911753603957,-0.239402573348814,-0.274233016914626,-0.296862202915833,-0.312130148317452,-0.292316530085109
2020-06-17,-1.06020660240818,-0.851793416883561,-1.16286945189283,-0.594207678984894,-0.353856762853381,-1.03488262812442,-0.701763292474519
2020-06-18,-0.696997717078562,-0.768180154913764,-0.765018895731645,-0.792353430942719,-0.491993595572393,-0.782944860846701,-1.10348031995685
2020-06-19,-0.826743699839878,-0.623033077148421,-1.08039446898715,-0.634834874387001,-0.449377884540866,-0.722866471333507,-0.919543262270119
2020-06-22,-0.842570827184338,-1.20217971534986,-0.999842744632477,-1.2115573474251,-0.113041511117139,-1.13541262325493,-1.18701446756555
2020-06-23,-0.778496912376192,-0.810764401257069,-0.899925648134714,-0.790456784437014,-0.162460374480698,-0.812078915507756,-0.815345632732899
2020-06-24,-0.92097332039281,-0.942410630215463,-0.812172281339673,-0.772331629523485,-0.269672387139079,-0.799978108310931,-0.609968066615213
2020-06-25,-0.918365047826411,-0.882018185477832,-1.34234909510643,-1.40240118473555,-0.467780273667523,-1.07752595865978,-1.09380004339903
2020-06-26,-0.854951482933932,-0.891178861235949,-1.21367540734779,-0.938485839108336,-0.321273179050447,-1.39616658681734,-1.47902871278107
2020-06-29,-1.37774466674483,-1.31679072442889,-1.08956861975947,-0.884809669499516,-0.47544111969316,-1.0572855301019,-0.702605556635534
2020-06-30,-1.46654175768727,-1.18898579046529,-1.48070587553171,-1.02089520412842,-0.501734133216983,-1.85667079467133,-1.01791284859302
2020-07-01,-1.51495903938963,-1.24444031025496,-1.11266167011638,-0.875121163268349,-0.486993338312096,-1.06480318498768,-1.20385171485038
2020-07-02,-0.701511907989768,-0.745949680427323,-0.715033600420788,-0.526147564073949,-0.659152242697096,-0.473372838797745,-0.609773861759023
2020-07-03,-1.49497931548754,-1.60064337123481,-1.2391270924929,-1.25562788847484,-1.38074605662988,-1.01894090452287,-1.13010009665505
2020-07-06,-0.703253082450074,-0.66515545949042,-0.710929114768769,-1.16989805527449,-0.798269949934143,-0.997532443603438,-1.08094195636128
2020-07-07,-0.867416007572323,-1.25008225664887,-1.57239344527991,-0.970586495386512,-0.792414178994592,-1.42420191367235,-1.90440824071376
2020-07-08,-1.32603296277898,-1.02522574715569,-1.28025259116912,-1.24005421925133,-2.19997298548285,-1.51139013456805,-2.01185076759468
2020-07-09,-1.32426997049639,-1.16237038951749,-1.84935472021435,-1.39457426367856,-0.994937722912443,-1.38850637521876,-0.814108959034836
2020-07-10,-1.26026738885353,-1.17837526724419,-1.36833772161288,-1.39103038327005,-0.990775730362442,-1.55256262188534,-1.02168043206021
2020-07-13,-1.53537217138461,-1.44142857246508,-1.19277349561185,-1.31987359070985,-1.10978093221202,-0.978182653705083,-0.781684033319232
2020-07-14,-1.02674068070215,-1.19472974818013,-1.33270916091659,-1.49686415792491,-0.563945814569599,-1.27081292780504,-1.02478563467869
2020-07-15,-1.06856840612145,-0.914647235777201,-1.29740801944569,-1.43769611531568,-1.14139281216245,-0.764259007688792,-0.924374000592306
2020-07-16,-1.52666358577879,-1.58222847114077,-1.55801278392129,-1.61764487183786,-0.337362929806902,-1.39380261456213,-1.58544957440089
2020-07-17,-1.72398536457194,-1.40903815727236,-2.39388995100617,-0.985911052539509,-1.04806151168625,-1.38313450492639,-0.849873759746919
2020-07-20,-1.44381012896096,-1.36941593222568,-1.32413676277674,-1.38984404453512,-0.250665819905654,-1.60222870018865,-1.50568372161601
2020-07-21,-1.1226021638973,-0.904558475097745,-1.05795951505861,-0.968926313748054,-0.781694949445436,-0.909945953505645,-0.757955879639933
2020-07-22,-1.06674538207303,-1.07624703792233,-1.13456911582575,-1.63349310542917,-0.824655578180863,-0.973531334527745,-1.15077059734739
2020-07-23,-2.00106513496915,-2.01775590699939,-1.72345241908379,-1.62154646742041,-0.13532405767724,-1.342925237039,-0.938841538124592
2020-07-24,-1.07351967988144,-0.97208263650756,-0.988184525479507,-1.15059773181309,-0.242139590621272,-1.06406406429497,-1.02885751993398
2020-07-27,-1.15095271413361,-1.30369701582038,-1.11421500852309,-1.10038945519089,-0.705746108199128,-1.28663087388629,-1.57167373178396
2020-07-28,-1.06902068456126,-0.715290473044749,-0.836039623995497,-0.750129944191741,-0.903505694902393,-0.851279248701959,-1.52158330021027
2020-07-29,-0.979466324243809,-1.31816709102131,-1.39115582866506,-0.421810912466448,-0.150003607647827,-1.57718466939369,-1.47563869666628
2020-07-30,-0.907635731452719,-0.783284513647378,-0.722788370361999,-0.783531863423673,-0.690855196191266,-0.795067683013932,-1.2296304470263
2020-07-31,-1.41283644590525,-0.91603186115086,-1.83510055961455,-1.37861247768043,-0.624465022118121,-1.4806310776714,-1.20050498588736
2020-08-03,-0.656679384083414,-1.03770548418598,-0.657909249302556,-0.892107513273658,-0.529870965256032,-1.37271908513048,-1.14512479816645
2020-08-04,-0.236544099190709,-0.545401064958044,-0.588641062870295,-0.626939560474417,-0.6605758638411,-0.99433205486634,-0.819814612445259
2020-08-05,-0.784525362515416,-0.824582840300605,-0.885609631444296,-0.8368286233677,-1.0748350933865,-0.901167296646591,-1.42386898431561
2020-08-06,-1.02282418991437,-1.01424281479132,-0.756075605235049,-1.06118526645263,-1.14139353332188,-0.94804380701281,-1.33300238599637
2020-08-07,-0.505175455209682,-0.491134556610161,-0.720724101576183,-0.739546919913778,-0.768210200261169,-1.02930666556076,-0.688166569211067
2020-08-10,-1.29816253468125,-1.2314973601214,-1.3143613218638,-1.39477906425004,-0.655225026287973,-1.6743857216852,-1.00515299524499
2020-08-11,-1.23161707458201,-1.24134584944543,-1.33426630775797,-0.814498556384435,-0.575527089956074,-1.68090552195424,-1.30419378813024
2020-08-12,-0.947869959207692,-0.995759597916516,-0.914806514948886,-0.563188069497558,-0.556995175200443,-1.05826555302268,-0.930128373727977
2020-08-13,-1.40735755295878,-1.04439183937734,-0.927158298926167,-1.22298044378446,-1.09922384187228,-1.20467796005202,-1.62792454274242
2020-08-14,-0.926310993153924,-1.49976506112668,-1.42974251726189,-1.0041520075528,-0.93259752872042,-1.66767319182483,-0.792464475664373
2020-08-17,-1.07368834211963,-1.03983305718458,-0.862199835447945,-0.651747409910523,-0.561377188902601,-1.07639225526277,-0.724137366357378
2020-08-18,-0.884596071275766,-0.883171143281833,-1.04352322950561,-1.12934716711835,-0.688126269423607,-1.18058130283777,-0.708480324524143
2020-08-19,-1.77869969866496,-1.52355869657914,-1.97859841167265,-1.35161387711116,-1.41001838403208,-1.30779502833453,-1.69829204990517
2020-08-20,-0.957010368827774,-0.989886821188208,-1.08726404074759,-0.91610390027571,-0.671974770677187,-0.951102621765934,-1.06853022238305
2020-08-21,-1.45887548009801,-1.61502397410738,-1.51827206827383,-1.64037790465885,-1.1285472258502,-1.35262972625838,-1.6038498790899
2020-08-24,-1.15549976966554,-1.15364096327967,-0.845354379643356,-1.02948530711071,-1.18720199133496,-0.915291788752972,-1.65928755783769
2020-08-25,-1.40118998399165,-1.26653179792995,-1.23931303161405,-0.992918948848141,-0.81945298073568,-1.40737844255674,-1.1265712019631
2020-08-26,-1.08876155532219,-1.0262075814878,-0.880223088793258,-1.0075287924282,-0.387756495956752,-0.868477736861245,-0.82185317820835
2020-08-27,-1.13634651634688,-1.07837458969993,-0.906956032924998,-1.06462094469319,-0.974776833148683,-1.07021483166801,-1.53039780764377
2020-08-28,-1.62988853111992,-1.33560566549402,-1.6895425587172,-2.44636354708613,-1.55423267869581,-1.59008445867383,-1.19157183704566
2020-08-31,-1.34808878021465,-1.51088807911956,-10.5746028403644,-2.68241228524042,-1.48981801226909,-0.984914666627569,-1.87035106526404
2020-09-01,-1.215413306286,-1.21340252162464,-1.09732051602148,-1.11861242165655,-3.13418552829243,-1.34653853606939,-1.8830528857568
2020-09-02,-1.24500347002702,-1.3974308637005,-1.37565073430798,-1.56849675824139,-0.911029723087904,-1.31891840512644,-1.28176475017734
2020-09-03,-0.538993801433286,-0.741578347373303,-0.502726051301659,-0.516361579299245,-0.656703730319547,-0.667956890547038,-0.824738376546231
2020-09-04,-0.945042603909736,-0.9621512902897,-0.934274756533707,-0.852577019072409,-0.385222446843281,-1.0122277700166,-0.977221159264523
2020-09-08,-1.08554623182703,-1.28455600440324,-1.31540519062867,-1.23016003829654,-0.943273989060187,-1.35933428786615,-1.50555680508708
2020-09-09,-1.14928823160643,-1.2232387361079,-1.29070360495818,-1.1385174875146,-1.11239494872492,-1.13647318754355,-0.821773322949648
2020-09-10,-1.23219863401753,-1.26672430677647,-1.18559402661395,-1.10322389755745,-1.34356802416729,-0.837107449312535,-1.2839855199463
2020-09-11,-1.32282853428701,-1.40576532232902,-1.27577421968924,-1.36943526505578,-1.18045385843804,-1.06266250513982,-1.11157266948033
2020-09-14,-0.809072900570287,-0.926547334524472,-1.01846283291395,-1.09240364804056,-1.21347546248672,-1.43334706160677,-1.46380456304342
2020-09-15,-1.47530153886478,-1.42767195193567,-1.67324430399639,-1.52183063556292,-1.09783431992257,-0.988873782889508,-1.41183119454694
2020-09-16,-1.08350529785936,-1.2510076626062,-1.31800179334502,-1.72645224098644,-1.10805877552098,-1.63978642235337,-0.902097924403623
2020-09-17,-1.52480908784393,-1.3457160528943,-1.5176691408124,-1.24891760358608,-1.35433571253215,-1.66556361588747,-1.18970152281633
2020-09-18,-1.40367525340388,-1.80454875327375,-1.40247108390861,-1.50478279726953,-0.972606030293758,-1.13658174213713,-1.33219579802041
2020-09-21,-0.980673564266712,-0.982320872024125,-0.887568126835847,-0.682718960961978,-0.645594846710752,-0.792457713743368,-1.07937630779008
2020-09-22,-1.39512950539286,-1.33485329509036,-0.828509512884774,-1.33246132151607,-0.439001157332838,-1.13705223249534,-1.01015068001462
2020-09-23,-1.24350213441547,-1.38199680126616,-1.5843264578985,-1.48672254826308,-0.982373699423751,-2.13786677731858,-1.30515163673764
2020-09-24,-0.955958140009252,-1.31835686808288,-1.01511321369647,-1.04976820765457,-1.13272265932354,-0.93019866125502,-0.965641664849981
2020-09-25,-1.44318224434945,-1.47300586839959,-1.54584615641881,-1.29675176560547,-1.11385755852438,-1.60742687312765,-1.30473306973277
2020-09-28,-0.393320400756239,-0.485155489856246,-0.394214068298817,-0.15985281952125,-0.434990602922137,-0.428886668780174,-0.81916532573133
2020-09-29,-1.71460240419824,-1.69662622991381,-1.42460262668569,-1.43108644814013,-0.992785457321685,-1.21761205318095,-2.00175876602887
2020-09-30,-1.60838119594195,-1.55552804296134,-1.46099920656517,-1.01262063606451,-1.58282930794801,-1.48531300503155,-1.29648744949439
2020-10-01,-1.34779176149003,-1.48506157488062,-1.00325481717886,-0.840962790687157,-1.2202951357756,-1.27504745949142,-1.27972846744764
2020-10-02,-0.521725377635135,-0.409802732832911,-0.418470073214268,-0.646119824424353,-0.580292221032454,-1.17818876904818,-0.706700470458128
2020-10-05,-1.03725030322873,-0.886518093745297,-0.878728110725642,-1.01983533807098,-1.26000796659139,-1.10467218566485,-0.91294461598254
2020-10-06,-1.01611250365262,-1.00046889186316,-1.112316212414,-1.2512852127423,-1.07715623645736,-1.20446511155043,-0.90283941864688
2020-10-07,-1.68024818206734,-1.66226666104544,-1.40363630000342,-1.54079024747024,-1.07629209508458,-1.72498501181474,-1.37087187122344
2020-10-08,-0.735575950792009,-1.0574111433171,-0.762304210282342,-0.994126564194583,-1.03054229022964,-1.48622144418141,-1.17474972453152
2020-10-09,-0.684209845307268,-0.675224417550712,-0.956901136013069,-0.436476283672203,-0.854970266182669,-0.883600845826427,-0.447767866823074
2020-10-13,-1.51904246988625,-1.42125347111215,-1.30268082202012,-0.859390702042518,-1.48972815300266,-1.88208356478791,-1.12458633808249
2020-10-14,-1.9547224316595,-1.91136973934892,-1.29768383677521,-0.987789578359401,-1.06225701868801,-1.81792916594477,-1.04521943270709
2020-10-15,-1.28425807677251,-0.912684474176048,-0.821626848408716,-0.831253249601076,-0.996202295031838,-1.37734077893599,-1.2808265808934
2020-10-16,-2.20237213063156,-2.36581418807457,-1.73030008946927,-1.90731212531111,-1.42915110424377,-1.56069782216031,-1.24027018097744
2020-10-19,-0.67930763725947,-0.79638612062873,-1.02736396690264,-0.775832360021021,-0.397973622965538,-1.44645634281588,-0.603229310101563
2020-10-20,-1.40128336209095,-1.05988228745933,-1.66668290920118,-0.869100888810197,-1.6271697538806,-1.31381036450248,-1.24343562920612
2020-10-21,-0.924375530034208,-0.944808873478468,-1.55100822062381,-0.898610786127192,-0.810647583667526,-1.06706151878003,-2.74922697696753
2020-10-22,-1.20569822355777,-1.11629542857067,-1.62919161650602,-0.956943161907897,-1.48389629994761,-2.08331274084913,-1.99841027760777
2020-10-23,-0.981410095619792,-0.743727397497694,-1.06663556581749,-0.744348715638795,-1.1655365604298,-1.29885032878482,-1.38672040562
2020-10-26,-1.235797457787,-1.46863584660319,-1.08284553440611,-1.79345745414114,-0.564538877178811,-0.944868086788889,-1.14740714846501
2020-10-27,-0.727103774656894,-0.662488371529049,-0.859118455546849,-0.164701332498784,-1.07697796921706,-0.959250856239582,-0.921981224424037
2020-10-28,-0.736467391612479,-1.04290681976964,-0.818197405665059,-0.525849671672572,-0.743013120123966,-0.902178594068223,-1.51808953891657
2020-10-29,-0.672846269956987,-0.407766372005566,-0.628540425980601,-0.424818623170155,-0.042707782962017,-0.349369023571586,-0.355489232718667
2020-10-30,-1.01056374448633,-0.737699820792692,-1.02371948090236,-0.720981767968844,-0.713595006718433,-0.848038513945655,-1.00536643167698
2020-11-03,-0.904974321621388,-0.803341137403137,-0.813359907397425,-0.92013702166481,-0.71325301418669,-0.922327270216378,-1.40518945218836
2020-11-04,-0.0112598928960693,-0.600536565929631,-1.09174274945392,-1.02529704771244,-0.822939291755224,-1.45571780838194,-1.03517537097581
2020-11-05,-0.894935613469517,-0.736863963696644,-1.15407800179586,-0.643906701364906,-0.741205639247288,-1.14416354831769,-1.22258319096269
2020-11-06,-1.26405135283998,-1.40117025483223,-1.5593826258272,-0.962470903507882,-0.866091708515482,-1.34018160005294,-1.04300605263484
2020-11-09,-0.193970618680962,0.0533728307875532,-0.134126991299616,-0.539528300447128,-0.340059659952936,-0.651035923928473,-0.603556097357214
2020-11-10,-1.04366849838669,-0.978883560562173,-0.768318652280685,-1.01283796339429,-0.935472540143625,-1.30732878901378,-0.798408660886097
2020-11-11,-1.13101655507456,-0.683817483346745,-0.738524979938084,-1.34106042205016,-1.2002608053896,-0.796581576052587,-0.870160458075756
2020-11-12,-0.733906311166731,-1.24432670629014,-0.854279448621986,-1.38996291066425,-0.908212586264116,-1.36518986331477,-1.38504399415733
2020-11-13,-1.39195180489778,-0.992476631225913,-1.09876935107152,-1.01565528889775,-0.708077781762219,-2.01387084687231,-1.1593694222286
2020-11-16,-1.01029790149989,-0.987925241819029,-1.04848410234392,-1.83794415085962,-0.957518866126748,-1.28585066615723,-0.891637370404451
2020-11-17,-1.18544174240039,-1.14152557177546,-1.2845475263196,-0.988775634270696,-1.67565749282254,-0.932684049289187,-1.3075112507489
2020-11-18,-1.53011099469316,-1.6334921698455,-1.25680828154398,-1.15366845094623,-0.919104603216571,-1.24852442968096,-1.48804140638627
2020-11-19,-1.13866095792001,-1.17329140985153,-1.0600725479781,-1.45346746983119,-1.31784283422639,-1.41366133763965,-1.23350271801641
2020-11-20,-1.47077107321972,-1.26395059641651,-1.28428880305816,-1.79620910256236,-1.54549948969096,-1.75147789241311,-0.757574090517927
2020-11-23,-1.35097089340247,-1.28279765275754,-1.20410339603367,-1.28660046444995,-1.13598801342029,-1.43473165121858,-1.55641524836785
2020-11-24,-0.928554920487495,-0.796670140301017,-0.876782061264122,-0.925480485856619,-1.3453889552742,-0.955543084826304,-1.18139917453833
2020-11-25,-1.09945148301012,-1.22713141820719,-1.05987045992506,-1.02810693055111,-1.37921473890556,-1.33527543010221,-1.21563013253535
2020-11-26,-1.68028062359821,-1.66783633621342,-1.28774416651293,-1.22224289905191,-1.05941827349618,-1.38179340229645,-1.242702784077
2020-11-27,-0.778350237127667,-1.16989639943279,-1.31617212394948,-1.02804069662917,-1.27031208604521,-1.11036811211897,-1.53125688132512
2020-11-30,-1.55958991727985,-1.26234050284695,-1.70778890117131,-1.48607359996057,-1.12439793836626,-1.27105640907132,-1.35697123467271
2020-12-01,-0.468905028811352,-0.45068157770207,-0.768562284587952,-0.271062580124617,-0.470530792616187,-0.875390385659058,-0.848526853224983
2020-12-02,-1.12495116750239,-1.05226872758479,-1.38497228992976,-1.23392685364737,-0.540334907760594,-1.53318592182459,-1.55996973933768
2020-12-03,-0.814690152859178,-0.522952927101483,-1.04947232651932,-0.460154741301469,-0.109095250726962,-0.598902971109321,-2.0990657286584
2020-12-04,-1.04234611745228,-0.929584900008315,-1.23985246794847,-0.910246135523226,-0.93396436808078,-1.64318758421618,-1.60120643077289
2020-12-07,-0.918675204245882,-0.834664354736987,-0.691698349230506,-0.650626387288851,-0.983475370578257,-0.713303519246648,-1.12443134922621
2020-12-08,-0.938199646454651,-1.02809994890933,-0.686259807233454,-1.22684466339632,-0.898829029821488,-0.873526160785484,-1.08804133823017
2020-12-09,-1.82658039777699,-1.79775722566263,-1.43243435286938,-1.15881508900352,-0.961796762634902,-1.53280553217034,-1.6466288732831
2020-12-10,-1.45385146254296,-1.41914829468197,-1.29155287282572,-1.57653893828891,-0.800262782984835,-1.3578804984292,-0.999297943795248
2020-12-11,-1.22590029913704,-1.02411007747983,-0.976256455351637,-1.08910166020452,-0.939625190269616,-1.26699262240198,-1.09027672035121
2020-12-14,-1.63427533219931,-1.41194448456939,-1.08867269377333,-1.51325050197518,-1.56583819799052,-1.31082704912711,-1.31646845901847
2020-12-15,-1.73353610702296,-1.37122430051399,-1.27580330451909,-1.07266249649089,-1.08166935079461,-1.74264791658151,-1.78861035759755
2020-12-16,-0.970425392027631,-0.778276473712081,-0.731341410180905,-0.776665342737886,-0.740599155317381,-0.995159999105134,-0.96085049437534
2020-12-17,-1.55814337823134,-1.13587788325797,-1.39979482751352,-1.18762690814117,-1.22048343749116,-1.44797574099619,-1.72706011565944
2020-12-18,-1.4637821842063,-1.3560035570277,-1.56457804206294,-1.1545811323986,-1.27952511107329,-1.63644801538587,-0.444584601877792
2020-12-21,-0.952908480400538,-0.744900930663912,-0.759103197302828,-0.950096818202597,-0.38922789377529,-0.797879650926117,-0.584137509511406
2020-12-22,-1.49019338391878,-1.61671442008101,-1.16086464720895,-1.83261587690032,-1.44948544997669,-1.08920320372962,-1.62254874634034
2020-12-23,-1.75731256655122,-1.25697641383074,-1.30970069629259,-1.71543139693705,-1.24974556023223,-1.40192157046124,-1.73969996779525
2020-12-28,-1.60209014618587,-1.37049480565237,-1.65194449429224,-1.41668851904886,-1.78414374182941,-1.53748186409411,-1.90351237424696
2020-12-29,-1.8441760938273,-1.49215594980272,-1.80954506406168,-1.41372136393588,-1.32263062833068,-1.30296622782421,-1.44344771840875
2020-12-30,-1.85121666758138,-1.84030944572202,-1.844307664262,-1.89092046964865,-1.22252245248025,-1.17625534315197,-1.37457048096208
2021-01-04,-1.46202681235119,-1.0274740565551,-1.29586396206414,-0.870895898620868,-1.12912193111676,-1.19839876423574,-1.04185542834657
2021-01-05,-1.0611321154569,-0.990098097238234,-1.31212534135818,-1.33603188714587,-0.803633734418635,-1.05533122707797,-1.04661968662188
2021-01-06,-0.812156864207584,-0.874239685668497,-0.832999241461505,-0.963794483793643,-1.1531067308812,-0.838782374488195,-1.10514887142527
2021-01-07,-1.02508525298624,-1.13475121894819,-1.17577364773004,-1.04844528344823,-1.36812377042459,-1.37509376545179,-1.69951562361266
2021-01-08,-1.05638604156555,-0.784887911992269,-0.969525067301261,-0.819881105614807,-1.40950492564416,-0.846939799080207,-1.02170644843421
2021-01-11,-1.02212698755889,-0.950246138274114,-1.18214343316631,-0.752192120518732,-0.504883120711652,-1.30386476096162,-1.3581090169909
2021-01-12,-1.81920173046024,-1.43813223538546,-1.03247961309563,-1.43226913229942,-0.917102787929731,-1.18883877749989,-1.25462784441663
2021-01-13,-0.899726980698782,-0.905085933420461,-0.82009161853631,-0.586768430442497,-0.86398646094189,-1.19320214957822,-0.921086254993421
2021-01-14,-0.831400377049377,-0.988744254690561,-0.919930838238813,-0.922019503135769,-1.13603736432794,-1.22830646329243,-1.2141594061757
2021-01-15,-0.92238221045286,-1.16128738812007,-1.36770091687083,-1.17059279242776,-1.13893450596269,-1.35924020240886,-0.811959012465984
2021-01-18,-1.26056055331074,-1.08060429521208,-1.0575071020909,-1.08115079834256,-0.527627282946082,-1.52034732062353,-1.13414884235426
2021-01-19,-1.08056528460897,-1.07933901460865,-1.1356580804524,-0.992378477588673,-0.607719993843747,-1.08299503895509,-1.32054851345363
2021-01-20,-1.28273840065764,-1.59332807750719,-1.7699370590021,-1.30804007729934,-1.03590186219746,-1.4781846804187,-0.951336086423614
2021-01-21,-1.32737248964482,-1.23953995596341,-1.08223324916538,-1.40940338759352,-1.0732787158657,-1.21850719575189,-1.22117920137067
2021-01-22,-0.911331811854791,-0.844724853768273,-1.08998216959747,-0.994005640551515,-0.909988772054989,-1.08508892707651,-1.23764750869331
2021-01-26,-0.398334771953429,-0.517020862044242,-0.910502148020985,-0.370006190067981,-0.739365934801224,-0.531391051153596,-0.82474904961875
2021-01-27,-0.708821896795293,-0.840487635254271,-0.854362117667721,-1.04510520361497,-1.10220668004123,-1.25235873791612,-1.19521330834726
2021-01-28,-1.07053339241471,-0.970073200837958,-0.979591470392824,-1.15721805898665,-0.875410168813072,-1.20947667295298,-1.03620677319368
2021-01-29,-0.978801175424096,-0.803493573700857,-0.913157666407483,-0.861894215953068,-0.234373346695285,-0.91351570959845,-0.653410592787585
2021-02-01,-0.783710121655402,-1.00545948171644,-1.13711205886778,-0.908267715985034,-0.312638579478303,-1.02336268601844,-0.753523177420967
2021-02-02,-0.778763677247,-0.732261413425818,-0.903080640770681,-0.440399216042995,-0.712721938866967,-1.09904758279239,-0.764266482246865
2021-02-03,-1.31934793161651,-1.28117849164805,-1.45545245945521,-0.278441868665916,-1.32752981149125,-1.5246766352806,-2.07768108107939
2021-02-04,-1.24208825997533,-0.275671562133603,-1.49664919865604,-1.22826572085824,-1.10292797326526,-1.89035701263004,-1.75182083843354
2021-02-05,-1.54320371175597,-1.63444079414744,-1.59953211103524,-1.32212775866465,-0.245707624660315,-1.60651317242397,-1.2025875589945
2021-02-08,-1.48498304308389,-1.77666804895824,-1.54001989794873,-1.46746096965764,-0.733578064794682,-1.33370135957985,-0.925516440637634
2021-02-09,-0.775053141600787,-0.919779822466711,-1.46572114201855,-0.760464609759853,-0.443917216145373,-1.61108046022242,-0.62315057465697
2021-02-10,-1.15107244128847,-1.2148446453975,-1.66572943534919,-1.50262349631149,-0.712613443987405,-1.43799412522474,-0.895522997914604
2021-02-11,-1.26456334828978,-1.3449196703953,-1.49736612502695,-1.15640432081627,-1.20888246580424,-0.548423223958847,-0.908396892884765
2021-02-12,-1.22150031517464,-1.30752907739647,-1.10916679909505,-1.11512685291058,-1.443305612042,-1.65271949854558,-1.27299077292863
2021-02-17,-1.48738758839792,-1.50441786212558,-2.01276703583325,-1.34464124576677,-0.80295577261113,-1.81940955381248,-1.41939844175544
2021-02-18,-1.04555359834266,-1.0477327443139,-1.61122461183318,-1.03590476649812,-1.43640080180872,-1.78610486570386,-1.28867969886905
2021-02-19,-1.10746872133876,-1.11862223192092,-1.32759927081586,-1.11942178600736,-1.24856147415937,-1.69669337936547,-1.39310037159441
2021-02-22,-0.403643820683814,-0.434039092191476,0.50519854477722,-0.752905142796769,-0.451813200047169,-0.44969612357452,-0.632730940296622
2021-02-23,-0.917615400843916,-0.773521661489148,-0.28168296039465,-0.791186527928656,-0.859057322876682,-0.952624527752896,-0.491940406795093
2021-02-24,-1.15158944766494,-0.95007300429253,-0.819669790621099,-1.09740934819454,-0.95601489952842,-1.28938129876672,-1.49836260429662
2021-02-25,-1.20570435661954,-1.03805923672085,-0.545317509165548,-1.08302409527741,-0.0456123866684966,-1.63886117306544,-0.731337399286058
2021-02-26,-1.17234492219196,-1.00579054414913,-0.808064178148514,-1.14566873676464,-0.473484337280412,-0.947925521780832,-0.285080806223513
2021-03-01,-1.24481774162544,-1.00753843956483,-0.817088291009866,-0.993967203738879,-0.850594214330529,-1.00510493277579,0.137564590045167
2021-03-02,-0.100205495535655,-0.182788024114687,-0.256562739178434,-0.152297368641778,-0.218556179211951,-0.473691692380994,-0.123168682496762
2021-03-03,-0.381342121186162,-0.524681759580592,-0.428350843954989,-0.337567124113293,-0.0224997117313736,-0.67350421370364,-0.634923067772474
2021-03-04,-0.774233822490055,-0.76003436217575,-0.815108008331526,-0.685319043457785,-0.422915237944967,-0.853486320981038,-0.805317727273877
2021-03-05,-0.937388225508357,-0.908504500399071,-1.04690974742853,-1.07050291164536,-0.387284768101869,-1.19551256237121,-0.966700725839511
2021-03-08,-0.215805520998707,-0.231871711818864,-0.37109081576954,-0.572335234595945,-0.431143332333665,-0.536123364322401,-0.52582006297786
2021-03-09,-0.755430834683389,-0.798990430185365,-0.857598609240067,-0.978999031528727,-0.944888986451204,-1.50114906860532,-0.428316987838142
2021-03-10,-0.964407611186152,-0.873538074411348,-0.792953943232359,-1.08291170396713,-0.441413996844786,-0.987008776630347,-0.882561776492309
2021-03-11,-0.93485355598245,-0.687457285762912,-0.821988648356131,-0.899847397182297,-0.547697682614076,-1.19224667308795,-1.64791858801622
2021-03-12,-1.41746106556604,-1.45810744283184,-1.79958829004628,-1.44041038906875,-1.1335134007294,-2.20640966505786,-1.93464495367862
2021-03-15,-1.5645020482162,-1.55354714383796,-1.37706164888876,-0.976619988148411,-0.998827180904977,-1.1458486570905,-1.49992742340936
2021-03-16,-1.10639956732553,-0.966560981153126,-1.0857025131657,-2.11686023393605,-1.55938077506044,-1.29682254380399,-0.838639346668835
2021-03-17,-1.37981931626205,-1.63313062778477,-0.991882944142443,-1.22587690398674,-1.07131641941497,-1.18395117760479,-1.30051778139645
2021-03-18,-0.945004039358672,-0.969404835280173,-0.855659959670467,-0.916499187772147,-1.04649037494317,-1.27170926440013,-1.37076181503773
2021-03-19,-1.08409389533426,-0.972340240704982,-0.975096899097705,-1.40182034317195,-1.00847266503266,-0.650342224881501,-1.01306910613121
2021-03-22,-0.931209145449186,-1.08669585134503,-1.20755205368775,-0.732257993208059,-1.06726289347575,-1.59627956189761,-1.1739012278738
2021-03-23,-0.834953479713673,-0.942852866053784,-2.89038797138395,-0.950083570576602,-0.759879792161465,-1.31793922357979,-1.05850274198144
2021-03-24,-1.6999736894431,-1.74075632284942,-0.93718813126478,-1.07556704388723,-2.00758655580008,-1.61910177941903,-1.530924317517
2021-03-25,-1.4828106348818,-1.35008126619614,-1.24161806731686,-1.17820909471229,-0.723615392071839,-0.671878233301148,-0.960740815935995
2021-03-26,-2.08538513440476,-1.39897437077697,-1.29374216786416,-0.851521551085151,-1.00724191430346,-1.10326381016655,-1.24931036231526
2021-03-29,-1.24542546653354,-1.36511628811139,-1.25891550034657,-1.10086706779318,-1.40692955268348,-1.62925643209888,-1.22684957250043
2021-03-30,-1.85449561424979,-1.59935644791021,-1.67261120601792,-1.24926348791339,-0.775668016328774,-1.84064606083164,-1.20760271326157
2021-03-31,-1.15062313026889,-1.11525401568999,-1.69768847727246,-1.17346681107171,-1.00370898940451,-1.99218693681826,-1.64788610466622
2021-04-01,-2.31197272957286,-1.69257976821547,-1.53425768339646,-1.13795454155456,-0.914360767122834,-1.63961887721692,-1.65247991831159
2021-04-05,-1.40205533895146,-1.22284953852881,-1.26428894327206,-1.03701034748434,-0.964396777208982,-1.58693035362631,-1.13775249718251
2021-04-06,-1.43738764464184,-1.26520083851457,-1.67366767212328,-1.63399670613677,-0.602027038096634,-2.2249120917788,-1.15178377231838
2021-04-07,-1.2197815887874,-1.40295380911755,-1.26449560511973,-1.31958168652161,-1.15669599487664,-1.27499205672626,-1.01546689607431
2021-04-08,-1.97416865006158,-1.43181847236996,-1.68834558019442,-1.36532073718899,-1.25755975420473,-1.39146131473066,-1.44609383391428
2021-04-09,-1.35862702952829,-1.01523117171139,-1.24850355739347,-1.38349455564185,-1.56244899602525,-2.04086712921095,-1.55840978976933
2021-04-12,-2.11441955639295,-1.69920296077594,-1.60458080582165,-1.27678822581702,-1.96193345895539,-1.79071102716511,-1.36842938659404
2021-04-13,-1.4039110896162,-1.33486259014298,-1.49117547730614,-1.2638999495965,-1.77862632240961,-2.39119561715199,-1.569901157401
2021-04-14,-0.883703564169733,-0.960206337509734,-1.54722969104631,-0.806892915970136,-1.05172021548422,-2.19201300667157,-1.3274642200555
2021-04-15,-1.24704593882671,-1.16825713846386,-1.28011568525025,-0.962992548622029,-1.41412809043665,-1.65152437763256,-1.46855107149898
2021-04-16,-1.64754512261384,-1.44073108822973,-2.14779132094567,-1.70396370544411,-0.6893705669243,-1.7654459336231,-1.47621027070638
2021-04-19,-1.86122904027155,-1.66657788605981,-1.35897996313439,-1.62879748434557,-0.884141798254784,-1.10844206925395,-1.47821921078771
2021-04-20,-1.42152884771963,-1.54121760612788,-1.24565661313838,-1.80112640274359,-1.473762791322,-1.84192633777597,-1.49549306554703
2021-04-22,-1.56338050592101,-1.54074429973564,-1.35391017310081,-1.51924426071534,-1.08397823177767,-1.73758371058578,-1.42292397528259
2021-04-23,-1.42609806944615,-1.42475704697131,-1.74653177887222,-1.51857318047323,-0.923901467674212,-1.51546082620999,-1.4660027908461
2021-04-26,-1.43598072046568,-0.859389790386424,-1.34637273740617,-1.06922174245399,-1.28165134499577,-1.41198515942057,-1.07665051993746
2021-04-27,-1.30988524212648,-1.3408230852718,-2.04807768528597,-1.44170599032061,-0.534994323354966,-1.35106781236086,-1.34492546768278
2021-04-28,-1.04819624135436,-0.953135059338148,-1.62690796684813,-0.269643685124943,-1.58406648026407,-1.51928116786045,-1.66414959108771
2021-04-29,-1.31882085334305,-1.17290769858802,-1.34508007692324,-0.99980886238973,-1.3171431226495,-1.45937801904617,-1.12909234342116
2021-04-30,-1.40284481915722,-1.22373563090128,-1.85871286079874,-1.85578580301742,-0.87549581336535,-1.80412760365771,-1.93657267771419
2021-05-03,-1.33227977884083,-1.03813695584461,-1.59387316200854,-1.40807426907176,-1.00477062926141,-1.59721256425731,-1.14259327849594
2021-05-04,-0.868949720578468,-1.24997027940833,-1.44549083389429,-2.01649869635628,-1.1503570185846,-1.72550965760945,-1.55428298974447
2021-05-05,-0.846123531949265,-0.627181892034028,-1.07790850811567,-1.31632546647354,-1.07945258439091,-1.52040716186568,-1.55892428614154
2021-05-06,-1.48668103093898,-1.94354340118933,-1.6784083594034,-1.10116371154238,-1.04873302005461,-1.7078023606133,-1.30127071376084
2021-05-07,-1.70452041267569,-1.58144927460198,-0.667473512772724,-1.36993249331821,-0.95515898157694,-1.67190610914738,-2.01205295914614
2021-05-10,-1.38477890165742,-1.32400252628375,-1.47553827734254,-2.07166093831365,-0.758704733596195,-1.4445757660317,-1.50019362207517
2021-05-11,-1.44895911396753,-1.1393050307946,-1.85098345985402,-1.44606032769599,-0.66493388149087,-1.77927876092703,-0.974018834345907
2021-05-12,-1.46605433585481,-1.15425650127334,-1.2574409714821,-1.32243308056176,-0.697302714386253,-1.89748120619374,-1.00343897561218
2021-05-13,-1.31911774120858,-1.67128503882062,-1.33922653979029,-1.61633934731283,-0.830652892489427,-0.762022390655464,-1.24691232068883
2021-05-14,-1.06329725223868,-1.12893878831935,-1.14383587580309,-1.27604046097173,-0.823053924424644,-1.29293557420228,-0.56429901981161
2021-05-17,-1.14558636267384,-1.45430778446368,-1.43064464464507,-1.05383940010071,-0.835763959356549,-1.70064785452432,-1.1380085774208
2021-05-18,-1.38325527179699,-1.6765523066626,-1.67049403748353,-1.31481039946861,-1.81914129097712,-1.39278707070819,-0.845921694154876
2021-05-19,-0.901120143881715,-1.26124710299268,-1.01130411870081,-1.32301869682992,-1.19233788422189,-1.36603592780179,-1.54774028152249
2021-05-20,-1.28837698862552,-2.20445537498076,-1.94931471564282,-1.68872720247219,-1.06700150566025,-1.61005646086692,-0.429779572181205
2021-05-21,-1.41266686516625,-1.16637635521367,-1.69570439524955,-1.46485311637897,-1.20558592265436,-2.1359633814844,-1.53509517965908
2021-05-24,-1.90366528903197,-1.83532361058785,-1.85439467190824,-1.61707567892383,-1.23594426039055,-2.13784954373622,-1.23388455262079
2021-05-25,-1.57933240045833,-1.74462562869116,-1.47966363466613,-1.72263915381915,-0.924961781520931,-1.64809019577779,-0.879291654235784
2021-05-26,-1.82117530776557,-1.8760429961163,-1.29679920891805,-1.37513074847895,-0.685754099672656,-1.80604923887042,-1.69651312081738
2021-05-27,-1.45514192912602,-1.00769569061678,-1.33897122355368,-1.61892538391636,-1.25568600714555,-1.29888749296361,-1.06097829826642
2021-05-28,-1.67331915876645,-1.59372972818297,-1.92339280860868,-1.74443754573743,-1.32942702246042,-1.91103072492647,-0.839207462223975
2021-05-31,-1.59150426522408,-1.79996111619918,-1.8392281255309,-1.71526426534906,-1.06887214401269,-1.82850596978085,-1.09576307910774
2021-06-01,-1.64389878716884,-1.51124063815138,-1.44767239180084,-1.25290554085955,-0.624226508941206,-1.44339122820221,-1.3627774315351
2021-06-02,-1.44795127028746,-1.58545338430393,-1.43834553570791,-1.72910626287033,-1.19745638066127,-0.788409919847648,-1.38351431183305
2021-06-04,-1.52041742747981,-1.26680270084181,-1.67741338712286,-1.50417839107078,-1.53972018592766,-1.15387318269696,-1.64316291733612
2021-06-07,-0.963996057414312,-1.04190403662601,-1.16689236220316,-1.16182011510787,-0.966126316020731,-1.60353685190794,-0.886232272069955
2021-06-08,-1.10111532573244,-1.38935241807232,-1.22479992609732,-1.20100556204915,-1.1642840537757,-1.63829436642584,-1.17630935413214
2021-06-09,-0.49690371763622,-0.808042003803859,-0.865301102780124,-1.32778010809043,-1.37408976828995,-1.35258030935185,-1.07001778518831
2021-06-10,-1.11948249014355,-1.49781987779211,-1.43984483262641,-1.52837066621383,-1.59572683022644,-1.39871447305853,-1.64610967026774
2021-06-11,-1.29346443213232,-1.43649370996912,-1.57520274937821,-1.29093885808192,-1.1315015122261,-1.69676343817138,-1.67943218669014
2021-06-14,-1.41750740361373,-1.3652284590384,-1.34235698012098,-1.50665214382067,-1.69630813299138,-1.67153394503816,-1.79777617709505
2021-06-15,-1.54200605634011,-2.15049126512662,-1.2878920202535,-1.40749436543037,-1.08233410725793,-1.91935485761523,-1.42746901585339
2021-06-16,-1.08792389474771,-1.14700652535548,-1.4471560966897,-0.883700911646804,-1.28713676579508,-1.37386313928947,-1.4005661727168
2021-06-17,-0.685066312674888,-0.935099021575811,-1.03584561822472,-0.72317877022323,-1.37514858060472,-0.712444881176934,-0.963808906006326
2021-06-18,-1.29180458675461,-1.39963787672484,-1.19475216717798,-2.01395673511133,-1.84637499480276,-1.26509217519294,-1.66916736609522
2021-06-21,-1.47238179319,-1.60860884211485,-1.81051361255861,-1.39316587248914,-1.3710674793946,-1.51581240643349,-1.28204734325181
2021-06-22,-1.4207276739469,-1.42695536679698,-1.2140670497554,-1.36446398983671,-1.13744427222704,-0.614562839742823,-1.1332800726662
2021-06-23,-1.0272316865656,-1.38237274948864,-1.43710408899459,-1.01072118280558,-1.8594953677414,-1.52952279294481,-1.55305654228036
2021-06-24,-1.18455785029709,-1.24873420942141,-1.71551308541842,-1.3063818602349,-1.54747940225829,-1.24647929593665,-1.5196107699164
2021-06-25,-1.03857679153381,-1.23781214516499,-1.43262183981224,-0.98016391701443,-1.18576136171386,-1.30730237270736,-0.981404287611036
2021-06-28,-1.18179336228507,-1.3088943995142,-1.20049680645738,-1.15865918413459,-1.02594316124939,-1.30825441363802,-1.40966233113965
2021-06-29,-1.38498343378214,-1.43006978554517,-1.74633331265888,-1.56012590979955,-1.11093340782083,-1.50213450152761,-0.972724798932552
2021-06-30,-1.5668694363019,-1.33245815370243,-1.92777193222788,-1.46029209503011,-1.41470092755365,-1.87345822634028,-1.57638649268739
2021-07-01,-1.36029158694752,-1.21838701767519,-1.7562559520165,-1.34641286787273,-0.644144691969606,-1.42556775824084,-1.15427236646541
2021-07-02,-1.45378413728471,-1.13972102922572,-1.49650144923358,-1.09629360046881,-0.800510843231573,-1.75625767123566,-1.54955904645131
2021-07-05,-1.65436151510167,-2.27669594956934,-2.13580938062371,-2.15558829660194,-1.15439100564238,-2.517827228196,-1.31286942309023
2021-07-06,-1.60598717888733,-1.35310333196056,-1.82945478468962,-1.8242500393187,-0.954966469089812,-1.9737964148318,-1.47572294473932
2021-07-07,-1.05577553090312,-1.1975887582779,-1.204422565649,-1.76162682160245,-0.866484882461253,-1.15440103057133,-0.846061569720657
2021-07-08,-0.922822033760727,-1.05653398194053,-0.945006202928651,-1.15557253252326,-0.501944292718323,-1.40179791031909,-1.2552264542975
2021-07-12,-1.36642757003585,-1.48215431824447,-1.81211687391913,-1.02696152773104,-1.19160127469428,-1.56825986592291,-1.74502253846045
2021-07-13,-1.12863858306391,-1.26843148284681,-1.60501612141608,-1.37763675995869,-1.03064501373783,-1.44260943909036,-1.10216597337898
2021-07-14,-0.789716748920963,-0.814723994208002,-0.947279632340576,-0.878049016267284,-1.27717713291257,-1.40412573775089,-1.29340035104032
2021-07-15,-1.44952962522209,-1.30523693424795,-1.26615524580397,-1.3039558681026,-1.20962202407853,-1.09048444883095,-1.45138728404879
2021-07-16,-1.76894986297552,-1.70952504669839,-1.45292744871802,-1.54443811552387,-1.80119543150315,-1.94310033055254,-1.3821669948512
2021-07-19,-1.31818728472415,-1.44619479783733,-1.45773645997966,-1.45210677667684,-0.855361115660447,-1.41270418997474,-1.31391886595267
2021-07-20,-1.29956017669904,-1.50846026430135,-1.31534067245989,-1.55976835796553,-1.25315143213304,-1.33533520335663,-1.66182621780647
2021-07-21,-1.72503915194178,-1.61528923035961,-1.70291607576085,-1.55615577075886,-1.54844654418923,-1.41536129910274,-1.41306610293143
2021-07-22,-1.70044701116266,-1.54274780198053,-1.69435181335513,-1.81149269733559,-1.5889871995981,-1.60405131384183,-1.93580120576137
2021-07-23,-1.58895214217652,-1.55739521782407,-1.6298034524439,-1.40088461209779,-1.48802012948565,-1.40130987694543,-1.71272359309726
2021-07-26,-1.59525402293946,-2.07653129143723,-2.44877687806075,-1.2395427191749,-0.955622653487178,-1.75394379964974,-1.74064868526749
2021-07-27,-1.46100995746273,-1.54299958835063,-1.68310690780052,-1.48218519206337,-0.967055161323745,-1.77899748757253,-1.61945191639733
2021-07-28,-0.91042954285183,-1.155280805611,-1.83325374406378,-0.653562022193082,-1.14180449231993,-1.60544470359185,-1.85369162937837
2021-07-29,-1.38102565815733,-1.25872879000861,-1.75428548425399,-1.53904208563115,-0.921712797762705,-1.62209891086385,-1.39012022364658
2021-07-30,-0.850701701672324,-1.03837996946698,-0.89948396723823,-1.09530809576056,-0.324217651249605,-0.969228284617107,-1.36582821966783
2021-08-02,-0.665136124689873,-0.772467825679851,-0.876524664472188,-0.851397332984951,-0.616603728318602,-1.09856055193805,-1.01070577904504
2021-08-03,-0.414822487705112,-0.792758221350875,-1.09814248611283,-1.08388864412899,-0.252484816780399,-1.35218524459653,-1.51257735890725
2021-08-04,-1.40855806463779,-0.927739905715756,-1.45821948863753,-1.28911716939795,-1.27082250607281,-1.88089122911443,-1.99951925863905
2021-08-05,-1.04574639756091,-1.09316196273166,-0.567570673795022,-1.22112858313575,-0.863278379030331,-1.7710475236493,-1.44108853098071
2021-08-06,-1.17801982659908,-1.44152838358683,-1.29558014159058,-1.63879565050367,-0.726054465605201,-1.68784266640192,-0.858912999530202
2021-08-09,-1.60221780474093,-1.24790218252251,-1.1983900463603,-1.67021728706005,-0.662069550659348,-1.93932515248855,-1.86513167469633
2021-08-10,-2.40304418770984,-2.0432678701789,-0.878378313690038,-1.63477425097204,-0.388468475523033,-1.58960948878843,-1.03625690445079
2021-08-11,-0.952599582817659,-1.0319492021158,-1.69888836075124,-1.09959226521674,-0.944182080871404,-1.20987962986544,-0.837203493217312
2021-08-12,-1.48927669602676,-1.47787918024577,-1.43002788253487,-1.58729126614899,-1.11784067419171,-1.7106671530208,-1.17998508030659
2021-08-13,-1.28221266469164,-1.38357209414193,-1.19832663409284,-1.23211289287443,-0.458748040897615,-1.35750312682604,-1.18278375981971
2021-08-16,-1.07607863172003,-1.45611541206619,-1.14832486619444,-1.325528333319,-1.03889084834704,-1.12287796401716,-0.797971024273444
2021-08-17,-1.13093712905393,-1.35111333894069,-1.33142589091695,-1.21759933467506,-0.177561100171288,-0.813453048294914,-0.670091946541037
2021-08-18,-0.725339390702038,-0.985895671342969,-1.02016031063575,-1.38213622840698,-0.793173758435875,-0.992807234334744,-0.598992495262229
2021-08-19,-0.607839924080572,-1.11626284197586,-1.25469299555908,-1.36743072803289,-0.538984685997494,-1.29857271065398,-1.07808788116918
2021-08-20,-1.11600944235732,-1.49461580426102,-1.6068166599834,-1.47488109651221,-0.914534481168864,-1.74331810437175,-1.44732408538969
2021-08-23,-1.92729908214418,-1.67628928965368,-1.93585635210022,-2.2375985883592,-0.999124213340324,-1.91767960090379,-1.15624762756949
2021-08-24,-1.96952215088898,-1.26479179105433,-0.836513884068709,-1.5747283072637,-0.819830889563495,-1.07919280253793,-1.26615621334006
2021-08-25,-1.55909230285557,-1.67150267109014,-1.61967093692188,-1.5404008278929,-0.635613888509298,-1.6290527968647,-1.07226781400678
2021-08-26,-1.87421889281584,-1.7684120276,-1.49430465121158,-1.2610895944778,-0.692481988436843,-1.32562736485948,-1.25267426028403
2021-08-27,-1.27281457033388,-1.43343839158942,-1.35310259143505,-1.52858822115735,-1.22637854499486,-1.65591942418105,-0.877488047590267
2021-08-30,-1.78880710563119,-1.84005110544531,-1.94397762391079,-1.57419195216492,-1.57077035552227,-1.94894693831905,-1.28952294004108
2021-08-31,-1.34073678186907,-1.42226340505983,-1.26376746976032,-0.99430789047762,-0.712399209143946,-1.2199238524123,-0.97786696394446
2021-09-01,-1.20921932977006,-1.49395181891495,-1.68766294428567,-1.57377033740435,-1.25092195191383,-1.44410504544939,-0.63692337666912
2021-09-02,-1.41021778846105,-1.40133059721172,-1.22313446885071,-1.1618449609693,-1.1507182029987,-1.72333292734343,-0.956826955991636
2021-09-03,-0.994055555916804,-1.15808203259831,-1.19185891889629,-0.830759711843401,-0.709279986935114,-1.57232260782066,-0.992719458855339
2021-09-06,-1.74613755978095,-1.59071460621704,-1.78866072919584,-1.60449372691396,-1.15724805159785,-1.30629572970273,-0.781569525186031
2021-09-08,-1.18664829465409,-0.839357939833072,-1.36947757326237,-3.42790281601247,-1.17786787634293,-1.72503504156935,-4.0157742630639
2021-09-09,-0.757789206422943,-0.778832381829441,-0.839063565615496,-0.996918257276345,-0.604993694460327,-0.957873116153051,-0.839293829175185
2021-09-10,-0.958223448809653,-0.881124199467859,-0.779218670137972,-0.990486601320673,-0.894232281670956,-0.909806151147415,-1.28047099644328
2021-09-13,-1.09415583705659,-0.981333480143101,-0.805808668178479,-1.24255874056764,-0.884035204221596,-1.03191457880113,-1.09263843265584
2021-09-14,-1.67212852551299,-1.52825775081461,-1.53207677324948,-1.7342494454622,-1.04754518017769,-1.17321605819782,-1.53667563549738
2021-09-15,-2.71421085001378,-1.72740638739404,-2.29978640907554,-1.94170578979668,-0.784734610607136,-1.42286729536725,-0.799506325845847
2021-09-16,-1.53466871578434,-1.176572332007,-1.49005880255335,-1.4753577255289,-1.33385085251844,-2.07182713946082,-1.31016470069995
2021-09-17,-2.50366732872476,-2.92636754107546,-1.3654031511371,-1.56054619820181,-1.13703411517346,-1.18113492796547,-1.71754289525926
2021-09-20,-0.834798190509156,-0.888293899697295,-0.776834905697356,-0.987486585019429,-0.370646947824666,-1.31637837203259,-0.723895361009
2021-09-21,-1.57046788403682,-0.926515122043275,-0.949250475413302,-1.52986675013375,-1.14622046083556,-1.35636489383569,-1.02065195685905
2021-09-22,-1.32041583875436,-1.05063284330354,-0.993409354004295,-1.27051447584729,-0.479046086816701,-1.33215190724459,-1.03934995015436
2021-09-23,-1.05871998996754,-1.27039912992804,-1.65249117960459,-1.0167946160887,-1.14301965602287,-1.36790776350703,-0.906661168935667
2021-09-24,-1.64746641257149,-1.30268731660233,-1.63649793336227,-1.03603802798538,-0.890482321898201,-2.38254512734261,-1.40000081744493
2021-09-27,-0.786373104396121,-0.639168788512426,-1.10357282982586,-1.07225857780024,-1.05860826267848,-1.41860394970408,-0.867121536147871
2021-09-28,-0.67646218490521,-0.64735119716352,-0.777634778173631,-0.719745676384822,-0.663865782554026,-1.17092195395398,-0.893694436001303
2021-09-29,-1.33959481653856,-1.06757905910909,-1.54914869472673,-1.3179966068351,-1.15352455515986,-1.38240111765524,-1.27238598245612
2021-09-30,-1.49336626370749,-1.22349797357679,-2.33480995464755,-1.3882700408689,-0.931134174461456,-1.75682343997764,-1.16481510282435
2021-10-01,-1.17929065037434,-1.48470459836751,-1.65186568405521,-1.56754656138108,-1.01073656187209,-1.08100554398604,-0.925076202202202
2021-10-04,-0.710867101952733,-1.24820721789244,-1.47381423974088,-1.51279518027032,-0.140894291816991,-1.01048796003277,-1.07694054724963
2021-10-05,-0.72770775965202,-0.967678966786863,-1.04276513069706,-1.08846707593322,-1.48934447774749,-1.23585481515627,-1.1058049016094
2021-10-06,-0.985999722792877,-1.12888229408998,-0.980026248394283,-1.08473287029568,-0.272412126311233,-0.871969525344709,-0.796698913751766
2021-10-07,-1.34952829609148,-1.11545310981288,-1.18283865432668,-2.09297540870746,-1.1869310594064,-1.20692561488638,-2.27724365985833
2021-10-08,-0.790401954782059,-0.825810987251843,-1.38098616781261,-0.563856688520106,-0.496649329335689,-0.955064777046279,-1.00623543383883
2021-10-11,-1.40908032476498,-1.47054006204396,-1.70022931109087,-1.92264295424871,-0.959063988343482,-1.18671001246764,-1.48536482582528
2021-10-13,-1.04725460267278,-1.00513979057348,-1.43217986833132,-0.85727168739822,-0.643209821301893,-1.57875136769843,-0.919913239344845
2021-10-14,-1.03971753068976,-1.52388364565894,-1.58511171157361,-1.50027155792229,-0.883517436290843,-1.15396795890007,-0.866349440644373
2021-10-15,-1.30847996727262,-1.33087953197561,-1.05867594227815,-0.73610283982242,-1.40360869474095,-1.42127150111607,-1.3965492944436
2021-10-18,-1.22985884322238,-1.12238780808261,-1.14238449732955,-0.686677754400285,-0.553435911381369,-2.12771627930342,-0.937599194597583
2021-10-19,-1.28359484917485,-1.60342837689006,-1.40680332056571,-0.812293564371533,-0.539841246866106,-0.928403005920966,-0.856250350280143
2021-10-20,-1.11059516333226,-0.96984644780681,-0.908960325542625,-1.41422146813126,-0.561940814407709,-1.49769440112392,-1.58343732333509
2021-10-21,-0.505504864048116,-0.455688519423591,-0.453086618827067,-0.43244029201362,-0.317968566813441,-0.639330479997035,-0.252644968960469
2021-10-22,-0.393876227771181,-0.199616939467345,-0.305563123336792,-0.0749509313113374,0.180046714690789,-0.292067208079399,-0.227182380450476
2021-10-25,-1.20467108379395,-1.07388608889015,-1.35980796670253,-1.62146651309321,-0.832904151375476,-1.39642288144921,-0.985881629743125
2021-10-26,-1.14868234519342,-2.02892924441187,-1.37283643135775,-1.10452230030596,-0.694846977198091,-1.87003553377435,-1.45416493590505
2021-10-27,-0.98111513218182,-0.867419911946102,-1.01094648662808,-0.727793439488665,-0.631022322159765,-1.01698406522831,-0.853011157183588
2021-10-28,-1.11593754517858,-1.1764158671656,-1.43923046100901,-1.10899720192905,-0.548732895686849,-1.13624464738857,-0.644840967009124
2021-10-29,-1.27268917077331,-1.94523449516649,-1.5329333632508,-1.47030110894209,-0.906508142090223,-1.37093251058407,-0.663312560895195
2021-11-01,-0.992004676048936,-0.918621747668906,-0.917050168299506,-0.699367576351717,-0.643149494404288,-0.894741138476952,-1.05202144878494
2021-11-03,-0.88551849367882,-0.973023398173663,-1.00672305525995,-0.936075222562237,-0.623375099598681,-0.866922373645963,-0.906044492766886
2021-11-04,-0.669172560280964,-1.18436952380565,-1.23542192761122,-1.19187085818051,-0.942564414757825,-1.07275238362439,-0.513783874600783
2021-11-05,-0.742849386253613,-0.194185084419985,-1.15858592812353,-0.853370771772021,-0.763083268361486,-1.06860394428714,-0.972026511464706
2021-11-08,-1.20364036151926,-0.563245150480907,-1.30987276160366,-0.903272516603369,-0.782285550285464,-1.1462523578161,-0.506395321560433
2021-11-09,-0.966025553855443,-0.791887099850433,-0.586574186462133,-0.979642478930424,-0.104048783394227,-1.27919513171478,-1.23117729271246
2021-11-10,-0.716277603709244,-0.387214492417821,-1.03609314110236,-0.66652959748389,-0.631334609686982,-0.829499937626475,-1.11342813581422
2021-11-11,-1.03919454504934,-1.00096504332064,-1.7108118153112,-1.09983644141465,-0.603599229636592,-1.61567183886308,-0.939429653967935
2021-11-12,-1.14822958536758,-0.827849228477983,-1.30431457595213,-1.26928470156336,-0.274569414822869,-1.78962960582258,-1.1538930082372
2021-11-16,-0.933897669900711,-1.10775555377179,-1.25611430405353,-1.06232620800253,-0.741417525174034,-1.76640365642982,-0.950812662692761
2021-11-17,-1.27513554227599,-1.33947636786236,-1.26831598425439,-0.977593784076768,-0.447947757515319,-0.978349540954267,-0.805765647457673
2021-11-18,-1.03328730318245,-0.646840734470583,-1.66039444036538,-1.25355275822075,-0.580563114704836,-1.20848142220322,-0.888744606401496
2021-11-19,-1.60250086395829,-1.30541679278583,-1.87696775690101,-1.61807395932493,-0.425844029150035,-1.19366598151487,-1.07791151036337
2021-11-22,-1.09942539299053,-1.15383459431738,-1.30508704218249,-0.956862777920272,-1.10875717540606,-1.34093427547598,-0.903401968722355
2021-11-23,-1.10647008544783,-0.764100561577252,-0.584306652514774,-1.24736941393243,-0.569840980127551,-1.2648427460279,-1.04291549706217
2021-11-24,-1.06666191304005,-1.0792300391415,-1.27866140415436,-1.41057604667465,-0.835472565422814,-1.52595199091949,-0.858494533264093
2021-11-25,-1.50037181743099,-1.3938405834822,-1.7068730090385,-1.16161291153594,-0.557429770859545,-1.18964038577464,-0.628258068571755
2021-11-26,-0.873644659741445,-0.606043280572712,-0.510969651048894,-0.737412138984987,-0.328419021739099,-1.05581545313721,-0.453535194892841
2021-11-29,-1.28620506215896,-1.30311276824114,-0.967394432375007,-0.886919785508401,-0.61494464778448,-1.29582097296734,-0.727470058112295
2021-11-30,-1.06689678461771,-1.12165979089255,-0.770137069781781,-0.910531579006729,-0.0244767648851159,-0.999502289629966,-0.887829894146583
2021-12-01,-0.958976116933242,-0.761933536090295,-0.769805173950984,-1.2790159990264,-0.155574474082587,-0.808230722357287,-0.13206701593818
2021-12-02,-1.17904546666585,-0.854817711697955,-1.2229823279646,-0.849647402562284,-0.477551756221007,-1.20369972944581,-0.964401723609294
2021-12-03,-0.812490798107721,-0.918060064923386,-1.23393400122522,-0.957875262741561,-0.0574063602288073,-0.906802331137606,-0.73726308651575
2021-12-06,-0.862912939173104,-0.592354318672497,-0.846683811591636,-0.950906848688152,-0.887997588551243,-0.851351543669476,-0.900013119003838
2021-12-07,-1.0150963862215,-0.893350803656445,-1.17583628737997,-1.05034014385881,-0.76894954497119,-1.17214701370099,-0.983260651192428
2021-12-08,-1.11071581864343,-0.860234662119134,-1.35146616436511,-1.38275875160457,-0.910695512393486,-1.14736100817882,-1.16911327647839
2021-12-09,-1.2602697390633,-1.4790256291792,-1.4278902423119,-1.34671419573424,-0.806136581073437,-1.30823056266457,-1.22194260716304
2021-12-10,-1.18417964826629,-1.20710301234531,-1.17436932793556,-0.92527806315938,-0.568674058369954,-1.48412787963877,-1.18452436507866
2021-12-13,-1.16721898718002,-1.09939408059238,-1.09138940783063,-0.804660528466819,-0.4424692158704,-0.3999675297801,-0.853038690522424
2021-12-14,-1.1362686045931,-0.768507714525914,-0.928326832093345,-0.54911343190075,-0.685736085785359,-1.52119497303015,-1.11162246587555
2021-12-15,-1.09620545376346,-1.2037967913268,-0.601563647187111,-1.08241822671634,-0.411741285807983,-1.22163027276661,-0.899455828834867
2021-12-16,-1.24200954652276,-1.14713114805214,-0.986548334140516,-1.38053694856093,-0.639833355245442,-1.08013214163008,-0.852532034726472
2021-12-17,-1.07260202763871,-1.17898893648086,-1.05584808170272,-1.27036579835908,-0.642776800107329,-1.17404204963577,-0.737244043971604
2021-12-20,-1.32780305139503,-1.1247464548305,-1.30140412025895,-1.25517538627881,-0.648086767943377,-1.48537286896223,-0.655990385918562
2021-12-21,-1.85757356141408,-1.21148434507847,-1.20010025461134,-1.89069101144926,-1.04458227351025,-2.13471849950945,-0.676039578416684
2021-12-22,-1.54589019499168,-1.47701262889313,-1.76270550727606,-1.38726828044046,-1.75004056965383,-1.58076564066,-0.970372879083848
2021-12-23,-1.48828239761704,-1.26176042878928,-2.05471268998687,-1.66449651739269,-1.65948821975431,-1.47994739253406,-1.20162226698569
2021-12-27,-1.49042349597048,-1.35594739720588,-2.06256217510402,-1.82631356933885,-1.07741052223872,-1.53993904543677,-1.51428187248945
2021-12-28,-1.9316925534639,-1.90685577537922,-2.10077867352864,-1.58143668835134,-0.777109198660404,-1.43278166810144,-1.52682737582126
2021-12-29,-1.9403475360034,-1.74162299548923,-2.05680718656839,-1.45182283952714,-1.13070828413953,-1.35718612390542,-1.32148660126171
2021-12-30,-2.26338280073968,-1.31829859296697,-1.87730130104902,-1.32690990019242,-1.4925139332261,-1.53980585405049,-1.03249504871541
2022-01-03,-0.932533877537934,-1.07481933903377,-0.808332498351403,-1.93711188703719,-0.334737129278441,-0.679272551617835,-0.599829947414447
2022-01-04,-1.17955125937819,-1.67601921315818,-1.36943772050021,-0.967201336314093,-1.03206754573258,-1.22953700344826,-0.540667755697316
2022-01-05,-1.22454368580383,-1.36721781501185,-1.38317104705071,-1.29594660964146,-0.556812258982811,-1.05419952232783,-0.929826799275285
2022-01-06,-1.31007323243141,-1.82220991267877,-1.37913687604704,-1.63502112164957,-0.636807849773347,-1.40894746259158,-0.634029030332514
2022-01-07,-1.2152694467603,-0.790505200315314,-1.80235001525615,-1.83172395043779,-0.759331690693164,-1.31207355532529,-1.11617433828307
2022-01-10,-1.28625313375814,-1.33536097685966,-1.38063103107208,-1.54065152163959,-0.632564093683392,-1.22507187186496,-0.998444440959639
2022-01-11,-1.7640314966502,-1.55217893380765,-2.11226390036385,-1.3973241513861,-0.986960708337732,-1.92066313051239,-1.42564489837288
2022-01-12,-1.25462293039483,-1.44477065782159,-1.74555891281596,-0.99133387735721,-0.730383039339624,-1.81050321004586,-0.978783774617773
2022-01-13,-1.3293754323302,-1.55971280953863,-1.12285213770574,-0.490256770478282,-0.921094000725633,-1.44696048078653,-1.25260238414582
2022-01-14,-1.44079098591729,-1.78256845632065,-1.33203572225764,-1.84497726678707,-0.912524716947969,-1.91778047160022,-0.531570977448728
2022-01-17,-1.23969578922832,-1.39532150907118,-1.39909236831381,-1.0006248659802,-1.14993770369374,-1.05579961665453,-0.816162185553232
2022-01-18,-1.11478147071613,-1.70395556077941,-1.48069000487686,-1.49457315509377,-0.760751321381202,-1.66099281022761,-1.38443917775547
2022-01-19,-1.15718042301552,-1.46477529273498,-1.43503941039666,-1.12174347299731,-0.841991651211786,-1.5254979662347,-1.21745735278997
2022-01-20,-1.57925744388613,-1.8215492307307,-1.62990766252869,-1.4192279850108,-0.499526796655467,-1.27380176059324,-1.28359746591297
2022-01-21,-1.22592653524327,-1.22224623172646,-1.44367662577394,-0.909623656877948,-0.745734326089932,-1.27690526419107,-1.29168888030693
2022-01-24,-1.07013901031853,-1.38277104448355,-1.24419197599133,-0.957275046910478,-0.501764117147673,-1.1875008174634,-0.834876544989137
2022-01-25,-1.3229089920888,-1.04289607164674,-1.0935854905236,-0.868576765982598,-0.423893706097158,-1.61994446278614,-1.03629183103978
2022-01-26,-0.926732917078543,-1.19796369799254,-1.19242905336571,-1.25174407420594,-0.22412402511283,-1.16900947146383,-1.08910895831692
2022-01-27,-1.06062015915058,-1.19255177949635,-1.2586925383665,-0.599426550811917,-0.664344567887856,-1.10523392028468,-1.07449485786516
2022-01-28,-1.47612046656918,-1.49362885353957,-1.63514164639292,-1.57788960779786,-0.820587018681993,-1.42951078965064,-1.58482538983702
2022-01-31,-1.07867654456406,-1.19526403760803,-1.50382150258661,-0.980926142498509,-1.04129847561953,-1.61638714247315,-1.38515465312062
2022-02-01,-1.55562616200016,-1.7967266285218,-1.69029987513348,-0.963288878572727,-1.14354976696681,-1.29981122473656,-1.19365334538497
2022-02-02,-1.56040116149181,-1.46223268363959,-1.34902951810773,-0.545579088818713,-0.415333370958204,-2.14709072540722,-1.05735242234398
2022-02-03,-0.927267594119391,-1.06177006398985,-1.62424969436839,-1.07179019310548,-0.488082956674895,-1.11234790954442,-1.0147181310731
2022-02-04,-1.31545576673025,-1.51656620989571,-1.92449202517359,-1.47333706663576,-0.471793542145068,-1.45890523197157,-1.64482703080108
2022-02-07,-2.04420584479567,-1.74841379299281,-1.66925535864586,-1.535052868602,-1.31477991482809,-1.95017133687083,-1.25928934566347
2022-02-08,-1.2796464030586,-1.21990290469315,-1.252275288265,-1.74826915498612,-0.735514904984953,-1.83221657238974,-1.08885511659366
2022-02-09,-0.567927303112566,0.0511585168842805,-1.24524581512527,-1.33054090722463,-0.632508091539184,-1.57556987363734,-0.913365771154489
2022-02-10,-1.14253358389894,-0.827068798611794,-1.31140333336712,-1.13603137313755,-0.64721426083113,-1.16371610211698,-0.55597888372911
2022-02-11,-0.126474705028898,-1.03770113879394,-1.389258062209,-0.733495124892958,-0.631496645602075,-0.713066237136355,-0.532342260700165
2022-02-14,-1.71088464409879,-1.16538213157921,-1.58614024929748,-1.31643475193564,-0.938791702778262,-1.06749944655442,-0.753342076974719
2022-02-15,-1.34090477291769,-1.92660840288366,-0.0769512410061101,-1.09566230822086,-0.801564023012834,-1.21144208542812,-0.817252329727074
2022-02-16,-1.87488238370396,-1.76686831031079,-1.40933703783528,-1.46136781689893,-0.0847936223327482,-1.25380284094299,-0.860202831764708
2022-02-17,-1.74691209439915,-1.65439600485543,-1.63282926100798,-1.47948828830109,-0.862874471600278,-1.67158338456209,-1.46389701464703
2022-02-18,-1.4048019095198,-1.90648206326424,-1.69025718734901,-1.39110040065657,-0.731169054494507,-1.68659600743116,-1.41566855825506
2022-02-21,-1.01627408221372,-1.56407028985627,-1.19617478679047,-1.57600769144146,-0.566516535900594,-1.98679224876271,-3.26115090830739
2022-02-22,-1.13247111675621,-1.36110384713788,-1.30099513717435,-1.64642941024139,-1.31555335408471,-0.887958210039524,-1.29468297484444
2022-02-23,-1.19725446821074,-1.60626731657697,-1.68369592916232,-0.842519452031437,-0.236612800720057,-1.08176914875723,-0.547261371273004
2022-02-24,-0.608369701781521,-0.463487581161738,-0.481255805337888,-0.531678572736585,0.0746030802711688,-0.528028644897759,-0.506962013277764
2022-02-25,-1.81172971934332,-1.37577847924924,-1.81898144284672,-1.84642948556465,-0.825746661458864,-0.999600541933113,-1.27549448898207
2022-03-02,-1.2630650574576,-1.13046178833905,-1.46319014984431,-1.31788462552434,-0.349289398342876,-1.54905374368865,-0.913448636526648
2022-03-03,-0.600782699618282,-1.17166474309551,-1.49950540386332,-1.43692590135669,-0.84327918724465,-1.18331798467104,-1.01090490730482
2022-03-04,-0.983538942975534,-1.15187571952072,-1.06373915369401,-1.25610042092851,-0.706525903652835,-0.898796896442818,-1.13268606481813
2022-03-07,-1.13118770023322,-0.972036077192382,-0.948654683508471,-1.12188896651084,-0.919056634704734,-1.1769711983997,-0.892979942600182
2022-03-08,-1.25745061122622,-0.936405774573608,-1.44431684725117,-1.11525587536342,-0.549031884364625,-1.16401917039943,-0.8395004034005
2022-03-09,-0.940759205165413,-0.897626192916703,-1.29322401477618,-0.281574995361785,-0.511847940648486,-0.999887918999107,-1.11779357804884
2022-03-10,-1.05473435424399,-1.17599608757011,-1.05659488409354,-1.14242563184698,-0.6374025677334,-1.03708009230472,-1.22337013641983
2022-03-11,-1.05193762675248,-1.36762303736528,-0.893317550942153,-1.46270983667058,-0.544543031772748,-1.32123897682894,-1.111175227937
2022-03-14,-1.23027072876335,-1.00439043941816,-1.02167440286052,-0.725922545082296,-0.588205443312129,-0.495401573784171,-1.19069267445755
2022-03-15,-1.08812443597173,-1.07083441274977,-1.54091442052515,-0.94172172507771,-0.546806222796039,-1.13499628553929,-1.55728902143836
2022-03-16,-1.32741471495726,-1.32461447174202,-1.01327429931596,-1.77211553492061,-0.865865108781839,-1.81887628673848,-1.51033561898732
2022-03-17,-1.43579333982017,-1.21994180521643,-1.27982097123905,-1.566967301961,-0.825561268022106,-0.912724430555503,-0.990463681003645
2022-03-18,-1.48561733173917,-1.37607180268705,-1.75799858178369,-0.70873679313421,-0.788672918792471,-1.39946806127701,-2.43776220400549
2022-03-21,-1.55851395762513,-2.06415613665786,-1.52964729168101,-2.33504665085229,-0.53603533751234,-1.09502235826878,-1.59153014438658
2022-03-22,-1.57532314968568,-1.55039721071236,-1.53961127755623,-1.50764258712425,-1.08971080908973,-1.50526182928704,-1.44982156519176
2022-03-23,-1.62325735285456,-1.74053699878048,-1.78184179116331,-1.18519879607145,-0.638684568216969,-1.78437320615035,-1.42466322536006
2022-03-24,-1.49459126830106,-1.52777076199511,-1.42086251742021,-1.49814900109148,-0.998165027491835,-2.30483285977381,-1.36782613096667
2022-03-25,-1.51687280511477,-1.49210098105779,-1.55819755156981,-1.63860529331559,-0.993071038155022,-1.5817467034189,-1.54967884878803
2022-03-28,-1.38158590819031,-1.49673528593007,-1.59301275086324,-1.23588008650876,-1.07106522675833,-1.50912827603296,-0.695596923553182
2022-03-29,-1.15212904819458,-1.36701953486596,-1.1515142256889,-1.11651473663209,-0.642258815172191,-1.2535734960043,-1.16972219401949
2022-03-30,-1.6184918350706,-1.60149242863657,-1.56989775079152,-1.49146089406894,-1.01599898195189,-1.86322850798386,-1.31482184868898
2022-03-31,-1.41937825859405,-1.19761391807562,-0.931675618515192,-1.0990212780015,-0.94859841211148,-1.5975490572623,-1.41796099178311
2022-04-01,-1.36918089864515,-1.42794240420107,-1.30406245575926,-1.38166648424646,-1.21213378395749,-1.47012901089431,-1.21700118599096
2022-04-04,-1.5322302914924,-1.43877718627488,-1.361977497267,-2.22217066333498,-1.73554585826498,-1.21779013613089,-0.999973216894996
2022-04-05,-1.68834205085147,-1.40811375276703,-1.72963543189715,-1.9334821248351,-0.978586678240332,-1.95981957680842,-1.54149314669141
2022-04-06,-1.58066636777468,-1.45117221031375,-1.58002354475618,-1.36103620275893,-0.480970601075902,-1.09502218211718,-1.4074057267695
2022-04-07,-1.71490292022842,-1.29032145603627,-1.06770049735943,-1.08048096922949,-0.75045512814227,-1.41552424965303,-1.71375740056554
2022-04-08,-1.49620718169926,-1.56583027970109,-1.59756145572677,-1.13307296316998,-1.37601822255742,-1.36898521980167,-1.87780223544992
2022-04-11,-2.06750374065903,-1.38198102657726,-1.37348838612398,-1.7439300673797,-1.28662560962032,-1.56144770049597,-1.13132312312549
2022-04-12,-1.31386088438118,-1.51166060091016,-1.58693869399485,-1.72885967618007,-0.632997769175662,-1.41688049741788,-1.31389709253526
2022-04-13,-1.32363807233767,-1.52848933695226,-1.36969088902432,-1.66666480405398,-1.42093577776204,-1.53452503805866,-1.28418099032535
2022-04-14,-1.74597190374828,-1.91786366171771,-1.71009343868848,-1.33542886223252,-1.14888191674052,-1.66433294660064,-1.83597487963811
2022-04-18,-2.09575979243667,-1.68281275886836,-1.97228302170169,-1.73063308476705,-1.23380448104599,-1.90744486242677,-1.25388267455468
2022-04-19,-1.17883509071308,-0.998643769790223,-1.01962547732554,-1.36876489304596,-0.945604979418588,-1.34571081217215,-1.69569781819115
2022-04-20,-1.84293766366126,-1.58426393264324,-1.72407481898016,-1.43210664511821,-1.26312776404721,-1.8446641489843,-1.65125985022535
2022-04-22,-1.2604901025462,-1.22050223067815,-1.29073287696747,-0.965710142463379,-0.644869297363392,-1.15693905844719,-0.905416024524688
2022-04-25,-1.18677521458128,-1.30941854442481,-1.21801777438807,-1.35498562235856,-0.803624991103386,-0.719606449163593,-0.919431495440278
2022-04-26,-1.0359964843143,-0.944384874827362,-1.04334711895036,-0.588043643113849,-0.832069630383683,-0.931394244291461,-1.31810254563222
2022-04-27,-1.22822478565987,-1.15178958476052,-1.03515530111546,-1.30323935607366,-0.886966172486096,-1.10408102593849,-1.19795655439904
2022-04-28,-1.44000989708204,-1.48977119614106,-1.28010876257631,-0.767673570093842,-0.860427268008691,-1.13608164618773,-1.32041502182946
2022-04-29,-0.730428751412663,-0.786513599038226,-0.833797300464427,-0.598368165247243,-0.706772966476143,-1.42952590460255,-1.71231241602484
2022-05-02,-1.19963473039375,-1.27719624188125,-1.0661860579715,-1.11734044638789,-0.759385843125394,-0.919442291133404,-1.25275262848622
2022-05-03,-1.43252518346351,-1.61887847983,-1.26040848060048,-1.86609225155908,-0.981942910712511,-2.2095950102596,-1.24612119961502
2022-05-04,-1.28165741768039,-1.16758516687745,-0.951460259585484,-1.85835270952635,-0.0710457239995846,-0.7831148666114,-0.62550398264965
2022-05-05,-0.934311139669071,-1.01423816760652,-0.697218150665445,-0.992931026269004,-0.375970614734255,-1.36689277114248,-1.28708222925648
2022-05-06,-0.854272542078008,-0.52672493284737,-0.771981233282339,-1.31651259258535,-0.826500137846059,-1.15323710694316,-0.768521632778498
2022-05-09,-0.850854114311907,-1.05223105190735,-1.02990197189534,-1.16644876258004,-0.511712514463473,-1.15475225596935,-0.658447549882613
2022-05-10,-1.34478726971759,-1.47771085135137,-1.31879902515221,-1.64450789167721,-0.438570574083049,-1.4001664243974,-1.29805214797372
2022-05-11,-1.55047558538714,-1.49333556851634,-1.08514532772794,-1.46479975723748,-0.629330991233944,-1.71886194477344,-1.13770987083152
2022-05-12,-1.32711079306132,-1.70705273266552,-1.10434035527903,-1.32431873813502,-0.504448244072672,-1.63919461669015,-1.26692807816384
2022-05-13,-1.47866879811751,-1.4409026145622,-1.54776270859761,-1.40534311326673,-0.679296299235866,-0.789632889307585,-1.4772534165833
2022-05-16,-1.19726805875295,-1.36003241542517,-1.64385924661068,-1.59396478977158,-0.850742108417753,-0.912267226825375,-1.34532085095685
2022-05-17,-1.26303385164183,-1.53389248549369,-1.29504406781715,-1.30413897902799,-0.637552289898128,-1.23054327529131,-1.22264150943769
2022-05-18,-1.53712067531601,-1.4263820617771,-1.09601339043643,-1.57827018116576,-0.986456163329049,-1.00008850242985,-1.05815411694605
2022-05-19,-1.62618906352101,-1.55467309642219,-1.54348745202495,-1.72985560178689,-0.908287988188557,-1.34746112192611,-0.800460435551267
2022-05-20,-1.38863802380088,-1.39642342070123,-1.19759056978813,-1.28719602446923,-0.725479849652418,-1.64994192894043,-4.0009007420984
2022-05-23,-1.31978393198554,-1.62018279063359,-1.63491089178789,-1.11878573773984,-1.17494402113096,-1.05171001949392,-1.14343529640461
2022-05-24,-1.37240265673335,-1.51438413023258,-1.09309392763181,-1.88778235088163,-0.790889495853902,-1.23407965098195,-0.769516123425357
2022-05-25,-1.86348658591836,-1.49384443947371,-1.03383928922005,-1.09584017975028,-1.02773134286219,-1.34350300340367,-1.39106017817748
2022-05-26,-1.82404459449523,-1.57671222842669,-1.27775352266756,-2.1963054256955,-0.69608762682943,-1.70081899143242,-1.69928543510544
2022-05-27,-1.44709709256088,-1.46121489122781,-1.62239277420836,-1.20664268507985,-1.1084547944524,-2.22771532131503,-2.18862367322287
2022-05-30,-1.65215433349572,-1.61854104520684,-0.575793742881611,-1.45436465500871,-0.775018426383714,-1.40647875061917,-1.81906862199839
2022-05-31,-1.44195607619533,-1.67622795889002,-1.07083918245715,-1.42454011179626,-1.12193618743463,-1.44501157984494,-2.57282151712255
2022-06-01,-2.13609556943613,-1.61961329001635,-0.975249307280857,-1.7912774973721,-1.72498381452936,-4.17308269082943,-0.898281804747936
2022-06-02,-1.11918949373897,-1.37411922670467,-1.55477224289528,-1.22585246784475,-0.610295937454995,-2.07544745958447,-1.79621422438826
2022-06-03,-1.65440944571533,-1.70183151976092,-1.71175057595096,-1.55425573250865,-1.49182732480958,-1.59055296524975,-1.50345828057191
2022-06-06,-1.66482408017843,-1.60478629454138,-1.43002773152321,-1.76313820157041,-0.83930613587004,-1.60946267475103,-1.39141323131729
2022-06-07,-1.91921494857936,-1.58421911379987,-1.74881368910037,-1.43186359263923,-1.25556909588162,-1.9938735133352,-2.10934561623011
2022-06-08,-1.40940003003592,-1.4062141762315,-1.51202347061136,-1.37353387070106,-0.963263275435359,-0.955244715787794,-0.739206004865764
2022-06-09,-1.62897969467419,-1.53649270378316,-1.41585968344387,-1.75836455397283,-0.851397033788751,-1.58195298112178,-1.26202845470719
2022-06-10,-1.29485487678069,-1.4420927040951,-1.01865212144876,-1.26916262872763,-1.12419759265386,-1.99039563237269,-1.39187741700324
2022-06-13,-1.06020801833695,-1.30314041536317,-1.03996560125735,-1.08975932056694,-0.45231119517304,-1.7820185721101,-1.06392993554672
2022-06-14,-1.53486793510887,-1.4273898145224,-1.41028253070486,-1.19965759744929,-1.08523579685418,-1.69014989959226,-1.19682110544956
2022-06-15,-1.19197946151386,-1.21895613395822,-1.15858945547792,-1.24058508297398,-0.64246117702785,-1.36339505108139,-1.15172898401536
2022-06-17,-0.81666038949858,-1.01855254680985,-0.912798815437184,-0.794585704286376,-1.45271845786444,-1.26087711759294,-0.960031497337088
2022-06-20,-1.87275803808367,-1.21457551768193,-0.809725257243843,-1.23216239429082,-0.759835361031317,-1.24890893093075,-0.888541774553279
2022-06-21,-1.55959024227901,-1.25136883220281,-0.936621653624918,-1.19726969637297,-0.832075220073786,-1.88446489343248,-1.25226437549447
2022-06-22,-1.50631091491053,-1.77246507733914,-1.11115604585753,-1.51863005856335,-0.683825697567097,-0.985111875549066,-1.07093244860475
2022-06-23,-1.41930172284242,-1.53756538788278,-1.33767045888831,-1.71176911948122,-1.18577431144054,-1.6208260507878,-0.774502321096437
2022-06-24,-1.49521437621513,-2.25311336591191,-1.19644774681606,-1.54350864324135,-1.00380485546262,-0.897018450670744,-1.23654867473177
2022-06-27,-2.05998642120501,-1.68179455503425,-1.81760634039004,-1.78440209600548,-0.734879239336482,-2.35134771153258,-1.77682008748504
2022-06-28,-1.00142288978468,-1.27858338209181,-0.997881131057365,-1.37875740234674,-1.22664772256174,-1.10022177577912,-1.25940154311943
2022-06-29,-1.22862493310917,-1.4612705046144,-1.48646793280685,-1.36608926236919,-0.746791355298804,-1.93054120053519,-1.06051481974425
2022-06-30,-1.42012878709206,-1.22862880268061,-0.814619980969187,-1.70562228823392,-0.703050272208472,-1.4993887043087,-1.02238902717563
2022-07-01,-1.07097025540323,-1.11920716168474,-1.42566730092218,-1.28192963791711,-0.505187625953995,-1.59644279452693,-0.672489528302397
2022-07-04,-1.66162125461123,-1.870387274149,-1.88880914199153,-1.79635311494903,-1.40986912614791,-1.81889511371708,-1.70001045849057
2022-07-05,-1.18952126050727,-1.30192130845361,-1.27795411608333,-1.0631003805496,-0.722300252704857,-2.44801486355642,-1.07367665297041
2022-07-06,-1.24774907092429,-1.38581922981695,-1.15397469145876,-1.05784297647569,-1.12573584880041,-1.52645146179941,-0.408351736388204
2022-07-07,-1.53547540257041,-1.33679137766964,-1.52654109909323,-1.51933400132633,-1.2645662863217,-1.17352169858628,-0.529554206502526
2022-07-08,-1.23509258145412,-1.39639813042472,-1.7488549634316,-1.77734018821792,-1.17591167558748,-1.39492729676205,-0.281438027341526
2022-07-11,-1.21978587592938,-1.22582054550016,-1.46421490353984,-1.24063017287367,-0.902935007251894,-1.69162282636768,-0.655936010381373
2022-07-12,-1.14940027756771,-1.17885094850863,-1.26932002945388,-1.644445652024,-0.896202076373065,-1.51738018660605,-0.712850173431713
2022-07-13,-1.31807268836208,-1.6566695810088,-1.50213441743693,-1.77489791934194,-0.648115810369265,-1.6736786902852,-1.2027756852309
2022-07-14,-0.863613491828303,-1.16020317582195,-1.12220556581499,-1.22776160722753,-0.6907092999777,-1.48205661554162,-2.78371143348826
2022-07-15,-1.21927645571468,-1.17316872640381,-0.88149693893463,-1.28307502069734,-0.947483059119563,-1.43964507309609,-0.914692649168458
2022-07-18,-1.34509685006075,-1.20212546235112,-1.37019151095667,-1.6898056003269,-1.08545526769827,-1.61206250909011,-1.23154968750425
2022-07-19,-1.37007364817894,-1.12011878008377,-1.79287639791399,-1.03479522561162,-0.940101880614202,-1.24845205965877,-1.0388009518039
2022-07-20,-1.59803916606307,-1.49463022693563,-1.5121156114651,-1.64108073642066,-0.879156768612816,-1.45551604906976,-2.4544761591718
2022-07-21,-1.11923386972324,-1.4323001265964,-1.15724527481832,-1.47362374874276,-1.38126599611455,-1.58578461517872,-1.13206238233137
2022-07-22,-1.37418204573856,-1.33378378429576,-1.49114625357863,-1.13603753756908,-1.17625142156568,-1.59942134850575,-1.24600097055924
2022-07-25,-1.29590510552615,-1.84352922784153,-1.95258193143512,-2.23095337339245,-1.48913850331631,-1.71107542532654,-1.50382907626004
2022-07-26,-1.30371423612023,-1.27568546457183,-1.45644266550096,-1.51965593301057,-0.784258126575659,-1.07600987766302,-1.02448589729268
2022-07-27,-1.54504031789541,-1.6911489041757,-1.76111407296387,-1.74793025570177,-1.02734052974603,-1.54482331654217,-1.4293075717235
2022-07-28,-1.48553166006541,-1.17572766445513,-1.51597414678057,-0.562539930461019,-0.999360019256419,-1.83485342903527,-1.28373299927017
2022-07-29,-1.42865835255863,-1.23488259944071,-1.46212026243673,-1.32990709894119,-1.24389523148552,-1.41397230040252,-1.42747448733026
2022-08-01,-1.1943166718007,-1.69408589959075,-1.61246554723889,-1.5305705872046,-1.05450964487419,-1.59922256653646,-1.57053296481306
2022-08-02,-1.39370284402168,-1.05427892744278,-1.35661023279149,-1.42760128839992,-1.08303761780602,-1.64116765111754,-1.33055080395253
2022-08-03,-1.74204429637748,-1.21006036864545,-1.51724614188386,-1.52001676282393,-1.0624273601126,-1.50633370080287,-0.942362010923466
2022-08-04,-1.49242548276662,-1.36118360369683,-1.63898900823405,-1.47392748814581,-0.956480346442967,-1.50413572987225,-1.04765346891004
2022-08-05,-1.02506973854808,-0.646240735397791,-1.78520743695486,-1.14152353057683,-0.913886427577303,-1.69882840016914,-1.48956222312131
2022-08-08,-1.33679073955821,-1.67086230555053,-1.3452895992244,-1.64769366649116,-0.625115436052108,-1.89303496052271,-0.959712312684443
2022-08-09,-0.394203434461654,-1.26267506901103,-1.26456307465983,-1.52563656219345,-0.309948781128022,-1.43655418139518,-0.604347303378439
2022-08-10,-1.2259268932664,-1.91465977911413,-1.6862126715869,-1.14911326788623,-0.106261864094254,-1.88260707053322,-0.842835340854429
2022-08-11,-1.4848467284826,-1.49687213849003,-0.145906098642461,-1.45500407827932,-1.26192819382477,-1.32967158117713,-0.624092500054881
2022-08-12,-1.57250198758133,-1.90045557047991,-1.2000984954891,-1.42271252833502,-1.22784630980176,-1.62492145925955,-1.0607235034906
2022-08-15,-1.17778560237645,-1.27308064410018,-1.50561202136099,-1.84516808635597,-0.666614934283208,-1.34062893253167,-1.03498966615104
2022-08-16,-1.25230847987086,-1.72858472475484,-1.26538838999932,-1.5670393260161,-1.36522070108253,-1.47588932521603,-1.25478001669827
2022-08-17,-1.66392812627326,-1.53111544150615,-1.18477126647321,-1.83440530301541,-1.20279573827795,-1.54853799572555,-1.52959809183724
2022-08-18,-1.81102917267888,-1.85356496115696,-1.27973626727345,-1.82076597735811,-1.18585797440403,-1.51118656480231,-1.21321514450541
2022-08-19,-1.40703696313862,-1.36532412786388,-0.83808944172578,-1.75007554954911,-1.19812670177973,-1.50440257932835,-0.993551107698366
2022-08-22,-1.47279986747224,-1.39517029172409,-1.02222063171133,-1.64626099179762,-1.33300945788496,-1.33218970534492,-1.00102581095798
2022-08-23,-2.15556055478079,-2.17199951687823,-1.2327893447729,-1.8821224502426,-1.58496766428874,-1.70223829836781,-1.43386083518837
2022-08-24,-2.0914542959102,-1.6397306236421,-1.50189364602158,-2.1345531468088,-0.779591421482672,-1.91224580703993,-1.29920562147744
2022-08-25,-2.14103270530131,-1.58795217645698,-1.29892940981027,-1.71854844695731,-1.16233815229704,-2.04701157032991,-1.65468391840294
2022-08-26,-1.45986874906208,-1.353165795818,-1.38347165621583,-1.40522216190331,-1.43773972636718,-1.62794432113942,-1.51914682398666
2022-08-29,-1.54500605710536,-1.22068371099002,-1.20540458790706,-1.73422715350734,-0.851212791994138,-1.33852134762482,-0.933660008365565
2022-08-30,-1.57628886126771,-1.76332067829444,-1.33891357718099,-1.79559809397092,-1.27948532469715,-1.59298971522679,-1.47697103726537
2022-08-31,-2.22986281411242,-1.29488523642409,-1.24072892444934,-1.22826048859872,-0.878788072440032,-1.23139411483978,-1.11655200970125
2022-09-01,-0.930194388022923,-0.861392800517164,-1.13163120172811,-0.976517124089213,-0.684774841566738,-0.813485928157458,-0.429475848100239
2022-09-02,-1.58989493972063,-1.04360234365285,-1.50402808872391,-1.24874480210833,-1.05592776740622,-0.979217628844496,-0.869557529695203
2022-09-05,-1.4136514849222,-1.56844859468432,-1.43716397070966,-2.08246602435957,-1.36209445824942,-1.04317088458447,-1.97736405551532
2022-09-06,-1.33382285050548,-1.4801123387327,-0.535159668266352,-1.62694855299949,-0.739863668640307,-1.34052667944351,-0.959386639582514
2022-09-08,-1.69817704872836,-1.52838997596383,-1.02016217816482,-1.31593375263437,-1.11780574729119,-1.5474848383322,-1.09456761110678
2022-09-09,-1.52698647005978,-1.4272639178519,-1.15158772124384,-1.46513647765665,-1.39833034239012,-1.53827009158659,-2.09980266758293
2022-09-12,-1.42261487896539,-1.1526216611495,-1.08246283947319,-1.11818033153846,-1.58513122011565,-1.36586386457484,-1.23259273020867
2022-09-13,-1.44200177467738,-1.51178674496085,-0.923018559513577,-1.8960752036982,-1.51550754595841,-1.07357493127278,-1.08729504002054
2022-09-14,-1.69978705064371,-1.66896981075144,-1.27650600331009,-2.01004233458747,-0.87559070273483,-1.92284343513607,-0.688806876224999
2022-09-15,-1.40931273628275,-1.59282765162879,-1.49755532800146,-1.29276470478123,-1.56286340901642,-1.4192164125786,-1.16333791960868
2022-09-16,-1.618287614968,-1.21037365502312,-1.37712912425393,-1.99736813175804,-0.513027119979464,-1.29569459850171,-1.79184977416048
2022-09-19,-1.39878302269725,-1.31258487849835,-0.619050439294609,-1.09668603405362,-0.93777984978472,-1.29913324679533,-0.901881555109625
2022-09-20,-1.66947023156922,-1.6119166347846,-1.68795593225616,-1.11617056972499,-1.15297467122276,-1.31854103891589,-1.25155346910498
2022-09-21,-1.83984295316976,-1.59573593510631,-1.65866172321818,-1.40025959093057,-0.681125985633105,-1.71077278642547,-1.32042510035149
2022-09-22,-1.19902148737306,-0.973185668047864,-0.965203091939784,-0.808377973050027,-0.506291640502391,-1.75577357175432,-1.2390054703061
2022-09-23,-1.05078455519273,-0.900072799740887,-1.13290913221893,-1.11288723703449,-0.649811799650031,-1.25430664283041,-1.04260596376277
2022-09-26,-1.54021490628798,-1.35008588942127,-1.05642356522975,-1.43922777948237,-0.75055886162098,-1.07619241944009,-1.56552472151208
2022-09-27,-1.60232644443381,-1.57920542516299,-1.8255539494337,-1.43094609455728,-0.856845866823078,-1.52027663801693,-1.21887658200434
2022-09-28,-1.22858353349782,-1.05053652791182,-1.43435592621931,-1.45686163302831,-1.13555476300341,-1.75849780118926,-0.955010637244886
2022-09-29,-1.42339536832344,-1.14645879137025,-1.36801849110183,-1.10131155406448,-0.836154930203307,-1.4216093412028,-1.09737899869086
2022-09-30,-1.85394421225619,-1.56136056887524,-0.974834831107331,-1.87900114553402,-0.782904690648293,-1.79523132549467,-0.775740142153468
2022-10-03,-0.614529322903139,-0.759239801790572,0.100475242721007,-0.370768743364463,-0.652632886140864,-1.49907943113878,-0.919118291808426
2022-10-04,-1.11962967908978,-1.00970798521752,-0.43001184201318,-1.32259713204371,-0.817155236793508,-1.33998302353329,-0.837046183800283
2022-10-05,-1.81965329744571,-1.16602897220036,-0.85676425856385,-1.5909909105543,-0.857542460310169,-1.44455288816881,-1.1284290856272
2022-10-06,-1.6452955018278,-1.29203828883971,-1.29455207564743,-1.62762746274992,-1.16191013666185,-3.65120052361583,-1.36710263072119
2022-10-07,-1.09537776734929,-0.780899569526697,-1.5616996054454,-1.41141379940107,-1.33847178716426,-1.3827134951669,-1.12423580018893
2022-10-10,-1.38890951671448,-1.42738822396229,-1.00098468015941,-1.62914027645689,-1.19053436103912,-1.77586481619618,-1.08437395836533
2022-10-11,-1.69027259651855,-1.70712332189427,-1.17468862780739,-1.30798245916597,-1.17891015379089,-0.937697736254355,-2.36214701140101
2022-10-13,-1.20258476371677,-1.22775413523806,-0.673192693006548,-1.43202627296677,-0.646400365630405,-0.588727437197464,-0.846009052565114
2022-10-14,-1.2241408967925,-1.20966042780567,-0.871999661437652,-1.10662176048438,-1.07272648496308,-1.08567845152924,-1.96257531317687
2022-10-17,-1.50567708475269,-1.65244329504333,-1.26798734887874,-1.38707317066657,-1.33661376569756,-1.61549647439408,-1.49074030251057
2022-10-18,-1.19133354699971,-1.29002300363102,-1.20373288529371,-1.38049450645239,-1.46296550565351,-1.2416750852059,-1.06309293536418
2022-10-19,-1.74513657145614,-1.84841167788459,-1.5240064491503,-1.83428516044122,-1.32130762108039,-1.7848316863641,-1.83403496647833
2022-10-20,-1.42591871016161,-1.70582202959224,-1.25071379934058,-1.38074657328232,-1.32789151676954,-1.58836171908339,-0.928507493122126
2022-10-21,-1.05595903495669,-1.45954973348439,-1.12855966914783,-1.61173596896927,-1.12066802860906,-1.26353857240177,-1.23785906454343
2022-10-24,-1.04090859744796,-0.960437071641023,-0.874251789875632,-0.851107076696261,-0.89989882008234,-1.17552669531052,-2.19978379766038
2022-10-25,-2.19569607342872,-1.72859692736034,-1.11172794180065,-1.58196412261997,-1.18249423100583,-1.07166779825888,-4.24197917494509
2022-10-26,-1.08851873176537,-0.443393781764125,-0.530198199025917,0.112477562676025,-0.171632958850362,-0.995226426213226,-1.07874370962403
2022-10-27,-1.12652536170755,-1.29109191721946,-0.930952940507068,-1.03297658849999,-0.325052762244557,-0.970122186176284,-0.8289535875632
2022-10-28,-1.73341708842166,-1.79918163230167,-1.30674408254674,-0.738258329022072,-1.26322576067788,-1.35767721943479,-1.00086715726487
2022-10-31,-0.854297468282473,-0.514726650080486,0.146708046289458,-0.745537977369411,-0.512651110800509,-0.873403405962648,-0.8456130852241
2022-11-01,-0.672656365332955,-0.697494726753075,-0.54782901363272,-1.23230301116054,-0.692273839927801,-0.907889870458524,-0.328522227269022
2022-11-03,-0.867946476861431,-0.982105060258005,-0.196063516231046,-0.896672302577283,-0.59339509449856,-0.832206713785013,-0.970586313428874
2022-11-04,-1.13094083213127,-1.1649090716722,-0.976847904725626,-1.40486826404697,-0.810862979954783,-1.30580627518062,-0.884842305997375
2022-11-07,-1.07038785680337,-1.29030815669662,-0.976232562027475,-2.14652292650045,-0.84069706013079,-1.36344887079847,-0.236233111370979
2022-11-08,-1.54815754759562,-1.35930112588026,-1.23665932061056,-0.80455035640348,-0.876123402108299,-1.53012393719918,-1.41369742688324
2022-11-09,-0.411923596588801,0.289572997361305,-0.614839082694783,-0.742365356201405,-1.12441668624267,-0.54459137984162,-0.850904595031494
2022-11-10,-0.513879026806985,-0.966789282209748,-0.543482373630241,-1.16550556816976,-0.300651347013028,-0.835773897289551,-0.621119690971716
2022-11-11,-0.802706388716452,-0.519921396430629,-1.13267106818056,-0.821460370634889,-0.580060595742731,-0.674759648333039,-1.15448409773181
2022-11-14,-0.950815408027747,-0.597218291794572,-0.92513391758635,-1.06377429763201,-0.895275367986799,-1.32972665716444,-1.2330367613006
2022-11-16,-1.35210170804702,-1.07302320977231,-0.955289924860147,-1.01630869292608,-0.7288523471623,-0.204540943280309,-1.27124836945528
2022-11-17,-1.28726835684386,-1.22658059837746,-0.608378611402205,-1.19974614498167,-0.060145505543316,-0.523533124010318,-0.82363825573775
2022-11-18,-1.00995869210475,-0.910951679963012,-0.89097874890115,-0.993352840710664,-0.507921761858574,-0.545759309589718,-0.55612272284914
2022-11-21,-0.956173960121771,-0.835426856323196,-1.09612052129843,-1.19557064152554,-0.410552312114325,-0.924079139234109,-0.679766086824851
2022-11-22,-1.22232105794089,-1.25916499149036,-1.13468655368037,-1.45777383351109,-0.529919838223936,-1.29471543693881,-1.00952809554751
2022-11-23,-1.63891057294768,-1.53722615993774,-1.23700326107301,-1.67601593766434,-0.904864867154614,-1.11268715667444,-0.910232744461226
2022-11-24,-1.12127636033763,-1.10940346249118,-0.61519362028174,-0.893458079003964,-0.909381138226661,-1.25416881992776,-0.855792766982913
2022-11-25,-1.46310279196948,-1.7247398907959,-1.14683727133045,-1.84696965246636,-0.796780797214858,-1.50552875602208,-1.14834514051373
2022-11-28,-1.61219667180984,-1.9188155679848,-1.08518510661669,-1.47200097468337,-1.09259963721436,-1.62670338913646,-1.83787525489944
2022-11-29,-0.636411318397903,-1.05857382393871,-1.01075256259046,-0.806298694146462,-0.687245664591283,-1.667295883747,-1.0645682756898
2022-11-30,-1.2287813838941,-1.19451027551421,-1.00957192474792,-1.46100288210145,-0.541208901305385,-0.894757718781527,-0.867937092535025
2022-12-01,-1.27878414552261,-1.34515154276327,-1.28535423698334,-1.30724392986993,-1.1297309642064,-1.30084297931692,-1.0985930825589
2022-12-02,-0.784684611001029,-0.809350305151069,-0.689318372379521,-0.85104624271995,-0.669257343806656,-0.987290792555043,-0.607567375788345
2022-12-05,-1.54604320534162,-1.89463153871296,-1.65380179030565,-1.61576293991567,-0.823452920132218,-1.54656937091194,-0.982096017406212
2022-12-06,-1.54283340307766,-1.14601288175,-1.66425575396904,-1.60055390710536,-0.66579942764373,-1.59771836647876,-1.12053671745622
2022-12-07,-1.83750098844259,-1.28782631553868,-1.73407953704627,-1.45187930458215,-0.762300548290143,-1.33485289203898,-1.18189936291888
2022-12-08,-1.27099277475082,-1.59397448934964,-1.06432089345495,-1.5825500016713,-0.78975881211747,-1.31632795831226,-1.13818962999282
2022-12-09,-1.53418977982548,-1.90112421246136,-1.55091346971996,-1.90869654731368,-1.12565554434012,-1.72237064097212,-1.36171992239492
2022-12-12,-0.968552910778295,-0.735504287989485,-0.483217684382386,-1.09888176493408,-0.352570031842551,-1.03982150796399,-0.742376280659549
2022-12-13,-1.19714438643972,-1.24635155228924,-1.17202231492782,-1.5314930206468,-0.441045839148654,-1.2995829512616,-1.1740750543914
2022-12-14,-0.765257962657796,-0.708051114934475,-0.578561752338407,-1.62646311146204,-0.134158946049371,-1.20481708374366,-0.763995135681915
2022-12-15,-0.635940259182021,-0.775956375977128,-0.494962710734336,-1.04787361832551,-0.471648587184233,-0.754012472856051,-1.12598813334774
2022-12-16,-1.5298457446671,-1.59881213810638,-1.30276417212116,-1.97606981174432,-1.85992151888206,-1.39118019876229,-0.965089239439917
2022-12-19,-1.27696182941028,-1.35637363577213,-1.1103163473332,-1.54862804929205,-0.960610207801251,-1.5573103335427,-1.24590668775409
2022-12-20,-0.826496327571931,-0.64425316786125,-0.854457555027189,-1.29508712533234,-0.442701937828879,-0.578798962766284,-0.879688721870566
2022-12-21,-1.32129395221596,-1.05185278864728,-1.28935006492679,-1.54511793745393,-0.952458433380801,-1.6010254953676,-1.41642694644386
2022-12-22,-1.24946534670789,-1.33068286648033,-1.14373472787876,-1.62453472551356,-0.916433897464494,-1.5137473945563,-1.65924859252442
2022-12-23,-1.12346078941281,-1.35505304259225,-1.24405030454361,-1.49155972825712,-1.22272861601334,-1.1646577666658,-1.12459809985619
2022-12-26,-1.19462871591627,-1.68488586464625,-1.15017278798065,-1.737613256205,-0.633451865906989,-1.471525366546,-1.67975933271614
2022-12-27,-1.48141985785748,-1.11273725792767,-1.38377280143466,-1.54314327065257,-0.670925735429931,-1.24518913485229,-1.41703615869989
2022-12-28,-1.18217063556173,-1.31983642460074,-1.0225139295444,-1.48300547024685,-1.36959189704828,-0.721564000358829,-1.19084034824653
2022-12-29,-1.37252296301236,-1.18894923258314,-1.51112829165298,-1.55591693738249,-0.75311022426907,-1.00481639595981,-1.21540442551567
2023-01-02,-0.797628469120794,-1.06301652885383,-0.906902723081038,-1.53236678426566,-0.298849659513582,-2.46343586504263,-1.08546743953259
2023-01-03,-1.21282304780783,-1.32705154867313,-1.34442201148463,-1.50860888987583,-0.573915162837322,-1.75249823632973,-1.04723816264313
2023-01-04,-1.11010473749579,-0.616519570944974,-1.40685355422984,-1.10928368027317,-0.600966732690495,-1.53665421771529,-1.35765913011436
2023-01-05,-1.36875127369817,-1.27536911728958,-1.00096069337034,-1.21501436323887,-0.598266206831721,-1.73431143293219,-1.04724223026797
2023-01-06,-1.58976502528173,-1.08421382341357,-1.43935925213347,-1.4828590618583,-1.28654959384076,-1.2544270753067,-1.42001258889056
2023-01-09,-1.11095763072765,-0.890619017907257,-1.44270334481273,-1.43402904226547,-0.917695608297368,-1.09768731668377,-0.529090046472634
2023-01-10,-0.963587217008602,-0.940276180078488,-1.2637045645447,-1.04272362504711,-0.290547514464824,-1.28580281170364,-0.741959719855383
2023-01-11,-1.44933017178897,-1.55621478586246,-1.59289132439321,-1.00313458690475,-0.815567795361178,-1.22235318276553,-1.31216237404802
2023-01-12,-0.467273031210014,-1.22643669505214,-1.1946002518231,-0.815893430364624,-0.213425019399643,-1.45829165550379,-0.642074665995658
2023-01-13,-0.840776808118674,-1.11727535414136,-1.18844614222224,-1.33072601060223,-0.95944478600288,-1.8525400634173,-0.508013610698482
2023-01-16,-1.37101816261378,-0.958990096960629,-1.3613943645017,-1.39134279759218,-0.515623459206468,-2.06976195663598,-0.924443752902579
2023-01-17,-1.47971807281885,-1.20554064370728,-1.10078719020961,-1.23575875912448,-0.551713119276587,-1.70130729245239,-1.36709421575175
2023-01-18,-1.4385173168964,-1.28091090783178,-1.06396717292078,-1.17157412940523,-0.600848069857535,-1.07711224383128,-0.892261431175796
2023-01-19,-1.18990232670149,-1.46352865808459,-0.862237100043413,-1.27820952016868,-1.26039611177519,-1.44369160889455,-0.814513348263179
2023-01-20,-1.88137551005825,-1.58392386006142,-1.4341392581677,-1.18507631462252,-1.36215508496266,-1.71195244352916,-1.30328974527856
2023-01-23,-1.28530915137761,-1.55182991954245,-0.504909116351613,-0.767868861997959,-0.726833498468291,-1.27017708456713,-1.40973761584889
2023-01-24,-1.02911711277462,-1.61460385733554,-1.13681421083866,-2.60895830063617,-0.956613916626859,-1.79597299796384,-1.18251938674035
2023-01-25,-1.01457157015177,-1.18634895564996,-0.708742794038946,-1.62961411536902,-0.385819122149773,-1.69851290769698,-1.00441966732199
2023-01-26,-1.53428539726358,-1.54196269144734,-1.18600510300402,-1.93452538314876,-0.895603324539348,-1.49350425710229,-1.17586454288294
2023-01-27,-1.63504619411113,-1.27803108260498,-1.09529939143738,-1.34493720168282,-1.40704680408547,-1.66952654350431,-1.94111744927494
2023-01-30,-1.24780041581324,-1.35419562427676,-1.45244145473308,-1.81926930045352,-0.790616600515019,-1.52935060104336,-1.42035782137644
2023-01-31,-1.38813129191122,-1.45091774331692,-1.55786742914001,-1.10779716727117,-1.02879401056784,-1.79968680104475,-0.36222751315534
2023-02-01,-1.13814920584203,-1.45317970956014,-1.20837691043418,-1.16868582503481,-0.466896013408867,-0.803925819671751,-0.946521963786404
2023-02-02,-0.485080230045947,-0.876831462093668,-0.555050728294704,-0.179845596198699,-0.231131910382164,-0.514623064204694,-0.432721447236325
2023-02-03,-1.2002103301512,-0.972702865005841,-1.27706948894608,-1.3163632736595,-1.0941203867891,-1.25167746119531,-0.862238288899693
2023-02-06,-1.19288343980356,-1.41998015107633,-1.18138171682408,-2.0613440585675,-0.823128488396194,-1.32809431784809,-1.56921969628759
2023-02-07,-0.98595614765187,-1.46135627415925,-1.17389765645967,-1.52720573933659,-1.34944823489367,-1.26570571937587,-0.969411773761414
2023-02-08,-0.455643620456541,-0.91221938246756,-1.32562492827452,-1.10603239405415,-1.14038035434535,-1.32569287216517,-0.683034606325862
2023-02-09,-1.06904335054366,-0.835371516805469,-1.30923311639149,-1.18992201727319,-0.484918787471035,-0.985456147072741,-0.647235052277482
2023-02-10,-1.44034506885875,0.358699859336542,-0.943295103493438,-1.11990066386414,-0.644299837620701,-1.84258161546071,-0.953120179050892
2023-02-13,-1.54779788432116,-1.12600309842302,-1.08150270409627,-1.55659429031138,-0.183746517833416,-1.62137140279335,-1.5012263488633
2023-02-14,-1.68182477977053,-1.39701171416997,-0.309354080125593,-0.874383343066655,-0.716316618872137,-1.29986005792646,-1.45984127684978
2023-02-15,-1.0411615660658,-1.00128346500562,-1.2166615536775,-1.04756809538766,-0.51787149216321,-1.54652019167866,-1.45291173912458
2023-02-16,-1.36198082000041,-1.02641535408467,-1.27384452772239,-1.06993225251452,-0.801188619137712,-1.31709055695084,-1.67749326365343
2023-02-17,-1.68878303115196,-1.33837523307239,-1.27978938744476,-1.13653727362438,-0.973265707151869,-1.62986868910497,-1.39022412409263
2023-02-22,-1.01433339334935,-1.04133282440893,-2.01350438925223,-0.594944716035353,-0.708156114121931,-2.34309327913455,-2.16603198159673
2023-02-23,-1.00031590058877,-1.40343004162606,-1.36346986343354,-0.957056422492174,-0.83185769562268,-1.55100623558636,-1.42789353404664
2023-02-24,-1.36467431679205,-1.25482757313495,-1.33883799605346,-1.47364260177874,-1.52580235658883,-1.2346083988013,-1.80533721566327
2023-02-27,-1.97718543942788,-1.39436078798528,-1.43516709466993,-1.01393566829827,-1.18840706784405,-1.78652068122218,-1.36983620429119
2023-02-28,-1.20904411348314,-1.13303198195909,-1.32302406941195,-1.48256872490523,-1.42599374213161,-0.314813505786771,-1.06193983711972
2023-03-01,-0.712644220679651,-0.903769928241266,-0.801215113545735,-1.05900267662537,-0.373357716152593,-1.04227530842899,-1.20375304904795
2023-03-02,-0.856901240861395,-1.26973709255305,-1.61526730499535,-1.23434437582972,-0.888327377803794,-1.00730025844056,-1.09406787912154
2023-03-03,-1.37447986216675,-1.59883079868748,-1.16073164505726,-2.03578315826012,-1.33620612022802,-1.49570767988129,-2.17550669019422
2023-03-06,-0.850793184397497,-1.1672999087552,-1.42564159356831,-1.2934028446019,-0.703498494107136,-1.64506478205155,-1.42225391281966
2023-03-07,-1.03724052865357,-1.44818148114407,-1.02680222969772,-1.54491643129162,-1.12102285131902,-1.59158816953241,-1.42946833388595
2023-03-08,-1.31884736789867,-1.33581513304618,-1.48793759169961,-1.22682426513363,-1.06483079997583,-2.26402965679684,-1.26247078901007
2023-03-09,-1.76172671357927,-1.42478491806728,-1.5562520350542,-1.70832580846284,-0.66667152977745,-1.28956645064315,-1.13212711584498
2023-03-10,-1.32796374670237,-1.11553863766918,-1.31830671119579,-1.54576078685005,-1.35555720388559,-1.3798677360703,-0.593383500242296
2023-03-13,-1.06034089505755,-1.23586761449021,-1.36903766391738,-1.44106174941257,-0.868315241715749,-1.07001114018576,-1.10375677671488
2023-03-14,-1.29787617341988,-1.05325246081307,-1.39376338496322,-1.49852635105338,-1.19355288304993,-1.44341799119997,-1.27978904749785
2023-03-15,-0.880929257942869,-0.68154908344803,-0.997508940222295,-1.14704544867229,-0.45199380095046,-0.813005242938304,-0.99395416939309
2023-03-16,-1.42370428222106,-1.11098798161212,-1.37827425596316,-0.802013285401789,-0.968675681306179,-1.60553127219825,-1.02254982397107
2023-03-17,-1.87368981375695,-1.51220350766454,-1.16703353406994,-1.64745019852528,-1.0673856477545,-2.39655472009968,-1.30507315845559
2023-03-20,-1.06159247250301,-1.0437595289738,-0.858699268725016,-1.32825538983239,-0.829146046032196,-1.24467097176789,-1.41240985704755
2023-03-21,-1.25121870467956,-1.27299416446606,-1.7557385090232,-0.901723685792055,-1.06276037626328,-1.88127287302229,-0.934103310199667
2023-03-22,-1.28807674111468,-1.5175688706214,-1.2387348364307,-1.18297230172492,-0.911623140179068,-1.05247849968379,-1.33706322118176
2023-03-23,-0.526707557586935,-0.873398412201923,-0.966962789389664,-0.979297597952622,-0.421618092863368,-0.854575597415144,-0.896655177783388
2023-03-24,-0.930123464240732,-0.815714924276599,-1.35718723844904,-1.3784565711833,-0.808699016601562,-1.37912247195656,-1.2415478768361
2023-03-27,-1.33298129778785,-1.25387925655775,-1.40233644852039,-1.2485977926334,-0.831474821473679,-1.70882325484473,-1.50853899109742
2023-03-28,-1.62955841194944,-1.40272492277048,-1.87081680476372,-1.41982292482849,-0.747356688122685,-1.83611583789772,-1.56045879477764
2023-03-29,-1.53423826428439,-0.842500011774832,-1.42172986987551,-1.27046712867501,-0.593033875091297,-1.18445231867262,-1.23168926782347
2023-03-30,-1.10851360223914,-1.05591602750941,-1.00952826603389,-0.944264518108844,-0.338338716326951,-1.58797962306395,-1.26504835860676
2023-03-31,-1.25244994145033,-1.15979054356275,-1.25696122719324,-1.48673195849127,-0.888515774758949,-1.80417926454291,-0.902356907066809
2023-04-03,-1.20657702675945,-1.41685990340291,-1.24174943120937,-1.9148669724328,-1.46209977262862,-2.29506755126788,-1.89576461229623
2023-04-04,-1.43762924767714,-1.39817534276722,-1.55824944573945,-1.98837555318175,-0.883657409743155,-1.18798392672671,-1.59552406097877
2023-04-05,-1.23448665205635,-1.31648864281217,-1.43764779864217,-1.7138926656071,-0.824022438719652,-1.52611495936667,-1.11930658370124
2023-04-06,-1.61934393801643,-1.36176181162613,-2.0211350006093,-1.80923982343715,-1.08690779127265,-1.65406837726075,-1.59094836365062
2023-04-10,-1.68380592736331,-1.76720537682325,-1.42313039415688,-1.75461071670966,-1.22590062696934,-1.71433639214359,-2.12490717018928
2023-04-11,-0.877007590291125,-0.986621729135773,-1.58875955658169,-1.7490189773286,-0.640749295173195,-1.66868659268683,-1.21351422257539
2023-04-12,-1.18257226887331,-0.903283821446236,-0.671689677022988,-1.31713757077456,-0.566176975178917,-1.03181923958396,-1.45018872691524
2023-04-13,-1.56733597633589,-1.31670190820868,-1.25450302042736,-1.17043737027396,-0.98810607176627,-1.67521796317194,-1.71099821837505
2023-04-14,-1.46642299740461,-1.2435538744725,-1.19563437892964,-1.03469060136346,-1.23443330800892,-1.20429984365619,-1.55916940230543
2023-04-17,-1.49705255196838,-1.50850135192071,-1.66730362529512,-1.15642846987525,-1.46233302279891,-1.74981678892543,-1.19711333465598
2023-04-18,-1.41631367839445,-1.18857866341022,-1.59060098909093,-0.982627593855722,-1.44020878779332,-1.54131810208492,-1.64601902966818
2023-04-19,-1.75668795141022,-1.50445497891226,-1.70248344001125,-1.58219112568743,-1.25405190161687,-2.00165100954754,-1.9628245399561
2023-04-20,-1.56095029338704,-1.01226882264577,-1.62354115373441,-1.69650205380494,-1.32114314888457,-1.45831214254979,-1.6518068841491
2023-04-24,-1.40238503355601,-1.29125678783299,-1.32824982931861,-1.63198024876673,-1.45834700059041,-1.46446870921376,-1.39896534904391
2023-04-25,-1.66964803412006,-1.65921482500925,-1.5143531968875,-0.850437449873747,-0.801434650417667,-1.82638326899278,-1.94925434412326
2023-04-26,-1.9185898554979,-1.24292794926103,-1.88372219950884,-1.41868713092909,-0.914871198016898,-1.74229975121121,-1.40559161992415
2023-04-27,-3.15025848545923,-1.61851542548903,-1.62309578067134,-2.046654466703,-1.27198633733796,-2.4415080022536,-1.40810055937588
2023-04-28,-1.30865032411309,-1.16602248191116,-1.29194597235211,-1.23116662648401,-1.08252057728376,-1.42030121218684,-1.93241566524063
2023-05-02,-1.04532264671493,-0.987169794795163,-1.9765121745249,-1.06939789711271,-1.38149380811025,-1.66509979713403,-0.605853789836983
2023-05-03,-1.60313181201575,-0.978602924695361,-1.92447263527449,-1.60423168840231,-1.48496282700922,-1.0776590555374,-0.82648818346903
2023-05-04,-0.995728321662082,-1.2459830687289,-1.31787266012523,-1.18445117877965,-0.901098832613769,-1.20394327816494,-0.620395998785768
2023-05-05,-0.919560772411022,-0.505966368190877,-2.3460548016836,-0.856341747259406,-0.758758490594459,-1.46310572725225,-1.15283967779565
2023-05-08,-0.76888298306981,-1.34450102648113,-1.55816037117557,-1.57615644967636,-0.754805976795972,-1.28425143134432,-2.11483361182165
2023-05-09,-1.4256546931281,-0.714289648326066,-1.61550949763285,-1.15370724980563,-0.597879972241023,-1.25226144669309,-2.15346932856018
2023-05-10,-1.35513199878374,-1.64021174581164,-1.42940756152916,-1.32690932301785,-1.35133543562799,-1.28345749854649,-1.66716900415772
2023-05-11,-1.31878878258819,-1.37437386260306,-1.16618436619542,-1.35717351146665,-1.03277451172188,-1.10616450712067,-1.46199760632419
2023-05-12,-1.36005517981709,-1.55762929249471,-1.40812511916226,-1.33953279994006,-1.06378707262462,-0.270319300850614,-1.38138696389618
2023-05-15,-1.74687972541533,-1.4335431720337,-1.48227431833774,-1.38283747952022,-1.18912868365201,-1.29615794644815,-1.51649267744635
2023-05-16,-1.53878728585994,-1.35922801970456,-1.11510737721691,-1.12756675268405,-1.13092402718755,-1.43547940823276,-2.20844685712915
2023-05-17,-1.51298280997848,-1.51058097067493,-1.37783696341384,-1.8355403476047,-1.14051093677995,-1.85378016358109,-2.36801899414638
2023-05-18,-1.57970386006157,-1.8236331972267,-1.90340837459993,-1.39215782673617,-1.0866468586924,-2.0358782334553,-2.57714494603744
2023-05-19,-1.48564569282287,-1.11504532393058,-1.40584665875826,-1.94129270670703,-0.930166427836912,-1.66118773880527,-1.54020449464285
2023-05-22,-1.22795344445958,-1.20515066532154,-1.23389123567837,-1.48237591032701,-0.921147043092334,-1.11116320172401,-2.64357594961253
2023-05-23,-1.15375332347044,-0.736967682659221,-1.56977992642675,-1.57943441198893,-1.14226936340419,-1.31097624951496,-0.904411380649191
2023-05-24,-1.50117051393537,-1.26958909734398,-1.596551501493,-1.59988977642111,-1.39384202832433,-1.61661509863488,-1.12258799189329
2023-05-25,-1.02774662670285,-1.05329147197187,-1.4696081588199,-0.999945845787603,-0.804447674157332,-1.30010807172701,-0.456649367754335
2023-05-26,-0.959563394964742,-0.886307777436811,-1.22430305074797,-1.12857413225037,-0.383631254090471,-1.41370546366907,-1.17172033525188
2023-05-29,-1.81913663978561,-1.9308270929258,-1.83987946073096,-1.39467358300236,-1.36239085976956,-1.61374178017459,-1.76951464230283
2023-05-30,-0.995614093884345,-1.33610821796476,-1.34951599286289,-1.48500282312497,-0.622893882813848,-1.61239563015562,-1.65882703790288
2023-05-31,-1.94586114808122,-1.44625916177645,-1.77061791132949,-1.74806767864879,-1.22831196603946,-1.23188644896896,-1.72268488337884
2023-06-01,-1.37426703758562,-1.2195796288166,-1.55387227389607,-1.42976348657446,-1.09576156033476,-2.31660223537041,-1.29259846862125
2023-06-02,-1.47422634500862,-1.41879349992203,-1.05765878647026,-1.56519270169769,-0.766676514260425,-1.46067688521824,-1.46911038119475
2023-06-05,-1.58020782190829,-1.04439672411039,-1.24941464452062,-1.4580605311358,-1.13209938679453,-1.24726627875516,-1.14219591863226
2023-06-06,-1.80504302671026,-2.03786651274115,-1.20678061354161,-2.82024354320303,-1.53191990338181,-1.43709564682671,-1.28954062301699
2023-06-07,-1.57930266508973,-1.38782943352781,-2.23298377305958,-1.35532000034259,-1.33037776890011,-1.99548800589156,-1.5958949546272
2023-06-09,-1.54978392224245,-1.74758983439425,-2.56997669919718,-1.28971586383277,-1.2488442484563,-1.74969380675217,-0.892996931746523
2023-06-12,-1.63145994366255,-1.56474059063845,-1.29540211246096,-1.74264544686956,-1.84404478346642,-1.20951567945249,-1.08236483862589
2023-06-13,-1.88542686098833,-1.61839531246113,-1.52161126767066,-1.31352890285968,-1.42516778408457,-0.830072598297,-1.89423655004784
2023-06-14,-1.63739612033304,-1.26792251793108,-1.37860447939588,-0.961901849328703,-0.845449725385619,-1.16317926988281,-0.918681486475851
2023-06-15,-2.21819992927558,-1.75696046854696,-1.28716460561332,-1.22440048281656,-1.43195185678639,-1.07606443783998,-0.456114694471799
2023-06-16,-1.47989750290118,-1.81490493833633,-2.01942178812984,-1.58140989849932,-1.37608855939394,-1.22079501652468,-1.30296746596331
2023-06-19,-2.03679707575104,-2.05906180803108,-2.27433765150148,-1.97037910352108,-1.53840002741358,-1.1073881296243,-1.40112918158566
2023-06-20,-1.44151916211207,-1.77581481401057,-2.01497572920433,-1.55624055929798,-1.20181772505512,-1.63628367035244,-1.23419160958131
2023-06-21,-1.90476723093766,-1.42519654777461,-2.10307693186208,-1.56854767537219,-1.37994575286902,-2.44066233553964,-1.85965779070702
2023-06-22,-1.64732977222649,-1.27357432272307,-1.39266148286816,-2.24287110219556,-0.789044136995375,-1.20243513028101,-0.735307510837705
2023-06-23,-1.86300967967019,-1.44446653644884,-1.82078907105123,-1.5999673071763,-1.32701528685595,-1.7194270954438,-1.8790216005559
2023-06-26,-1.58381512007986,-1.17560974224264,-1.57448967452828,-1.36881243309945,-0.92793713073834,-1.36534205868996,-1.05312461801503
2023-06-27,-1.16068466670444,-0.763827784439336,-1.25553969972642,-1.49348415721122,-0.77037543179074,-0.99908570205034,-0.649677404109517
2023-06-28,-1.97572241598816,-1.57781695816685,-1.6237613276662,-2.17301987597735,-1.04595683902301,-1.86599221137323,-1.42369261730774
2023-06-29,-2.31426135879671,-1.67832401455495,-1.6249517219031,-1.58619616768763,-1.13467665308463,-1.66339839024794,-1.34826675560996
2023-06-30,-1.44033241864456,-1.31544887171799,-0.98585735055488,-1.52929078168184,-0.856985101894753,-1.17168129529982,-1.45625011799957
2023-07-03,-1.53554425072758,-1.5133364758339,-2.05208878549843,-0.865024627463403,-1.53897827772286,-1.46587014358794,-0.81931217802518
2023-07-04,-2.08615479001592,-2.17065158711938,-2.07391076285659,-1.86935002758726,-1.59630430438518,-1.62334216489825,-1.73084897246456
2023-07-05,-1.7171756253798,-1.68967392609866,-1.91676399741026,-1.92738522173387,-0.803328971632706,-2.05490837984774,-1.36391113618349
2023-07-06,-1.96682271538102,-1.42182678195857,-1.58411481682154,-1.81145203735332,-0.982859849171799,-1.94566206411783,-0.903359965184877
2023-07-07,-1.19329885718417,-1.49912035948381,-1.53185097891186,-1.24316757569499,-0.932040737607457,-1.33381987155671,-1.91954093293409
2023-07-10,-1.73442435574537,-1.8166701766996,-1.64107718265667,-1.77804555689959,-1.51943013563032,-1.9519413562541,-1.77645546062893
2023-07-11,-1.21546138222043,-0.906080394275972,-1.42957290182054,-1.29560271499231,-0.748756459584128,-1.06999652212189,-1.15676710228349
2023-07-12,-1.83663326013749,-1.82534125970824,-1.30730287744032,-1.27733578848833,-1.14665676388546,-2.41436311969222,-1.7126514458166
2023-07-13,-1.54367632868475,-1.16298425164591,-1.56867792420145,-1.33613602471263,-3.05941602585129,-2.12432302702049,-1.93731609497215
2023-07-14,-1.58564348063356,-1.52282762654336,-1.15058677723611,-1.92774041623085,-0.957401898722504,-1.39720297630493,-2.25108146616722
2023-07-17,-2.08344169470447,-1.58669551416525,-1.76662916496055,-1.49388384462469,-1.45951950194088,-0.953194051978938,-1.57620010550174
2023-07-18,-1.57142730765791,-1.67075213867812,-1.98078584116213,-1.58898866944606,-1.40400510572147,-1.73514788646261,-1.38915256424489
2023-07-19,-1.76680689905864,-1.56212723600127,-2.09894816789436,-2.671522016897,-1.451876781159,-1.61374083088092,-1.36526049385904
2023-07-20,-1.10181029412064,-1.4687429557045,-2.0353304996164,-1.57958221798487,-1.17254807105475,-1.72865033306786,-1.66415692149275
2023-07-21,-2.19774586653545,-2.5632510783604,-1.72471611422557,-1.70862995143531,-1.11294823146196,-1.68519326170336,-1.63365075643227
2023-07-24,-1.182486750835,-1.09415854847714,-0.988034357739111,-1.49611673264235,-1.29583858760461,-1.4880713620797,-2.1046843814278
2023-07-25,-1.1230146123719,-1.18663477930288,-1.45568939325109,-1.15215364361292,-1.07977406944161,-1.0864781832571,-1.43328199295708
2023-07-26,-1.64471895745069,-1.57614960105407,-1.766061837687,-1.15570137846851,-1.33890333503961,-1.94459345670348,-1.85237640977184
2023-07-27,-2.5214967477706,-1.5576048819991,-2.08111266312131,-1.17844300807041,-1.1662619054678,-1.52603963569514,-1.58072213315014
2023-07-28,-1.82168719874479,-1.60789941927541,-1.55458511480343,-1.38369946616101,-1.34571896743492,-2.04938355272962,-2.12653737000769
2023-07-31,-1.61454580648734,-1.77366204461908,-1.73527842802449,-1.80678187245801,-1.88318785969466,-1.63966049113849,-1.77325197335174
2023-08-01,-1.66574993457678,-1.57998518172365,-1.38665328050958,-1.73729213608069,-1.10669961827655,-0.871899933920956,-1.3053133049151
2023-08-02,-1.62079707757823,-1.30216144767683,-1.95145335269057,-1.89802477288851,-0.946487307772563,-1.75930652487964,-1.52144775414666
2023-08-03,-1.15284672020286,-1.06127306519676,-1.68646873209802,-1.57996805343554,-0.859886314219994,-1.44106747737344,-0.802482151084381
2023-08-04,-1.25182293021926,-0.193661993161518,-1.50992849046327,-1.88873566759941,-1.10830080591744,-1.1207467228575,-1.34701304423971
2023-08-07,-1.29883306727279,-1.07543477662377,-1.60607608026454,-2.00449757749237,-1.63217995070611,-1.66903783975673,-1.289578121027
2023-08-08,-0.920513805253206,-1.22583230539193,-1.31988333218216,-1.77130746298103,-0.250207929370604,-1.02204396401857,-1.22421804394508
2023-08-09,-1.05537369588338,-1.27928275115586,-1.96460538703626,-1.39866339690945,-0.852498800277679,-1.67988707753654,-1.59952913024738
2023-08-10,-1.56613899217639,-1.49943581826617,-1.70063118142187,-1.50456195807329,-1.0569661329656,-1.48637479837869,-1.79966571833686
2023-08-11,-1.96579370177183,-1.64145472979591,-1.91662103692021,-1.60724567263847,-1.61148375967082,-2.34265897999448,-1.373248901478
2023-08-14,-1.6967562652168,-1.85424210312388,-2.26131109851031,-2.11862010031748,-0.802619305157885,-1.58522007138677,-0.504782339790507
2023-08-15,-1.61788038052831,-1.55609952186397,-1.97368797976259,-2.13694941361666,-1.55299907956289,-0.59682030570954,-1.05558346857104
2023-08-16,-1.30336539467932,-1.37338687878962,-1.41330111591466,-1.89835711187664,-0.911956826231483,-0.859789870982554,-1.24768733988975
2023-08-17,-1.79967268251206,-1.38461320775467,-1.72959028157828,-2.01710158690434,-1.18646722066191,-2.32372097940089,-1.75016609521136
2023-08-18,-1.39716667278351,-1.86489615775198,-1.71394615387986,-1.77531888737154,-1.08521645869776,-1.06736077790611,-1.19444071863445
2023-08-21,-1.79850936712683,-1.85137270332461,-1.73633788338043,-2.10962667632312,-1.12745800768743,-1.06817179843893,-0.997838297754872
2023-08-22,-1.83382477745709,-1.89015666049551,-1.60274186183024,-2.20093764475955,-1.34233810169981,-1.4676336869958,-1.41540893302914
2023-08-23,-1.56749583353012,-1.64229736503826,-1.57170155500736,-1.85728762115302,-1.11990375076487,-1.49556133474541,-1.92561121139359
2023-08-24,-1.87799690397575,-1.68329977776333,-1.96725726754072,-1.8792828581722,-1.51756024638131,-1.58889580783394,-1.28485311379997
2023-08-25,-1.53377168013539,-1.54184678468666,-1.26396631004576,-1.50163256875008,-0.841992880275439,-1.13103081124311,-1.81137096412147
2023-08-28,-0.988103798250578,-1.09869024865784,-1.33293402067222,-1.27951920333497,-1.12297999580003,-1.44982935954883,-1.74467416449844
2023-08-29,-1.15746586321222,-1.16669603798514,-1.38151731653905,-1.23083889606265,-1.17784386450598,-2.06719022601355,-1.21859066679338
2023-08-30,-1.70197555651633,-1.8179099660781,-1.80387989809967,-1.74840716122481,-1.4342459981702,-0.845383304878663,-1.60909803662121
2023-08-31,-1.58236348257065,-1.71903924886479,-2.19477527176913,-1.58737102396849,-1.21198818891136,-1.64960283597455,-0.98109478925815
2023-09-01,-1.4469258311462,-1.59386461090819,-2.01869661501867,-1.45617966681941,-1.04244543045099,-2.03404619365,-0.80245166414779
2023-09-04,-1.77220322358726,-1.75078853154385,-2.15066180718472,-1.74473024133776,-1.05897140282157,-1.28522850548225,-1.46642448293759
2023-09-05,-2.02210404549701,-2.69658759746167,-1.61751868620165,-1.63018104753828,-1.05889191057439,-1.3273803128218,-1.52629770084951
2023-09-06,-1.61640630400434,-2.11752687487371,-1.96712567616059,-1.75910787469683,-1.19907355004032,-0.684707373212585,-1.31425619386542
2023-09-08,-1.35202031277849,-1.08396442640547,-1.75757716531918,-2.09426957368283,-1.64519275248465,-1.2846249282304,-2.11980777742461
2023-09-11,-1.5368721386351,-1.29978806166324,-1.54787141856743,-2.03618748193041,-1.12124616451939,-1.11037162056741,-1.33520630246757
2023-09-12,-1.89983646570458,-1.8980447921248,-1.95224335732624,-1.4396133217646,-1.50030751389566,-1.21336226191837,-2.01076304219169
2023-09-13,-1.48603899059725,-1.65345159139878,-1.57723898080769,-1.82951433332704,-1.02310139361475,-1.16921440925993,-1.6649586001158
2023-09-14,-1.64016220233186,-1.82999432155183,-1.63566034033344,-2.03728760406109,-0.81425680249858,-0.939288159331645,-1.09508976698545
2023-09-15,-1.41733385018649,-1.79244456184197,-1.95254652018653,-2.56174006420205,-2.03350294052869,-1.30554657607711,-1.29281161167618
2023-09-18,-1.74594208067997,-1.5619863616117,-1.6057693117872,-1.50404174910032,-1.30250032187142,-1.86227508918744,-1.23967257790684
2023-09-19,-1.9577685378397,-1.77540134983401,-1.76001950489202,-1.76621984664039,-1.12361964055541,-1.55280561998571,-1.52107331666422
2023-09-20,-1.49056094710205,-1.59135276533664,-1.4166244465234,-1.19311335274835,-1.58100735354089,-1.0955661658951,-1.95502506087648
2023-09-21,-1.48186436957708,-1.05768564360271,-1.66150509841443,-1.68843192852696,-0.703333604771402,-1.17146170744989,-1.40177841046351
2023-09-22,-1.99525179838208,-1.86552990794239,-1.88835709573045,-1.632793621305,-1.33077514215362,-0.921867655837849,-1.08818098258975
2023-09-25,-2.04602555283865,-1.84008045781915,-1.9598433767078,-1.69035555575938,-1.54258095484393,-1.35136135706434,-1.07057377520515
2023-09-26,-2.4631086383436,-2.20592989546085,-1.62399681283814,-2.23809864534951,-1.89388401761479,-1.6018742865811,-1.019218908812
2023-09-27,-1.40255866726322,-0.980107026797196,-1.35009063773283,-1.68294409148422,-0.598045276384717,-1.37000217300763,-0.949257230272424
2023-09-28,-1.40137194057195,-1.63925389735387,-1.62293263084167,-2.01268821525314,-1.02840387618061,-1.96224779974017,-1.26289802902967
2023-09-29,-1.40229601468438,-1.49149195792354,-2.09913308829151,-1.69808360081784,-1.32693540791188,-1.01769171601503,-1.30171988970304
2023-10-02,-1.76951679320941,-1.52785560792736,-2.26731015496673,-1.8990703883497,-1.08215650583089,-1.44362922494273,-1.02182595847438
2023-10-03,-1.93756248913206,-1.89702867182131,-2.11127108309522,-1.96785540727351,-1.14654675066582,-1.19017776681109,-1.08163408845714
2023-10-04,-1.53970241731398,-1.28877747135606,-1.52251498733492,-1.67108458101191,-1.31565922701326,-1.32226248613505,-0.844614593706536
2023-10-05,-1.40378170240486,-0.874690702531421,-1.08426934494131,-1.32087083571576,-1.37074098872381,-0.90874122952267,-0.825990453486055
2023-10-06,-0.886599598449199,-0.93183688169124,-0.953713870756544,-1.39040591505862,-0.438159589305489,-0.913323119819319,-0.767983905547365
2023-10-09,-1.55067698302885,-1.59276090762139,-1.67934304049174,-1.68647235099958,-1.23014633191855,-1.20424715464822,-1.21321470223277
2023-10-10,-1.43374709660181,-1.60996566092896,-1.71209455737974,-1.60156952378221,-1.37667183457694,-1.26427917587197,-1.64881975701067
2023-10-11,-1.91980516805782,-1.57422074231763,-2.19387087908879,-1.48614194726186,-1.10201088987774,-1.20047449507535,-2.01186370924083
2023-10-13,-1.73109990305209,-1.67743138547482,-1.90391223407968,-1.94135381883931,-1.10063940972752,-1.74336427143,-1.38134181827531
2023-10-16,-1.76690596606756,-1.54970104897401,-1.46178876309914,-2.10183232744156,-1.79826305832106,-1.72377619686095,-1.31249411005111
2023-10-17,-1.80161502802981,-1.41946844791177,-1.29854286911922,-1.49158721026921,-0.90570918497205,-0.920269560993954,-2.12419090322214
2023-10-18,-1.23416494363331,-1.43995587048878,-1.48404850691499,-1.68465628619237,-1.02126645345623,-1.38613096385295,-1.18928938012354
2023-10-19,-1.13916070901977,-1.23576735232458,-1.31390580379422,-1.28323428261905,-0.954812518128718,-1.20905240784617,-1.19025273521851
2023-10-20,-1.50404772847736,-1.51915765022891,-1.2603805890826,-1.52889915853471,-1.13570591490326,-1.30889348620012,-1.1716937339068
2023-10-23,-1.48872479599611,-1.91832404740035,-1.51464541643138,-1.14090644006834,-0.791178571589124,-1.58793775580195,-1.27867323229973
2023-10-24,-1.36137143455521,-1.14394765030644,-1.4004678734776,-1.15644308998071,-1.21770654475943,-2.00299069715715,-1.26475669274333
2023-10-25,-0.781577588419047,-0.710828394784016,-1.64109613940577,-0.471398384438838,-1.19609215357249,-1.49214515935606,-1.06944153415983
2023-10-26,-1.45586953691404,-1.49816107047484,-1.66877112089453,-0.892914583462765,-0.865097514110474,-0.852436130728194,-1.17856534612419
2023-10-27,-1.59282479460967,-1.23303301672545,-1.38707686585511,-1.84582997973308,-0.799843880505499,-1.31353178163379,-1.15910155327603
2023-10-30,-1.79640605936326,-1.38615614150335,-1.58672533801842,-1.75200044366612,-1.04158641977036,-1.17413328584489,-1.50625951306945
2023-10-31,-1.66274996619188,-2.1987475827615,-1.38056866761765,-1.85519845314517,-1.26431652893549,-1.25417904783186,-1.41974558319051
2023-11-01,-1.72458935713068,-1.84155461071141,-1.87484739245156,-1.54969422720911,-1.52485311656425,-1.61632617672836,-1.80061016801129
2023-11-03,-0.934154575878112,-0.634774444363197,-1.15122366824858,-1.01540354626229,-0.554797469549738,-0.872417409115194,-1.19613905863604
2023-11-06,-1.88199555272416,-1.40796119135289,-1.86945054175315,-1.75599824006462,-1.07179663531489,-0.838211770886282,-1.64616367466619
2023-11-07,-0.990993136797037,-1.14174790964312,-1.60415201615675,-1.9461385186369,-1.24442201221479,-1.42888601730306,-1.38051165397449
2023-11-08,-1.66519890157458,-1.51919965001964,-2.38516508016226,-1.98719424002721,-0.892023305861852,-1.44006887299106,-1.22803272406966
2023-11-09,-1.37253358809645,-0.976890413817259,-0.91458542081383,-1.44743654546228,-1.49525812570653,-0.933967417579184,-0.859150734754234
2023-11-10,-1.41067761482234,-0.666930560129138,-1.59890802675126,-0.998173919328419,-1.29862195982228,-1.93450625112012,-1.81421755180215
2023-11-13,-1.84404348248267,-1.18184024400053,-2.19003921456799,-1.51720286384083,-1.73017677447803,-1.41946151476465,-1.12921357607319
2023-11-14,-1.50626410874771,-1.47574379222041,-1.43157420724773,-0.862809680577727,-0.839287483784851,0.0595405796473061,-1.4642257878098
2023-11-16,-1.25488908596836,-1.85462539272596,-1.90482715810968,-0.926041667805449,-1.12537117311591,-2.24682504807359,-1.20481961112639
2023-11-17,-1.80675217854573,-1.86576105575635,-1.89462180731294,-1.86067015507469,-1.42382468564568,-1.26954920256452,-1.32348125608832
2023-11-20,-1.62193855333471,-1.75409276366957,-1.3949530501606,-1.40590827820929,-1.26653524118278,-1.24227420155687,-1.2522841929331
2023-11-21,-1.98736353644123,-1.90015227214454,-2.12767737005653,-1.5417106075029,-1.20540899191144,-1.34353271995142,-1.76056555169944
2023-11-22,-1.56104165180916,-1.16463097509321,-1.62929366380802,-1.49776033807449,-1.13201597678541,-1.27627719281602,-0.982825972127675
2023-11-23,-1.60987276278481,-0.302309468743553,-1.74797355027346,-1.74399189793775,-1.0512931469167,-1.16217763830075,-1.57153420241945
2023-11-24,-1.63904694690134,-1.78598484447611,-2.06484601513914,-2.06477698774509,-1.79490516282011,-1.42798260668543,-1.77136225167102
2023-11-27,-1.82212051367178,-1.75125645588051,-2.06456718622915,-1.59092512680637,-0.999170751895841,-1.54561190123236,-1.59126951233893
2023-11-28,-1.74231464951328,-1.56421328300556,-2.19273842818318,-1.51553848233461,-1.5683009458569,-1.50945926747606,-1.87551487923
2023-11-29,-1.39399272444072,-1.34897820762321,-1.88146635994525,-1.7791565188133,-1.7460701217005,-1.07261199641503,-1.72028590035288
2023-11-30,-1.90410281369652,-2.15748111646784,-2.07634241945758,-1.6138836128573,-1.12947090147208,-1.56967618600587,-1.76475620407025
2023-12-01,-1.54027123927161,-1.56364497615986,-1.65180005663879,-1.84225921816146,-1.0717614500075,-1.21961102705887,-1.47245121286607
2023-12-04,-1.72622154594597,-1.54032818483028,-1.68536912144004,-1.65040454331367,-1.74969838609377,-1.47086545251418,-1.21622347303866
2023-12-05,-1.94847686158445,-1.69232169358682,-2.13187012040054,-1.52902705050216,-1.36059324087774,-1.29298002804518,-1.93698991662448
2023-12-06,-1.5669533897944,-1.70895592478115,-1.73881494132774,-2.17217071031599,-1.34809322958898,-2.14074381545705,-1.99517097039398
2023-12-07,-1.7019490285493,-1.73612464819646,-3.22938795214785,-2.03119288452016,-0.997830025143101,-1.7103899732991,-1.85435005539212
2023-12-08,-1.75690857699959,-1.13905526879083,-1.83533665359588,-1.72373146641981,-1.42829081174458,-1.43227924412416,-1.47639918808183
2023-12-11,-1.8668638392112,-1.68966339003891,-2.00939672990454,-2.21940686624264,-1.56616242581474,-0.722916687046711,-2.31219439001506
2023-12-12,-1.64805645913837,-1.23585899438158,-1.98189577056956,-1.68420087496517,-1.59030226256104,-1.49832697487037,-2.71202636322434
2023-12-13,-1.53962161962647,-1.46615194488312,-1.04831764840104,-1.56260510181337,-0.918923127704612,-1.4572329203437,-1.75673320788699
2023-12-14,-1.47381398351536,-1.4755643764539,-1.07126437040682,-1.13159431645427,-1.14586862407504,-2.37450437835425,-1.68284361411052
2023-12-15,-1.31146182896614,-1.91135753861571,-1.33928298563335,-1.89674240147355,-0.895548717699653,-1.15651942628285,-2.11970517254572
2023-12-18,-2.03407513908639,-1.26803686589737,-1.71804114273863,-1.46471700947147,-1.29203077939242,-1.30589129167525,-0.949417856518908
2023-12-19,-1.60023434026385,-1.49430534801055,-2.0934805433346,-1.08774118680626,-1.35647313226767,-0.463709176977526,-1.75177710367157
2023-12-20,-1.80918957428851,-2.39852689298562,-1.95384279935565,-1.55902483147775,-1.41421641356045,-1.45504964368384,-10.6563803955897
2023-12-21,-1.92592529656244,-1.41192980133754,-1.4006226346646,-1.53548773999346,-1.03700168490281,-1.70571783289786,-1.66485419435525
2023-12-22,-1.60681185878716,-1.2570320071219,-1.97645994012428,-1.39521217549851,-1.19804485028868,-1.74564005241201,-1.66752823984845
2023-12-26,-1.82504696617878,-2.51403736368377,-2.38530307336056,-2.13324233488883,-1.69143575484841,-1.9091055856272,-1.05849217112286
2023-12-27,-2.39274066470139,-1.62256656220204,-2.39028638078032,-1.72952067542198,-1.40849082666258,-1.84743793419548,-1.45941661895348
2023-12-28,-2.47459888952665,-2.25753586145313,-2.30524125892728,-1.7626965049531,-1.44999481706647,-1.65697959111745,-1.67464998077046
2024-01-02,-1.58756935170893,-1.48931113293783,-1.74637679284581,-1.63596812222351,-1.29620089410792,-1.31352514515681,-1.17925227740313
2024-01-03,-1.66054593735558,-1.53714544047354,-2.14418331516057,-1.69335870557727,-1.09978706284421,-1.20023618155159,-1.08963712991911
2024-01-04,-1.75915687823169,-1.80998677265259,-2.11028573069991,-1.18905920666231,-1.12354297924602,-1.2433276897792,-1.44188360593829
2024-01-05,-2.5789053943589,-1.41569093906844,-1.69543855158463,-1.73612772217481,-1.06080016915692,-0.961606392538019,-1.27084616010924
2024-01-08,-1.93366549696438,-1.98856847969623,-1.96012897278456,-1.80773432069013,-2.87732795402375,-1.10998580717161,-1.41552416391867
2024-01-09,-1.39682409314808,-1.26086892174103,-1.84033251135601,-1.65716333331436,-1.49148837034494,-1.68762511076344,-1.05664400951597
2024-01-10,-1.91167470630125,-1.7171522052244,-1.94028210889463,-1.29429945955112,-1.44131590069176,-1.3508676644924,-1.57272522900225
2024-01-11,-1.85106470941577,-1.66630665215729,-2.26148352526457,-1.51617694586694,-1.547636186582,-1.20547133425835,-0.959578975778697
2024-01-12,-1.66339712000041,-1.54157075044213,-1.65981379515722,-1.25852950860743,-0.570306729782969,-1.65949995633451,-0.963003691957281
2024-01-15,-2.03303517330461,-1.77267449518928,-2.30693346281327,-1.45751262479297,-1.68942862230775,-1.81367630940595,-1.62551187622308
2024-01-16,-1.3633264207059,-1.82488871494485,-1.74803112798005,-1.35925575662712,-1.35195507154797,-1.42432431137584,-2.25769324281637
2024-01-17,-2.1396237218363,-1.76841216801527,-2.40117143044783,-1.91894823569043,-1.02261537610831,-1.05279191412756,-1.38569496182765
2024-01-18,-1.90690923289652,-1.25111178457184,-2.34484888277831,-2.08627586781896,-1.19767952468624,-1.12495572436381,-1.11390636338819
2024-01-19,-2.04089951646534,-1.37161649040222,-1.55786687232172,-1.50578395232055,-1.20684015974409,-1.82477739797258,-1.45877438369503
2024-01-22,-0.979261896436108,-1.21992462232064,-2.07989942033979,-1.73399171941118,-1.10579616054568,-1.39522717998974,-1.43229083677155
2024-01-23,-1.54091038308381,-1.90680992530501,-1.76383815325252,-1.50625307768447,-1.65579124953032,-1.05120820742332,-1.72833504677948
2024-01-24,-1.32154320003483,-1.59337133346514,-2.05344405305058,-1.5595837590142,-1.33329943580778,-1.3961681755391,-3.59917502880184
2024-01-25,-1.92303374233326,-2.15165651023644,-2.31057897002535,-1.83210579583409,-1.45025071891233,-1.46646847497415,-2.54352936919302
2024-01-26,-2.05673868876408,-1.69529844172196,-2.78725706190142,-1.38671754353966,-1.55393628586255,-2.00268475345995,-1.67576999871421
2024-01-29,-1.87200939706103,-2.29400946199398,-1.66789271660558,-2.22327745981029,-2.05208787742411,-1.32881959882807,-1.74415222471271
2024-01-30,-1.97127954085983,-1.78074383335178,-2.19632708057875,-1.62931508486115,-1.21797717753372,-1.74330937273348,-2.20236393879481
2024-01-31,-1.10519628717623,-1.19921614689816,-1.88325116306211,-0.839205650291374,-1.3548774982485,-1.45525424088071,-1.61931216596149
2024-02-01,-1.24918740679555,-1.32727702069052,-2.03921098075241,-1.00391328169783,-1.36910924422905,-1.26010823916564,-0.703417297922878
2024-02-02,-1.26666326892757,-1.27515728061856,-1.8084413216781,-1.23379373045214,-1.22841504626929,-1.21790010747205,-1.097126586761
2024-02-05,-2.06452973804431,-2.11510707573689,-1.77907957022559,-1.8202451744389,-0.637106915491552,-1.4173109820097,-1.57542534159486
2024-02-06,-1.04030567046357,-0.954583069338292,-2.1201109929276,-2.58955968237278,-1.3725880701168,-1.34497241453006,-0.819100198637872
2024-02-07,-1.25729295409332,0.375995466483475,-1.44165565282033,-1.5547566125285,-1.51083175717828,-1.48384302628387,-0.271969508899816
2024-02-08,-1.21703954321555,-0.640429111629697,-1.52206535333815,-1.77361751816669,-1.15894580137994,-1.25125478381382,-0.593571402628157
2024-02-09,-1.74295761873799,-0.716946357962581,-0.275487311547728,-1.91555690679372,-1.96036550811702,-0.428581605741856,-1.22424226074009
2024-02-14,-2.19641200294351,-1.30681562841581,-1.7089015583799,-1.58476686808586,-1.3740162797006,-1.44080831361851,-1.38386615436006
2024-02-15,-1.80640434473976,-1.37678941650924,-2.17421339859987,-1.72798855767794,-1.32527637399076,-1.21510521296297,-2.14810170814182
2024-02-16,-1.75417289329544,-1.39574208353036,-1.41340459152528,-1.60330960406362,-1.51818631446514,-1.16914843582276,-0.728888989895068
2024-02-19,-2.74090665592781,-1.46166706838155,-1.57850667516932,-1.34532466981005,-1.53520885414729,-1.36417011950565,-1.34577864569306
2024-02-20,-1.4319653734765,-1.44153518270737,-1.49049641933483,-1.29457258245608,-1.3182783748838,-1.86471957106401,-1.35258522413403
2024-02-21,-2.18556553226495,-1.5771725759149,-2.30196619690004,-1.59421448602313,-1.25543795302895,-2.10965619282606,-1.13456471404927
2024-02-22,-1.77399488739596,-1.77048416806111,-2.11880595555492,-1.95236595128565,-2.17145226175614,-1.3122020893126,-2.12532502316438
2024-02-23,-1.70646789280839,-1.56869175633236,-1.81007841498589,-1.60552783564341,-1.15646535930092,-1.59913340068742,-1.11051528932331
2024-02-26,-2.39340883253477,-1.65276914011523,-1.8732080057338,-2.50043503830381,-1.65889032303905,-2.17346939190421,-1.32865024318077
2024-02-27,-1.67158758620201,-1.32392626532708,-1.98450039796841,-1.94499963935701,-1.32946164140098,-2.12656316205238,-1.55634038185137
2024-02-28,-1.90693916381584,-1.71660073354168,-1.94863263108625,-1.35701065733079,-1.59302750757147,-1.53020012273951,-1.62160142256827
2024-02-29,-1.42602936783215,-1.1857851890773,-1.82862630832346,-1.64878193707887,-1.41991050530125,-1.10033453412795,-1.27716282602522
2024-03-01,-1.9016029431362,-1.90068818262619,-2.10431726513743,-1.89265570150603,-1.93022050778749,-0.596832038386931,-1.60525526326948
2024-03-04,-2.29363707528626,-2.06749839304881,-2.03608663911774,-1.88959526361021,-1.31490024790829,-1.16160116730105,-1.39330090498106
2024-03-05,-1.90283174714998,-1.70093477272565,-2.04798115395308,-1.40980595167588,-1.30366345737726,-1.35114448246701,-1.56128561467061
2024-03-06,-1.68799981225436,-1.36567883784908,-2.17311585477771,-1.46253848894822,-1.3654994360458,-1.41636482066918,-1.33577748073572
2024-03-07,-1.31522792458128,-2.05745762143328,-2.07913164173674,-2.23849623212736,-1.32795340272123,-2.20828944391893,-2.73040098587473
2024-03-08,-1.82861196161193,-1.48797109719352,-0.58515439493733,-1.66648331271233,-0.902077096367142,-1.34258944198793,-1.42730063212128
2024-03-11,-2.90855980322212,-2.0333318719476,-1.92545074151849,-2.44693613106302,-2.08362737264512,-1.50364710352517,-1.93900569717001
2024-03-12,-1.69277674182061,-1.7679661808016,-1.30261279637536,-1.80772848502678,-1.22350143031252,-1.84799646451248,-1.81824768400366
2024-03-13,-1.65225182259089,-1.37994466145384,-2.00323497452556,-2.0476567064487,-1.31944090415547,-1.48516292690456,-1.33068343713904
2024-03-14,-2.08807406209048,-1.90316042366553,-1.88209155420611,-2.14678225183041,-1.46181411910936,-1.38662347294789,-2.32143723892496
2024-03-15,-1.95067202869636,-1.94675991092044,-2.08891070446283,-1.41757405394442,-1.05554083395986,-1.75560610731209,-1.46648532605928
2024-03-18,-1.63948419804629,-1.85812599395418,-1.20718232155655,-1.92404534304418,-1.20186737792069,-2.36148612778509,-1.25719418459653
2024-03-19,-2.57092855314597,-1.88887247087361,-1.2885495429954,-2.39139388989709,-1.86798122265954,-0.893831124051235,-2.15464162144121
2024-03-20,-1.96252727519298,-2.19606104031339,-1.62935846779104,-1.93250975644382,-1.30986892491421,-0.519828569316043,-1.22724576486214
2024-03-21,-1.71461405484255,-2.34079335782338,-1.39232485610913,-2.04819349265973,-1.74675529172942,-1.01161348648211,-1.56214480100631
2024-03-22,-1.85593489675396,-1.57699493629979,-1.95817523658487,-3.54601361647654,-1.67130261202951,-0.847753571290038,-1.45752844944718
2024-03-25,-2.6221555097812,-1.67203456391251,-1.70472561984884,-2.67306439686477,-1.54652383376494,-1.18817596212977,-1.50377726877589
2024-03-26,-2.00274196197018,-1.75906125917547,-1.6681662230164,-1.56330572951127,-1.41050087216103,-1.77182772781603,-1.20671016460777
2024-03-27,-1.87393296916007,-1.23319798401816,-1.51209719628718,-2.65284004360988,-1.21764279022492,-1.47758635839579,-1.73174792448286
2024-03-28,-2.05348915908304,-1.62156386351039,-1.67448862303125,-1.74232029836203,-2.62500674941401,-1.80104647627123,-3.95931801906552
2024-04-01,-1.37984786079413,-1.42207450429544,-1.55731638360385,-1.44121625360245,-1.90518597879879,-1.06863325383337,-0.565147072622278
2024-04-02,-1.8258597493223,-1.60301374540124,-2.17057645413718,-1.73830976137533,-1.07885785128621,-1.6525560260077,-0.745791487087733
2024-04-03,-1.7047849115242,-1.13808367649985,-1.64029779252211,-2.0403944862963,-1.16134257333142,-1.13114158648802,-1.34216618668136
2024-04-04,-1.14368038100221,-0.993259880591163,-1.02472163536014,-0.940459975520059,-0.735817021183969,-1.97905537760306,-1.20157567876376
2024-04-05,-1.85848401747943,-1.72938701866054,-1.9072955720819,-2.89685505468506,-1.54978988096348,-1.50627480137521,-1.91711146474133
2024-04-08,-1.42504474449747,-1.53683162488765,-1.04509061388688,-1.75305646229093,-1.36370883144403,-1.61127033506707,-1.94341953339101
2024-04-09,-2.07592369095865,-1.85589529409113,-1.84900204480929,-2.08378403185063,-1.78594946164354,-1.83416511433566,-2.02730640662339
2024-04-10,-1.57645076125734,-1.79756638205628,-1.72788012344779,-2.76290528944358,-1.1135183813584,-1.9762597396368,-1.74967150384898
2024-04-11,-1.93126709677509,-1.71433615138086,-1.96081359447694,-1.93305679435736,-1.47222069731647,-1.19256550033542,-1.7231137294933
2024-04-12,-2.33109495630275,-1.7902253148971,-1.97445907986546,-2.30622739769945,-1.44366753850176,-1.28834788123729,-0.981401173574049
2024-04-15,-1.50620078623029,-1.66689454277694,-1.72464242723059,-2.06953233920915,-1.39769128028018,-2.24053723702296,-1.34191753203228
2024-04-16,-1.58269776921089,-1.79955227261231,-1.1056686730095,-2.01035026639958,-1.22159930576338,-1.39739786968037,-1.5212058837518
2024-04-17,-1.82377372363248,-1.42178660540958,-1.8054097928463,-1.77798430166773,-1.08742648269893,-0.892958500023934,-1.27154445676434
2024-04-18,-1.45770884725248,-1.51724715022851,-1.48220990033643,-1.62906736024172,-1.37089926902553,-1.11388444730523,-1.25586009048348
2024-04-19,-1.7729970476107,-1.84669790623783,-2.38422771102687,-2.05854680904811,-1.56004587564821,-1.80947620483379,-1.94983548222562
2024-04-22,-1.74864452625942,-1.84427074138461,-1.23533129585689,-1.13729876902258,-1.38551781168925,-1.81644715121832,-0.895318285694032
2024-04-23,-1.30380996837319,-1.56130803083677,-1.21687667172356,-1.5241095143074,-1.38727479836867,-1.95281312273198,-1.49858978660844
2024-04-24,-1.79038715783448,-1.67699522022619,-2.18097733393114,-2.14810813971818,-1.51605729234817,-1.2454565045872,-1.43815090924116
2024-04-25,-1.63204133758527,-1.86185542031357,-1.8236571271079,-2.20237254586825,-1.46823352364641,-2.53072278480586,-1.94642140230601
2024-04-26,-1.67458621797868,-1.41639036879901,-2.0187733172329,-1.39118720918403,-0.853144662402329,-1.53619359002999,-1.55196053879629
2024-04-29,-1.63592667150695,-2.11808876186223,-2.12753493504718,-1.51604351538118,-1.97929518900241,-1.9124039609515,-1.73498550420356
2024-04-30,-1.39941275019305,-1.19766220217555,-1.82026505345886,-0.668020724906605,-1.63928429857392,-0.704334812009157,-0.985856929742026
2024-05-02,-1.03009722610087,-0.668394248171502,-1.78932498967237,-1.72707972977422,-1.55409175420317,-1.41262862769586,-0.673533173659077
2024-05-03,-1.21453416904896,-1.11721824246849,-1.41880471704619,-0.709695073540276,-1.07613122082346,-0.94682138415701,-1.27241702437595
2024-05-06,-1.64122558016158,-2.09430012338324,-2.12125650083437,-0.936858520381106,-1.43019353022454,-0.00724304451644865,-1.36241811782538
2024-05-07,-1.15374573423104,-2.14615050102852,-1.87012365930179,-1.20915567757351,-1.25554180631257,-1.21704350228267,-1.6122274755753
2024-05-08,-1.43353538247051,-1.41776328208571,-1.58983213754419,-1.52875667183159,-1.45098523392049,-0.441686483491133,-1.38463062417852
2024-05-09,-1.50586450176902,-1.31264345888638,-1.47585395793131,-1.6257802310266,-0.74730849095053,-1.29144402545086,-0.795210096826346
2024-05-10,-1.38866752542487,-1.60208545360215,-1.71863152819516,-1.75107453984455,-1.59355831404836,-1.3351708704854,-1.08131420593134
2024-05-13,-1.86355746248146,-2.06172865942077,-2.10496134751743,-1.81392130492977,-1.06178547399889,-1.05653981844407,-1.41675817973835
2024-05-14,-1.62400391158417,-1.63342818698752,-2.50214851836433,-2.26043342212245,-0.891263497666884,-1.24114127757039,-1.51984558708102
2024-05-15,-2.0638014652351,-2.09589366563995,-1.43285455845485,-1.49041192929918,-1.35848558112378,-0.966787394593957,-1.85650125036479
2024-05-16,-1.81421605831146,-1.8107642723757,-1.84329001475525,-1.53953189947617,-1.37151678993239,-0.593509940029627,-1.31886341748155
2024-05-17,-2.23638899715052,-1.72124369805414,-2.16516294224938,-1.71036585525671,-1.42890472306176,-0.795836650197024,-1.40241171382278
2024-05-20,-1.98285376957807,-2.26392131120904,-1.9486748006847,-1.41883355025836,-1.62939150913443,-1.04933407361924,-1.83096632459754
2024-05-21,-1.9899152446307,-2.10316270903872,-2.13345872211164,-1.25309045542925,-1.53287812795283,-1.38410464557573,-1.29523597824137
2024-05-22,-1.80619534863407,-2.1323847225328,-1.78691720511533,-1.37514956757043,-1.53592702713256,-2.69780484772887,-1.76104496603647
2024-05-23,-2.18416872202217,-1.68433566600705,-1.47516645999066,-1.82380383412458,-1.34847151260478,-1.14393511536205,-1.55732159602564
2024-05-24,-2.0269003448067,-1.8345442052372,-1.8480868721751,-1.33214322652322,-1.86985148563025,-1.44741256518959,-1.87705352782305
2024-05-27,-2.33218800551372,-2.10584559211308,-2.11167875275837,-2.72483323988022,-1.19219050284907,-2.15349719415039,-1.28295638510773
2024-05-28,-1.49721929546464,-1.54448839942849,-2.06292111676283,-2.25476947952507,-1.12669596653882,-1.00865299364496,-1.44657251414041
2024-05-29,-1.39345481388378,-1.47835822364929,-1.73209855976913,-1.15405504119251,-1.82523501143495,-1.69045159967682,-1.51803051202232
2024-05-31,-2.32676538567258,-1.71414452676267,-2.05076870543014,-0.860439199046332,-1.85581190908489,-1.79292177659177,-1.67310972433126
2024-06-03,-1.64659659857537,-1.71528787265962,-1.92414512542934,-1.42963815407814,-1.10786278487043,-1.6928698098727,-2.24435965364607
2024-06-04,-1.76472310821249,-1.37527945790031,-2.09061571163106,-1.31013051400619,-1.63681241414764,-1.48395227497874,-1.48427019783854
2024-06-05,-2.09931171366416,-1.95114334764993,-2.27982423496554,-1.99245083316958,-1.73614344872317,-1.52398816850781,-1.51827128767806
2024-06-06,-2.01555591593311,-1.65548268155604,-1.84571880061873,-2.59270840429858,-2.14105428934841,-1.64142308186582,-1.90648709250927
2024-06-07,-1.47220154789249,-1.64889982179316,-1.48093596182719,-1.23016237620603,-1.16171324416453,-1.74985579574562,-1.42914931731006
2024-06-10,-1.44704588786945,-2.15862472422927,-2.20980052315722,-2.12161414626366,-1.10451049506386,-1.76317238533463,-2.29021404032275
2024-06-11,-1.74609653661414,-2.00703483976408,-1.85566254867734,-2.16030209038816,-1.53896813541569,-1.14484016566678,-1.71202125924349
2024-06-12,-1.45505319215314,-1.58977520819189,-1.55329842926661,-1.3078211668538,-1.04221974201811,-1.22260673332274,-1.53368915441796
2024-06-13,-1.91788918334289,-1.66875054353169,-2.08046049311554,-2.08207320692833,-1.33275401751572,-1.39364774289159,-1.52452532438517
2024-06-14,-1.85253981191909,-1.67364695789499,-1.93631582273122,-1.83409093355009,-1.63609740208993,-1.65504951381599,-1.55734034921519
2024-06-17,-1.47745134706737,-1.9568602405814,-1.96750093789093,-2.19601371191817,-1.56171782386183,-1.51544446568647,-2.02685141942471
2024-06-18,-1.61980596188119,-1.26951699507988,-2.15117310269475,-1.7114750423616,-1.49553708464035,-1.67751546245007,-1.5807411233888
2024-06-19,-1.55148230447695,-1.16193768429503,-2.22164303425471,-1.42651957313245,-1.32734360607696,-1.3783387057876,-1.58498541950705
2024-06-20,-1.71846741343283,-1.49762502167296,-1.74145388577595,-1.24582185828451,-1.11574131085664,-1.12644598279179,-1.74365489497944
2024-06-21,-1.51111948241785,-1.6317163418261,-2.09492628864294,-1.83093560492542,-1.49736009004471,-1.28855896302255,-1.95990087436389
2024-06-24,-1.09582639664707,-1.63013970673328,-1.53256309431726,-1.20287750068809,-1.39448990484258,-1.41028117916223,-1.43479428927298
2024-06-25,-1.85721085226338,-2.47387842179819,-2.05375053454524,-1.49742243683517,-1.58770546722499,-1.4715500280305,-1.66481620617444
2024-06-26,-1.3344009067174,-1.38842163041333,-1.65265783753943,-1.07261587579194,-1.18201094967409,-1.53891789191998,-1.60064775435204
2024-06-27,-2.12731737822202,-1.67586807923373,-1.57520774554123,-1.4571109166356,-1.58669945355351,-1.32629171701054,-1.55519945281346
2024-06-28,-1.61246953519973,-1.89751264943971,-1.91243811889092,-2.07353048042443,-0.2198597789846,-1.50565681489641,-1.72577681400716
2024-07-01,-1.72597029281044,-1.68181734428873,-2.07621834438224,-2.04623333835296,-1.24633945037816,-1.6699522430816,-1.05830194957468
2024-07-02,-2.59565643783833,-2.01294601060752,-2.42414571488956,-1.97844683291183,-1.43704725479368,-1.6210124407806,-2.01569972580789
2024-07-03,-1.45636274302497,-1.74489729918353,-1.76864961676169,-1.58337490067515,-1.19981820391393,-1.48820618423944,-1.84572253663844
2024-07-04,-1.78520113792424,-1.62538595211179,-1.60810192781389,-1.54296746099459,-0.527213394965561,-1.36609865255085,-1.64482423438826
2024-07-05,-1.69205115860181,-1.58003234099164,-1.87173200923199,-2.4595796001847,-1.2420375300208,-1.72405001678402,-1.43071326101083
2024-07-08,-1.9065122673548,-1.43928690833686,-1.98889565625283,-1.36422940763933,-1.03047327333101,-0.6558336101384,-1.48020206614668
2024-07-09,-1.77834458790776,-1.63752494435053,-1.89623848161956,-1.59376118588395,-1.62877379937755,-0.605871130517626,-1.71456278732019
2024-07-10,-2.30757998023042,-1.56534407605344,-2.03501812559149,-1.41712649369536,-1.48180264649385,-1.62045106963939,-1.51009563181426
2024-07-11,-2.67781403339034,-1.79978361851134,-1.55327508651603,-2.45689934589056,-1.31534232304413,-1.54317904679619,-1.49944162470739
2024-07-12,-2.19245803739272,-2.32036874053879,-1.76962704008142,-2.61272218227986,-1.70986006772005,-1.49511720782927,-1.4788673292423
2024-07-15,-2.35164373522519,-2.2979694483301,-2.04662434435283,-1.75175861540727,-1.95275936825729,-1.80514206693761,-1.61233184732968
2024-07-16,-2.52114403196186,-1.99350262648843,-2.33806661630705,-1.70513390332457,-2.05798668237499,-1.39471181794067,-1.1987653928684
2024-07-17,-1.84866174408946,-2.34903484644227,-1.7266533495047,-1.67583930374452,-1.74131100697148,-1.70049985881421,-1.58820004766429
2024-07-18,-1.88082662814363,-2.02570584276221,-1.53530582108348,-2.03540474434496,-1.16618910207799,-1.93691250156887,-2.19996321543462
2024-07-19,-1.55296158760715,-1.76300486559659,-1.68716732500967,-1.91763015669754,-1.33259368013745,-1.11115615684314,-1.62215418165156
2024-07-22,-2.33534858284921,-2.00861447374403,-2.08342282598685,-1.76516523572333,-1.42697407870492,-1.62982597183755,-1.86961114206261
2024-07-23,-2.26044540540054,-2.3960728257055,-2.32382760092468,-1.49189924851049,-2.19757921319266,-2.27880251445461,-1.29163371277854
2024-07-24,-2.37285008949269,-2.00474189317626,-2.36158153282185,-0.790670661892041,-1.99961186455698,-1.54585064085353,-11.3199837519911
2024-07-25,-2.09066020649208,-1.90136725870682,-1.97831191501419,-1.64443628390899,-1.39417371394123,-1.22008327933515,-1.84668446753298
2024-07-26,-2.29687687676731,-2.02059136559083,-1.79753565265345,-1.49624403973113,-1.50079254356317,-1.51088110194804,-1.78694480149405
2024-07-29,-2.28928383716646,-1.80979675338716,-1.88169416006801,-1.74085290907875,-2.08960779049871,-2.20235327560363,-1.69468526566325
2024-07-30,-2.03351257626394,-2.1395257655957,-2.21858327349826,-1.27625165696623,-1.81321496208601,-1.51432730433024,-1.83668503446419
2024-07-31,-1.91024038743917,-2.40515410314976,-2.05149656598921,-2.07124461382576,-1.78342069058986,-1.13308937999064,-1.26437337464324
2024-08-01,-1.62548689573124,-1.67414914775951,-1.66683970948981,-1.3186808296368,-1.2825975887051,-0.964755576701854,-1.90828383596106
2024-08-02,-1.66448194812266,-1.44534214961672,-1.65957081026707,-1.25199751035736,-0.804921255604867,-1.46095029761979,-1.24804936922174
2024-08-05,-1.23823510984209,-0.307947516439117,-1.07824279078117,-0.807732124086149,-0.28273307192891,-1.18622478049259,-0.831887484056536
2024-08-06,-1.45316461978091,-0.939367622557983,-1.55581693665454,-2.00240362998257,-1.20916203540522,-1.44910561362056,-1.43146670466344
2024-08-07,-0.815278139623482,-0.713611405216699,-1.38036671049361,-1.13517713282381,-1.66512973699319,-1.74482174718776,-1.09650080928854
2024-08-08,-1.60843523155638,-1.41859309627849,-0.684149866583741,-1.7009014232001,-1.37934195941221,-1.28402481280405,-1.91525699764108
2024-08-09,-2.14035657466693,-1.43959807762878,-1.97303924405343,-1.68407374424954,-1.47269749365974,-1.37556255456207,-1.01007433580556
2024-08-12,-2.09867597709306,-2.06798853718162,-2.07255505747949,-1.76881623538375,-1.39668985889567,-1.76155677440523,-1.82247233526403
2024-08-13,-1.64262766833282,-1.63623403107672,-2.04009515444926,-1.5343560623731,-1.72399669371406,-1.94688432446726,-2.03363378525233
2024-08-14,-1.32854011466624,-1.68804167636198,-1.40118448694825,-1.05614979642037,-0.946910011878898,-0.808025360405538,-1.21179817791296
2024-08-15,-1.93849069087617,-1.81970601311763,-1.53310549793092,-1.43387106157772,-2.20085217359813,-1.17757337997675,-1.87464237077231
2024-08-16,-1.47996936965151,-1.27840648877432,-1.80036720507856,-1.22325634141906,-1.06969569466681,-1.90475107949676,-1.1737216732324
2024-08-19,-1.79012209902644,-0.760616471070706,-1.71524749203904,-1.58361111800775,-1.13901499373243,-1.13718108159715,-1.51233602484964
2024-08-20,-1.71566177236361,-1.04787498222842,-2.32887015093599,-1.55075225183581,-1.88966727400063,-1.29251948226806,-1.24472126059774
2024-08-21,-2.01897163442827,-2.06693866241782,-2.49113296100386,-1.53063231445773,-1.98729426282144,-1.95952482570346,-2.46158088625743
2024-08-22,-1.10112158074283,-2.13252015636772,-1.69480398466177,-1.88434026531797,-1.67034834166307,-1.57470485894328,-1.82465167744745
2024-08-23,-1.66066197376171,-1.14650456905215,-1.67154812302767,-1.4239897151614,-1.44460434809764,-1.13228541224516,-1.70003127687672
2024-08-26,-2.02625580423765,-2.54224442998217,-2.02564129644226,-1.45673571802775,-1.79689500747582,-1.78014385073932,-1.50648117326581
2024-08-27,-2.13790647852729,-2.67558655630321,-3.5758208055625,-2.06957683388573,-2.29093295015592,-1.3797269571642,-1.99615591488414
2024-08-28,-1.42898898158083,-1.00639494855347,-2.22985696829108,-1.78524782070982,-1.31156202623809,-1.16387992605587,-2.04659142063818
2024-08-29,-1.94646990291733,-1.94597077292376,-1.53305542878867,-1.58076640713301,-1.57681096848406,-1.36767685461332,-2.09331265952032
2024-08-30,-1.70462353547572,-1.94972051280134,-2.05730873663543,-1.71333318897579,-1.67096548675171,-1.31966308362366,-1.39609930761846
2024-09-02,-2.20551236224652,-1.71657638911013,-1.52997585245526,-1.86885367335027,-1.4490722424925,-1.28691480239533,-0.989772014281755
2024-09-03,-2.00780950552925,-1.59163736888992,-2.10555722192052,-2.05577155994529,-1.99788677914309,-0.58944751581477,-1.25648083470912
2024-09-04,-1.30427236595915,-1.29561074400401,-1.74872931361969,-1.84012546687183,-0.942058106077582,-1.30170037940523,-1.68972502703218
2024-09-05,-2.03791862407971,-1.43190807344185,-1.96983773314799,-1.84248240892684,-1.52302502726492,-1.19773850505688,-2.03168198473834
2024-09-06,-2.20286805139223,-1.56360916891034,-2.34471388813752,-1.5725803445805,-1.24868878016675,-1.40092376946154,-1.88097476635798
2024-09-09,-2.1025172233693,-1.82351220108884,-1.91915643403503,-1.9477831446608,-1.63816256676623,-1.75992154719767,-1.50883279048169
2024-09-10,-2.00578752837929,-1.44715016872359,-1.64527825648538,-1.79550575279183,-1.66901429072918,-1.44374888685733,-1.65496160838258
2024-09-11,-2.06952099641207,-2.02948410316843,-1.92029729461913,-1.66490401266225,-1.36102998319644,-1.89805537662001,-3.60689699402924
2024-09-12,-1.6807506579681,-1.50176362370324,-1.69774062314822,-1.71226001530038,-2.08519116153275,-1.9599583687785,-2.15004482838991
2024-09-13,-1.38347907833477,-1.26560549511506,-1.83009967767575,-1.55285917409067,-2.05024753016062,-1.10241473826507,-1.91478616019908
2024-09-16,-2.13008210408202,-1.51831270669822,-2.06289361468434,-2.33234549580402,-1.84390499759431,-1.9245055450921,-1.91783563559067
2024-09-17,-2.13295710028868,-1.86806763560899,-2.04457068724948,-1.86677595879204,-1.66498114530446,-0.779556344524605,-2.03932576786661
2024-09-18,-1.97463504537394,-1.50149501255783,-1.69784899186826,-2.36507357596596,-0.858382343059519,-1.67246927036229,-2.09365299787696
2024-09-19,-1.85030974215652,-2.01887690643856,-2.03260183325389,-2.90832397215161,-2.05976892718649,-1.20364315196982,-2.06476104538202
2024-09-20,-1.99688931146111,-1.31510332085212,-2.1642629252333,-1.51769069568674,-1.33299702097045,-1.73984308004001,-2.04437619847228
2024-09-23,-1.85715561664622,-1.89372979557712,-2.18842537891855,-1.12782610385139,-1.08587693653461,-2.21883066456599,-1.40019608732909
2024-09-24,-1.29657919430554,-1.28696048785817,-1.33020256041341,-1.43395705366714,-1.31187852992409,-1.19707896668964,-1.54108033912406
2024-09-25,-3.1821849726398,-1.8948828123789,-1.98569402215235,-1.7037677215794,-1.73148203921795,-1.78391880085167,-2.07411817635902
2024-09-26,-1.49543331923685,-1.60857872648564,-1.72824089013228,-1.71337334220944,-1.29278432417143,-1.83506748228875,-2.01883302879662
2024-09-27,-2.40928690549972,-1.1191519857222,-1.90811514288222,-1.5263943440947,-0.841530279682094,-1.55528573533355,-1.9288918809398
2024-09-30,-1.319111737993,-1.6071643860329,-1.99811308724494,-2.29952123763033,-1.19902559551074,-1.49166063771321,-1.71902790977439
2024-10-01,-1.84918256237402,-1.21187756212026,-1.82249957278942,-1.56682397497524,-1.20606622047396,-1.77445435594431,-1.74225846070928
2024-10-02,-1.25140489097419,-0.843639594974495,-1.56319057456946,-1.57777128927342,-0.644933084791633,-1.64478899616187,-1.53997618987025
2024-10-03,-1.24846416428605,-1.50343213367177,-1.95246407304144,-1.52956939139429,-1.036457154007,-1.70070442804603,-2.52607243414544
2024-10-04,-1.76112723077832,-1.04668673301126,-2.16387909846887,-1.83315319275694,-1.44749465346028,-2.33449905615768,-2.51079609881565
2024-10-07,-1.57916353971407,-1.23001615387005,-1.789812596747,-1.94304684269162,-1.35479800664775,-1.58169438434947,-1.96846369598774
2024-10-08,-1.71978995445509,-1.3866447373354,-2.23242461672346,-1.61961283101445,-1.73383045090345,-1.64219243201555,-1.70479070515093
2024-10-09,-1.78903362079082,-1.36512162392342,-1.57553940844201,-2.04176720267496,-1.35035290646531,-2.2409977253828,-1.76453874722389
2024-10-10,-2.14473044612152,-1.89264387158884,-2.02499678707566,-2.51454697723664,-1.9190081262553,-2.287902596871,-2.033511356776
2024-10-11,-2.08905555771236,-1.84307020854006,-2.02976523726067,-1.97823868830544,-1.38325512620259,-2.04157336204865,-1.3775193221542
2024-10-14,-1.87962497802293,-1.90003951989988,-2.02916033166302,-1.75980891054071,-1.33980624039874,-1.76565605712521,-1.31835752977132
2024-10-15,-1.86880797221517,-1.82569271801585,-1.97622792605607,-1.91447408611244,-1.54816272026159,-1.55395410747052,-1.59090889246027
2024-10-16,-2.05002239582001,-1.51534618443952,-1.493400055488,-1.63997015144723,-1.65952021045291,-1.68415500649558,-1.80041173288308
2024-10-17,-1.19554655270717,-1.20942370711287,-1.9045730128987,-1.53523112038909,-1.18455406437366,-2.04638958813075,-1.49921961690716
2024-10-18,-2.10500777921639,-1.44646652316373,-1.87687456761006,-1.07221525634533,-0.99527503826277,-1.20715499536706,-1.66577598087494
2024-10-21,-2.19716423587247,-2.13934784951875,-1.65568620898523,-1.7963155373444,-1.71871490552651,-1.57120862634273,-1.79604862684484
2024-10-22,-1.94709625828764,-1.09072294733519,-2.29395060526584,-2.23030791085935,-1.31898136947805,-1.97866135243755,-1.73445373416377
2024-10-23,-2.4836988216312,-1.50426140856005,-2.12409574983429,-2.24758689957687,-1.50207654072257,-2.07233371380903,-2.39187140395752
2024-10-24,-1.98189367494178,-1.55316805652509,-2.27687152129024,-1.64526157578715,-1.54283452517766,-2.04378516858065,-1.95486863123517
2024-10-25,-2.08805833410963,-1.67439217691804,-2.23835333581206,-2.1033125160217,-2.19658891785627,-2.13257730351014,-2.18326249299772
2024-10-28,-1.6109974914538,-1.35328388421412,-1.84624408230553,-1.82779479737051,-1.41253933804836,-1.83185723328487,-2.27264974727337
2024-10-29,-2.18627252040698,-1.40266573004571,-2.27130137915105,-1.0134523019811,-1.63709810300037,-2.23906534624402,-1.95711757085903
2024-10-30,-1.90397016909674,-1.91141321978647,-2.26286109499122,-1.61550978071521,-2.35172368627173,-1.29717120391049,-2.18403973768419
2024-10-31,-1.57584488116218,-0.396105276674407,-2.28575194720032,-1.40263672466898,-1.59168596575651,-1.37629562995669,-1.80865469073022
2024-11-01,-1.73789956879636,-1.54942648104449,-2.07264357303696,-1.41760708535472,-2.10022258351066,-1.61658086872673,-1.23368382196834
2024-11-04,-1.39213097999532,-1.17663621499608,-1.8309124822264,-1.54471608624937,-1.44597459975632,-1.74607460055916,-1.95118969215658
2024-11-05,-1.12190345463919,-1.62430655346897,-2.08950198211628,-1.99463835462424,-1.18514732031739,-2.00645825263765,-1.75375231046215
2024-11-06,-1.07935309240805,-1.09032335760906,-1.65485105541175,-1.57811287537568,-0.70494726029647,-1.4242595119147,-0.963536772789227
2024-11-07,-1.35974107384061,-1.31195417274889,-1.41601783032454,-1.58680446915491,-0.924455752593616,-1.45184234771739,-1.11209365714107
2024-11-08,-1.19843068745004,-1.43329906442932,-2.24299818131458,-1.60504825695156,-0.857713401767875,-1.24901484015152,-1.06047762785213
2024-11-11,-1.7034811552852,-1.89543322133214,-2.42365344345336,-2.33101443477108,-1.29881176370862,-1.77881978626961,-1.5708852631789
2024-11-12,-1.96394907408028,-2.00868681112394,-2.06737567484978,-2.07717999655456,-0.633916183667487,-1.96295942999332,-2.06386615147309
2024-11-13,-1.77289137643722,-1.81028939415738,-2.4767903987653,-2.61078857532475,-1.40193226089906,-0.773969074562384,-1.70957156099756
2024-11-14,-1.89805449900338,-1.20830211358657,-0.712085456609985,-2.0740096353655,-1.37784814438581,-1.39259371269913,-1.57480245906775
2024-11-18,-2.13522936507357,-1.41913726625416,-1.90301601333888,-1.59877658373198,-1.40319090691593,-1.41581934316833,-2.29850488003678
2024-11-19,-1.92979391055749,-1.85845035833333,-1.99398018184614,-1.78488138813722,-1.82999939031883,-1.60694573977065,-1.70439131418902
2024-11-21,-1.53709428200148,-1.32253170342823,-1.98430306681177,-1.42501409565685,-1.41166210372321,-1.5650078352789,-2.24889853622167
2024-11-22,-1.50076161714153,-1.59982909331853,-1.48437442913441,-1.06006256711531,-1.35184812785798,-1.47526095098021,-1.38560106681402
2024-11-25,-2.53100892478637,-1.50438998270082,-1.81779457804345,-0.757848614867506,-1.63411171597168,-2.0795367468244,-1.62733121489511
2024-11-26,-1.21685550700393,-1.36296978545667,-1.51665695427999,-1.41290697884373,-1.13661841118958,-1.2766726327079,-1.23552458445531
2024-11-27,-1.31040201027068,-0.974095965573516,-1.58898604993611,-1.52845813027258,-2.26839735861944,-0.724453523785319,-1.27047810869724
2024-11-28,-1.71415701371352,-1.69474338398033,-1.77140597798718,-1.59026057564684,-0.932441597442336,-1.49445734561688,-1.2602118633996
2024-11-29,-1.30854585402113,-0.693852127821964,-1.52107273210704,-1.01091597407634,-0.84675322937764,-1.0993686117493,-1.29671350291017
2024-12-02,-1.46652428359337,-1.50931744993258,-1.70284244321418,-1.42980143236379,-1.37479201477829,-2.5157416180509,-1.4146291544481
2024-12-03,-2.47223484901763,-1.58336150054784,-2.07053128982136,-1.6545039555015,-1.15169952781793,-2.12715160660008,-1.64802172408811
2024-12-04,-1.8941788416187,-1.75777367596567,-1.58906531963306,-1.35504295792794,-1.56652274778835,-0.954474647634615,-1.98977292312642
2024-12-05,-1.41203109628837,-1.11041766386181,-1.62572348210089,-1.52427616069458,-1.19443675248567,-1.2470187896763,-1.2187437395633
2024-12-06,-1.89851020271599,-1.81458713310546,-1.0754272659907,-1.54104896595652,-0.792130707198431,-0.862819345075377,-1.78637851059652
2024-12-09,-1.85704382110225,-1.28792377304843,-1.46654158839556,-1.37091601339901,-1.13384143877557,-1.64645676128279,-0.932263687345152
2024-12-10,-1.76680749885713,-1.12471237051331,-1.56728148382312,-0.937207785071248,-1.04340929233175,-1.15664397536508,-0.762881279928797
2024-12-11,-1.02261315350155,-0.742491160081889,-0.943461222280769,-0.763516047710501,-0.55138261039874,-0.810968036272554,-1.1637498580028
2024-12-12,-1.34604714713124,-1.4444959363802,-1.4057952116085,-1.79517794599391,-1.06763842099609,-1.32296104155359,-1.44524258010073
2024-12-13,-2.0868253110866,-1.63743523076245,-1.77167639099296,-1.76958791176596,-1.87782656686906,-1.38069344941172,-1.87055748719063
2024-12-16,-2.27976070316051,-1.50089171519572,-1.95910140142717,-1.62099547350487,-1.80009998814229,-1.3506848371825,-1.78093331310224
2024-12-17,-1.56078706097985,-0.691321572239848,-1.46847664605888,-1.29514193458693,-1.44312309789475,-1.16538001466571,-1.79396880125195
2024-12-18,-1.58745806116138,-0.959117785506128,-2.88410717314623,-1.24825225063135,-1.10152700068743,-1.44622908114514,-2.90684709149109
2024-12-19,-1.36388258290823,-1.35767154077385,-1.89067293809943,-1.14103868559536,-0.845819778219842,-1.21651763830478,-1.81712214132124
2024-12-20,-2.75836561900527,-0.981016344354695,-2.26609080600076,-1.59212034308557,-0.741641214501588,-1.78925545710662,-1.44863173054544
2024-12-23,-1.33782427111731,-1.35980552291452,-2.36254915691621,-1.32568872495238,-0.959550861013768,-1.73229779815764,-1.6449938613402
2024-12-26,-1.98057650548983,-1.54356942424928,-1.59264014114104,-1.73133304587577,-1.60791266042367,-1.18948538721056,-1.06245250973181
2024-12-27,-2.28692939483616,-1.88540885361583,-2.22345056238913,-1.52750406671689,-1.2485923043605,-1.84940720072401,-1.08382686053257
2024-12-30,-1.95464012568899,-1.65336646004393,-2.06190212732461,-1.81341337525332,-1.66820456010369,-1.31088432847075,-4.13802794754063
2025-01-02,-1.47044503324961,-0.992447208709638,-1.77544598300147,-0.910406878019728,-1.05662410638258,-1.07548841669477,-0.920916644035092
2025-01-03,-2.50676628372968,-1.42986999414608,-1.82250276469402,-1.17880395177495,-1.26110422686579,-10.1653147212094,-1.54011613787667
2025-01-06,-1.17281350375919,-1.02471448542169,-1.61559706248074,-1.39901001503821,-1.23708928227666,-1.18881902284773,-0.80484293414329
2025-01-07,-1.39922142560386,-1.28088687488275,-1.61683175164226,-1.33140602436154,-0.671269406244097,-1.35810039488186,-1.94954489315272
2025-01-08,-1.46912213252767,-1.42034953446816,-1.79441683318065,-1.60862358751294,-1.52063620989943,-1.4484959784991,-1.31457372857583
2025-01-09,-2.42573356957947,-2.15907192258999,-1.94005394532801,-1.98126306218713,-1.92375413587341,-2.26615835826692,-0.939618701549148
2025-01-10,-1.8906737896808,-1.41841475640671,-1.88819547020555,-1.78222572653547,-1.14580353759171,-2.07139813561685,-1.43765002834262
2025-01-13,-1.66810137196958,-1.16108628945323,-1.91524934002223,-1.30444596582621,-0.937288297167774,-1.2430280495886,-2.52451659298578
2025-01-14,-1.37019421133036,-0.926107829712864,-1.94192856841516,-1.48460557348683,-1.42854897420552,-1.49477528150195,-2.00429286381103
2025-01-15,-1.32426627601001,-1.32738229417451,-1.26462968948414,-1.63371359636374,-0.760559702993157,-1.93651361071778,-1.17752638356607
2025-01-16,-1.65080490961947,-1.39479293202854,-1.86794326517758,-1.49157893234531,-1.92905985871896,-2.33378404007406,-1.74436954684424
2025-01-17,-1.71096030889895,-1.40645961143428,-1.95883281304437,-1.75859918976647,-1.16949557911425,-1.45077403127134,-1.52380825999875
2025-01-20,-1.54918282352073,-1.64364351433377,-1.89736612365683,-1.54013370175124,-1.16575768349877,-1.52578425845056,-1.8487931333419
2025-01-21,-2.07645149610088,-1.98343209677237,-2.27840198510705,-1.74861697092054,-1.77891199774277,-1.69026532215783,-2.26769767194246
2025-01-22,-1.94560046369264,-1.56809964936188,-1.56709638832888,-1.64645164645819,-1.03371851983006,-1.62790979515915,-1.65474374218035
2025-01-23,-1.69312474229595,-1.09493760402292,-1.11946034336061,-1.37388203454748,-1.46905513434866,-1.14296637868519,-1.243273772099
2025-01-24,-2.17577330528279,-1.65930872036276,-1.97611665961364,-1.70985934227757,-1.88038439416998,-1.84275420456333,-2.02896866505462
2025-01-27,-1.5306643248813,-1.8606519888712,-2.3549598306757,-1.5122383787896,-2.09306448658875,-1.0833944374413,-1.68695718324981
2025-01-28,-1.79493076413104,-1.25841944998323,-1.81249123494542,-2.31515061697692,-2.63532559947775,-2.10009907715468,-1.85748085097876
2025-01-29,-2.14484581635196,-1.63329324498319,-1.85449298881984,-1.99051293848779,-1.50451765902402,-2.12347778238703,-2.17696811324719
2025-01-30,-1.73263807720532,-0.879022424926287,-1.33974060128752,-1.5022045118902,-1.66909809144053,-1.4430043032947,-1.82180791819036
2025-01-31,-2.33659440857668,-0.793703619463953,-1.73954876353704,-2.25922083423828,-1.11313300280182,-1.83146850925908,-1.59857620994189
2025-02-03,-1.68763413228149,-1.42073971569039,-1.81573492073361,-1.97262285663749,-1.63669712250845,-1.20363734571608,-1.95052767264719
2025-02-04,-1.51338643232359,-1.30064665028957,-1.39436829506734,-1.99164075500987,-1.40911565199919,-1.51061841532046,-0.99025156102994
2025-02-05,-1.45535405955515,-0.762312249109769,-1.52928332831903,-0.445062729151189,-1.02874318838343,-1.54256990385567,-1.45190958540642
2025-02-06,-0.611323398829897,-0.946121349271734,-1.48682345179187,-1.19814471515676,-1.03896299120094,-1.65376332761148,-1.52649517068288
2025-02-07,-1.47082899320864,-0.695656123312333,-1.63630276515182,-1.20704424037282,-1.56428195612645,-1.73961843422305,-1.29798916235985
2025-02-10,-1.70670384549845,-0.727784689000652,-1.87303959744855,-1.1827930541938,-1.35148279858439,-1.67241752205253,-1.87340399419213
2025-02-11,-1.77494773362256,-1.39682967632279,-1.98386270341706,-1.17262045806839,-0.975216658454794,-1.70084602048295,-0.887218792665538
2025-02-12,-1.2310026403802,-0.409379006119458,-1.14901378122034,-1.26348645824682,-0.97331510738238,-1.3271749625118,-1.0951845169401
2025-02-13,-2.18213449127832,-1.26833610881674,-2.01645611896641,-1.57066664129413,-1.4480992052659,-0.871002531827305,-1.41695499245446
2025-02-14,-1.59602300561489,-1.50679225780288,-1.12731486464919,-2.01618392348544,-0.989899929983471,-1.66341227614316,-1.48991000599085
2025-02-17,-1.58411270752117,-1.73637426371461,-1.26055697004471,-1.86720498085772,-1.47208193371398,-1.38005628543368,-1.15802944079991
2025-02-18,-1.64413192416456,-1.57554868801915,-1.60378763298304,-1.45244699734764,-1.60162023381564,-1.22138271975401,-1.84205896622595
2025-02-19,-2.05870863056989,-1.7163989163746,-1.52641944101418,-1.46668912045757,-1.38997249944998,-1.59368605144783,-2.69290171986955
2025-02-20,-2.04261301392915,-1.7564606568741,-0.754395205227812,-1.56404519002501,-1.10979913621962,-1.76419512637726,-1.44097219099748
2025-02-21,-2.30512413826296,-1.3201936103377,-1.59718438393967,-1.90398260377043,-1.60179418486906,-1.30885569097002,-1.47439279361031
2025-02-24,-1.56717313186613,-1.81232806045118,-1.49031486197745,-1.30260105700991,-1.4726261157335,-1.70934941361531,-2.31537943039307
2025-02-25,-1.51891448109276,-1.64860828512331,-2.06074812243768,-1.82798959833548,-1.62502934629729,-1.68569417309469,-2.77282846525051
2025-02-26,-1.83397614492014,-1.12016747315975,-1.53040190651673,-1.59687187927825,-1.38300505838659,-2.08580122656822,-1.34428305102098
2025-02-27,-1.89645583653154,-1.76735700027089,-1.77276398845828,-1.10092687869594,-1.68315137676199,-1.56980926819858,-1.86902124233778
2025-02-28,-1.6215151396233,-1.77081598200567,-1.56321005608851,-1.53509919209152,-1.54334620797216,-1.138952156516,-1.40471561743348
2025-03-05,-1.13038740956811,-1.52190386188988,-1.54444509099792,-1.74753531427149,-1.16570616041096,-1.50405251306325,-1.55860282404163
2025-03-06,-1.71152637700272,-1.15511346117639,-1.54278470898062,-1.27243173860999,-1.82102165174491,-1.7713422550618,-1.17402822102227
2025-03-07,-1.46694128217348,-1.12661840401855,-1.36679326976134,-1.16896136131984,-0.611739023678536,-1.34098315333594,-1.50256730338489
2025-03-10,-1.6909806754701,-1.33278011957565,-1.63474536334345,-1.60463668748274,-1.40251615317933,-1.32185382617518,-1.93630700996362
2025-03-11,-1.84090304016378,-1.17661922929647,-1.58483248804197,-1.96907910605551,-1.04002155621171,-1.31227340873886,-2.53785257162954
2025-03-12,-1.81247034323656,-1.62851863283069,-2.28026999310923,-1.71520336803403,-1.79625703758307,-1.02278726958926,-2.80683067680623
2025-03-13,-1.89179790215211,-1.33749394241201,-1.12623029614008,-1.35368222570201,-1.05041709761348,-1.16454723710095,-1.44821997513913
2025-03-14,-1.25451449397292,-1.1978333735877,-1.62708460744043,-1.46561658281531,-1.05032816694307,-1.45202025184034,-0.832012844470792
2025-03-17,-1.67114357135915,-1.51746344740417,-1.7944755229896,-1.84577410115753,-1.25286951989382,-1.67000149027747,-1.29340521531405
2025-03-18,-1.70012926055729,-1.79752451490474,-2.16490855717827,-1.21607137315918,-1.92836978776196,-1.72325379992037,-1.76030115580455
2025-03-19,-1.85659414988478,-1.32750583670727,-1.84763224248315,-1.2069781169227,-1.47883835801534,-1.38964329038644,-1.40489556001491
2025-03-20,-1.47269586483637,-1.50439594736985,-1.95614142607908,-1.53309681837557,-1.44936228452767,-1.89451329798878,-1.3174472796781
2025-03-21,-2.1885943547553,-1.74736253760256,-1.68778454038063,-2.41653863830926,-1.46717396705391,-2.09083363750348,-2.45095958728535
2025-03-24,-2.01987906222001,-1.55334765879298,-1.73077048803491,-1.47713306502888,-1.5773989023305,-1.4641001630733,-0.934412660960756
2025-03-25,-1.2516676209986,-0.462337770582254,-1.68981371284258,-1.23193033634507,-1.91657038900214,-1.26634295200621,-1.68838876609594
2025-03-26,-1.79318308525938,-1.38913537087486,-1.84899501790221,-1.46284429136601,-1.32749609129968,-1.92762861590361,-1.89706087178214
2025-03-27,-2.32010507644192,-1.76654205771196,-1.87624860833443,-1.60623493541043,-1.39801647659839,-1.69097001503763,-1.5567966701033
2025-03-28,-1.48334544211756,-1.77762533673867,-1.67145919512725,-1.35531239292402,-1.08571114245367,-1.8173144797835,-1.3221776066586
2025-03-31,-1.56149396169256,-1.62142802699765,-1.50760025266513,-1.47625529269672,-1.0396355684003,-1.63141856642728,-1.66669807036834
2025-04-01,-1.71801364929825,-1.28606042767824,-1.51387480068753,-0.900870524936043,-1.42026544855667,-1.72393851743126,-1.50717004790343
2025-04-02,-1.84823331510926,-1.59378549954785,-1.73357336104071,-1.40418752783129,-1.36088921873512,-1.40046281948737,-1.36336966256955
2025-04-03,-1.19921688188136,-0.936762426210886,-1.75081850634511,-1.16717528447057,-0.928183054528873,-1.25707784963259,-1.32781958739989
2025-04-04,-1.13977463140428,-0.909200656150877,-1.31793828503202,-0.873634346974907,-1.07790026068721,-1.44000594052272,-0.828145849915393
2025-04-07,-0.920155898821935,-0.629074061028132,-1.01159504266183,-0.799824833697892,-0.372279996498767,-0.898166309110484,-1.34798805396667
2025-04-08,-1.18475942986646,-0.84106940438278,-1.05522367956731,-0.944603427237724,-0.972574034353073,-1.33679079658564,-1.16184171998005
2025-04-09,-0.698258324696644,-0.605154693471656,-0.901222326871912,-0.865426574812059,-0.309365151316019,-1.02642046985281,-1.11851661000916
2025-04-10,-1.09953689592454,-1.05298083067602,-1.25366411096068,-1.09145552365501,-1.06458021458503,-1.7170613433381,-1.55490203206917
2025-04-11,-1.3894576326266,-1.12206312492482,-1.45890700625176,-1.70726172150328,-1.63151115962983,-1.39980074034221,-2.13796096616501
2025-04-14,-1.37966920123138,-1.11771870186385,-1.81470211585965,-0.921330527779694,-1.5389123127954,-1.70687333136019,-1.81266855055839
2025-04-15,-2.00888388656098,-1.87682701123468,-2.00419059621539,-0.930519867469165,-1.76131264907666,-1.40448482449109,-1.42133591851378
2025-04-16,-1.81721673871946,-1.13316103140712,-1.55608238533723,-1.51025559330917,-1.43949667509835,-1.34128900994429,-1.97905055625304
2025-04-17,-1.79091435928169,-1.35431829332921,-1.78125862741851,-1.39905623425578,-1.19242607521068,-1.4942638511963,-1.89004391667803
2025-04-22,-1.56590214279748,-1.49330946715331,-1.73210182422232,-1.37313442216489,-1.16096417806692,-1.34723619552173,-1.29404602000544
2025-04-23,-1.5475164175644,-1.40153752559504,-1.67557925278829,-1.55228726572137,-1.38111551681414,-1.52981966411963,-1.85111775244746
2025-04-24,-1.93685589667039,-1.56171519355411,-0.750278301948477,-1.53304796922185,-1.13171903176065,-1.16214264842913,-1.61163615648403
2025-04-25,-1.90124306416038,-1.65069723143779,-1.56339530746074,-1.54497071114415,-1.66676993131161,-1.41763918028348,-1.1104346925491
2025-04-28,-1.88801631984571,-1.42267421753945,-1.70196746284327,-2.36024573990784,-1.38283546795345,-1.85511127207256,-1.68164782660867
2025-04-29,-1.82978687386306,-1.40374297406946,-1.66557172177237,-1.06160204193829,-2.08401289862068,-1.63816027939467,-1.44661258662428
2025-04-30,-1.85033819113147,-1.38700241915203,-2.23908111306214,-0.604254622684061,-1.37065617591437,-1.93836498145982,-1.44590605230649
2025-05-02,-1.08742166338564,-1.5473130325367,-2.07399281690934,-1.28914977032901,-1.21022199010061,-2.05414492567477,-1.61064737230456
2025-05-05,-1.68033201228463,-1.33246567877063,-1.46652205803292,-1.0214097877438,-1.66599972482841,-1.85570597987606,-1.46130212318744
2025-05-06,-1.88483227697716,-1.76918861112431,-2.04343833213921,-1.57577401688696,-2.23152058539403,-1.40896302273892,-1.76404720850723
2025-05-07,-1.7400752065313,-1.25723382303585,-1.8949848070417,-1.76999930243791,-1.60898759115437,-1.75666293859586,-1.78844200870287
2025-05-08,-1.00574263019942,0.553149721615812,-1.11556233899258,-0.924643718798503,-0.760057275857002,-1.13086540673525,-1.15184325696165
2025-05-09,-0.458483484549007,-0.97289505201985,-1.31966863485054,-1.41494952058809,-1.53261575713862,-1.73167740590047,-0.540405796641249
2025-05-12,-1.41127274123045,-1.39733229092782,-1.3511444262507,-1.63201399852533,-0.758067737591291,-1.40298993493541,-0.904512901766138
2025-05-13,-1.68904516002689,-2.2317694285435,-2.06451397350506,-1.94400984126313,-1.00687072087873,-0.923438294227948,-1.20363709204265
2025-05-14,-1.94224011767355,-1.60669200645004,-1.95537983041836,-1.67077586217488,-1.40488408428966,-1.44826689161658,-1.47217100510507
2025-05-15,-1.86358470251673,-1.39180994045982,-1.39499709879079,-1.74710619585917,-1.52040905175428,-0.46575225330669,-1.92280652483243
2025-05-16,-1.67715337540691,-1.71326886027611,0.820092868440342,-1.46417192144107,-1.41757220753772,-0.956123771490352,-1.89178427471475
2025-05-19,-1.54871986255237,-1.54060805847409,-1.9423494304212,-2.18050897543082,-1.39104190110905,-1.09107756649661,-1.78525154872935
2025-05-20,-1.61100389041537,-1.84460352115618,-1.61865394767582,-1.90852228054549,-1.09200986757864,-1.10301634068848,-1.2011761582626
2025-05-21,-1.43211424449396,-1.30809498704536,-1.76390735505461,-1.04041321351356,-1.3399171886955,-1.57798077712986,-1.75440571411976
2025-05-22,-1.90130298080806,-1.13272533356491,-1.6974702508142,-1.84343245139765,-1.04580867567853,-0.951725034046205,-1.97097020120201
2025-05-23,-0.969640085748043,-0.636610454945221,-2.59251317130837,-0.785271307292,-0.446633488643409,-1.2509162106302,-1.44901733913615
2025-05-26,-1.45014290832188,-1.4280841303327,-2.26454255762278,-1.43131191495834,-1.85291292127493,-1.86882903933859,-1.39698307083457
2025-05-27,-1.20862275551248,-1.14111608344159,-1.1333036949252,-1.21886837035245,-0.790827178091302,-1.57876231003625,-1.82872004118579
2025-05-28,-2.27896535128738,-1.54841170974987,-2.11248349194406,-1.98811348567254,-1.78440332581415,-1.51527565491006,-1.65438408437773
2025-05-29,-1.66635248526891,-1.3106405065364,-2.00775206684792,-1.81086742605508,-1.09029284724074,-2.27124043981561,-11.9904803961491
2025-05-30,-1.59241619732469,-1.28792033398984,-1.77649628702749,-1.59404788975169,-1.69566311960113,-2.81251325744916,-2.25042164967827
2025-06-02,-1.6672157276288,-1.38857406380996,-1.6573562060409,-1.07821947246597,-1.01733780781707,-1.43764022777356,-1.04131139156755
2025-06-03,-2.02816155981656,-1.43003263973151,-1.75595405952956,-1.57443792758161,-1.30969289622248,-1.52252521358549,-1.44934970626198
2025-06-04,-1.6581795079196,-1.17613113096648,-1.76602206696216,-1.23863432802564,-1.76733114955921,-1.55196264212883,-1.86399152010389
2025-06-05,-2.15177641479396,-1.5695042843213,-1.95225751832723,-1.64496503891318,-1.48422180012328,-1.69954328957095,-1.83104776496456
2025-06-06,-2.0070506896263,-1.89887044727492,-2.32502840619798,-1.54393314197217,-1.5299402293722,-1.55468864768152,-1.44576725574896
2025-06-09,-1.33174923368337,-1.00999247453652,-1.29504807084581,-1.49617887782177,-1.54557658026484,-1.26668924692416,-1.51454023762552
2025-06-10,-1.50131981960878,-1.53942207337798,-1.18402277943466,-1.39494990496195,-1.19402714079681,-1.10461845926635,-2.253123555414
2025-06-11,-1.42925703906917,-1.11753344329926,-1.28045016293924,-1.00662192898595,-1.08897706558126,-1.719302146131,-1.53762561324586
2025-06-12,-1.55180126960072,-1.47140165739926,-1.26730783640521,-1.55702380610259,-1.39283888229784,-2.05043450833794,-2.10271233292217
2025-06-13,-1.43970246377024,-1.19626467779683,-1.6522760592709,-1.19947302475441,-2.31414292670326,-1.29347672125392,-1.85637556736377
2025-06-16,-1.29532197758771,-1.47291082718104,-1.33156246154215,-1.3584693683052,-1.31661369066445,-1.47308483299456,-1.48323684807213
2025-06-17,-2.04101167136208,-2.63336838542407,-1.65679064871353,-1.46436971922585,-1.79610947461166,-1.66232468089127,-2.49587104022156
2025-06-18,-2.11761722333479,-1.60212948018163,-2.01405612876485,-1.59565395560911,-1.47161869748536,-1.45809119327775,-1.66784605107025
2025-06-20,-1.84438369435385,-1.5622157483022,-2.99242620170365,-1.36118398957643,-1.6040139347954,-1.37333773470991,-1.55825226007709
2025-06-23,-1.63162817836286,-1.35342805193209,-2.06251979017995,-1.50014467750428,-1.04592311232603,-1.43168218222692,-2.10716931050717
2025-06-24,-1.30365496506608,-1.36727896291739,-1.15441161105423,-0.913995242697408,-1.39617175706945,-1.73194958909386,-1.8424235567063
2025-06-25,-1.83309582827306,-1.79372155914229,-1.7977878274158,-1.64280211421041,-1.48798957041332,-1.53374253642481,-1.07833615939803
2025-06-26,-1.86645506546418,-1.28329910104666,-2.1795796503147,-1.95347250329743,-1.59471116108474,-1.85431402300101,-1.22109266631323
2025-06-27,-1.77747450430499,-1.45314943755606,-1.71173197152767,-1.41719331254847,-1.44774385011196,-1.2162075062917,-1.97035332026109
2025-06-30,-1.50035640133379,-2.02233750393596,-1.16666551139276,-1.40258713083145,-1.27721721569927,-1.25996461732936,-1.31946839367232
2025-07-01,-2.32747418999918,-1.78682683247091,-1.14950293342236,-2.0232310525347,-1.78469108080935,-1.87085136470832,-0.886063711330791
2025-07-02,-1.59148009846932,-1.31109638769483,-1.27145708155775,-1.5349324692445,-1.29158007948797,-1.31843093594713,-0.902188542323392
2025-07-03,-2.07543374522879,-1.357455322094,-1.3402159409805,-1.75865664985281,-1.31703726634844,-2.34421166056989,-1.80827505939899
2025-07-04,-2.0528214089834,-1.88214542781517,-1.77828556527896,-1.75654008488007,-1.45354877976153,-1.90523646771652,-2.59000259173838
2025-07-07,-2.19205632853217,-1.63981672414845,-1.84969462483397,-1.57731356599925,-1.91470606175475,-1.71951290597691,-1.67466377856341
2025-07-08,-2.01998040256191,-2.12044704792377,-1.8111435993415,-2.03835816741275,-1.09625233732482,-1.46151955633884,-2.19368753765067
2025-07-09,-1.98006521700803,-2.32732276594749,-1.70798418868471,-2.69791853558395,-1.96793450428215,-2.61087787676998,-1.65770155054899
2025-07-10,-1.56223363819998,-1.45300955619466,-1.1819892983394,-2.09749765145419,-0.930323225345296,-1.85464215567966,-1.46473037567576
2025-07-11,-1.85495921731579,-1.76647358445728,-1.35098541961365,-1.58578786303213,-1.41070363650541,-1.67710686713634,-2.1099815902093
2025-07-14,-1.64677978147629,-2.00054369937472,-1.94766763302129,-2.31606420804253,-1.95323766182521,-1.40147282758346,-1.74767328214645
2025-07-15,-1.79681737674844,-1.22751475554123,-1.66465614687094,-2.14185002295851,-1.40420502185144,-1.51599579220905,-1.93413303307032
2025-07-16,-1.9795005914406,-1.57497897398848,-0.521969643409295,-1.19421579173937,-1.51495391402315,-1.25520691465846,-1.66164602046933
2025-07-17,-2.03112352898199,-1.81206705075929,-1.73695400001241,-1.67854919338741,-1.06930916728825,-1.73153531596344,-1.53904059568377
2025-07-18,-1.3745329059192,-1.63271418444659,-1.15527959982074,-3.30126082253689,-0.580980861491136,-11.0060263156719,-1.7189107982092
2025-07-21,-2.11460320499293,-1.55234982421264,-1.88625971249077,-1.91487303144715,-1.06504555831346,-1.65617236994862,-1.42339293428385
2025-07-22,-1.57936420799243,-1.79857589366828,-1.53135904745693,-1.38561072539321,-1.06564608678641,-1.23312646339192,-2.67742052969682
2025-07-23,-1.80020388441539,-1.65960576700668,-1.2620846537842,-1.47941360449828,-1.50198507728655,-1.26128259292388,-1.70188696733712
2025-07-24,-1.93057583404933,-1.65456605270632,-1.67306037824496,-1.51201200844792,-1.21042926021107,-1.53525249858463,-1.87293616608228
2025-07-25,-1.82051353487728,-1.81413930702052,-1.47575414720843,-2.37680905519776,-1.52435608600443,-1.6745428947359,-1.98903296984161
2025-07-28,-1.23572308278846,-1.3103877938858,-1.82273819832211,-1.66558190366878,-1.14012577036453,-1.51965871526213,-2.01282369771003
2025-07-29,-1.92356150845812,-1.80384779594136,-2.13999670800493,-1.59656837216667,-1.59623269818868,-2.08799897888578,-2.13593844050358
2025-07-30,-1.35335325441039,-1.2710043689227,-1.27974451133335,-0.601597339432016,-1.03933748087722,-1.65369911498424,-1.47268212751934
2025-07-31,-1.57928371698762,-0.97935078664991,-2.00618144048727,-1.30737206547806,-0.841983091871183,-1.42663234415455,-0.913147682238928
2025-08-01,-1.13974430427393,-1.23171476048151,-0.419301313703391,-1.13860222900831,-0.927153031975489,-1.27036728365505,-0.894417357467272
2025-08-04,-1.25227113768971,-1.13135743777725,-0.967626493394235,-1.85061598677125,-1.29786045577233,-1.60788674041284,-1.21667204838026
2025-08-05,-1.44622194469701,-1.45391259775723,-1.67265721872471,-1.3783400983693,-1.25343925809749,-1.40815396380865,-1.82527588034824
2025-08-06,-0.72580456869991,-1.73826954451935,-1.45428978468487,-1.61612631959063,-1.04976839293959,-2.09429424052025,-1.34863906879691
2025-08-07,-1.4821008219408,-1.93699374310643,-1.41501986210757,-1.52405700339046,-1.07296840015528,-2.02336849964272,-2.1374471188667
2025-08-08,-2.30065587785069,-2.36774441184482,-1.32164587949821,-1.57137488809506,-1.13777703018313,-1.49067902706234,-1.42312233503554
2025-08-11,-1.80770758088402,-2.15980230196734,-1.51367203889738,-1.55655700793395,-1.34045590665765,-2.00162666170337,-1.77800830655609
2025-08-12,-1.50658411784753,-1.53064757391609,-1.32223992309317,-1.27266917459831,-0.0174507184727043,-1.58477172889072,-0.925068261484878
2025-08-13,-1.98661552778732,-1.41105097220611,-1.35685130449039,-1.50115781563575,-1.47232529387476,-1.9964890130401,-1.35802347790883
2025-08-14,-1.35656091395467,-1.04573941692354,-1.08423164003533,-0.993192479243735,-0.91506230725628,-1.21210941171976,-1.93281540884361
2025-08-15,-1.80434817954607,-1.88222108079807,-0.237726352524872,-1.99235528115119,-1.23725323865902,0.0398095932082408,-3.29650886383187
2025-08-18,-1.74626205748887,-1.41266264230158,-0.64687427986896,-1.8114194187872,-1.11800369944059,-1.37279151634335,-1.85020850767312
2025-08-19,-1.0336468513742,-1.07655323806334,-0.789810048676873,-1.05585358863831,-1.14231127592147,-0.911116826556328,-1.46716709626506
2025-08-20,-1.90721091651347,-1.56078870291587,-1.26151549491409,-1.15987763892238,-1.67410601395326,-1.57578599005868,-1.11092006060714
2025-08-21,-1.86799738425744,-1.47842396522594,-1.37196651031922,-1.64667987864514,-2.440030958656,-1.3789557739741,-2.1401030009211
2025-08-22,-1.77267380574021,-1.47014979136906,-0.910807494899194,-1.18775272223137,-1.53566701523212,-1.46453418980606,-1.57484776910878
2025-08-25,-2.12246521545822,-2.09088236772145,-1.84039374675348,-1.84373303667653,-1.64165013078364,-1.52956810726085,-1.841581625095
2025-08-26,-1.45051551464348,-1.86635114855563,-1.545748297857,-1.99989919307893,-1.75053440628014,-1.87349106428194,-2.0493509776167
2025-08-27,-1.71269427363614,-1.44593406178827,-0.945129166560927,-1.21892371922534,-1.75666792248048,-2.13946962560101,-1.88651452514198
2025-08-28,-1.25169808206995,-1.27726609840821,-1.14724710215969,-1.06749874674445,-0.953693992939012,-1.76148602820994,-1.78540167055702
2025-08-29,-2.22419229906445,-2.24809815663691,-2.15879389010549,-1.78222711299045,-1.39184170858943,-1.47872727507192,-2.41392264494997
2025-09-01,-1.74556892352152,-1.93734020753209,-1.37490986244951,-1.587118913208,-1.18652101448339,-1.98020112168785,-1.49858028623701
2025-09-02,-1.18598481217206,-1.14281787801175,-0.23290719213602,-1.20912383013434,-1.36103752219805,-2.00046438099209,-1.46138838952902
2025-09-03,-1.77766663975957,-1.88271728666132,-1.37791972562248,-1.42369837450836,-1.70331000470964,-2.10357851480702,-1.78804252916709
2025-09-04,-1.39696514041982,-1.65851094758195,-1.25764316318354,-1.74043806431626,-1.21147177461452,-2.00821677207082,-1.46497221995079
2025-09-05,-1.29722815318599,-1.05261102054401,-0.801378865216593,-0.929811141212905,-1.05654041877225,-1.36698177401153,-1.40525576807759
2025-09-08,-1.56015316666022,-1.47670447230884,-1.11872350731745,-1.50497015168535,-1.83836160445448,-1.59438028093534,-1.32078930090778
2025-09-09,-2.24612351692218,-2.44021437864233,-1.36193611521134,-1.7444364259221,-1.84400728221867,-2.6711869109072,-1.31590610027538
2025-09-10,-1.59925701884464,-1.43270977122704,-1.07303299738146,-1.30263788997376,-1.03290532936154,-0.957053547997595,-1.50079979014693
2025-09-11,-1.15955479584984,-1.48963345896842,-1.2502743320893,-1.26348376623409,-1.08981022179352,-1.44143053365997,-1.40444217863285
2025-09-12,-1.90934731655013,-2.30759480754243,-1.39465455443734,-1.86735901104539,-1.27063188727221,-1.79616876217757,-1.46390418987882
2025-09-15,-1.68126415653359,-1.74502573328719,-1.87106734325492,-1.51428520246738,-1.28950409300737,-1.62363124443615,-3.57740667425571
2025-09-16,-1.73793132474147,-1.9932003929179,-1.65098032277733,-1.34199482762602,-1.81373353084426,-1.86579537351082,-1.88693581877659
2025-09-17,-1.33622198724382,-1.52814477200818,-1.31548248766251,-1.16049692582464,-1.18159431872212,-1.39032115422786,-2.66722568882466
2025-09-18,-2.03771119041769,-1.88496471617439,-0.944034973430047,-1.71774790086661,-2.1112828920309,-1.82275246736337,-1.65293161906923
2025-09-19,-2.68348393632709,-1.88954964454884,-1.75130186420479,-1.56414173321267,-1.39733125204631,-1.6079598000856,-1.87163693312397
2025-09-22,-1.69627616078779,-1.41785181340345,-1.32404282367977,-1.42420062703063,-1.65539647366768,-1.69569068007265,-1.73945417657716
2025-09-23,-1.85671728064022,-1.39145108770298,-1.46291310825544,-1.75941732651992,-2.12885454865776,-1.59979239777378,-1.57179938647519
2025-09-24,-2.33722136618246,-2.71810336348887,-0.853442405234006,-2.52981158097272,-1.92148790881211,-1.71287062674743,-2.09439771055207
2025-09-25,-1.96625787617655,-1.72923637593197,-2.07450779503872,-1.51345942291151,-2.20984833034377,-2.36671194215237,-2.71162105233802
2025-09-26,-2.19700321452565,-2.00113606175134,-2.09177968021424,-1.82610710192768,-1.80023638105113,-1.8104451115151,-1.87708212100115
2025-09-29,-1.49051067297697,-1.24425343956909,-1.33969887075782,-1.42890903981322,-1.2777145717338,-1.6139455295653,-1.71956731816319
2025-09-30,-1.20817404213615,-1.19760272408169,-1.66979483364282,-1.35502463846884,-1.40282838131879,-1.65802640044211,-1.8901173012688
2025-10-01,-1.59190852577436,-0.938114185200317,-0.645130855115471,-0.997334208600632,-1.08601465754435,-1.82817266582552,-1.5983840725152
2025-10-02,-1.59335953070395,-1.55609089451271,-0.998806166031654,-1.67426853108958,-1.35358623398326,-1.97844388133123,-4.29318288463559
2025-10-03,-2.05486307764793,-1.51252189608099,-1.52191406035472,-1.85363845001333,-1.97682004114606,-1.49801636289568,-1.93054491178816
2025-10-06,-2.73872948370743,-1.50476718054111,-2.00159945568902,-1.5297443891963,-1.19872138376437,-1.66717715403289,-1.86657679595454
2025-10-07,-1.77461560318581,-1.66057456289702,-1.796158383343,-1.75430638838569,-1.05851939918837,-1.1626139927239,-1.38197662717239
2025-10-08,-2.07729142485107,-1.81559511875415,-1.81777024346469,-1.63114763183038,-1.67472741350259,-1.80021104542105,-1.28740522558325
2025-10-09,-1.85745332353494,-1.91471812147683,-1.63010071093986,-1.93956781669545,-1.37769134055145,-1.61272930564105,-1.73434530034631
2025-10-10,-1.79225154630413,-1.54412155120099,-2.15669638847126,-2.24257810498738,-1.17668146368661,-1.75287985795356,-1.55598373237321
2025-10-13,-2.12121561825592,-1.98216343124234,-1.80989648576529,-1.29873918574354,-1.55175048115758,-1.70860169615006,-1.92916380667586
2025-10-14,-1.52824267324388,-1.32754622453423,-1.14608635220697,-0.70664199932075,-1.3965230688218,-1.72258905794247,-1.86078185837948
2025-10-15,-1.62886125818818,-1.36113231381794,-1.83079910769958,-1.42985434106565,-0.61323415358777,-1.36805945111721,-1.51915935562441
2025-10-16,-1.48640502834598,-1.30521034989101,-1.12571632496799,-1.11126497111227,-1.02714342186304,-1.51080317089178,-2.19745784437175
2025-10-17,-1.73311636777019,-1.22347658049562,-1.18149450606404,-1.52281293598577,-1.28145098484572,-1.77749674253938,-1.59942570145693
2025-10-20,-1.7339928292219,-1.44129741113545,-1.34344120628391,-1.49369158073307,-1.53705712520395,-1.73586784459566,-1.75089129137319
2025-10-21,-2.46135043600957,-2.06281620442863,-1.6122240922053,-1.30835474388348,-1.29626327521208,-1.72001679208702,-1.18539547327498
2025-10-22,-2.08940261555829,-1.92505302287836,-2.04690026725156,-1.57614215522732,-1.51771561259202,-1.78990403766583,-2.58422071301918
2025-10-23,-1.94814198016277,-2.22688122293393,-1.83307040264994,-1.91539146212285,-1.73454062352205,-1.94785592086534,-2.26772814066957
2025-10-24,-1.74112233086391,-1.83112857781659,-1.35379081557709,-1.76225956590171,-1.53927362719801,-2.25217939004103,-2.11996271392297
2025-10-27,-1.73752571472829,-1.37371667062364,-1.48552061079351,-1.43366503148325,-1.34047929449192,-1.49024432951776,-1.92603701865229
2025-10-28,-2.69373966992845,-1.68485750822832,-1.95002099324719,-1.69665660519432,-2.04223918576615,-2.1268451306612,-2.06288527768583
2025-10-29,-1.79568018629794,-1.86165367995388,-1.44042352888107,-0.930198413293015,-2.36312229817669,-2.18508123825524,-1.31376213434975
2025-10-30,-1.63838831459857,-0.404015214310239,-1.03341888206306,-1.31649951757616,-1.00537542558744,-1.36281626444398,-2.32075342334022
2025-10-31,-2.21901082955968,-1.20252424854959,-1.32219085882026,-1.4203790343645,-1.61933131620368,-1.60227414745828,-2.22050823472334
2025-11-03,-1.34476630276714,-1.12485265444428,-1.37866682169325,-1.56880290664507,-1.37181179994653,-2.43266980435964,-1.79935949612965
2025-11-04,-2.31323078055161,-1.76428514145604,-1.73927626238824,-1.49290410940251,-1.81829688878258,-1.34594205333883,-1.75466997223522
2025-11-05,-1.37164577165899,-1.88581800768916,-1.73237583640028,-2.24623646750593,-1.3685494460444,-0.766958852617181,-1.97237365883927
2025-11-06,-1.30922043008524,-1.99904094999529,-1.93939060269999,-1.36409073203787,-1.4126805970678,-1.68878754044965,-1.19750509434472
2025-11-07,-1.88496562738936,-1.63697520455747,-1.59347399297771,-1.60982163431915,-2.22043565909608,-1.28341820544619,-1.10363783401208
2025-11-10,-2.2297907535768,-1.6418522423075,-1.66927526591955,-1.70459983413247,-1.11255551053311,-1.64035863344967,-1.60328222863993
2025-11-11,-1.60772937375749,-1.41340387970821,-1.5694215714409,-1.60464376549749,-0.434910790842458,-1.49611682115841,-1.94899582303996
2025-11-12,-1.53955656715273,-1.69274064783642,-1.02873576383597,-1.95511309112043,-1.40155886573271,-1.17701604003122,-2.14102763385352
2025-11-13,-1.3231267781775,-1.10813710933346,0.137141108354676,-1.88059001829954,-1.27890783364939,-1.32748276849688,-2.38384627285721
2025-11-14,-2.07032020192974,-1.40998100396183,-0.637652457537304,-1.81748874847745,-1.53239856958761,-0.713226388039325,-1.87153428348713
2025-11-17,-2.16704444123048,-1.70253853799275,-1.78019857576449,-1.50447900598789,-1.66726846426107,-1.35800115564199,-1.46238639410411
2025-11-18,-1.6572048788689,-1.69562743720785,-1.56776760303761,-2.16828222157211,-1.32714160501324,-1.43757773606132,-1.69407718577402
2025-11-19,-2.13282139657643,-1.5890180659883,-2.12668855220773,-1.81468668396733,-1.66194324096858,-4.50455094175246,-1.95296362020774
2025-11-21,-1.9124756637781,-1.33131455087878,-1.53801853568582,-1.64907215733015,-1.14060403137023,-1.29066325208086,-1.56720823862069
2025-11-24,-2.02722552095399,-2.17755636901219,-1.51865188194977,-1.86498641392823,-1.71363297266332,-1.93692993516343,-1.34660366571982
2025-11-25,-1.87461239955017,-1.68105852203153,-1.90404259854554,-2.4361215063763,-1.15747967876084,-1.65411894950699,-2.37028620963157
2025-11-26,-1.73847913006901,-1.46413264247409,-1.72192846205118,-1.55094256613376,-1.39669061494182,-1.67354526856997,-2.67189228528202
2025-11-27,-2.1818532924979,-2.34546785992274,-1.93235165720337,-2.20934284171247,-1.88134323762202,-1.6953263306487,-2.37822320793
2025-11-28,-1.28428696190227,-1.6740507585813,-1.42171502545618,-1.58420273576126,-1.58606471227121,-1.33747990413564,-2.58929299761658
2025-12-01,-2.0636347697592,-2.23357124063825,-1.73233992326559,-2.11398642404571,-1.8505913120721,-1.44948963166766,-1.55699469806862
2025-12-02,-2.55509396932017,-2.41160748788736,-1.83206564117552,-1.67597571055827,-1.8897329219204,-1.64561834585193,-2.35831367031577
2025-12-03,-1.89684703176921,-0.913684720551779,-1.5792178887711,-1.46624066769067,-1.69370700736305,-1.81128516428624,-1.89663614145906
2025-12-04,-2.75741110866581,-1.65869214535556,-1.72915358338454,-1.32272016796647,-1.31882591905796,-1.85818046096849,-1.77952667477038
2025-12-05,-1.39676070666686,-0.90227195388516,-1.01602889570647,-1.36143747010534,-1.01389779607636,-0.647396068825785,-0.875995752949788
2025-12-08,-1.11946966525874,-1.25617635001548,-0.932358945458337,-1.12615776994886,-0.729054380537014,-1.51498572170915,-1.32768160372835
2025-12-09,-1.3672451948838,-0.811135521762153,-1.09384901975499,-1.30840333832757,-0.972426643784871,-0.858965191543059,-1.32831185716735
2025-12-10,-1.57229661969032,-1.8027073650313,-1.62886442387585,-1.67047548667689,-1.82980862625502,-0.924865731696149,-1.8122129216331
2025-12-11,-1.82286878417381,-1.28697683150818,-1.43015788718983,-1.69830317971981,-1.15065849858572,-1.51456601553082,-1.7945251910823
2025-12-12,-1.46146416570162,-1.77519875904129,-1.44743493347677,-1.70201479369826,-1.2922135556346,-1.79766463344974,-1.64209566081841
2025-12-15,-1.39358010242508,-1.47414821354699,-1.64085035875014,-1.07801737552517,-1.26844218483581,-1.61508883231888,-1.79070857813629
2025-12-16,-2.16237253972495,-1.66424708432401,-1.36638022744697,-1.48758655156647,-1.41197597316427,-1.55066741081049,-2.14187725160281
2025-12-17,-1.67146051171833,-0.968225337122805,-1.34619386109456,-1.41170347171155,-0.82904084524167,-1.16449789964305,-2.26002846665436
2025-12-18,-2.28944253005673,-1.35348140610074,-1.5967286692399,-1.46812556959609,-1.32109643947011,-1.56873610127275,-2.54848942079553
2025-12-19,-1.38258664049925,-1.37101772155197,-2.31417539818699,-1.43441466402659,-1.14659774093502,-1.43655223595453,-1.44705915067821
2025-12-22,-2.12244404940971,-1.86291751319655,-1.84787902927182,-1.77378614465866,-1.39009447853991,-1.48629399892693,-1.31187376040549
2025-12-23,-1.99672606424256,-1.91694097538908,-2.4059526716063,-1.12658658145903,-1.51802691753743,-2.43740313007394,-1.19894428079897
2025-12-26,-1.84749388767832,-1.51403789980662,-1.47055847600523,-1.55270865888838,-1.53832436426904,-1.91830732819955,-1.60630436271185
2025-12-29,-2.22363446946209,-1.71897917815647,-1.825093249032,-2.14663159405145,-1.56846059013986,-1.23205979643575,-1.47149734697061
2025-12-30,-1.57679618782424,-1.21838693736286,-1.60026741215785,-2.2376422823266,-1.61959965382948,-1.44906514714882,-1.08958902538811
2026-01-02,-1.58122657680317,-1.60021743376161,-1.40259187314324,-1.92871878376118,-1.3616373830733,-1.57963646658733,-2.00468923865971
2026-01-05,-1.25757496641485,-2.01103686573951,-1.78980053882971,-1.66198963177573,-0.943758586646137,-1.13798720927893,-1.31071589106807
2026-01-06,-1.46678188420931,-1.13278666972958,-2.57508142879628,-1.47834275115722,-1.34487720904215,-1.42684968967578,-1.4784064686382
2026-01-07,-1.86578500210564,-1.47352341424515,-2.10419912097486,-1.46687351926128,-1.0116902707484,-0.940222172402242,-1.81794128645208
2026-01-08,-1.71273046688667,-1.702997169469,-2.12876296816392,-1.98339734805087,-1.89577243341378,-1.36439006935846,-1.82624842720548
2026-01-09,-1.80837644787755,-1.70522065034143,-2.09660332102589,-1.75975705331695,-1.11373857258761,-0.814580768913547,-2.02938478373902
2026-01-12,-2.75934939888707,-1.93808603645917,-1.4913518288179,-1.70895142046989,-1.71336565212876,-0.709642441151949,-1.66502588653247
2026-01-13,-2.51465795652217,-1.6771151767476,-1.27159093928274,-1.49717900961885,-1.09087839688962,-1.4800405756485,-2.12483949817039
2026-01-14,-1.72192693176915,-1.52721699106808,-1.67891039470253,-1.40407601820556,-1.27088962004787,-1.44249137447627,-2.27134109687141
2026-01-15,-1.73489635813334,-1.28056167703592,-1.78978663670176,-1.51051804382971,-1.44563195584175,-1.85444143166048,-1.74392992466101
2026-01-16,-1.91939468467642,-1.42002197387267,-1.92254355848886,-1.52532739957947,-1.49193103767773,-1.29485867331499,-1.6669052431887
2026-01-19,-2.29249935297592,-1.82135138015176,-2.04962632959354,-1.42205208653033,-2.44253659381764,-1.63811079238017,-1.56285285535785
2026-01-20,-1.36546193194549,-1.21979487854315,-1.51399072295774,-1.23735748418304,-1.22018183297651,-1.42215133796809,-1.38462991520962
2026-01-21,-1.51983192341196,-1.40270489385339,-1.11703738304649,-0.779751584923723,-0.9246521617596,-1.03415337856973,-1.37107490816785
2026-01-22,-1.02223541304955,-0.865109770136969,-1.51905621059307,-0.889004230866941,-0.591743862482661,-0.776758837479404,-1.95166410711153
2026-01-23,-1.55327640051985,-1.22035089773174,-0.918086434575123,-1.10099431088124,-0.912586247309363,-1.55841427150338,-1.23846450698195
2026-01-26,-1.52341006165533,-1.04243275814923,-0.959083149304239,-1.23639882449304,-1.15445486794051,-1.34349268153006,-1.21972710277558
2026-01-27,-0.871037717194413,-1.09661021754725,-1.16815772539778,-0.887285645805822,-1.11327251454193,-0.801123562160596,-1.27732701100742
2026-01-28,-1.93895253404699,-1.6230389685981,-1.50091259208023,-1.59034622029916,-1.0873558701944,-2.36394745509188,-1.82779955891395
2026-01-29,-1.08955220441325,-0.877131246632301,-0.953763476914181,-1.27398832463079,-0.726881973835716,-1.0545041015988,-1.41012398518382
2026-01-30,-1.13332059630661,-1.18894160080587,-0.889920914107449,-0.972610193726592,-1.26700267976639,-0.695758780369584,-1.02533533258646
2026-02-02,-1.61914177733902,-2.08329124655948,-1.94988112619015,-1.8095827949263,-1.11465818079442,-1.2026051193331,-1.68990131891796
2026-02-03,-1.15433924923071,-1.06855405248349,-1.12391054842319,-0.617541987408529,-0.837857494046872,-0.942432944318315,-1.58372629841054
2026-02-04,-0.927600465104449,-0.732181981305644,-1.11644151794607,-0.700394351450585,-0.842583582659314,-1.00546307979361,-0.997700047203046
2026-02-05,-1.0426109827865,-0.627583849061202,-0.966758405543089,-1.29517035506516,-1.26772578838555,-1.69319770252305,-1.34282165450345
2026-02-06,-1.0370441086153,-0.0480165874068216,-0.940727621837278,-0.676275346696657,-1.42128277611859,-1.279565170808,-1.516995663432
2026-02-09,-1.35063864261299,-0.812775208027503,-1.45779375554176,-3.75516986729254,-0.883444377037398,-1.36834609339581,-1.57838469992726
2026-02-10,-1.2967610367077,-1.42568839876982,-0.930398219861496,-1.63747905995528,-0.66829125345389,-1.43081112098377,-0.92626667720732
2026-02-11,-1.41812207665509,-1.09935290958253,-1.35528755162275,-1.38304570087921,-1.21620883344038,-1.2206017863857,-1.75439163539155
2026-02-12,-1.38676477168917,-1.39542824805908,0.264688687645488,-0.917886070097994,-1.47553153399513,-0.876121540078671,-1.39463242973223
2026-02-13,-0.811723171697041,-0.724514597524342,-0.383552273043197,-1.20516031308726,-0.989128124182901,-1.04454036569028,-0.904285695535347
2026-02-18,-1.45271263166195,-1.37439885511236,-2.25039518280234,-1.33714266991333,-1.10194693252534,-1.46405284361314,-1.51459964766309
2026-02-19,-1.2435927670232,-1.20895099891413,-1.14391144185793,-1.04684258258677,-3.99478917523457,-1.19013866683446,-1.9157309517643
2026-02-20,-1.62540437915884,-1.2083498586786,-1.11492446686067,-1.53475546684327,-1.2476357437159,-1.25891523818648,-1.27105411945907
2026-02-23,-1.40645515817136,-1.37337240523972,-1.28702168416405,-11.3720700025149,-1.53105429761685,-1.5676995535345,-1.47057382332667
2026-02-24,-1.42473899855411,-1.33729004020243,-1.25572145864654,-1.45746092492799,-1.22815395998974,-1.35638974221423,-1.73936602979398
2026-02-25,-1.07169668671511,-1.51298843792885,-1.46608529365771,-0.965246975182582,-1.16684381541447,-1.14132171251824,-1.89056037208686
2026-02-26,-1.45096025928846,-1.05218131051388,-1.21657337361818,-1.25009007068515,-1.36633488017098,-1.27571844793746,-1.80649898543848
2026-02-27,-1.27179574415099,-0.570797662611804,-1.67839622470877,-1.59877265328878,-1.41801504697764,-2.02030223808145,-3.37947070662108
2026-03-02,-0.995182781477883,-0.705236176737064,-0.76315475607882,-1.0294851226846,-0.707707411009065,-0.879580098810381,-0.449666143788867
2026-03-03,-0.351597620965429,-0.371930161892899,-0.576390582530061,-0.33105763003464,-0.0750022020067832,-0.711241091602042,-0.723678739769552
2026-03-04,-0.942554953326416,-0.874728196402904,-1.02157046999855,-1.39694908419675,-0.802389075877519,-1.24420878213579,-1.5919333014382
2026-03-05,-1.27449083280542,-1.81701608765263,-1.22067543025219,-1.74212446147326,-1.01120114346835,-1.38086469014218,-1.23362587722628
2026-03-06,-1.57513942730576,-1.24680453210573,-1.07563259360335,-0.900953391887283,-1.20999726889731,-0.968789011674184,-1.47659272691267
2026-03-09,-1.45268397455268,-0.947215209502394,-1.03846773772392,-1.17684040331432,-0.927296606388703,-1.01455926185787,-1.1887307778236
2026-03-10,-0.927929757423319,-1.02182458983689,-0.795867084699128,-0.901094995679657,-0.388258527710723,-1.1243902780292,-1.08013302996753
2026-03-11,-1.02964222039437,-1.00242177293843,-0.996767246007362,-0.981535059726288,-1.10201208502246,-1.44439674764689,-1.28755608059368
2026-03-12,-0.992293257481195,-0.91820152221231,-1.29519051454489,-1.03870607624903,-0.763065167680192,-1.95662567663749,-1.30908987651821
2026-03-13,-1.29528793412756,-1.0161415476051,-0.968286892737611,-1.38851502904615,-1.08220123382089,-1.21459603371516,-1.76037018851052
2026-03-16,-1.05447972385117,-1.02242492363492,-1.064564912199,-0.97910919362075,-0.89202593580586,-1.04136407463806,-0.838608100510984
2026-03-17,-1.24075436222436,-1.13082546295666,-1.34201418581113,-1.403309705052,-0.920855056432923,-1.06352675448749,-1.04344577393716
2026-03-18,-1.38127613065091,-1.41014454479324,-1.51185759628144,-1.26323872682102,-0.9911074823918,-1.21459067534194,-1.72235051535669
2026-03-19,-1.11129316971726,-0.76104473140209,-0.895347550200353,-0.881636310010332,-0.602978221012173,-1.16525238826778,-1.06208484954462
2026-03-20,-1.36615028130586,-1.14365726922776,-1.4343995699332,-1.34628864560689,-0.632077411489409,-1.29810509444298,-1.4463510029467
2026-03-23,-0.76199266302927,-0.73029972998946,-0.960721455641545,-0.955236080818999,-0.44353983211624,-0.972493448813761,-0.873518918887291
2026-03-24,-1.35384302054504,-1.34075482677095,-1.30131893363113,-1.13233050262032,-0.933559405309693,-1.1690270354065,-1.2343840580627
2026-03-25,-1.26213343816895,-1.05195675581242,-1.06821848749424,-1.22083037553214,-0.751490580124009,-1.5484833770577,-1.33788991161757
2026-03-26,-1.58754710539292,-1.23199525191571,-0.939968106414278,-1.39059678011605,-0.736712361325072,-1.75105469874501,-1.4990792685148
2026-03-27,-1.79800750125466,-1.54625303046996,-1.68212278595234,-1.76789547731822,-1.30228280660589,-1.82737202004274,-1.82457073228907
2026-03-30,-1.20730959530661,-1.2900735204005,-1.12200330844113,-1.55511052097447,-0.905538132848148,-0.599447617733411,-1.25994864071673
2026-03-31,-1.04680309039919,-0.898829138699248,-0.869083628221244,-1.27272722705713,-0.855040812064313,-0.851861480982421,-1.30795920992837
2026-04-01,-1.411313827755,-1.39700094026868,-1.23389247994478,-1.22921688963866,-0.814968368788081,-1.85234229108704,-1.96565378590445
2026-04-02,-0.530327362300885,-0.558251519656354,-0.698396083643914,-0.925993082868362,-0.380528674622676,-0.780407512523315,-0.903164285202921
2026-04-06,-1.97859514186123,-2.11944272497613,-1.60717546317137,-1.55837433922835,-1.50369364865844,-1.38116754708919,-1.41887618362979
2026-04-07,-1.27049961629735,-1.43292429004195,-1.38049278210219,-1.44444696295931,-0.98858474353995,-1.32748662561496,-1.78644399429409
2026-04-08,-0.197224376790838,0.130638047138347,-0.327434913369122,-0.265009858188321,-0.0801646100412787,-0.43100065389797,-0.99454497048719
2026-04-09,-1.55164834604644,-1.51727746990388,-1.45570397231715,-1.70666342789419,-1.35181051036789,-1.93565464126762,-1.82087622400549
2026-04-10,-1.88424840988774,-1.50324001206468,-1.68987434959336,-1.81045269168558,-1.37890551021417,-1.62343602524622,-1.35270059920306
2026-04-13,-1.44270003450507,-1.18788481218525,-1.63617459461931,-0.533674512651392,-1.59331657329957,-1.39615574881766,-1.46584496561294
2026-04-14,-1.54115554771375,-1.62353058704426,-1.56499831168524,-1.45359848184248,-1.43853230169834,-1.33790603456017,-0.927648749166638
2026-04-15,-1.53111915312513,-1.52424606173866,-0.896159157732916,-1.46767651818942,-1.41552873633289,-1.02341016823274,-1.59935978173008
2026-04-16,-1.43505891608717,-1.39808513154801,-1.08351646045322,-0.999541772002084,-1.41142907197751,-1.36138814151108,-2.03715202621352
2026-04-17,-1.23896315323898,-0.858018795878231,-1.07717939947748,-1.06774337789811,-1.24390856762836,-1.01527386945987,-1.32742211424799
2026-04-20,-1.80971582826316,-1.89299867597932,-1.88315967222982,-2.02769878476839,-1.75801614199358,-0.881984111160193,-2.00198523147097
2026-04-22,-2.34009051270619,-1.28081967741085,-1.89517536678751,-1.20666642613608,-1.27989491501619,-0.855097947240656,-1.60500822342503
2026-04-23,-1.69010788181138,-1.36905245898654,-1.49992702919104,-1.84167875361175,-1.45697493284182,-1.8309924039232,-2.24684476308397
2026-04-24,-1.53336001664543,-1.77223441990653,-1.75814171956504,-1.95426153028834,-1.40764838270907,-1.43370416212254,-2.29801720218833
2026-04-27,-2.46671414533177,-1.85404444061184,-1.60867281157137,-1.40357922227041,-1.69095681171176,-1.26307360838307,-2.44431595092382
2026-04-28,-1.0160347780993,-1.24753857211232,-1.57167167212659,-1.61739136678939,-1.12535736317452,-0.987899835126905,-1.52458413775336
2026-04-29,-1.51279048092973,-1.61497165285398,-1.0588586802877,-1.175038733324,-1.35366381176326,-1.47567582114107,-1.96377496207545
2026-04-30,-1.59838557261653,-1.61454579329948,-1.57578913706166,-1.46213732854525,-1.40847273209248,-1.70033614621239,-1.70163236136042
2026-05-04,-1.68005846939245,-1.39188211837653,-1.51794391046611,-2.24852321239851,-1.3856285350336,-1.33405269229922,-1.30271818070669
2026-05-05,-1.81978872025732,-1.79499082544396,-1.78604471714547,-1.63362770530341,-1.75802098338631,-1.84840351620032,-2.06564517782931
2026-05-06,-0.941695929381177,-1.03212187701554,-0.957686272047776,-1.25747097182751,-0.912503807952749,-1.3754109829656,-1.61922662355927
2026-05-07,-1.37241874986916,-1.02080472420329,-2.15295710669239,-2.3592283105815,-1.01518203823553,-1.7111010110896,-0.92497628627093
2026-05-08,-1.5537353903173,-1.48339730683063,-1.26324798642772,-1.5777389258206,-1.0167044495836,-1.69170528939939,-1.30745344845811
2026-05-11,-1.39251896787658,-1.44804761775007,-2.14568637212696,-1.43758938200698,-0.367324595015629,-1.08317405566557,-1.50641546623204
2026-05-12,-2.23981142199771,-1.76050860884208,-1.54992045402594,-1.52139835726338,-1.61720300569892,-1.49697225593488,-2.03133299466275
2026-05-13,-1.06882132320106,-0.902626122151088,-1.40353197033783,-1.62466238636666,-0.987303075362853,-1.12634242728896,-1.51304169968443
2026-05-14,-1.31326652376663,-1.37607783015031,-0.159030730445423,-1.38161305700749,-1.33582386777322,-0.656575781849448,-1.84170465738041
2026-05-15,-1.26863921871129,-1.16798242244673,-1.21383959828091,-1.87325822633892,-1.20042279051974,-0.942440583371867,-1.33140081595583
2026-05-18,-1.82680175244091,-1.58355465588004,-1.33903261331179,-2.2259831821081,-0.981419349444445,-1.33318607358436,-1.44071706593031
2026-05-19,-1.16908926638548,-1.20300353564065,-1.13936602015696,-1.11052443667785,-0.985897508039662,-0.944303843610529,-2.26441280985108
2026-05-20,-1.25726821296601,-1.28560241848372,-1.43428695150531,-1.28596229997205,-0.790256148425228,-1.1717387562284,-0.859979066943391
2026-05-21,-1.21931832364211,-1.20946846633856,-1.20850832467574,-1.16057503708546,-1.18486692024411,-1.08009423558575,-1.24024138144658
2026-05-22,-1.99888320738136,-1.57182560697832,-1.51538529000902,-1.40855304435538,-1.3297995483289,-2.14886996356436,-2.19693204661899
2026-05-25,-1.53659830370736,-1.93121227103225,-1.72997750515749,-1.31744509066261,-1.13176498444978,-1.58536534346601,-2.07162169371854
2026-05-26,-1.54954935551322,-1.30733925414464,-1.97807478203351,-1.61450965076188,-1.06736090207237,-2.02337052235706,-1.23037440804084
2026-05-27,-1.37913435793175,-1.26715706868311,-1.29606642746194,-1.2878008394256,-1.09401897070696,-1.25298124358199,-1.52940085064085
2026-05-28,-1.66749080518522,-1.44824371723714,-1.62058309349545,-1.9474478046166,-1.48941908898361,-1.3169309256315,-1.76169452506569
2026-05-29,-1.68405072488489,-2.86838540131947,-2.13461122679675,-1.45155834425586,-1.37788453752671,-1.09478855975795,-1.40986607694521
