"data","TCI","W"
2018-05-14,28.4531268985115,"W = 150"
2018-05-15,29.2281658034916,"W = 150"
2018-05-16,29.1303487652174,"W = 150"
2018-05-17,29.1074986442338,"W = 150"
2018-05-18,31.3743027038374,"W = 150"
2018-05-21,31.6671874599283,"W = 150"
2018-05-22,32.1492481411944,"W = 150"
2018-05-23,32.7073497416845,"W = 150"
2018-05-24,33.4547256818447,"W = 150"
2018-05-25,33.0047221664071,"W = 150"
2018-05-28,32.4171528412138,"W = 150"
2018-05-29,31.9085811497025,"W = 150"
2018-05-30,31.2290614383332,"W = 150"
2018-06-01,32.1630399295427,"W = 150"
2018-06-04,32.3345315202403,"W = 150"
2018-06-05,33.5848821539707,"W = 150"
2018-06-06,34.2338496574925,"W = 150"
2018-06-07,39.6065654543782,"W = 150"
2018-06-08,40.402944780428,"W = 150"
2018-06-11,41.3666969307739,"W = 150"
2018-06-12,40.7278605769467,"W = 150"
2018-06-13,41.2659180528945,"W = 150"
2018-06-14,40.6871578601679,"W = 150"
2018-06-15,41.017354577531,"W = 150"
2018-06-18,41.0269849762366,"W = 150"
2018-06-19,42.6251439544183,"W = 150"
2018-06-20,43.5217442722926,"W = 150"
2018-06-21,43.0494574462644,"W = 150"
2018-06-22,43.569904488188,"W = 150"
2018-06-25,44.0742845058997,"W = 150"
2018-06-26,44.3245575681932,"W = 150"
2018-06-27,43.9936641020487,"W = 150"
2018-06-28,43.4525645566424,"W = 150"
2018-06-29,43.5303056106326,"W = 150"
2018-07-02,43.4468536122502,"W = 150"
2018-07-03,43.9343596876686,"W = 150"
2018-07-04,44.1473507070958,"W = 150"
2018-07-05,45.6367812080581,"W = 150"
2018-07-06,45.7238030142972,"W = 150"
2018-07-10,45.3726620792192,"W = 150"
2018-07-11,44.7684694614125,"W = 150"
2018-07-12,44.7780851207015,"W = 150"
2018-07-13,44.25811203908,"W = 150"
2018-07-16,44.4456318136914,"W = 150"
2018-07-17,44.5095552172437,"W = 150"
2018-07-18,44.1169294609239,"W = 150"
2018-07-19,44.1803332192995,"W = 150"
2018-07-20,45.9012553105337,"W = 150"
2018-07-23,45.5035353291454,"W = 150"
2018-07-24,45.5225837891881,"W = 150"
2018-07-25,45.4497571861242,"W = 150"
2018-07-26,44.985919587622,"W = 150"
2018-07-27,45.6403426806342,"W = 150"
2018-07-30,45.7247165219939,"W = 150"
2018-07-31,45.1894407127565,"W = 150"
2018-08-01,44.4244246053333,"W = 150"
2018-08-02,43.679445670641,"W = 150"
2018-08-03,44.2289341603606,"W = 150"
2018-08-06,44.5586030711978,"W = 150"
2018-08-07,44.6790161384499,"W = 150"
2018-08-08,44.8342431963435,"W = 150"
2018-08-09,44.7805055374263,"W = 150"
2018-08-10,44.2131654989545,"W = 150"
2018-08-13,43.6625798136087,"W = 150"
2018-08-14,43.5566422678923,"W = 150"
2018-08-15,43.4157606960999,"W = 150"
2018-08-16,40.0886106833098,"W = 150"
2018-08-17,39.2040850991524,"W = 150"
2018-08-20,39.1891522780334,"W = 150"
2018-08-21,39.757108149482,"W = 150"
2018-08-22,39.301655120904,"W = 150"
2018-08-23,39.0840600747521,"W = 150"
2018-08-24,39.7166411834059,"W = 150"
2018-08-27,39.0774920386146,"W = 150"
2018-08-28,39.9360069928709,"W = 150"
2018-08-29,39.8727224597692,"W = 150"
2018-08-30,39.7759611565139,"W = 150"
2018-08-31,39.4627721022631,"W = 150"
2018-09-03,39.6776534973753,"W = 150"
2018-09-04,39.771131963825,"W = 150"
2018-09-05,39.9303540973675,"W = 150"
2018-09-06,39.153849552483,"W = 150"
2018-09-10,39.231127947521,"W = 150"
2018-09-11,38.9701175243181,"W = 150"
2018-09-12,38.7346843933179,"W = 150"
2018-09-13,38.7771206426974,"W = 150"
2018-09-14,38.365388545569,"W = 150"
2018-09-17,38.0322917512836,"W = 150"
2018-09-18,38.3212276370803,"W = 150"
2018-09-19,39.0681494816512,"W = 150"
2018-09-20,39.3285265353784,"W = 150"
2018-09-21,39.9359786913577,"W = 150"
2018-09-24,40.4221107544394,"W = 150"
2018-09-25,39.9157281566717,"W = 150"
2018-09-26,40.0239514731208,"W = 150"
2018-09-27,40.2045805061581,"W = 150"
2018-09-28,40.2799365969303,"W = 150"
2018-10-01,40.2359569928932,"W = 150"
2018-10-02,39.9464854142838,"W = 150"
2018-10-03,43.0985946493601,"W = 150"
2018-10-04,42.8018440160413,"W = 150"
2018-10-05,41.9214436913492,"W = 150"
2018-10-08,46.566524726526,"W = 150"
2018-10-09,45.6287557795925,"W = 150"
2018-10-10,45.5645728046271,"W = 150"
2018-10-11,46.2856169202469,"W = 150"
2018-10-15,46.3666118953044,"W = 150"
2018-10-16,46.3081735353252,"W = 150"
2018-10-17,46.4671319428595,"W = 150"
2018-10-18,46.4119342420931,"W = 150"
2018-10-19,46.1968627352349,"W = 150"
2018-10-22,46.600282216024,"W = 150"
2018-10-23,46.1041567021146,"W = 150"
2018-10-24,46.4252578149825,"W = 150"
2018-10-25,45.8685309864476,"W = 150"
2018-10-26,45.3992877885987,"W = 150"
2018-10-29,47.5343307405998,"W = 150"
2018-10-30,47.4291153796711,"W = 150"
2018-10-31,47.9691109007403,"W = 150"
2018-11-01,47.7104128136465,"W = 150"
2018-11-05,47.4228894588427,"W = 150"
2018-11-06,47.3738463145815,"W = 150"
2018-11-07,48.1585892021955,"W = 150"
2018-11-08,48.383422526289,"W = 150"
2018-11-09,48.6132901700561,"W = 150"
2018-11-12,48.2453042756694,"W = 150"
2018-11-13,48.345395521851,"W = 150"
2018-11-14,48.3748445654283,"W = 150"
2018-11-16,48.1469998924737,"W = 150"
2018-11-19,48.2028460852219,"W = 150"
2018-11-21,48.1637040214912,"W = 150"
2018-11-22,48.1016358911774,"W = 150"
2018-11-23,48.3310805707119,"W = 150"
2018-11-26,48.6300570669383,"W = 150"
2018-11-27,48.7760666753909,"W = 150"
2018-11-28,48.5551761851138,"W = 150"
2018-11-29,49.0339768494958,"W = 150"
2018-11-30,49.1775112325598,"W = 150"
2018-12-03,49.2241378875436,"W = 150"
2018-12-04,49.5722525287728,"W = 150"
2018-12-05,49.9655731887079,"W = 150"
2018-12-06,49.9109012912798,"W = 150"
2018-12-07,49.7167179444565,"W = 150"
2018-12-10,49.6237540622686,"W = 150"
2018-12-11,49.6346262398596,"W = 150"
2018-12-12,49.7071665265182,"W = 150"
2018-12-13,50.2433465493611,"W = 150"
2018-12-14,50.0900246989095,"W = 150"
2018-12-17,50.3800512546856,"W = 150"
2018-12-18,51.1735737033057,"W = 150"
2018-12-19,50.115910065936,"W = 150"
2018-12-20,49.8443902142158,"W = 150"
2018-12-21,50.0251221158646,"W = 150"
2018-12-26,50.0349306957648,"W = 150"
2018-12-27,49.8753225745565,"W = 150"
2018-12-28,49.8835411841278,"W = 150"
2019-01-02,50.4636020459859,"W = 150"
2019-01-03,50.3945909272977,"W = 150"
2019-01-04,52.173840954608,"W = 150"
2019-01-07,52.0788539866921,"W = 150"
2019-01-08,52.7124902190498,"W = 150"
2019-01-09,52.692683343195,"W = 150"
2019-01-10,52.4035848221087,"W = 150"
2019-01-11,48.9864652395139,"W = 150"
2019-01-14,47.8597367024775,"W = 150"
2019-01-15,47.7115546178574,"W = 150"
2019-01-16,47.5636460657235,"W = 150"
2019-01-17,47.3804328250108,"W = 150"
2019-01-18,47.8000165932921,"W = 150"
2019-01-21,47.4207223078798,"W = 150"
2019-01-22,47.5830659580766,"W = 150"
2019-01-23,46.6381698879953,"W = 150"
2019-01-24,46.4244324456432,"W = 150"
2019-01-28,46.3406956269372,"W = 150"
2019-01-29,46.0229413654342,"W = 150"
2019-01-30,45.0606308205693,"W = 150"
2019-01-31,44.3294352475167,"W = 150"
2019-02-01,44.2324718974522,"W = 150"
2019-02-04,44.5852953179716,"W = 150"
2019-02-05,43.8885825767999,"W = 150"
2019-02-06,43.4206637706834,"W = 150"
2019-02-07,43.9285720269583,"W = 150"
2019-02-08,44.1188003538616,"W = 150"
2019-02-11,44.1253888022012,"W = 150"
2019-02-12,43.829139556087,"W = 150"
2019-02-13,43.8088731770276,"W = 150"
2019-02-14,43.551284139773,"W = 150"
2019-02-15,43.6298541900971,"W = 150"
2019-02-18,43.5428568928769,"W = 150"
2019-02-19,43.5569415763105,"W = 150"
2019-02-20,43.7530795559455,"W = 150"
2019-02-21,43.7858746960765,"W = 150"
2019-02-22,43.5876835704066,"W = 150"
2019-02-25,42.5136161961472,"W = 150"
2019-02-26,43.1505439090201,"W = 150"
2019-02-27,43.0692801926547,"W = 150"
2019-02-28,43.1926703633366,"W = 150"
2019-03-01,43.0796232267997,"W = 150"
2019-03-06,42.8745855199947,"W = 150"
2019-03-07,42.5201877316007,"W = 150"
2019-03-08,42.5943177715485,"W = 150"
2019-03-11,42.6077585634591,"W = 150"
2019-03-12,42.1522560636074,"W = 150"
2019-03-13,42.1834597156599,"W = 150"
2019-03-14,42.0790927959165,"W = 150"
2019-03-15,42.5728865677085,"W = 150"
2019-03-18,43.2600517240797,"W = 150"
2019-03-19,44.010451673633,"W = 150"
2019-03-20,44.022935777563,"W = 150"
2019-03-21,43.9826015099159,"W = 150"
2019-03-22,43.6357815737674,"W = 150"
2019-03-25,43.4843814028408,"W = 150"
2019-03-26,43.5963345379986,"W = 150"
2019-03-27,43.7146568281674,"W = 150"
2019-03-28,44.3642129658483,"W = 150"
2019-03-29,44.5674175658024,"W = 150"
2019-04-01,44.5541325957737,"W = 150"
2019-04-02,44.5808411454671,"W = 150"
2019-04-03,44.7049377936042,"W = 150"
2019-04-04,44.7575875057811,"W = 150"
2019-04-05,44.587711764357,"W = 150"
2019-04-08,44.8460938794539,"W = 150"
2019-04-09,44.8597642814296,"W = 150"
2019-04-10,44.8956787468263,"W = 150"
2019-04-11,44.8579948844874,"W = 150"
2019-04-12,45.3392810634078,"W = 150"
2019-04-15,45.2624781857356,"W = 150"
2019-04-16,45.1976108790118,"W = 150"
2019-04-17,45.190987264773,"W = 150"
2019-04-18,45.1993714987903,"W = 150"
2019-04-22,45.3379071107629,"W = 150"
2019-04-23,45.4573008734876,"W = 150"
2019-04-24,45.1772971177957,"W = 150"
2019-04-25,45.1626626618037,"W = 150"
2019-04-26,45.1591068965622,"W = 150"
2019-04-29,44.3604140904624,"W = 150"
2019-04-30,44.4251547474702,"W = 150"
2019-05-02,44.6645690488583,"W = 150"
2019-05-03,45.0822121140157,"W = 150"
2019-05-06,44.7785029004587,"W = 150"
2019-05-07,44.900842238728,"W = 150"
2019-05-08,44.700822166528,"W = 150"
2019-05-09,44.6098920571604,"W = 150"
2019-05-10,44.6599021126854,"W = 150"
2019-05-13,44.7736852073998,"W = 150"
2019-05-14,43.0587929030925,"W = 150"
2019-05-15,43.1887795863353,"W = 150"
2019-05-16,43.5495935608999,"W = 150"
2019-05-17,40.5706327976383,"W = 150"
2019-05-20,41.0714068525078,"W = 150"
2019-05-21,41.0343473693306,"W = 150"
2019-05-22,40.7717675051736,"W = 150"
2019-05-23,40.3167024654539,"W = 150"
2019-05-24,40.7318445172043,"W = 150"
2019-05-27,40.736160672724,"W = 150"
2019-05-28,40.801910143414,"W = 150"
2019-05-29,40.7298043687224,"W = 150"
2019-05-30,40.7451730493424,"W = 150"
2019-05-31,41.0946095508407,"W = 150"
2019-06-03,41.1757255697347,"W = 150"
2019-06-04,41.5587342646216,"W = 150"
2019-06-05,41.4275254145122,"W = 150"
2019-06-06,39.2789472537233,"W = 150"
2019-06-07,39.1077629597259,"W = 150"
2019-06-10,37.9314882071631,"W = 150"
2019-06-11,37.7438660869842,"W = 150"
2019-06-12,37.9228699814722,"W = 150"
2019-06-13,37.5373851854076,"W = 150"
2019-06-14,37.3290206581526,"W = 150"
2019-06-17,37.1724476834148,"W = 150"
2019-06-18,37.0988533247946,"W = 150"
2019-06-19,37.151180992849,"W = 150"
2019-06-21,37.0006463223646,"W = 150"
2019-06-24,36.6840757423058,"W = 150"
2019-06-25,36.6932266232758,"W = 150"
2019-06-26,36.7630071406937,"W = 150"
2019-06-27,36.8287031042475,"W = 150"
2019-06-28,37.2094460740596,"W = 150"
2019-07-01,37.610744788869,"W = 150"
2019-07-02,36.6074700895594,"W = 150"
2019-07-03,36.7189828211564,"W = 150"
2019-07-04,36.5969315736819,"W = 150"
2019-07-05,36.5159091442802,"W = 150"
2019-07-08,37.2716762210393,"W = 150"
2019-07-10,37.0589394750358,"W = 150"
2019-07-11,36.9670466700444,"W = 150"
2019-07-12,36.8804203138015,"W = 150"
2019-07-15,36.5627174951063,"W = 150"
2019-07-16,37.0940131600481,"W = 150"
2019-07-17,37.2771826898802,"W = 150"
2019-07-18,36.7882851426019,"W = 150"
2019-07-19,36.8723698619348,"W = 150"
2019-07-22,36.9976563033663,"W = 150"
2019-07-23,36.7436253732975,"W = 150"
2019-07-24,36.1323061831245,"W = 150"
2019-07-25,35.8736706469925,"W = 150"
2019-07-26,35.6749939060682,"W = 150"
2019-07-29,35.8187518969057,"W = 150"
2019-07-30,35.6303489372074,"W = 150"
2019-07-31,35.5189057380755,"W = 150"
2019-08-01,36.1014163210168,"W = 150"
2019-08-02,36.0832795884901,"W = 150"
2019-08-05,35.5427893056104,"W = 150"
2019-08-06,35.7316439859172,"W = 150"
2019-08-07,35.6774268996654,"W = 150"
2019-08-08,35.860970403132,"W = 150"
2019-08-09,35.4328073363047,"W = 150"
2019-08-12,35.9692103564907,"W = 150"
2019-08-13,36.1168111960029,"W = 150"
2019-08-14,36.1725042316231,"W = 150"
2019-08-15,36.509767651811,"W = 150"
2019-08-16,36.6834785068391,"W = 150"
2019-08-19,37.2910027320235,"W = 150"
2019-08-20,37.2262583780314,"W = 150"
2019-08-21,37.61832738312,"W = 150"
2019-08-22,38.036412609992,"W = 150"
2019-08-23,38.646364820241,"W = 150"
2019-08-26,39.1390811853343,"W = 150"
2019-08-27,39.2398309281335,"W = 150"
2019-08-28,39.0747082490083,"W = 150"
2019-08-29,38.9290049384767,"W = 150"
2019-08-30,38.6703077167021,"W = 150"
2019-09-02,38.799524612083,"W = 150"
2019-09-03,38.4271878093512,"W = 150"
2019-09-04,38.413610209789,"W = 150"
2019-09-05,39.2291375337234,"W = 150"
2019-09-06,39.920667205846,"W = 150"
2019-09-09,39.1092681502184,"W = 150"
2019-09-10,39.8192223242509,"W = 150"
2019-09-11,39.8843181459855,"W = 150"
2019-09-12,39.422345761585,"W = 150"
2019-09-13,39.5020063609157,"W = 150"
2019-09-16,39.1764983628563,"W = 150"
2019-09-17,39.2816516306631,"W = 150"
2019-09-18,39.41912885202,"W = 150"
2019-09-19,39.527854714794,"W = 150"
2019-09-20,39.634825474958,"W = 150"
2019-09-23,39.5110022249994,"W = 150"
2019-09-24,39.4631739625079,"W = 150"
2019-09-25,39.4885786399711,"W = 150"
2019-09-26,39.7215811843054,"W = 150"
2019-09-27,40.2006143034935,"W = 150"
2019-09-30,41.4086921812997,"W = 150"
2019-10-01,41.3844636027934,"W = 150"
2019-10-02,41.3258124776713,"W = 150"
2019-10-03,41.522680811655,"W = 150"
2019-10-04,41.1445245273885,"W = 150"
2019-10-07,41.7432235786149,"W = 150"
2019-10-08,42.0008670230109,"W = 150"
2019-10-09,41.8653671236821,"W = 150"
2019-10-10,41.4815659819086,"W = 150"
2019-10-11,41.4647772352975,"W = 150"
2019-10-14,40.6870992261848,"W = 150"
2019-10-15,39.2490607676908,"W = 150"
2019-10-16,38.2529026708289,"W = 150"
2019-10-17,37.629424917046,"W = 150"
2019-10-18,37.2206889151629,"W = 150"
2019-10-21,37.4112244271299,"W = 150"
2019-10-22,37.9449484136579,"W = 150"
2019-10-23,37.7967127899588,"W = 150"
2019-10-24,37.0360286951956,"W = 150"
2019-10-25,36.8552931734856,"W = 150"
2019-10-28,37.0681679071987,"W = 150"
2019-10-29,37.2013212178628,"W = 150"
2019-10-30,37.0694168056034,"W = 150"
2019-10-31,35.6792141079921,"W = 150"
2019-11-01,35.659647347867,"W = 150"
2019-11-04,35.1935295015775,"W = 150"
2019-11-05,34.5879502693039,"W = 150"
2019-11-06,34.5201177035525,"W = 150"
2019-11-07,34.834291292969,"W = 150"
2019-11-08,32.9119180480947,"W = 150"
2019-11-11,32.9272136631109,"W = 150"
2019-11-12,33.1814787597235,"W = 150"
2019-11-13,32.724316979045,"W = 150"
2019-11-14,33.4061714457427,"W = 150"
2019-11-18,33.8700687968723,"W = 150"
2019-11-19,34.0255501781848,"W = 150"
2019-11-21,34.3119464890859,"W = 150"
2019-11-22,34.730040494036,"W = 150"
2019-11-25,35.3853420916829,"W = 150"
2019-11-26,34.8457916001256,"W = 150"
2019-11-27,34.9271587416498,"W = 150"
2019-11-28,34.8649806238307,"W = 150"
2019-11-29,34.4065321861683,"W = 150"
2019-12-02,34.7223387190515,"W = 150"
2019-12-03,34.2881011208184,"W = 150"
2019-12-04,35.7006781480732,"W = 150"
2019-12-05,36.2320035047044,"W = 150"
2019-12-06,35.8660810982959,"W = 150"
2019-12-09,35.9724867311065,"W = 150"
2019-12-10,35.6522921888067,"W = 150"
2019-12-11,35.7345689255634,"W = 150"
2019-12-12,36.3086936130255,"W = 150"
2019-12-13,35.1162539041793,"W = 150"
2019-12-16,34.1173053803014,"W = 150"
2019-12-17,34.8841052948571,"W = 150"
2019-12-18,34.7761020833978,"W = 150"
2019-12-19,35.2514642769287,"W = 150"
2019-12-20,35.5589469456551,"W = 150"
2019-12-23,35.0159640114928,"W = 150"
2019-12-26,35.6954377324662,"W = 150"
2019-12-27,35.1345931593855,"W = 150"
2019-12-30,34.5539112699292,"W = 150"
2020-01-02,34.2655818893304,"W = 150"
2020-01-03,34.1420061255932,"W = 150"
2020-01-06,33.7735945704375,"W = 150"
2020-01-07,34.1082332780347,"W = 150"
2020-01-08,34.8480381454647,"W = 150"
2020-01-09,31.8570417642304,"W = 150"
2020-01-10,30.4569556489974,"W = 150"
2020-01-13,30.3552299178853,"W = 150"
2020-01-14,30.315967567803,"W = 150"
2020-01-15,30.4039706238568,"W = 150"
2020-01-16,30.4171198656865,"W = 150"
2020-01-17,30.4366331590059,"W = 150"
2020-01-20,30.4363681070673,"W = 150"
2020-01-21,30.411806248714,"W = 150"
2020-01-22,30.985021014802,"W = 150"
2020-01-23,30.957506137883,"W = 150"
2020-01-24,30.5221525941941,"W = 150"
2020-01-27,31.0980634627766,"W = 150"
2020-01-28,30.9440232048932,"W = 150"
2020-01-29,30.7311538952591,"W = 150"
2020-01-30,30.7590650105049,"W = 150"
2020-01-31,31.1577733527135,"W = 150"
2020-02-03,30.9755208530277,"W = 150"
2020-02-04,31.1955638304689,"W = 150"
2020-02-05,31.5642118472373,"W = 150"
2020-02-06,31.2595653220205,"W = 150"
2020-02-07,31.0077222752792,"W = 150"
2020-02-10,31.0400518164403,"W = 150"
2020-02-11,31.1863764174222,"W = 150"
2020-02-12,31.0658516043512,"W = 150"
2020-02-13,30.9407067816865,"W = 150"
2020-02-14,30.5532054333588,"W = 150"
2020-02-17,32.4974303502155,"W = 150"
2020-02-18,32.9092270852894,"W = 150"
2020-02-19,32.8774355246437,"W = 150"
2020-02-20,32.9076187170945,"W = 150"
2020-02-21,32.9578253793648,"W = 150"
2020-02-26,37.1493223124115,"W = 150"
2020-02-27,39.0974958082014,"W = 150"
2020-02-28,40.5886427287584,"W = 150"
2020-03-02,40.7323832954973,"W = 150"
2020-03-03,41.9682828232033,"W = 150"
2020-03-04,41.6123242548613,"W = 150"
2020-03-05,42.9892777900675,"W = 150"
2020-03-06,45.7935875282919,"W = 150"
2020-03-09,53.6320429043867,"W = 150"
2020-03-10,55.5080790221356,"W = 150"
2020-03-11,59.0867222169895,"W = 150"
2020-03-12,67.2354161448686,"W = 150"
2020-03-13,71.4178144208594,"W = 150"
2020-03-16,70.1825786645004,"W = 150"
2020-03-17,66.5483226371645,"W = 150"
2020-03-18,68.1535851805894,"W = 150"
2020-03-19,68.1552945806943,"W = 150"
2020-03-20,67.5088038697088,"W = 150"
2020-03-23,66.7998445899507,"W = 150"
2020-03-24,68.0234159292808,"W = 150"
2020-03-25,68.7612950463021,"W = 150"
2020-03-26,68.040183499867,"W = 150"
2020-03-27,69.1419472032211,"W = 150"
2020-03-30,69.0936007783573,"W = 150"
2020-03-31,68.7677300291587,"W = 150"
2020-04-01,69.2288216311728,"W = 150"
2020-04-02,69.0506806224469,"W = 150"
2020-04-03,69.3061788470902,"W = 150"
2020-04-06,70.5043379993343,"W = 150"
2020-04-07,70.974574717662,"W = 150"
2020-04-08,70.4924741643876,"W = 150"
2020-04-09,70.4315006645522,"W = 150"
2020-04-13,70.5171327065271,"W = 150"
2020-04-14,70.5823777506056,"W = 150"
2020-04-15,70.5613347401934,"W = 150"
2020-04-16,70.6026527931652,"W = 150"
2020-04-17,70.6790483390941,"W = 150"
2020-04-20,70.583215931605,"W = 150"
2020-04-22,70.4222463286003,"W = 150"
2020-04-23,70.652010584039,"W = 150"
2020-04-24,71.6883212749626,"W = 150"
2020-04-27,71.5229814430921,"W = 150"
2020-04-28,71.3352502941205,"W = 150"
2020-04-29,71.2133931059858,"W = 150"
2020-04-30,71.5588984352278,"W = 150"
2020-05-04,71.2857180805502,"W = 150"
2020-05-05,71.2727797924053,"W = 150"
2020-05-06,70.8295332503468,"W = 150"
2020-05-07,70.8219904869688,"W = 150"
2020-05-08,71.3427354577722,"W = 150"
2020-05-11,71.6277334219627,"W = 150"
2020-05-12,71.4706784930926,"W = 150"
2020-05-13,71.0252903279605,"W = 150"
2020-05-14,71.2753620891833,"W = 150"
2020-05-15,71.1525156534181,"W = 150"
2020-05-18,71.2708850398469,"W = 150"
2020-05-19,70.9569893258873,"W = 150"
2020-05-20,71.0414979562544,"W = 150"
2020-05-21,70.8633246560138,"W = 150"
2020-05-22,71.0710814964499,"W = 150"
2020-05-25,71.7702937565731,"W = 150"
2020-05-26,71.7138119023698,"W = 150"
2020-05-27,71.6985994291404,"W = 150"
2020-05-28,71.7286533863409,"W = 150"
2020-05-29,71.8261923399877,"W = 150"
2020-06-01,71.6206763515152,"W = 150"
2020-06-02,71.6161414518809,"W = 150"
2020-06-03,72.0379379198894,"W = 150"
2020-06-04,71.9761336503501,"W = 150"
2020-06-05,72.4457433865092,"W = 150"
2020-06-08,72.5252306739692,"W = 150"
2020-06-09,73.4717399026191,"W = 150"
2020-06-10,73.3926091314037,"W = 150"
2020-06-12,73.3112516857276,"W = 150"
2020-06-15,73.3355198079181,"W = 150"
2020-06-16,72.7650363178436,"W = 150"
2020-06-17,72.8720181328362,"W = 150"
2020-06-18,72.928216401638,"W = 150"
2020-06-19,72.9686615994905,"W = 150"
2020-06-22,72.9022791158791,"W = 150"
2020-06-23,72.7725887383163,"W = 150"
2020-06-24,72.8070427173551,"W = 150"
2020-06-25,72.569350266833,"W = 150"
2020-06-26,72.5415167930039,"W = 150"
2020-06-29,72.3595829893358,"W = 150"
2020-06-30,72.4974221740656,"W = 150"
2020-07-01,72.7365309546269,"W = 150"
2020-07-02,72.8547592487844,"W = 150"
2020-07-03,72.7462468187602,"W = 150"
2020-07-06,72.5841188637459,"W = 150"
2020-07-07,72.7180975925359,"W = 150"
2020-07-08,72.7944208666007,"W = 150"
2020-07-09,72.4294188025927,"W = 150"
2020-07-10,72.5344430367115,"W = 150"
2020-07-13,72.6146596762083,"W = 150"
2020-07-14,72.6756250463079,"W = 150"
2020-07-15,72.7468353801291,"W = 150"
2020-07-16,73.0692795396889,"W = 150"
2020-07-17,72.8848224403314,"W = 150"
2020-07-20,73.0277971259395,"W = 150"
2020-07-21,73.0412734350034,"W = 150"
2020-07-22,72.8532394429972,"W = 150"
2020-07-23,72.6730524098489,"W = 150"
2020-07-24,72.418720309132,"W = 150"
2020-07-27,72.6001530115505,"W = 150"
2020-07-28,72.5090390917694,"W = 150"
2020-07-29,72.1642825986783,"W = 150"
2020-07-30,72.4760359620857,"W = 150"
2020-07-31,72.3184225201437,"W = 150"
2020-08-03,72.3566691382429,"W = 150"
2020-08-04,72.5559892629879,"W = 150"
2020-08-05,72.4940571813146,"W = 150"
2020-08-06,72.2572703549305,"W = 150"
2020-08-07,76.2959087060144,"W = 150"
2020-08-10,76.4144330781877,"W = 150"
2020-08-11,76.7064683315889,"W = 150"
2020-08-12,76.5807017605297,"W = 150"
2020-08-13,76.4766605507299,"W = 150"
2020-08-14,76.4931904484745,"W = 150"
2020-08-17,76.5098496421029,"W = 150"
2020-08-18,76.377365149227,"W = 150"
2020-08-19,76.7302311741621,"W = 150"
2020-08-20,76.6988074228195,"W = 150"
2020-08-21,76.9796677960083,"W = 150"
2020-08-24,76.9779859751964,"W = 150"
2020-08-25,76.8534074608923,"W = 150"
2020-08-26,76.9105695514018,"W = 150"
2020-08-27,76.8059667234912,"W = 150"
2020-08-28,77.2098104990835,"W = 150"
2020-08-31,74.0282041685441,"W = 150"
2020-09-01,73.2059914580731,"W = 150"
2020-09-02,73.5670944274104,"W = 150"
2020-09-03,73.6134695412189,"W = 150"
2020-09-04,73.7537559552858,"W = 150"
2020-09-08,74.0858026162904,"W = 150"
2020-09-09,74.4329107569594,"W = 150"
2020-09-10,74.4293110684925,"W = 150"
2020-09-11,74.4863717280096,"W = 150"
2020-09-14,74.4475629374123,"W = 150"
2020-09-15,74.7021125898123,"W = 150"
2020-09-16,74.2093310028853,"W = 150"
2020-09-17,73.5892164624805,"W = 150"
2020-09-18,73.9571539334654,"W = 150"
2020-09-21,74.0645527033457,"W = 150"
2020-09-22,74.109592002121,"W = 150"
2020-09-23,74.4358697180983,"W = 150"
2020-09-24,74.1073912585179,"W = 150"
2020-09-25,74.245561095946,"W = 150"
2020-09-28,74.2522567485376,"W = 150"
2020-09-29,74.4919061443071,"W = 150"
2020-09-30,74.7157186747631,"W = 150"
2020-10-01,74.4910771794543,"W = 150"
2020-10-02,74.3912812771973,"W = 150"
2020-10-05,74.2778549602026,"W = 150"
2020-10-06,73.4989171820089,"W = 150"
2020-10-07,73.7378387345209,"W = 150"
2020-10-08,72.8867874458044,"W = 150"
2020-10-09,71.518164086796,"W = 150"
2020-10-13,69.3032624833244,"W = 150"
2020-10-14,69.048650723625,"W = 150"
2020-10-15,70.1531202334233,"W = 150"
2020-10-16,69.6192614054738,"W = 150"
2020-10-19,68.5678427422665,"W = 150"
2020-10-20,68.3954112782596,"W = 150"
2020-10-21,68.4939393021526,"W = 150"
2020-10-22,66.8770118024731,"W = 150"
2020-10-23,65.5504203824862,"W = 150"
2020-10-26,65.5218346288453,"W = 150"
2020-10-27,65.0346835428863,"W = 150"
2020-10-28,65.0302143963187,"W = 150"
2020-10-29,65.6491168380269,"W = 150"
2020-10-30,65.1766064923514,"W = 150"
2020-11-03,65.15297237282,"W = 150"
2020-11-04,64.4442673309083,"W = 150"
2020-11-05,62.8208807554428,"W = 150"
2020-11-06,61.7211518226001,"W = 150"
2020-11-09,62.6245510112042,"W = 150"
2020-11-10,62.7342194563871,"W = 150"
2020-11-11,62.5931944131828,"W = 150"
2020-11-12,62.5694940128509,"W = 150"
2020-11-13,62.4587528595114,"W = 150"
2020-11-16,62.3988812000402,"W = 150"
2020-11-17,61.9366365287943,"W = 150"
2020-11-18,61.9684922296629,"W = 150"
2020-11-19,62.5070600254758,"W = 150"
2020-11-20,61.9207521782698,"W = 150"
2020-11-23,59.9873811386795,"W = 150"
2020-11-24,59.8776674114593,"W = 150"
2020-11-25,59.9515533121311,"W = 150"
2020-11-26,59.5372485285069,"W = 150"
2020-11-27,58.7236135241828,"W = 150"
2020-11-30,59.0595508095329,"W = 150"
2020-12-01,59.7816857894474,"W = 150"
2020-12-02,59.761996914884,"W = 150"
2020-12-03,59.3717845578007,"W = 150"
2020-12-04,58.3167825790812,"W = 150"
2020-12-07,57.2268403352116,"W = 150"
2020-12-08,57.4325622119406,"W = 150"
2020-12-09,57.6213637485796,"W = 150"
2020-12-10,57.0197336538047,"W = 150"
2020-12-11,56.9728345143786,"W = 150"
2020-12-14,56.4741945363221,"W = 150"
2020-12-15,56.8223797976871,"W = 150"
2020-12-16,56.858446967206,"W = 150"
2020-12-17,57.6414201995858,"W = 150"
2020-12-18,57.0732888059338,"W = 150"
2020-12-21,56.1056879887068,"W = 150"
2020-12-22,56.1019034053843,"W = 150"
2020-12-23,56.5109639473378,"W = 150"
2020-12-28,56.5362951249785,"W = 150"
2020-12-29,56.5547120554247,"W = 150"
2020-12-30,56.7104832398548,"W = 150"
2021-01-04,56.7745143139259,"W = 150"
2021-01-05,55.1612946079933,"W = 150"
2021-01-06,53.7290739668312,"W = 150"
2021-01-07,52.6458788467969,"W = 150"
2021-01-08,52.6161983349734,"W = 150"
2021-01-11,51.7732509936064,"W = 150"
2021-01-12,52.0821997732428,"W = 150"
2021-01-13,50.6183340486234,"W = 150"
2021-01-14,49.525738501533,"W = 150"
2021-01-15,48.2562170601555,"W = 150"
2021-01-18,48.1489542859859,"W = 150"
2021-01-19,48.0064053722815,"W = 150"
2021-01-20,47.5885481777616,"W = 150"
2021-01-21,47.7292683658463,"W = 150"
2021-01-22,47.648904498454,"W = 150"
2021-01-26,48.504715987603,"W = 150"
2021-01-27,48.4005619743245,"W = 150"
2021-01-28,48.5506309226963,"W = 150"
2021-01-29,49.1881685657436,"W = 150"
2021-02-01,49.3944902963344,"W = 150"
2021-02-02,49.689928129088,"W = 150"
2021-02-03,48.7341054456057,"W = 150"
2021-02-04,48.5755062414742,"W = 150"
2021-02-05,47.9994385017469,"W = 150"
2021-02-08,48.5104081612445,"W = 150"
2021-02-09,47.5645680671301,"W = 150"
2021-02-10,47.5108752997799,"W = 150"
2021-02-11,47.2739056554387,"W = 150"
2021-02-12,47.3325291464822,"W = 150"
2021-02-17,47.5552177199711,"W = 150"
2021-02-18,47.736354527056,"W = 150"
2021-02-19,48.0861804375505,"W = 150"
2021-02-22,49.2743732545135,"W = 150"
2021-02-23,49.8233944825169,"W = 150"
2021-02-24,49.6276724948077,"W = 150"
2021-02-25,49.878369681486,"W = 150"
2021-02-26,50.8360020532337,"W = 150"
2021-03-01,50.9400503750685,"W = 150"
2021-03-02,53.4546346895643,"W = 150"
2021-03-03,54.6624079255746,"W = 150"
2021-03-04,54.9705114303674,"W = 150"
2021-03-05,55.0595913242448,"W = 150"
2021-03-08,56.1046133144812,"W = 150"
2021-03-09,55.996930738367,"W = 150"
2021-03-10,55.8850276266788,"W = 150"
2021-03-11,55.7315348618207,"W = 150"
2021-03-12,55.9837965389809,"W = 150"
2021-03-15,55.4207379026353,"W = 150"
2021-03-16,55.3654186635483,"W = 150"
2021-03-17,55.1339442380146,"W = 150"
2021-03-18,55.0807454522534,"W = 150"
2021-03-19,54.8360512685407,"W = 150"
2021-03-22,54.9341998386398,"W = 150"
2021-03-23,54.6094164759435,"W = 150"
2021-03-24,55.1159559808692,"W = 150"
2021-03-25,54.4272293960613,"W = 150"
2021-03-26,53.9393654207434,"W = 150"
2021-03-29,53.5202425976265,"W = 150"
2021-03-30,53.8331466551289,"W = 150"
2021-03-31,54.084810811229,"W = 150"
2021-04-01,53.8359791808682,"W = 150"
2021-04-05,53.8440466340324,"W = 150"
2021-04-06,53.7251844561863,"W = 150"
2021-04-07,57.964615751784,"W = 150"
2021-04-08,58.4269839799292,"W = 150"
2021-04-09,58.5040493846538,"W = 150"
2021-04-12,58.3724626730253,"W = 150"
2021-04-13,58.3597675622906,"W = 150"
2021-04-14,57.7676422538324,"W = 150"
2021-04-15,57.7832374223569,"W = 150"
2021-04-16,57.8889406745832,"W = 150"
2021-04-19,57.9396250325682,"W = 150"
2021-04-20,58.3479924123813,"W = 150"
2021-04-22,58.4760664167633,"W = 150"
2021-04-23,58.8326354800659,"W = 150"
2021-04-26,58.411011919439,"W = 150"
2021-04-27,58.2824854811368,"W = 150"
2021-04-28,58.0531186338725,"W = 150"
2021-04-29,58.2772245853361,"W = 150"
2021-04-30,58.4095244336629,"W = 150"
2021-05-03,58.4251083956401,"W = 150"
2021-05-04,58.0930215174116,"W = 150"
2021-05-05,56.8128465135085,"W = 150"
2021-05-06,56.4454426479335,"W = 150"
2021-05-07,56.5109605016785,"W = 150"
2021-05-10,56.9289170098018,"W = 150"
2021-05-11,56.0775987708025,"W = 150"
2021-05-12,55.8827400853224,"W = 150"
2021-05-13,55.9259374387993,"W = 150"
2021-05-14,55.5198341942719,"W = 150"
2021-05-17,55.729429872226,"W = 150"
2021-05-18,55.0440469605351,"W = 150"
2021-05-19,55.18287958466,"W = 150"
2021-05-20,54.5844703451292,"W = 150"
2021-05-21,56.0300212774153,"W = 150"
2021-05-24,55.4333130350223,"W = 150"
2021-05-25,55.4726130052739,"W = 150"
2021-05-26,55.4110500682782,"W = 150"
2021-05-27,55.9695678991772,"W = 150"
2021-05-28,56.1267808217518,"W = 150"
2021-05-31,56.41648277346,"W = 150"
2021-06-01,56.0691876885674,"W = 150"
2021-06-02,55.8866983173727,"W = 150"
2021-06-04,56.0203661022616,"W = 150"
2021-06-07,53.8425117702873,"W = 150"
2021-06-08,54.187033228597,"W = 150"
2021-06-09,54.0077581998692,"W = 150"
2021-06-10,54.3849816467234,"W = 150"
2021-06-11,54.1964901485684,"W = 150"
2021-06-14,54.7010876728871,"W = 150"
2021-06-15,52.1432683369621,"W = 150"
2021-06-16,52.160439709995,"W = 150"
2021-06-17,53.0803130791078,"W = 150"
2021-06-18,53.1670824583104,"W = 150"
2021-06-21,53.2816409847786,"W = 150"
2021-06-22,53.0837997437051,"W = 150"
2021-06-23,53.4501444117702,"W = 150"
2021-06-24,53.6095300149851,"W = 150"
2021-06-25,53.6887989008309,"W = 150"
2021-06-28,53.9538018319923,"W = 150"
2021-06-29,53.7913429464093,"W = 150"
2021-06-30,54.2951113928646,"W = 150"
2021-07-01,54.0280187770814,"W = 150"
2021-07-02,53.9269028996764,"W = 150"
2021-07-05,55.1972934141289,"W = 150"
2021-07-06,55.4694798160985,"W = 150"
2021-07-07,53.6761513391731,"W = 150"
2021-07-08,53.9733714611437,"W = 150"
2021-07-12,54.7371189892644,"W = 150"
2021-07-13,54.8998201696459,"W = 150"
2021-07-14,54.4653294071272,"W = 150"
2021-07-15,54.2442867811689,"W = 150"
2021-07-16,54.5841484386695,"W = 150"
2021-07-19,54.7232336211889,"W = 150"
2021-07-20,54.8171682476962,"W = 150"
2021-07-21,55.0326372686406,"W = 150"
2021-07-22,55.5299182211706,"W = 150"
2021-07-23,55.0683829677649,"W = 150"
2021-07-26,55.1552527091053,"W = 150"
2021-07-27,55.1298873309604,"W = 150"
2021-07-28,53.5785099616847,"W = 150"
2021-07-29,53.1288659369054,"W = 150"
2021-07-30,53.4713931196857,"W = 150"
2021-08-02,53.8080218210595,"W = 150"
2021-08-03,53.6947965719616,"W = 150"
2021-08-04,53.6089582749385,"W = 150"
2021-08-05,53.6618923598919,"W = 150"
2021-08-06,53.6622152882501,"W = 150"
2021-08-09,53.679767374034,"W = 150"
2021-08-10,52.9436057743989,"W = 150"
2021-08-11,52.6423430452123,"W = 150"
2021-08-12,52.3901768194379,"W = 150"
2021-08-13,52.6528973085488,"W = 150"
2021-08-16,52.4395872366163,"W = 150"
2021-08-17,52.6126687558344,"W = 150"
2021-08-18,52.7519785852643,"W = 150"
2021-08-19,52.418492333351,"W = 150"
2021-08-20,52.3542878525869,"W = 150"
2021-08-23,52.4310257598123,"W = 150"
2021-08-24,52.07823276961,"W = 150"
2021-08-25,52.0416694265478,"W = 150"
2021-08-26,50.3176172308175,"W = 150"
2021-08-27,50.3285579776769,"W = 150"
2021-08-30,51.0903302208861,"W = 150"
2021-08-31,49.8426323031319,"W = 150"
2021-09-01,49.5192126454095,"W = 150"
2021-09-02,48.8106888279696,"W = 150"
2021-09-03,49.6261024534406,"W = 150"
2021-09-06,49.86623966623,"W = 150"
2021-09-08,50.7015616412027,"W = 150"
2021-09-09,50.3455343641096,"W = 150"
2021-09-10,50.5725509933969,"W = 150"
2021-09-13,50.6909359651323,"W = 150"
2021-09-14,51.1331889993204,"W = 150"
2021-09-15,50.4093974182267,"W = 150"
2021-09-16,50.4328993169861,"W = 150"
2021-09-17,50.7600952155268,"W = 150"
2021-09-20,50.8922715580893,"W = 150"
2021-09-21,46.9996160913623,"W = 150"
2021-09-22,47.1324157630081,"W = 150"
2021-09-23,47.3814865373798,"W = 150"
2021-09-24,46.700020629837,"W = 150"
2021-09-27,46.4743971796707,"W = 150"
2021-09-28,47.5358049233577,"W = 150"
2021-09-29,43.4489670608684,"W = 150"
2021-09-30,40.7747903701723,"W = 150"
2021-10-01,39.9475525886554,"W = 150"
2021-10-04,39.7552257725594,"W = 150"
2021-10-05,36.6975842274249,"W = 150"
2021-10-06,37.3163188826922,"W = 150"
2021-10-07,36.5313490816945,"W = 150"
2021-10-08,36.7363950979322,"W = 150"
2021-10-11,35.9856133923354,"W = 150"
2021-10-13,36.2580064194939,"W = 150"
2021-10-14,36.840531727795,"W = 150"
2021-10-15,36.7866707772702,"W = 150"
2021-10-18,36.0250647567215,"W = 150"
2021-10-19,36.0124739619188,"W = 150"
2021-10-20,36.0178571164753,"W = 150"
2021-10-21,39.5391192805779,"W = 150"
2021-10-22,44.6845889796689,"W = 150"
2021-10-25,44.7156712320946,"W = 150"
2021-10-26,44.8211548155696,"W = 150"
2021-10-27,45.3327802873752,"W = 150"
2021-10-28,45.3793770990045,"W = 150"
2021-10-29,45.1367948645571,"W = 150"
2021-11-01,45.8049767789369,"W = 150"
2021-11-03,46.2561781167207,"W = 150"
2021-11-04,46.7672174351081,"W = 150"
2021-11-05,47.2054455328624,"W = 150"
2021-11-08,47.3188793072743,"W = 150"
2021-11-09,48.5652797229625,"W = 150"
2021-11-10,48.6661131467916,"W = 150"
2021-11-11,48.9361468421724,"W = 150"
2021-11-12,49.4456355896967,"W = 150"
2021-11-16,49.5533990141089,"W = 150"
2021-11-17,49.4625493498389,"W = 150"
2021-11-18,49.6433033553322,"W = 150"
2021-11-19,48.572144193311,"W = 150"
2021-11-22,48.4282376483091,"W = 150"
2021-11-23,48.4117519638241,"W = 150"
2021-11-24,48.4432416482231,"W = 150"
2021-11-25,48.6626603229015,"W = 150"
2021-11-26,50.7017949290674,"W = 150"
2021-11-29,50.5898919706612,"W = 150"
2021-11-30,51.2263778837985,"W = 150"
2021-12-01,51.8088124626871,"W = 150"
2021-12-02,51.8251031051187,"W = 150"
2021-12-03,52.6260907062141,"W = 150"
2021-12-06,52.6198265450812,"W = 150"
2021-12-07,52.9065449573284,"W = 150"
2021-12-08,52.9526145450978,"W = 150"
2021-12-09,53.1554460283519,"W = 150"
2021-12-10,53.2905702721149,"W = 150"
2021-12-13,53.6275198968453,"W = 150"
2021-12-14,53.4581867082757,"W = 150"
2021-12-15,53.6067510991007,"W = 150"
2021-12-16,53.7561146472183,"W = 150"
2021-12-17,53.9465038245984,"W = 150"
2021-12-20,54.4143466911536,"W = 150"
2021-12-21,54.1929829069297,"W = 150"
2021-12-22,53.3803800254017,"W = 150"
2021-12-23,53.09830839503,"W = 150"
2021-12-27,53.3084408025156,"W = 150"
2021-12-28,53.0348453519784,"W = 150"
2021-12-29,53.117737188851,"W = 150"
2021-12-30,53.2742593320721,"W = 150"
2022-01-03,53.5970652110861,"W = 150"
2022-01-04,53.4630577325491,"W = 150"
2022-01-05,53.2858834656326,"W = 150"
2022-01-06,52.925596348619,"W = 150"
2022-01-07,52.7711724143384,"W = 150"
2022-01-10,53.2083868896234,"W = 150"
2022-01-11,53.7063125156581,"W = 150"
2022-01-12,53.473539112904,"W = 150"
2022-01-13,53.1629374339708,"W = 150"
2022-01-14,53.1924679891943,"W = 150"
2022-01-17,53.1569040838417,"W = 150"
2022-01-18,53.0639689543682,"W = 150"
2022-01-19,53.2406681370988,"W = 150"
2022-01-20,52.9655683663318,"W = 150"
2022-01-21,52.8359500719219,"W = 150"
2022-01-24,52.9927699367364,"W = 150"
2022-01-25,53.1018936009898,"W = 150"
2022-01-26,53.0441058238969,"W = 150"
2022-01-27,52.966122870787,"W = 150"
2022-01-28,53.1064256667746,"W = 150"
2022-01-31,52.8056804212101,"W = 150"
2022-02-01,52.9381446724158,"W = 150"
2022-02-02,52.5116107375832,"W = 150"
2022-02-03,50.5603025404848,"W = 150"
2022-02-04,50.2911928142948,"W = 150"
2022-02-07,51.2845457983292,"W = 150"
2022-02-08,51.3592675158723,"W = 150"
2022-02-09,50.4379201298205,"W = 150"
2022-02-10,50.8323871440614,"W = 150"
2022-02-11,50.9083422719341,"W = 150"
2022-02-14,50.6728963661558,"W = 150"
2022-02-15,49.5791367225491,"W = 150"
2022-02-16,49.2887077611929,"W = 150"
2022-02-17,49.3469645176273,"W = 150"
2022-02-18,49.0086271819734,"W = 150"
2022-02-21,47.5307344630898,"W = 150"
2022-02-22,47.2214588448981,"W = 150"
2022-02-23,46.3530597100262,"W = 150"
2022-02-24,49.3297919579413,"W = 150"
2022-02-25,49.7156583688731,"W = 150"
2022-03-02,49.5868623995982,"W = 150"
2022-03-03,49.2780177907779,"W = 150"
2022-03-04,49.1808447335789,"W = 150"
2022-03-07,49.3468636262617,"W = 150"
2022-03-08,49.2162157374783,"W = 150"
2022-03-09,49.6518524433146,"W = 150"
2022-03-10,49.7562521795793,"W = 150"
2022-03-11,49.7154796214743,"W = 150"
2022-03-14,50.5002307270602,"W = 150"
2022-03-15,50.2870712122397,"W = 150"
2022-03-16,50.2531033528936,"W = 150"
2022-03-17,50.2394851448639,"W = 150"
2022-03-18,49.8878910978373,"W = 150"
2022-03-21,49.7328035473303,"W = 150"
2022-03-22,50.0022581751745,"W = 150"
2022-03-23,50.2367311795772,"W = 150"
2022-03-24,50.2167475289962,"W = 150"
2022-03-25,49.5883736635926,"W = 150"
2022-03-28,50.2855990322908,"W = 150"
2022-03-29,50.0632450722898,"W = 150"
2022-03-30,50.5694000709356,"W = 150"
2022-03-31,50.4792145216968,"W = 150"
2022-04-01,49.8235066253359,"W = 150"
2022-04-04,49.5475435097992,"W = 150"
2022-04-05,50.0641397252095,"W = 150"
2022-04-06,49.8948858227392,"W = 150"
2022-04-07,49.7139339954587,"W = 150"
2022-04-08,49.6958939364638,"W = 150"
2022-04-11,50.4731262779196,"W = 150"
2022-04-12,49.7187329798091,"W = 150"
2022-04-13,49.9776082340784,"W = 150"
2022-04-14,50.9492474692134,"W = 150"
2022-04-18,51.440937903479,"W = 150"
2022-04-19,51.3327975684258,"W = 150"
2022-04-20,51.617417783661,"W = 150"
2022-04-22,51.8892207251299,"W = 150"
2022-04-25,51.4287212533666,"W = 150"
2022-04-26,51.723578465209,"W = 150"
2022-04-27,51.7236687047712,"W = 150"
2022-04-28,51.6233674035755,"W = 150"
2022-04-29,51.6144826533175,"W = 150"
2022-05-02,51.8116333662291,"W = 150"
2022-05-03,51.5054382715684,"W = 150"
2022-05-04,51.1599905422736,"W = 150"
2022-05-05,50.9513619612888,"W = 150"
2022-05-06,51.0327984488719,"W = 150"
2022-05-09,51.5977906588928,"W = 150"
2022-05-10,51.8846298682499,"W = 150"
2022-05-11,51.6057391804583,"W = 150"
2022-05-12,51.9345969616768,"W = 150"
2022-05-13,51.040450283688,"W = 150"
2022-05-16,50.6054209688133,"W = 150"
2022-05-17,50.4802864758934,"W = 150"
2022-05-18,50.4216419818364,"W = 150"
2022-05-19,50.6482546737449,"W = 150"
2022-05-20,50.9022889676361,"W = 150"
2022-05-23,50.8714545255552,"W = 150"
2022-05-24,50.7610706874239,"W = 150"
2022-05-25,47.4914829995099,"W = 150"
2022-05-26,44.5149728721138,"W = 150"
2022-05-27,45.8443799989816,"W = 150"
2022-05-30,45.2563490192186,"W = 150"
2022-05-31,44.9809081122048,"W = 150"
2022-06-01,43.2027461378285,"W = 150"
2022-06-02,43.5320594324484,"W = 150"
2022-06-03,43.6158549968127,"W = 150"
2022-06-06,42.849593249776,"W = 150"
2022-06-07,44.2237771224137,"W = 150"
2022-06-08,42.9624562316001,"W = 150"
2022-06-09,43.0949662296964,"W = 150"
2022-06-10,43.0151048777392,"W = 150"
2022-06-13,42.2684964464023,"W = 150"
2022-06-14,42.7622289469052,"W = 150"
2022-06-15,43.1761270917742,"W = 150"
2022-06-17,43.1148789870168,"W = 150"
2022-06-20,42.8587919751125,"W = 150"
2022-06-21,42.9576782854274,"W = 150"
2022-06-22,42.8120355925095,"W = 150"
2022-06-23,42.6759186475931,"W = 150"
2022-06-24,41.9653219454403,"W = 150"
2022-06-27,42.2558934814365,"W = 150"
2022-06-28,42.1149705885265,"W = 150"
2022-06-29,40.5092413614555,"W = 150"
2022-06-30,40.5696798562438,"W = 150"
2022-07-01,39.9834469745797,"W = 150"
2022-07-04,40.4543966782409,"W = 150"
2022-07-05,40.0575507850241,"W = 150"
2022-07-06,38.9595342195539,"W = 150"
2022-07-07,38.5715440461091,"W = 150"
2022-07-08,38.385787675542,"W = 150"
2022-07-11,38.641923211361,"W = 150"
2022-07-12,38.5379248098589,"W = 150"
2022-07-13,38.2990809203175,"W = 150"
2022-07-14,37.4208118850153,"W = 150"
2022-07-15,37.1917244073492,"W = 150"
2022-07-18,36.7472595898466,"W = 150"
2022-07-19,36.4470187575097,"W = 150"
2022-07-20,36.3592491541008,"W = 150"
2022-07-21,36.1629038395951,"W = 150"
2022-07-22,36.2033933593515,"W = 150"
2022-07-25,36.360767196606,"W = 150"
2022-07-26,36.5641794185487,"W = 150"
2022-07-27,36.948350259288,"W = 150"
2022-07-28,36.2099521100956,"W = 150"
2022-07-29,35.8482255963147,"W = 150"
2022-08-01,36.3313770943183,"W = 150"
2022-08-02,36.1653111210096,"W = 150"
2022-08-03,36.4988537681193,"W = 150"
2022-08-04,36.5930297281348,"W = 150"
2022-08-05,36.6333308937939,"W = 150"
2022-08-08,36.8808154688311,"W = 150"
2022-08-09,36.6582867162907,"W = 150"
2022-08-10,34.99286370651,"W = 150"
2022-08-11,34.9694907795204,"W = 150"
2022-08-12,35.3421950858383,"W = 150"
2022-08-15,35.2692351012256,"W = 150"
2022-08-16,35.25248729663,"W = 150"
2022-08-17,35.7045598695803,"W = 150"
2022-08-18,35.98628750009,"W = 150"
2022-08-19,35.7183045398696,"W = 150"
2022-08-22,35.4562757147561,"W = 150"
2022-08-23,36.1424645222003,"W = 150"
2022-08-24,35.952187197636,"W = 150"
2022-08-25,35.7476034276591,"W = 150"
2022-08-26,35.5197460976247,"W = 150"
2022-08-29,35.4055232701649,"W = 150"
2022-08-30,35.8937496569623,"W = 150"
2022-08-31,35.4619467157916,"W = 150"
2022-09-01,36.8585392383671,"W = 150"
2022-09-02,36.4904404295743,"W = 150"
2022-09-05,36.5743309971049,"W = 150"
2022-09-06,35.6200542855051,"W = 150"
2022-09-08,35.8735236677906,"W = 150"
2022-09-09,34.8498673565901,"W = 150"
2022-09-12,34.8955845527938,"W = 150"
2022-09-13,34.7927580392392,"W = 150"
2022-09-14,35.3630219358624,"W = 150"
2022-09-15,35.6822811479357,"W = 150"
2022-09-16,35.6843038197348,"W = 150"
2022-09-19,35.7802359733374,"W = 150"
2022-09-20,35.9591675093158,"W = 150"
2022-09-21,36.1880992125355,"W = 150"
2022-09-22,36.8038342976733,"W = 150"
2022-09-23,36.9767809155645,"W = 150"
2022-09-26,32.4232036085141,"W = 150"
2022-09-27,32.9616535289878,"W = 150"
2022-09-28,32.8265579325931,"W = 150"
2022-09-29,33.1302283353275,"W = 150"
2022-09-30,32.6030353563279,"W = 150"
2022-10-03,33.7158522011313,"W = 150"
2022-10-04,33.6008276008694,"W = 150"
2022-10-05,32.5666045606317,"W = 150"
2022-10-06,32.3616504723777,"W = 150"
2022-10-07,32.0623433351028,"W = 150"
2022-10-10,31.1455927379837,"W = 150"
2022-10-11,30.7778355574119,"W = 150"
2022-10-13,31.8828800330799,"W = 150"
2022-10-14,32.1866831550546,"W = 150"
2022-10-17,32.5689177422759,"W = 150"
2022-10-18,32.8544366716368,"W = 150"
2022-10-19,33.0868839435202,"W = 150"
2022-10-20,33.0236086808438,"W = 150"
2022-10-21,32.7785082787733,"W = 150"
2022-10-24,32.6145392190477,"W = 150"
2022-10-25,32.8423793233555,"W = 150"
2022-10-26,35.5266401031824,"W = 150"
2022-10-27,35.0427817849608,"W = 150"
2022-10-28,34.5536693723078,"W = 150"
2022-10-31,36.6289804099286,"W = 150"
2022-11-01,37.2959567515793,"W = 150"
2022-11-03,38.789565135563,"W = 150"
2022-11-04,38.8332884213848,"W = 150"
2022-11-07,38.720243443169,"W = 150"
2022-11-08,38.0768276686958,"W = 150"
2022-11-09,39.4132366533999,"W = 150"
2022-11-10,40.7866860471106,"W = 150"
2022-11-11,41.3856601862858,"W = 150"
2022-11-14,41.0727217071753,"W = 150"
2022-11-16,40.6563318574692,"W = 150"
2022-11-17,41.6633885564757,"W = 150"
2022-11-18,41.3594459007942,"W = 150"
2022-11-21,41.6003734806785,"W = 150"
2022-11-22,41.3944753899125,"W = 150"
2022-11-23,41.091307729594,"W = 150"
2022-11-24,41.3823503753174,"W = 150"
2022-11-25,41.5573864157325,"W = 150"
2022-11-28,41.4938650638462,"W = 150"
2022-11-29,41.6308525245704,"W = 150"
2022-11-30,41.8468376198341,"W = 150"
2022-12-01,42.3070619030352,"W = 150"
2022-12-02,42.4767986643127,"W = 150"
2022-12-05,42.5197662222643,"W = 150"
2022-12-06,41.8839389778469,"W = 150"
2022-12-07,41.6475689780805,"W = 150"
2022-12-08,41.640441797704,"W = 150"
2022-12-09,42.5477803843737,"W = 150"
2022-12-12,43.8954448663217,"W = 150"
2022-12-13,44.2809503639319,"W = 150"
2022-12-14,44.4875302518117,"W = 150"
2022-12-15,45.3620746980033,"W = 150"
2022-12-16,45.2404822414294,"W = 150"
2022-12-19,45.8922497473145,"W = 150"
2022-12-20,47.4682852953922,"W = 150"
2022-12-21,47.4314306805813,"W = 150"
2022-12-22,47.6162295025012,"W = 150"
2022-12-23,47.4439908586013,"W = 150"
2022-12-26,46.9303529033809,"W = 150"
2022-12-27,47.231576646318,"W = 150"
2022-12-28,47.0261113167241,"W = 150"
2022-12-29,46.0491837879808,"W = 150"
2023-01-02,46.0902546391759,"W = 150"
2023-01-03,45.8229652271196,"W = 150"
2023-01-04,45.7539941249362,"W = 150"
2023-01-05,44.9131789160722,"W = 150"
2023-01-06,45.2445684216756,"W = 150"
2023-01-09,45.1413465400765,"W = 150"
2023-01-10,45.6084951572379,"W = 150"
2023-01-11,45.5278558966698,"W = 150"
2023-01-12,45.5531164588383,"W = 150"
2023-01-13,45.2327275755938,"W = 150"
2023-01-16,45.2697561580704,"W = 150"
2023-01-17,45.4523962427571,"W = 150"
2023-01-18,45.5715156383069,"W = 150"
2023-01-19,45.8449901808829,"W = 150"
2023-01-20,45.7695522364383,"W = 150"
2023-01-23,46.1556527095367,"W = 150"
2023-01-24,45.3393123640415,"W = 150"
2023-01-25,45.4516127272264,"W = 150"
2023-01-26,45.4821641984736,"W = 150"
2023-01-27,45.7446221188587,"W = 150"
2023-01-30,45.6825830080077,"W = 150"
2023-01-31,44.4693114932672,"W = 150"
2023-02-01,44.7670739104262,"W = 150"
2023-02-02,46.6578244416067,"W = 150"
2023-02-03,46.4498150976614,"W = 150"
2023-02-06,46.6054177933392,"W = 150"
2023-02-07,46.4793056031353,"W = 150"
2023-02-08,46.3938240565654,"W = 150"
2023-02-09,46.8961104437611,"W = 150"
2023-02-10,46.2901459351816,"W = 150"
2023-02-13,46.1302705673508,"W = 150"
2023-02-14,45.7901950446168,"W = 150"
2023-02-15,45.7407517482192,"W = 150"
2023-02-16,45.4248953762086,"W = 150"
2023-02-17,45.4543481021843,"W = 150"
2023-02-22,44.6363336586104,"W = 150"
2023-02-23,43.9542886913976,"W = 150"
2023-02-24,44.0942519833186,"W = 150"
2023-02-27,43.5866172576225,"W = 150"
2023-02-28,43.4025774645372,"W = 150"
2023-03-01,43.5895229652653,"W = 150"
2023-03-02,43.2537773248617,"W = 150"
2023-03-03,43.7269115290207,"W = 150"
2023-03-06,43.6658083653493,"W = 150"
2023-03-07,43.5436569363291,"W = 150"
2023-03-08,43.9275814639478,"W = 150"
2023-03-09,43.7899440902247,"W = 150"
2023-03-10,43.9575569506658,"W = 150"
2023-03-13,44.6694399662041,"W = 150"
2023-03-14,45.5743576647547,"W = 150"
2023-03-15,46.150049805494,"W = 150"
2023-03-16,46.0902933726458,"W = 150"
2023-03-17,46.083977862989,"W = 150"
2023-03-20,45.9626390437803,"W = 150"
2023-03-21,45.3689846933724,"W = 150"
2023-03-22,45.4231489746078,"W = 150"
2023-03-23,45.8613242166227,"W = 150"
2023-03-24,45.1522203148193,"W = 150"
2023-03-27,45.0927081994675,"W = 150"
2023-03-28,44.3916756435146,"W = 150"
2023-03-29,43.9846540690728,"W = 150"
2023-03-30,44.0629569120989,"W = 150"
2023-03-31,43.4519574169513,"W = 150"
2023-04-03,44.3871230290637,"W = 150"
2023-04-04,44.1007859652952,"W = 150"
2023-04-05,44.2690802577341,"W = 150"
2023-04-06,44.2525398667416,"W = 150"
2023-04-10,45.3074713039256,"W = 150"
2023-04-11,45.1681204800733,"W = 150"
2023-04-12,44.8061057986305,"W = 150"
2023-04-13,45.0578201830713,"W = 150"
2023-04-14,45.2448399175427,"W = 150"
2023-04-17,45.3976743028448,"W = 150"
2023-04-18,45.2224653096627,"W = 150"
2023-04-19,46.3593923917488,"W = 150"
2023-04-20,46.623201551059,"W = 150"
2023-04-24,46.6267515284218,"W = 150"
2023-04-25,46.2357589514047,"W = 150"
2023-04-26,46.4211219022417,"W = 150"
2023-04-27,47.3618508406094,"W = 150"
2023-04-28,47.3545462340647,"W = 150"
2023-05-02,47.0591050348212,"W = 150"
2023-05-03,46.6381965917669,"W = 150"
2023-05-04,46.5590659792055,"W = 150"
2023-05-05,46.1789692134669,"W = 150"
2023-05-08,45.2223749811668,"W = 150"
2023-05-09,45.2532355640563,"W = 150"
2023-05-10,45.041986058667,"W = 150"
2023-05-11,44.4155665172737,"W = 150"
2023-05-12,44.1615339587234,"W = 150"
2023-05-15,44.681652291588,"W = 150"
2023-05-16,44.8964367024961,"W = 150"
2023-05-17,45.6809926123172,"W = 150"
2023-05-18,46.6666627998735,"W = 150"
2023-05-19,46.0511290597045,"W = 150"
2023-05-22,45.7370502093663,"W = 150"
2023-05-23,44.5950547000708,"W = 150"
2023-05-24,44.8082423665028,"W = 150"
2023-05-25,44.8523095474697,"W = 150"
2023-05-26,45.2654408501405,"W = 150"
2023-05-29,46.6972802105686,"W = 150"
2023-05-30,44.2676065429325,"W = 150"
2023-05-31,43.7681630630405,"W = 150"
2023-06-01,44.0663576448573,"W = 150"
2023-06-02,42.7684644831654,"W = 150"
2023-06-05,41.982161786825,"W = 150"
2023-06-06,42.479443693576,"W = 150"
2023-06-07,43.2383839209796,"W = 150"
2023-06-09,43.89062857666,"W = 150"
2023-06-12,43.8674854892046,"W = 150"
2023-06-13,43.4807074637997,"W = 150"
2023-06-14,41.8416656608945,"W = 150"
2023-06-15,41.1799328869184,"W = 150"
2023-06-16,41.608316870333,"W = 150"
2023-06-19,42.8501187095982,"W = 150"
2023-06-20,43.0318910244427,"W = 150"
2023-06-21,42.7754361625149,"W = 150"
2023-06-22,41.9056806900973,"W = 150"
2023-06-23,42.539738445332,"W = 150"
2023-06-26,42.7119966314196,"W = 150"
2023-06-27,42.851616485374,"W = 150"
2023-06-28,43.4689432312692,"W = 150"
2023-06-29,43.3135843850126,"W = 150"
2023-06-30,42.9225318036881,"W = 150"
2023-07-03,42.4618635583861,"W = 150"
2023-07-04,44.0425542459404,"W = 150"
2023-07-05,42.9187506515002,"W = 150"
2023-07-06,43.0178080721994,"W = 150"
2023-07-07,43.0040884281145,"W = 150"
2023-07-10,43.8335981939603,"W = 150"
2023-07-11,44.1197608152414,"W = 150"
2023-07-12,43.8768412410916,"W = 150"
2023-07-13,41.7732349530561,"W = 150"
2023-07-14,41.5681800962113,"W = 150"
2023-07-17,41.5600467749107,"W = 150"
2023-07-18,40.7469354591525,"W = 150"
2023-07-19,41.3108561839559,"W = 150"
2023-07-20,41.2243876671801,"W = 150"
2023-07-21,40.6420790481252,"W = 150"
2023-07-24,40.394599483433,"W = 150"
2023-07-25,40.4421957689313,"W = 150"
2023-07-26,40.7618137146444,"W = 150"
2023-07-27,40.745695326742,"W = 150"
2023-07-28,41.1170477332622,"W = 150"
2023-07-31,41.6002734000138,"W = 150"
2023-08-01,41.6225549193348,"W = 150"
2023-08-02,42.2645849313268,"W = 150"
2023-08-03,42.4516620818382,"W = 150"
2023-08-04,42.0262531119888,"W = 150"
2023-08-07,41.3760241071269,"W = 150"
2023-08-08,41.7099474812497,"W = 150"
2023-08-09,41.4624799027524,"W = 150"
2023-08-10,40.6322090585007,"W = 150"
2023-08-11,41.3417964006732,"W = 150"
2023-08-14,39.6489426497441,"W = 150"
2023-08-15,39.6202894217148,"W = 150"
2023-08-16,39.8601549210535,"W = 150"
2023-08-17,39.6845720236609,"W = 150"
2023-08-18,39.5469837746048,"W = 150"
2023-08-21,39.6366171716405,"W = 150"
2023-08-22,39.9238854050244,"W = 150"
2023-08-23,40.0350788876485,"W = 150"
2023-08-24,41.6129000830847,"W = 150"
2023-08-25,41.2452012544232,"W = 150"
2023-08-28,41.1500496501058,"W = 150"
2023-08-29,41.0810624720241,"W = 150"
2023-08-30,41.1614307095742,"W = 150"
2023-08-31,41.3181262049145,"W = 150"
2023-09-01,40.7760130260976,"W = 150"
2023-09-04,37.9333843984352,"W = 150"
2023-09-05,37.8336135826388,"W = 150"
2023-09-06,37.9893775259394,"W = 150"
2023-09-08,37.8809393103737,"W = 150"
2023-09-11,37.5676388314064,"W = 150"
2023-09-12,37.0094523724487,"W = 150"
2023-09-13,36.5881102216647,"W = 150"
2023-09-14,36.7419109054569,"W = 150"
2023-09-15,37.1672626798135,"W = 150"
2023-09-18,36.5568592855959,"W = 150"
2023-09-19,36.3553769406879,"W = 150"
2023-09-20,36.071345586782,"W = 150"
2023-09-21,36.335635454263,"W = 150"
2023-09-22,36.1052550264835,"W = 150"
2023-09-25,36.4719840120093,"W = 150"
2023-09-26,37.2879394956306,"W = 150"
2023-09-27,36.9848944449543,"W = 150"
2023-09-28,35.3587735271907,"W = 150"
2023-09-29,35.2171522467232,"W = 150"
2023-10-02,35.2825986550081,"W = 150"
2023-10-03,35.3459757951748,"W = 150"
2023-10-04,35.4238437380857,"W = 150"
2023-10-05,35.7684491200794,"W = 150"
2023-10-06,36.6839183679189,"W = 150"
2023-10-09,36.4549760204869,"W = 150"
2023-10-10,36.2983116122485,"W = 150"
2023-10-11,36.2183939910589,"W = 150"
2023-10-13,34.7726259959311,"W = 150"
2023-10-16,34.5992737467898,"W = 150"
2023-10-17,34.5176332010059,"W = 150"
2023-10-18,33.991475977283,"W = 150"
2023-10-19,34.6179887942026,"W = 150"
2023-10-20,34.1530128093974,"W = 150"
2023-10-23,32.1106840034343,"W = 150"
2023-10-24,31.6257569756033,"W = 150"
2023-10-25,31.4427168090722,"W = 150"
2023-10-26,31.4455411812743,"W = 150"
2023-10-27,30.8199823053865,"W = 150"
2023-10-30,29.969301586249,"W = 150"
2023-10-31,29.9196693672587,"W = 150"
2023-11-01,30.3468297454056,"W = 150"
2023-11-03,32.2442779818943,"W = 150"
2023-11-06,31.886047342549,"W = 150"
2023-11-07,31.8116687011656,"W = 150"
2023-11-08,31.6354976274025,"W = 150"
2023-11-09,31.8145750716748,"W = 150"
2023-11-10,30.3367217440727,"W = 150"
2023-11-13,30.2376693468797,"W = 150"
2023-11-14,30.0337426472652,"W = 150"
2023-11-16,29.8582455742114,"W = 150"
2023-11-17,29.9391247870368,"W = 150"
2023-11-20,29.4706442671206,"W = 150"
2023-11-21,29.8562408635493,"W = 150"
2023-11-22,30.0411083920068,"W = 150"
2023-11-23,29.6838807957163,"W = 150"
2023-11-24,30.2651773454787,"W = 150"
2023-11-27,30.8281822191991,"W = 150"
2023-11-28,30.841674517566,"W = 150"
2023-11-29,30.4686974571888,"W = 150"
2023-11-30,30.9614758262637,"W = 150"
2023-12-01,30.6297324829578,"W = 150"
2023-12-04,30.5939674864326,"W = 150"
2023-12-05,31.2024056912497,"W = 150"
2023-12-06,30.9154035492663,"W = 150"
2023-12-07,31.0161465149663,"W = 150"
2023-12-08,30.2236552089036,"W = 150"
2023-12-11,30.5602924862428,"W = 150"
2023-12-12,30.2621081958452,"W = 150"
2023-12-13,30.5651800746999,"W = 150"
2023-12-14,30.6027977272818,"W = 150"
2023-12-15,30.0492283851687,"W = 150"
2023-12-18,29.698922232148,"W = 150"
2023-12-19,29.4824583273782,"W = 150"
2023-12-20,29.3106452067962,"W = 150"
2023-12-21,27.8071503658956,"W = 150"
2023-12-22,26.8640062704639,"W = 150"
2023-12-26,26.3218875345518,"W = 150"
2023-12-27,26.4023154478098,"W = 150"
2023-12-28,27.3520367797772,"W = 150"
2024-01-02,27.3349419472516,"W = 150"
2024-01-03,27.4635086632047,"W = 150"
2024-01-04,27.0437715427586,"W = 150"
2024-01-05,26.4950045208277,"W = 150"
2024-01-08,27.3263473133396,"W = 150"
2024-01-09,26.8044235848973,"W = 150"
2024-01-10,26.8060703391653,"W = 150"
2024-01-11,27.122135771433,"W = 150"
2024-01-12,27.0667019197015,"W = 150"
2024-01-15,26.9936515072161,"W = 150"
2024-01-16,27.5215649648879,"W = 150"
2024-01-17,27.5132524679168,"W = 150"
2024-01-18,27.1226631831249,"W = 150"
2024-01-19,26.944833436807,"W = 150"
2024-01-22,26.5263784463271,"W = 150"
2024-01-23,26.2959408808049,"W = 150"
2024-01-24,26.1735734496844,"W = 150"
2024-01-25,26.564853258324,"W = 150"
2024-01-26,25.8528800764045,"W = 150"
2024-01-29,26.0462155974606,"W = 150"
2024-01-30,26.9765936872064,"W = 150"
2024-01-31,26.4244199472083,"W = 150"
2024-02-01,26.5100952461294,"W = 150"
2024-02-02,26.0091091919826,"W = 150"
2024-02-05,26.1915725499361,"W = 150"
2024-02-06,25.6531509591237,"W = 150"
2024-02-07,25.8326997962536,"W = 150"
2024-02-08,25.5841017130037,"W = 150"
2024-02-09,24.8450795528539,"W = 150"
2024-02-14,24.6836484777227,"W = 150"
2024-02-15,25.2037503491768,"W = 150"
2024-02-16,26.0560641455054,"W = 150"
2024-02-19,25.5295955927437,"W = 150"
2024-02-20,25.4389414861236,"W = 150"
2024-02-21,25.6118937489089,"W = 150"
2024-02-22,26.4144425960745,"W = 150"
2024-02-23,26.393537825616,"W = 150"
2024-02-26,26.6225861129506,"W = 150"
2024-02-27,26.2616811115347,"W = 150"
2024-02-28,26.4819813217743,"W = 150"
2024-02-29,26.7084026882674,"W = 150"
2024-03-01,27.1211354247541,"W = 150"
2024-03-04,27.3021482965386,"W = 150"
2024-03-05,27.2667054486056,"W = 150"
2024-03-06,27.2410590644463,"W = 150"
2024-03-07,26.7024524439043,"W = 150"
2024-03-08,26.5941501692272,"W = 150"
2024-03-11,28.2983364398021,"W = 150"
2024-03-12,27.6328049326868,"W = 150"
2024-03-13,27.4746492828799,"W = 150"
2024-03-14,28.1483196418932,"W = 150"
2024-03-15,28.2371653543718,"W = 150"
2024-03-18,28.229927272769,"W = 150"
2024-03-19,28.5678289874157,"W = 150"
2024-03-20,28.2196782809409,"W = 150"
2024-03-21,27.4281993157513,"W = 150"
2024-03-22,27.6375778982623,"W = 150"
2024-03-25,28.1573416779867,"W = 150"
2024-03-26,28.1052450470248,"W = 150"
2024-03-27,27.806790543886,"W = 150"
2024-03-28,27.9369242793216,"W = 150"
2024-04-01,27.4788764471261,"W = 150"
2024-04-02,26.8640997917491,"W = 150"
2024-04-03,26.9397932763512,"W = 150"
2024-04-04,28.2438836289751,"W = 150"
2024-04-05,28.6599096811511,"W = 150"
2024-04-08,28.4706052721729,"W = 150"
2024-04-09,28.9542905999871,"W = 150"
2024-04-10,29.0202511289976,"W = 150"
2024-04-11,29.2097092766404,"W = 150"
2024-04-12,29.5702528940016,"W = 150"
2024-04-15,29.6291588954502,"W = 150"
2024-04-16,29.4031595568489,"W = 150"
2024-04-17,29.3525515867145,"W = 150"
2024-04-18,29.677493002762,"W = 150"
2024-04-19,30.1576976368106,"W = 150"
2024-04-22,30.0333334042264,"W = 150"
2024-04-23,29.9166734673872,"W = 150"
2024-04-24,30.1554608777175,"W = 150"
2024-04-25,29.8447773001586,"W = 150"
2024-04-26,29.7112152640838,"W = 150"
2024-04-29,30.0164488008469,"W = 150"
2024-04-30,29.7300751568831,"W = 150"
2024-05-02,28.6769422246977,"W = 150"
2024-05-03,29.2786997887505,"W = 150"
2024-05-06,29.4053972292714,"W = 150"
2024-05-07,29.4148704047629,"W = 150"
2024-05-08,29.3017965901365,"W = 150"
2024-05-09,29.2238645111878,"W = 150"
2024-05-10,28.5296547930902,"W = 150"
2024-05-13,27.009174068529,"W = 150"
2024-05-14,26.7134540202472,"W = 150"
2024-05-15,26.5372605619219,"W = 150"
2024-05-16,26.4511375227407,"W = 150"
2024-05-17,26.3666838849859,"W = 150"
2024-05-20,26.4157338776701,"W = 150"
2024-05-21,26.3900726278815,"W = 150"
2024-05-22,25.9809095445752,"W = 150"
2024-05-23,25.1662567409343,"W = 150"
2024-05-24,25.1270726429844,"W = 150"
2024-05-27,25.6581754614233,"W = 150"
2024-05-28,24.7553166945469,"W = 150"
2024-05-29,23.8831775733095,"W = 150"
2024-05-31,23.3191797815284,"W = 150"
2024-06-03,23.3122265136302,"W = 150"
2024-06-04,23.1916989765774,"W = 150"
2024-06-05,23.854364061391,"W = 150"
2024-06-06,24.203734118732,"W = 150"
2024-06-07,22.1917115772714,"W = 150"
2024-06-10,22.1933430250291,"W = 150"
2024-06-11,22.2158175822368,"W = 150"
2024-06-12,22.598077808265,"W = 150"
2024-06-13,22.0155406319646,"W = 150"
2024-06-14,21.9543454299686,"W = 150"
2024-06-17,22.2461866325926,"W = 150"
2024-06-18,21.7703310451165,"W = 150"
2024-06-19,21.7607858838819,"W = 150"
2024-06-20,21.9100490788906,"W = 150"
2024-06-21,21.7530275275204,"W = 150"
2024-06-24,21.8677887690209,"W = 150"
2024-06-25,21.4453715073794,"W = 150"
2024-06-26,21.7244364427975,"W = 150"
2024-06-27,21.5000962333048,"W = 150"
2024-06-28,21.3424624196799,"W = 150"
2024-07-01,21.3131611880062,"W = 150"
2024-07-02,21.6767976241276,"W = 150"
2024-07-03,21.7206382672677,"W = 150"
2024-07-04,21.4246254388835,"W = 150"
2024-07-05,21.4225812193182,"W = 150"
2024-07-08,21.3622266180067,"W = 150"
2024-07-09,21.3532718674109,"W = 150"
2024-07-10,21.6648170315412,"W = 150"
2024-07-11,21.6824519596594,"W = 150"
2024-07-12,22.1474109065724,"W = 150"
2024-07-15,22.5358585517094,"W = 150"
2024-07-16,22.6763471340946,"W = 150"
2024-07-17,22.7280233567315,"W = 150"
2024-07-18,22.7161197453358,"W = 150"
2024-07-19,22.823608209458,"W = 150"
2024-07-22,22.7323211534599,"W = 150"
2024-07-23,24.7627009825105,"W = 150"
2024-07-24,25.7155737772237,"W = 150"
2024-07-25,27.8453694518871,"W = 150"
2024-07-26,22.9608342325111,"W = 150"
2024-07-29,23.229235880059,"W = 150"
2024-07-30,23.078184889476,"W = 150"
2024-07-31,22.9358355601037,"W = 150"
2024-08-01,22.9419484884739,"W = 150"
2024-08-02,23.2328362699158,"W = 150"
2024-08-05,26.4131016448786,"W = 150"
2024-08-06,26.6473269088387,"W = 150"
2024-08-07,26.631566140394,"W = 150"
2024-08-08,26.5476549690032,"W = 150"
2024-08-09,26.1858736531165,"W = 150"
2024-08-12,25.9779613673044,"W = 150"
2024-08-13,26.0822464507517,"W = 150"
2024-08-14,26.3672131206777,"W = 150"
2024-08-15,26.1512284045247,"W = 150"
2024-08-16,26.5868533155723,"W = 150"
2024-08-19,26.7154078914705,"W = 150"
2024-08-20,26.5211017257074,"W = 150"
2024-08-21,27.39287286654,"W = 150"
2024-08-22,27.3133415859118,"W = 150"
2024-08-23,26.8610450824389,"W = 150"
2024-08-26,26.8696779086656,"W = 150"
2024-08-27,28.2587126171298,"W = 150"
2024-08-28,27.3840719443249,"W = 150"
2024-08-29,27.4611742582438,"W = 150"
2024-08-30,27.2375884193852,"W = 150"
2024-09-02,26.8826270099128,"W = 150"
2024-09-03,27.3810173397415,"W = 150"
2024-09-04,27.3680136557284,"W = 150"
2024-09-05,27.4202600739877,"W = 150"
2024-09-06,27.1164039617877,"W = 150"
2024-09-09,27.955183073558,"W = 150"
2024-09-10,28.029086290446,"W = 150"
2024-09-11,28.4062805093279,"W = 150"
2024-09-12,28.1661219741525,"W = 150"
2024-09-13,28.1674123952942,"W = 150"
2024-09-16,27.8957121581194,"W = 150"
2024-09-17,28.3951720927412,"W = 150"
2024-09-18,27.9790160648807,"W = 150"
2024-09-19,28.2689693326295,"W = 150"
2024-09-20,28.0566077235965,"W = 150"
2024-09-23,28.1359035387991,"W = 150"
2024-09-24,28.7113826863607,"W = 150"
2024-09-25,28.6654480402677,"W = 150"
2024-09-26,28.6482768164591,"W = 150"
2024-09-27,28.1529433881227,"W = 150"
2024-09-30,28.0288500237958,"W = 150"
2024-10-01,28.0074832101324,"W = 150"
2024-10-02,28.714445035948,"W = 150"
2024-10-03,28.6744825186638,"W = 150"
2024-10-04,27.786452407966,"W = 150"
2024-10-07,27.4564567668995,"W = 150"
2024-10-08,27.6076993161208,"W = 150"
2024-10-09,27.3702959259043,"W = 150"
2024-10-10,28.0531470107248,"W = 150"
2024-10-11,28.0267300213092,"W = 150"
2024-10-14,27.9748330854832,"W = 150"
2024-10-15,28.1317881519814,"W = 150"
2024-10-16,28.4066053585195,"W = 150"
2024-10-17,28.8993605987111,"W = 150"
2024-10-18,28.4373263863125,"W = 150"
2024-10-21,28.2841084207659,"W = 150"
2024-10-22,28.0954473519921,"W = 150"
2024-10-23,28.5791559600328,"W = 150"
2024-10-24,28.8442269695165,"W = 150"
2024-10-25,29.0259283590021,"W = 150"
2024-10-28,29.0004208772217,"W = 150"
2024-10-29,27.7344747508289,"W = 150"
2024-10-30,27.7063535797475,"W = 150"
2024-10-31,27.7091503511916,"W = 150"
2024-11-01,27.6747690590617,"W = 150"
2024-11-04,27.8002552208743,"W = 150"
2024-11-05,27.4083935220741,"W = 150"
2024-11-06,28.0730397219414,"W = 150"
2024-11-07,28.1647616990202,"W = 150"
2024-11-08,28.2465051907396,"W = 150"
2024-11-11,28.1827594372952,"W = 150"
2024-11-12,27.7629672243088,"W = 150"
2024-11-13,27.6383341430852,"W = 150"
2024-11-14,27.5754931387856,"W = 150"
2024-11-18,27.4921585629292,"W = 150"
2024-11-19,27.3587196785429,"W = 150"
2024-11-21,27.3563417682371,"W = 150"
2024-11-22,27.5043160558804,"W = 150"
2024-11-25,26.9696307866201,"W = 150"
2024-11-26,27.3997755016964,"W = 150"
2024-11-27,27.9386822809896,"W = 150"
2024-11-28,27.3015922764308,"W = 150"
2024-11-29,28.4912100344447,"W = 150"
2024-12-02,28.4387038009823,"W = 150"
2024-12-03,28.2902088287371,"W = 150"
2024-12-04,27.7243080241571,"W = 150"
2024-12-05,28.4443922468338,"W = 150"
2024-12-06,28.6979066711168,"W = 150"
2024-12-09,28.9530750291645,"W = 150"
2024-12-10,29.9878773113915,"W = 150"
2024-12-11,32.8690800305818,"W = 150"
2024-12-12,32.7432902563095,"W = 150"
2024-12-13,32.5566473186618,"W = 150"
2024-12-16,32.5547700885361,"W = 150"
2024-12-17,33.3836533839559,"W = 150"
2024-12-18,32.473152168998,"W = 150"
2024-12-19,32.4469276982499,"W = 150"
2024-12-20,31.4751415419894,"W = 150"
2024-12-23,31.1440643357025,"W = 150"
2024-12-26,31.0313289846525,"W = 150"
2024-12-27,31.2725110065256,"W = 150"
2024-12-30,31.3850276993259,"W = 150"
2025-01-02,32.1132802290853,"W = 150"
2025-01-03,32.3332630169892,"W = 150"
2025-01-06,30.4300177494565,"W = 150"
2025-01-07,29.7303571391418,"W = 150"
2025-01-08,30.0426322237866,"W = 150"
2025-01-09,30.4040849151183,"W = 150"
2025-01-10,29.9011395504389,"W = 150"
2025-01-13,30.087552621557,"W = 150"
2025-01-14,29.983607992723,"W = 150"
2025-01-15,30.3855446144491,"W = 150"
2025-01-16,30.2927213468399,"W = 150"
2025-01-17,30.423971449214,"W = 150"
2025-01-20,30.4083850649866,"W = 150"
2025-01-21,30.7304470767514,"W = 150"
2025-01-22,30.7302119206544,"W = 150"
2025-01-23,31.2485782845746,"W = 150"
2025-01-24,31.1739540881254,"W = 150"
2025-01-27,31.2315708956866,"W = 150"
2025-01-28,31.3525968825749,"W = 150"
2025-01-29,31.4720750818752,"W = 150"
2025-01-30,30.9420710526864,"W = 150"
2025-01-31,30.2386003504578,"W = 150"
2025-02-03,30.3348050376315,"W = 150"
2025-02-04,30.530246202383,"W = 150"
2025-02-05,31.6836862937283,"W = 150"
2025-02-06,32.3939657854562,"W = 150"
2025-02-07,32.3784939619666,"W = 150"
2025-02-10,32.4962400353867,"W = 150"
2025-02-11,32.2275057991715,"W = 150"
2025-02-12,33.1626310554839,"W = 150"
2025-02-13,33.110636968098,"W = 150"
2025-02-14,32.9874797912593,"W = 150"
2025-02-17,33.1295082803341,"W = 150"
2025-02-18,33.279701682806,"W = 150"
2025-02-19,33.0519798314635,"W = 150"
2025-02-20,32.389698679226,"W = 150"
2025-02-21,34.0661332181892,"W = 150"
2025-02-24,33.9058766239324,"W = 150"
2025-02-25,36.5376301712215,"W = 150"
2025-02-26,36.3202358389729,"W = 150"
2025-02-27,36.0882583259379,"W = 150"
2025-02-28,36.0937916711807,"W = 150"
2025-03-05,35.9420693918073,"W = 150"
2025-03-06,35.6587757145227,"W = 150"
2025-03-07,33.8307206544637,"W = 150"
2025-03-10,34.2790457319102,"W = 150"
2025-03-11,33.5857234798067,"W = 150"
2025-03-12,34.432540207065,"W = 150"
2025-03-13,34.5859720347689,"W = 150"
2025-03-14,34.5155065675343,"W = 150"
2025-03-17,34.7060695831914,"W = 150"
2025-03-18,34.0821990015208,"W = 150"
2025-03-19,34.2122759878038,"W = 150"
2025-03-20,34.1194723724914,"W = 150"
2025-03-21,34.8079382639122,"W = 150"
2025-03-24,34.9767479076373,"W = 150"
2025-03-25,34.1179160104749,"W = 150"
2025-03-26,34.6161923577064,"W = 150"
2025-03-27,34.4437886956408,"W = 150"
2025-03-28,34.270020671103,"W = 150"
2025-03-31,32.2782977843539,"W = 150"
2025-04-01,32.611957247115,"W = 150"
2025-04-02,32.9592036645222,"W = 150"
2025-04-03,33.5296818106211,"W = 150"
2025-04-04,35.0084251761873,"W = 150"
2025-04-07,36.9523813964239,"W = 150"
2025-04-08,37.6764459285301,"W = 150"
2025-04-09,39.8051304147668,"W = 150"
2025-04-10,39.8779077398219,"W = 150"
2025-04-11,39.1591811928448,"W = 150"
2025-04-14,39.1338405244088,"W = 150"
2025-04-15,38.3714391841959,"W = 150"
2025-04-16,38.3921637526834,"W = 150"
2025-04-17,39.1783311766152,"W = 150"
2025-04-22,38.8458211611491,"W = 150"
2025-04-23,38.6687546897918,"W = 150"
2025-04-24,38.7068989724097,"W = 150"
2025-04-25,38.1479206394084,"W = 150"
2025-04-28,38.1596114965614,"W = 150"
2025-04-29,37.926845958715,"W = 150"
2025-04-30,37.6303675282176,"W = 150"
2025-05-02,36.7320762998829,"W = 150"
2025-05-05,36.6192723196339,"W = 150"
2025-05-06,37.4541319958931,"W = 150"
2025-05-07,37.66437572404,"W = 150"
2025-05-08,39.853619929747,"W = 150"
2025-05-09,39.2627165765494,"W = 150"
2025-05-12,39.9266360525254,"W = 150"
2025-05-13,40.2335408328206,"W = 150"
2025-05-14,40.2948753958729,"W = 150"
2025-05-15,40.335502194184,"W = 150"
2025-05-16,38.5728301873538,"W = 150"
2025-05-19,37.2396880085409,"W = 150"
2025-05-20,37.1814223451743,"W = 150"
2025-05-21,37.5070995447605,"W = 150"
2025-05-22,37.1855693793982,"W = 150"
2025-05-23,37.1290471443852,"W = 150"
2025-05-26,37.0037521904109,"W = 150"
2025-05-27,37.5085146312643,"W = 150"
2025-05-28,37.4935972907183,"W = 150"
2025-05-29,39.6216454474027,"W = 150"
2025-05-30,38.7157061623543,"W = 150"
2025-06-02,31.4729823893987,"W = 150"
2025-06-03,30.5219010157983,"W = 150"
2025-06-04,30.4165446302356,"W = 150"
2025-06-05,30.5098820455562,"W = 150"
2025-06-06,30.181801463455,"W = 150"
2025-06-09,30.5954525580569,"W = 150"
2025-06-10,30.3390323395635,"W = 150"
2025-06-11,30.7022200599456,"W = 150"
2025-06-12,31.0513234069354,"W = 150"
2025-06-13,30.3971918832818,"W = 150"
2025-06-16,30.2988368597401,"W = 150"
2025-06-17,30.3780840275448,"W = 150"
2025-06-18,30.2190775414895,"W = 150"
2025-06-20,30.6021315070878,"W = 150"
2025-06-23,31.0343642991251,"W = 150"
2025-06-24,31.331107841761,"W = 150"
2025-06-25,31.4036229706292,"W = 150"
2025-06-26,30.8885347151168,"W = 150"
2025-06-27,30.9677322608966,"W = 150"
2025-06-30,30.7115661232788,"W = 150"
2025-07-01,31.4040642856699,"W = 150"
2025-07-02,31.3070811316746,"W = 150"
2025-07-03,31.6035725366814,"W = 150"
2025-07-04,31.9911589213319,"W = 150"
2025-07-07,31.245702527304,"W = 150"
2025-07-08,31.1473488521187,"W = 150"
2025-07-09,31.9046493939134,"W = 150"
2025-07-10,31.2834849414073,"W = 150"
2025-07-11,31.0804961835156,"W = 150"
2025-07-14,31.8073995651243,"W = 150"
2025-07-15,31.5931551713606,"W = 150"
2025-07-16,31.4124803646752,"W = 150"
2025-07-17,29.8360265690472,"W = 150"
2025-07-18,29.1277861726508,"W = 150"
2025-07-21,28.4941021117339,"W = 150"
2025-07-22,28.3706390794906,"W = 150"
2025-07-23,28.2969944173474,"W = 150"
2025-07-24,28.6866844169881,"W = 150"
2025-07-25,28.7426955689159,"W = 150"
2025-07-28,29.4416907137651,"W = 150"
2025-07-29,29.6258683878172,"W = 150"
2025-07-30,29.9035061256245,"W = 150"
2025-07-31,29.890773648157,"W = 150"
2025-08-01,29.943542715802,"W = 150"
2025-08-04,29.7233218242534,"W = 150"
2025-08-05,30.8211445028348,"W = 150"
2025-08-06,30.9235418583658,"W = 150"
2025-08-07,30.5468918647141,"W = 150"
2025-08-08,30.5260716275226,"W = 150"
2025-08-11,29.7784776938252,"W = 150"
2025-08-12,29.9403724007872,"W = 150"
2025-08-13,30.0629620413956,"W = 150"
2025-08-14,30.2962622901421,"W = 150"
2025-08-15,29.2499966185039,"W = 150"
2025-08-18,29.4060578682605,"W = 150"
2025-08-19,29.9662251112333,"W = 150"
2025-08-20,29.8423531805788,"W = 150"
2025-08-21,28.7214216242181,"W = 150"
2025-08-22,28.6532158264143,"W = 150"
2025-08-25,28.7095570974606,"W = 150"
2025-08-26,28.0473473557934,"W = 150"
2025-08-27,28.0307284055956,"W = 150"
2025-08-28,28.4843794113168,"W = 150"
2025-08-29,28.430709310651,"W = 150"
2025-09-01,28.6643512339137,"W = 150"
2025-09-02,29.6458497279665,"W = 150"
2025-09-03,29.627713155984,"W = 150"
2025-09-04,29.7141814878602,"W = 150"
2025-09-05,30.1384904245641,"W = 150"
2025-09-08,29.6647255480364,"W = 150"
2025-09-09,30.0165289219743,"W = 150"
2025-09-10,30.5858790751384,"W = 150"
2025-09-11,30.8051426396678,"W = 150"
2025-09-12,30.1145171587236,"W = 150"
2025-09-15,30.1395568222498,"W = 150"
2025-09-16,30.4461712826574,"W = 150"
2025-09-17,30.3819382018426,"W = 150"
2025-09-18,30.4298174357609,"W = 150"
2025-09-19,30.5691969829218,"W = 150"
2025-09-22,30.5993903872937,"W = 150"
2025-09-23,30.8024012877379,"W = 150"
2025-09-24,31.3329984039407,"W = 150"
2025-09-25,31.1671171566416,"W = 150"
2025-09-26,31.5381534666896,"W = 150"
2025-09-29,31.5764224219326,"W = 150"
2025-09-30,31.5042136032266,"W = 150"
2025-10-01,31.9391459729642,"W = 150"
2025-10-02,31.7767165187648,"W = 150"
2025-10-03,31.5669161433843,"W = 150"
2025-10-06,31.3740406170896,"W = 150"
2025-10-07,31.2595644038696,"W = 150"
2025-10-08,30.9659216449515,"W = 150"
2025-10-09,31.0881300678156,"W = 150"
2025-10-10,30.8533609212347,"W = 150"
2025-10-13,30.9442840984291,"W = 150"
2025-10-14,30.9420992322043,"W = 150"
2025-10-15,30.8031889855826,"W = 150"
2025-10-16,30.8892993215612,"W = 150"
2025-10-17,30.5910121917592,"W = 150"
2025-10-20,30.7417813270445,"W = 150"
2025-10-21,30.9568409606735,"W = 150"
2025-10-22,31.1203076852268,"W = 150"
2025-10-23,31.4458316514322,"W = 150"
2025-10-24,31.6080867708287,"W = 150"
2025-10-27,31.6511810716775,"W = 150"
2025-10-28,32.1317796140701,"W = 150"
2025-10-29,31.3569440515415,"W = 150"
2025-10-30,31.0981415018047,"W = 150"
2025-10-31,30.4306000001551,"W = 150"
2025-11-03,29.355862737239,"W = 150"
2025-11-04,28.9582568630747,"W = 150"
2025-11-05,27.0045861397376,"W = 150"
2025-11-06,26.3839958632814,"W = 150"
2025-11-07,26.4421609301432,"W = 150"
2025-11-10,26.4576039159892,"W = 150"
2025-11-11,26.4749304532282,"W = 150"
2025-11-12,26.3956503522864,"W = 150"
2025-11-13,26.5930657361591,"W = 150"
2025-11-14,26.5600753191243,"W = 150"
2025-11-17,26.3660636919627,"W = 150"
2025-11-18,26.3710086750254,"W = 150"
2025-11-19,26.5804948063943,"W = 150"
2025-11-21,26.5544468906366,"W = 150"
2025-11-24,26.9007261690051,"W = 150"
2025-11-25,27.4937310804167,"W = 150"
2025-11-26,27.5195663868843,"W = 150"
2025-11-27,28.3330711298287,"W = 150"
2025-11-28,28.0307406855442,"W = 150"
2025-12-01,28.453808330326,"W = 150"
2025-12-02,27.591325546807,"W = 150"
2025-12-03,27.8342696978677,"W = 150"
2025-12-04,27.6216571837555,"W = 150"
2025-12-05,28.3734188027065,"W = 150"
2025-12-08,29.002581468128,"W = 150"
2025-12-09,29.5680090523906,"W = 150"
2025-12-10,30.0024813823412,"W = 150"
2025-12-11,30.1154363571925,"W = 150"
2025-12-12,30.1943914019236,"W = 150"
2025-12-15,30.1522330902065,"W = 150"
2025-12-16,30.3920114983147,"W = 150"
2025-12-17,30.8338585879273,"W = 150"
2025-12-18,30.8802655129211,"W = 150"
2025-12-19,30.3476826783319,"W = 150"
2025-12-22,30.2302676159148,"W = 150"
2025-12-23,29.5618346131436,"W = 150"
2025-12-26,29.6901566571734,"W = 150"
2025-12-29,29.7882343285761,"W = 150"
2025-12-30,29.4221685778154,"W = 150"
2026-01-02,29.6346596485995,"W = 150"
2026-01-05,29.3620602484081,"W = 150"
2026-01-06,28.756355046955,"W = 150"
2026-01-07,28.449188983274,"W = 150"
2026-01-08,28.4839110333527,"W = 150"
2026-01-09,27.9390871127494,"W = 150"
2026-01-12,27.6916766576852,"W = 150"
2026-01-13,27.8338700869795,"W = 150"
2026-01-14,27.53909841397,"W = 150"
2026-01-15,27.6017419001122,"W = 150"
2026-01-16,27.6978542282343,"W = 150"
2026-01-19,28.1011028804307,"W = 150"
2026-01-20,28.4121372657484,"W = 150"
2026-01-21,28.9220551837635,"W = 150"
2026-01-22,29.4228883660372,"W = 150"
2026-01-23,30.3745880189938,"W = 150"
2026-01-26,30.6648650554956,"W = 150"
2026-01-27,31.3784390430072,"W = 150"
2026-01-28,31.3475707189414,"W = 150"
2026-01-29,32.4000384733885,"W = 150"
2026-01-30,33.3295265094703,"W = 150"
2026-02-02,32.8607206216406,"W = 150"
2026-02-03,33.8447771197386,"W = 150"
2026-02-04,34.8602358550003,"W = 150"
2026-02-05,34.2376903967265,"W = 150"
2026-02-06,34.9216442061209,"W = 150"
2026-02-09,32.9506430409589,"W = 150"
2026-02-10,33.3024891986256,"W = 150"
2026-02-11,33.5015019861958,"W = 150"
2026-02-12,33.9359895183632,"W = 150"
2026-02-13,35.1806876251326,"W = 150"
2026-02-18,37.2840880707633,"W = 150"
2026-02-19,35.1904863996213,"W = 150"
2026-02-20,35.5116835247637,"W = 150"
2026-02-23,35.7535139836521,"W = 150"
2026-02-24,34.5304776301387,"W = 150"
2026-02-25,32.364079674895,"W = 150"
2026-02-26,32.7233206163466,"W = 150"
2026-02-27,31.4736089780664,"W = 150"
2026-03-02,33.1157298719519,"W = 150"
2026-03-03,36.1423349862266,"W = 150"
2026-03-04,35.1280931508122,"W = 150"
2026-03-05,34.8561330650045,"W = 150"
2026-03-06,35.0929264786931,"W = 150"
2026-03-09,36.1633035560033,"W = 150"
2026-03-10,37.257721420193,"W = 150"
2026-03-11,37.7327019159489,"W = 150"
2026-03-12,37.6623970037989,"W = 150"
2026-03-13,37.9203580905556,"W = 150"
2026-03-16,38.707635033995,"W = 150"
2026-03-17,39.3074353673615,"W = 150"
2026-03-18,40.8823766266239,"W = 150"
2026-03-19,41.8767849683787,"W = 150"
2026-03-20,41.3311806325028,"W = 150"
2026-03-23,42.6369724866719,"W = 150"
2026-03-24,42.4452093399331,"W = 150"
2026-03-25,42.5635423981364,"W = 150"
2026-03-26,42.7108248907499,"W = 150"
2026-03-27,42.7930078251059,"W = 150"
2026-03-30,43.0106492022095,"W = 150"
2026-03-31,43.833270993947,"W = 150"
2026-04-01,43.3410986259089,"W = 150"
2026-04-02,45.3842820745597,"W = 150"
2026-04-06,45.7248571368614,"W = 150"
2026-04-07,45.4484743671538,"W = 150"
2026-04-08,49.296596308578,"W = 150"
2026-04-09,48.6136946712228,"W = 150"
2026-04-10,48.5580493128651,"W = 150"
2026-04-13,48.4512802791135,"W = 150"
2026-04-14,48.5256925701895,"W = 150"
2026-04-15,48.3095607034076,"W = 150"
2026-04-16,48.3130640102213,"W = 150"
2026-04-17,48.4606049782316,"W = 150"
2026-04-20,48.2250762923186,"W = 150"
2026-04-22,48.2453994717887,"W = 150"
2026-04-23,48.3482904885554,"W = 150"
2026-04-24,48.3546513752208,"W = 150"
2026-04-27,48.6453675191612,"W = 150"
2026-04-28,48.5977716862049,"W = 150"
2026-04-29,48.5228108782403,"W = 150"
2026-04-30,47.6875225387513,"W = 150"
2026-05-04,47.6894072704723,"W = 150"
2026-05-05,48.331461832601,"W = 150"
2026-05-06,48.5448466603617,"W = 150"
2026-05-07,48.3185898694909,"W = 150"
2026-05-08,48.9360329509271,"W = 150"
2026-05-11,48.1618137018342,"W = 150"
2026-05-12,48.5116266396078,"W = 150"
2026-05-13,48.3039992215402,"W = 150"
2026-05-14,48.2514914389371,"W = 150"
2026-05-15,48.0744283021606,"W = 150"
2026-05-18,48.0413963490601,"W = 150"
2026-05-19,47.7748117832553,"W = 150"
2026-05-20,47.8414853538576,"W = 150"
2026-05-21,48.1772305461389,"W = 150"
2026-05-22,48.537029083346,"W = 150"
2026-05-25,48.5966858602525,"W = 150"
2026-05-26,48.1073775075118,"W = 150"
2026-05-27,48.2951569826244,"W = 150"
2026-05-28,47.7712923561471,"W = 150"
2026-05-29,46.7033901445164,"W = 150"
2018-07-25,37.9899571189891,"W = 200"
2018-07-26,37.7798835489199,"W = 200"
2018-07-27,38.3262954509022,"W = 200"
2018-07-30,38.561381666881,"W = 200"
2018-07-31,38.164481851671,"W = 200"
2018-08-01,38.0649641841656,"W = 200"
2018-08-02,38.435058659493,"W = 200"
2018-08-03,38.8251492944144,"W = 200"
2018-08-06,38.819414936267,"W = 200"
2018-08-07,38.7518115427645,"W = 200"
2018-08-08,38.9294352969074,"W = 200"
2018-08-09,38.4025454235278,"W = 200"
2018-08-10,38.6864764217276,"W = 200"
2018-08-13,38.6489973232092,"W = 200"
2018-08-14,39.054312754078,"W = 200"
2018-08-15,39.214687863489,"W = 200"
2018-08-16,39.2400117261294,"W = 200"
2018-08-17,39.2820687082074,"W = 200"
2018-08-20,39.179232219681,"W = 200"
2018-08-21,39.6183506231452,"W = 200"
2018-08-22,39.9485681319149,"W = 200"
2018-08-23,40.224463683056,"W = 200"
2018-08-24,40.3259788715137,"W = 200"
2018-08-27,40.1466984514596,"W = 200"
2018-08-28,40.4431575904509,"W = 200"
2018-08-29,40.8007630503877,"W = 200"
2018-08-30,40.6114314429037,"W = 200"
2018-08-31,40.8761079228421,"W = 200"
2018-09-03,40.7895438776898,"W = 200"
2018-09-04,40.6860147842041,"W = 200"
2018-09-05,40.8280337358642,"W = 200"
2018-09-06,40.8418183325985,"W = 200"
2018-09-10,40.8166290224333,"W = 200"
2018-09-11,40.6327155275026,"W = 200"
2018-09-12,40.733886837163,"W = 200"
2018-09-13,40.9113392850505,"W = 200"
2018-09-14,41.0631216676735,"W = 200"
2018-09-17,42.1707366377471,"W = 200"
2018-09-18,42.3215480919553,"W = 200"
2018-09-19,42.5057440070413,"W = 200"
2018-09-20,42.0258409343284,"W = 200"
2018-09-21,42.0737733929903,"W = 200"
2018-09-24,41.8154572797524,"W = 200"
2018-09-25,41.9691329440864,"W = 200"
2018-09-26,42.1207136774176,"W = 200"
2018-09-27,42.2626227749893,"W = 200"
2018-09-28,42.1663791686851,"W = 200"
2018-10-01,42.1382854325514,"W = 200"
2018-10-02,42.0938733962924,"W = 200"
2018-10-03,44.6622671197256,"W = 200"
2018-10-04,44.0789091821187,"W = 200"
2018-10-05,42.8675564765955,"W = 200"
2018-10-08,46.9896073573191,"W = 200"
2018-10-09,45.9472887355181,"W = 200"
2018-10-10,45.813174735282,"W = 200"
2018-10-11,45.6349652073526,"W = 200"
2018-10-15,45.1914873654147,"W = 200"
2018-10-16,45.482291318996,"W = 200"
2018-10-17,45.5408269380001,"W = 200"
2018-10-18,45.5549475836454,"W = 200"
2018-10-19,45.4747707865012,"W = 200"
2018-10-22,45.4388968229729,"W = 200"
2018-10-23,44.8712243688682,"W = 200"
2018-10-24,44.7974855290437,"W = 200"
2018-10-25,44.0953002509578,"W = 200"
2018-10-26,43.9143360683705,"W = 200"
2018-10-29,42.8470611685636,"W = 200"
2018-10-30,42.3043722410932,"W = 200"
2018-10-31,42.9765731109941,"W = 200"
2018-11-01,43.0694660151823,"W = 200"
2018-11-05,42.7026795305257,"W = 200"
2018-11-06,42.6172181830126,"W = 200"
2018-11-07,42.8976187357379,"W = 200"
2018-11-08,42.7073203030128,"W = 200"
2018-11-09,43.1827220064222,"W = 200"
2018-11-12,43.12941622845,"W = 200"
2018-11-13,42.873545218401,"W = 200"
2018-11-14,42.7875760402804,"W = 200"
2018-11-16,43.0353287215488,"W = 200"
2018-11-19,43.0694345604054,"W = 200"
2018-11-21,43.2073847177101,"W = 200"
2018-11-22,42.8558577738777,"W = 200"
2018-11-23,42.9962388800863,"W = 200"
2018-11-26,43.4028362672508,"W = 200"
2018-11-27,43.0483792714404,"W = 200"
2018-11-28,43.0504459601829,"W = 200"
2018-11-29,43.0200047128766,"W = 200"
2018-11-30,42.8262173793448,"W = 200"
2018-12-03,43.1645137638977,"W = 200"
2018-12-04,43.5051407845794,"W = 200"
2018-12-05,43.8506996070379,"W = 200"
2018-12-06,44.3230191163134,"W = 200"
2018-12-07,44.2041921201554,"W = 200"
2018-12-10,43.8513910799895,"W = 200"
2018-12-11,44.0608547768801,"W = 200"
2018-12-12,44.1518991763524,"W = 200"
2018-12-13,44.3994870149145,"W = 200"
2018-12-14,44.3906158338964,"W = 200"
2018-12-17,44.4513242262304,"W = 200"
2018-12-18,44.7555031077096,"W = 200"
2018-12-19,44.7291668127287,"W = 200"
2018-12-20,44.49752062476,"W = 200"
2018-12-21,44.4247993883996,"W = 200"
2018-12-26,44.2475053194107,"W = 200"
2018-12-27,44.1939132238595,"W = 200"
2018-12-28,44.7265369116282,"W = 200"
2019-01-02,45.071836072393,"W = 200"
2019-01-03,45.073221842739,"W = 200"
2019-01-04,45.1631829223694,"W = 200"
2019-01-07,45.096630937876,"W = 200"
2019-01-08,45.2807673310211,"W = 200"
2019-01-09,45.4551997809171,"W = 200"
2019-01-10,45.5092678969765,"W = 200"
2019-01-11,45.8758873716704,"W = 200"
2019-01-14,45.9288900156221,"W = 200"
2019-01-15,45.9774509803365,"W = 200"
2019-01-16,45.810804002557,"W = 200"
2019-01-17,45.8317931718349,"W = 200"
2019-01-18,45.9687199339142,"W = 200"
2019-01-21,45.7696771472251,"W = 200"
2019-01-22,45.6085264970029,"W = 200"
2019-01-23,45.5642357334347,"W = 200"
2019-01-24,46.7437689010862,"W = 200"
2019-01-28,46.6134325063925,"W = 200"
2019-01-29,46.7014779467083,"W = 200"
2019-01-30,46.4134129447899,"W = 200"
2019-01-31,46.1041207087782,"W = 200"
2019-02-01,46.2725888394427,"W = 200"
2019-02-04,46.0408167900609,"W = 200"
2019-02-05,45.687469572697,"W = 200"
2019-02-06,45.4082949288098,"W = 200"
2019-02-07,45.5286360389832,"W = 200"
2019-02-08,45.7800686642935,"W = 200"
2019-02-11,45.8095919298565,"W = 200"
2019-02-12,45.876201543083,"W = 200"
2019-02-13,45.6960529249046,"W = 200"
2019-02-14,45.5757465228846,"W = 200"
2019-02-15,45.688809591349,"W = 200"
2019-02-18,45.7687776673204,"W = 200"
2019-02-19,45.9872092923563,"W = 200"
2019-02-20,46.0993810520447,"W = 200"
2019-02-21,46.1569357077769,"W = 200"
2019-02-22,46.4572135717696,"W = 200"
2019-02-25,46.4124516904992,"W = 200"
2019-02-26,46.656039837153,"W = 200"
2019-02-27,46.405203008411,"W = 200"
2019-02-28,46.5722023553505,"W = 200"
2019-03-01,46.1904345644135,"W = 200"
2019-03-06,46.0108938221384,"W = 200"
2019-03-07,46.4803374664429,"W = 200"
2019-03-08,45.8143575021596,"W = 200"
2019-03-11,45.4570821597873,"W = 200"
2019-03-12,45.3155044252371,"W = 200"
2019-03-13,45.324421394621,"W = 200"
2019-03-14,45.5943542299116,"W = 200"
2019-03-15,45.971984292435,"W = 200"
2019-03-18,46.8936849033867,"W = 200"
2019-03-19,47.9327998090092,"W = 200"
2019-03-20,48.9806909815298,"W = 200"
2019-03-21,48.5131150079741,"W = 200"
2019-03-22,48.6521392475398,"W = 200"
2019-03-25,48.4629423210379,"W = 200"
2019-03-26,48.1246944625877,"W = 200"
2019-03-27,45.4350745891285,"W = 200"
2019-03-28,44.7600696299705,"W = 200"
2019-03-29,44.7055070349746,"W = 200"
2019-04-01,44.8333318976452,"W = 200"
2019-04-02,44.7252922073177,"W = 200"
2019-04-03,44.9912104596421,"W = 200"
2019-04-04,45.0479484892545,"W = 200"
2019-04-05,45.0058379734895,"W = 200"
2019-04-08,44.5933624383538,"W = 200"
2019-04-09,43.9438735005438,"W = 200"
2019-04-10,44.1021560645082,"W = 200"
2019-04-11,43.7017888641324,"W = 200"
2019-04-12,43.6423389760904,"W = 200"
2019-04-15,43.4792115620397,"W = 200"
2019-04-16,43.24212552548,"W = 200"
2019-04-17,43.5621547295391,"W = 200"
2019-04-18,43.1353882556969,"W = 200"
2019-04-22,42.7373811036137,"W = 200"
2019-04-23,42.7780605616085,"W = 200"
2019-04-24,42.4528278265217,"W = 200"
2019-04-25,42.2878596756827,"W = 200"
2019-04-26,42.1626925495274,"W = 200"
2019-04-29,42.1783967381891,"W = 200"
2019-04-30,42.228627410295,"W = 200"
2019-05-02,42.6048713502869,"W = 200"
2019-05-03,43.0908222600659,"W = 200"
2019-05-06,42.8412809883189,"W = 200"
2019-05-07,43.0663346462982,"W = 200"
2019-05-08,43.0612003517099,"W = 200"
2019-05-09,42.8225165010891,"W = 200"
2019-05-10,42.0128962914697,"W = 200"
2019-05-13,42.3129696554312,"W = 200"
2019-05-14,42.2555674373373,"W = 200"
2019-05-15,42.4781061694223,"W = 200"
2019-05-16,42.5359623370601,"W = 200"
2019-05-17,42.9198443258467,"W = 200"
2019-05-20,42.5143794980466,"W = 200"
2019-05-21,42.3404798587415,"W = 200"
2019-05-22,42.5157544043164,"W = 200"
2019-05-23,42.317941301106,"W = 200"
2019-05-24,42.5284987321365,"W = 200"
2019-05-27,42.2644561229338,"W = 200"
2019-05-28,42.148122053376,"W = 200"
2019-05-29,42.0559455155393,"W = 200"
2019-05-30,42.0401492839357,"W = 200"
2019-05-31,42.1123517229235,"W = 200"
2019-06-03,42.2419271861274,"W = 200"
2019-06-04,42.2182862530295,"W = 200"
2019-06-05,42.0845154333907,"W = 200"
2019-06-06,42.1997505237423,"W = 200"
2019-06-07,42.6171750267853,"W = 200"
2019-06-10,42.5486670398928,"W = 200"
2019-06-11,42.5217091358229,"W = 200"
2019-06-12,42.5064542012698,"W = 200"
2019-06-13,42.4188545823944,"W = 200"
2019-06-14,42.3655941858916,"W = 200"
2019-06-17,42.1876214979887,"W = 200"
2019-06-18,42.1098616298004,"W = 200"
2019-06-19,42.2448196810389,"W = 200"
2019-06-21,42.0034875183938,"W = 200"
2019-06-24,41.821874250231,"W = 200"
2019-06-25,41.8879792976227,"W = 200"
2019-06-26,41.8665170942658,"W = 200"
2019-06-27,41.9151993449374,"W = 200"
2019-06-28,41.9314932322335,"W = 200"
2019-07-01,42.044165076214,"W = 200"
2019-07-02,42.1353059789181,"W = 200"
2019-07-03,42.4004797142056,"W = 200"
2019-07-04,42.36339947487,"W = 200"
2019-07-05,42.4690120221005,"W = 200"
2019-07-08,42.8927072393747,"W = 200"
2019-07-10,42.8847971738514,"W = 200"
2019-07-11,42.3696801142696,"W = 200"
2019-07-12,42.3215574698094,"W = 200"
2019-07-15,42.2697255849129,"W = 200"
2019-07-16,42.5077035293331,"W = 200"
2019-07-17,42.6925231847934,"W = 200"
2019-07-18,42.3870255667259,"W = 200"
2019-07-19,42.0923318569856,"W = 200"
2019-07-22,42.0422689144204,"W = 200"
2019-07-23,41.9912264044209,"W = 200"
2019-07-24,41.4900397613869,"W = 200"
2019-07-25,39.6202492165903,"W = 200"
2019-07-26,39.726649575985,"W = 200"
2019-07-29,40.1450002682053,"W = 200"
2019-07-30,36.4238507906883,"W = 200"
2019-07-31,36.970636115254,"W = 200"
2019-08-01,37.7493935525257,"W = 200"
2019-08-02,37.5305982363866,"W = 200"
2019-08-05,37.3699322320811,"W = 200"
2019-08-06,37.638603059685,"W = 200"
2019-08-07,37.6766887094839,"W = 200"
2019-08-08,37.8061396818258,"W = 200"
2019-08-09,37.8195548392862,"W = 200"
2019-08-12,38.0566897945639,"W = 200"
2019-08-13,38.5377902077904,"W = 200"
2019-08-14,38.6609749252674,"W = 200"
2019-08-15,39.0515610586236,"W = 200"
2019-08-16,39.0277819051245,"W = 200"
2019-08-19,37.3282731973353,"W = 200"
2019-08-20,36.9996968289596,"W = 200"
2019-08-21,36.2374890971351,"W = 200"
2019-08-22,36.2781356623071,"W = 200"
2019-08-23,36.6777815866614,"W = 200"
2019-08-26,36.5846205572218,"W = 200"
2019-08-27,36.3200975667861,"W = 200"
2019-08-28,36.1654474587805,"W = 200"
2019-08-29,35.8103431677922,"W = 200"
2019-08-30,35.9381387411055,"W = 200"
2019-09-02,35.997665680526,"W = 200"
2019-09-03,35.7938878143695,"W = 200"
2019-09-04,35.7641828068124,"W = 200"
2019-09-05,36.0434911566759,"W = 200"
2019-09-06,36.0236542953039,"W = 200"
2019-09-09,36.2379127086574,"W = 200"
2019-09-10,36.5142375086209,"W = 200"
2019-09-11,35.6565734036578,"W = 200"
2019-09-12,35.7594616144239,"W = 200"
2019-09-13,35.5128346840146,"W = 200"
2019-09-16,35.4225889033092,"W = 200"
2019-09-17,35.5370983486659,"W = 200"
2019-09-18,35.1944160939146,"W = 200"
2019-09-19,35.2188275293222,"W = 200"
2019-09-20,35.2290353232209,"W = 200"
2019-09-23,34.9605078178605,"W = 200"
2019-09-24,35.2008146577011,"W = 200"
2019-09-25,35.2824131749547,"W = 200"
2019-09-26,35.0432856395397,"W = 200"
2019-09-27,35.192836800139,"W = 200"
2019-09-30,35.916912895609,"W = 200"
2019-10-01,36.0269441340799,"W = 200"
2019-10-02,36.1893146356674,"W = 200"
2019-10-03,36.3889441759016,"W = 200"
2019-10-04,36.2415297827206,"W = 200"
2019-10-07,36.3306604823334,"W = 200"
2019-10-08,36.3444431654329,"W = 200"
2019-10-09,36.1137526787656,"W = 200"
2019-10-10,36.0272597349867,"W = 200"
2019-10-11,36.0238874341294,"W = 200"
2019-10-14,35.6315565118823,"W = 200"
2019-10-15,35.8870628643098,"W = 200"
2019-10-16,35.5122798315919,"W = 200"
2019-10-17,35.5671887101687,"W = 200"
2019-10-18,34.9426250918127,"W = 200"
2019-10-21,34.8381218028892,"W = 200"
2019-10-22,34.8675839585215,"W = 200"
2019-10-23,34.8034749872772,"W = 200"
2019-10-24,34.9648496277295,"W = 200"
2019-10-25,35.1367435875928,"W = 200"
2019-10-28,35.4836077383487,"W = 200"
2019-10-29,35.5091561401721,"W = 200"
2019-10-30,35.9043437679971,"W = 200"
2019-10-31,35.9727503216343,"W = 200"
2019-11-01,35.8941687652923,"W = 200"
2019-11-04,36.1292771997181,"W = 200"
2019-11-05,35.8875156926818,"W = 200"
2019-11-06,35.7943543730101,"W = 200"
2019-11-07,36.301125068859,"W = 200"
2019-11-08,36.0629057116856,"W = 200"
2019-11-11,36.0311716177531,"W = 200"
2019-11-12,35.9484678982693,"W = 200"
2019-11-13,35.9512381569014,"W = 200"
2019-11-14,36.6421402042001,"W = 200"
2019-11-18,37.032619704257,"W = 200"
2019-11-19,36.3567025881833,"W = 200"
2019-11-21,36.7922835576892,"W = 200"
2019-11-22,37.1519429685943,"W = 200"
2019-11-25,36.9725713362989,"W = 200"
2019-11-26,36.4249599847905,"W = 200"
2019-11-27,36.0727719292483,"W = 200"
2019-11-28,36.2391817522943,"W = 200"
2019-11-29,36.6685405582945,"W = 200"
2019-12-02,36.8478980877732,"W = 200"
2019-12-03,36.9471716687273,"W = 200"
2019-12-04,37.5174756911668,"W = 200"
2019-12-05,37.7212458686089,"W = 200"
2019-12-06,37.7617970392429,"W = 200"
2019-12-09,37.8010458017943,"W = 200"
2019-12-10,38.1998320594171,"W = 200"
2019-12-11,38.1812337537842,"W = 200"
2019-12-12,38.6622599858625,"W = 200"
2019-12-13,38.3157401919759,"W = 200"
2019-12-16,37.5336280183184,"W = 200"
2019-12-17,37.293681931863,"W = 200"
2019-12-18,37.7292652908798,"W = 200"
2019-12-19,37.9829075959124,"W = 200"
2019-12-20,38.0342453920616,"W = 200"
2019-12-23,37.5475000411383,"W = 200"
2019-12-26,38.0112548643714,"W = 200"
2019-12-27,37.4038699841369,"W = 200"
2019-12-30,36.1291670266121,"W = 200"
2020-01-02,35.6976353087549,"W = 200"
2020-01-03,35.0925796630401,"W = 200"
2020-01-06,34.8637552878836,"W = 200"
2020-01-07,34.8092087454535,"W = 200"
2020-01-08,33.0702124704368,"W = 200"
2020-01-09,30.8989626158552,"W = 200"
2020-01-10,29.8055137690537,"W = 200"
2020-01-13,29.608533968637,"W = 200"
2020-01-14,29.8347922627735,"W = 200"
2020-01-15,29.9709832092705,"W = 200"
2020-01-16,29.5566308263869,"W = 200"
2020-01-17,28.981904926768,"W = 200"
2020-01-20,29.2787654468312,"W = 200"
2020-01-21,29.1792196620796,"W = 200"
2020-01-22,29.147654345309,"W = 200"
2020-01-23,29.0582592390921,"W = 200"
2020-01-24,28.6415416088181,"W = 200"
2020-01-27,27.6992472139172,"W = 200"
2020-01-28,27.9984767659541,"W = 200"
2020-01-29,27.9700308245614,"W = 200"
2020-01-30,27.8176312134108,"W = 200"
2020-01-31,28.0154426594273,"W = 200"
2020-02-03,28.2836808447258,"W = 200"
2020-02-04,28.3946429781469,"W = 200"
2020-02-05,29.0471347844778,"W = 200"
2020-02-06,28.8271542462573,"W = 200"
2020-02-07,28.722933728644,"W = 200"
2020-02-10,28.8819231800917,"W = 200"
2020-02-11,29.0692293796083,"W = 200"
2020-02-12,28.9685105209838,"W = 200"
2020-02-13,28.4336049777738,"W = 200"
2020-02-14,28.6562292097833,"W = 200"
2020-02-17,28.9019043184981,"W = 200"
2020-02-18,29.0349434635696,"W = 200"
2020-02-19,28.9736847663863,"W = 200"
2020-02-20,28.8584502003053,"W = 200"
2020-02-21,28.853683965141,"W = 200"
2020-02-26,32.0779507056721,"W = 200"
2020-02-27,34.1011388672894,"W = 200"
2020-02-28,35.1122023467852,"W = 200"
2020-03-02,34.5760619086816,"W = 200"
2020-03-03,35.5604478181444,"W = 200"
2020-03-04,36.8997989487594,"W = 200"
2020-03-05,38.0254357265602,"W = 200"
2020-03-06,40.403113755293,"W = 200"
2020-03-09,47.459732116681,"W = 200"
2020-03-10,50.3845826539376,"W = 200"
2020-03-11,53.7780161921461,"W = 200"
2020-03-12,61.8449172897127,"W = 200"
2020-03-13,67.3542931250683,"W = 200"
2020-03-16,66.5487071291633,"W = 200"
2020-03-17,62.8957952456061,"W = 200"
2020-03-18,64.4560279075767,"W = 200"
2020-03-19,64.8984028420607,"W = 200"
2020-03-20,64.2430195794015,"W = 200"
2020-03-23,63.2150662706786,"W = 200"
2020-03-24,64.7017835203658,"W = 200"
2020-03-25,65.7689410358777,"W = 200"
2020-03-26,65.1721886002337,"W = 200"
2020-03-27,65.4974765026337,"W = 200"
2020-03-30,65.1498492561396,"W = 200"
2020-03-31,65.0326755443656,"W = 200"
2020-04-01,65.3601819331297,"W = 200"
2020-04-02,65.0528694622522,"W = 200"
2020-04-03,65.6193159441512,"W = 200"
2020-04-06,66.8557415911044,"W = 200"
2020-04-07,67.5430481349097,"W = 200"
2020-04-08,66.9835929390871,"W = 200"
2020-04-09,66.8903398989435,"W = 200"
2020-04-13,66.7944115510174,"W = 200"
2020-04-14,66.9126806118458,"W = 200"
2020-04-15,67.0733698680723,"W = 200"
2020-04-16,67.0136120681385,"W = 200"
2020-04-17,67.0884894108633,"W = 200"
2020-04-20,67.1490587944641,"W = 200"
2020-04-22,66.8986230218419,"W = 200"
2020-04-23,67.2285335244408,"W = 200"
2020-04-24,68.4250409194136,"W = 200"
2020-04-27,68.2375324281593,"W = 200"
2020-04-28,68.1524320548001,"W = 200"
2020-04-29,67.9327089439989,"W = 200"
2020-04-30,68.1068596079548,"W = 200"
2020-05-04,68.0569794785165,"W = 200"
2020-05-05,68.2151934235541,"W = 200"
2020-05-06,68.1960434870969,"W = 200"
2020-05-07,68.1164336143546,"W = 200"
2020-05-08,68.5318422227193,"W = 200"
2020-05-11,68.8457227287419,"W = 200"
2020-05-12,68.6629514726115,"W = 200"
2020-05-13,68.6435518271329,"W = 200"
2020-05-14,69.1653681897238,"W = 200"
2020-05-15,69.1580687037765,"W = 200"
2020-05-18,69.0812805744571,"W = 200"
2020-05-19,68.9370656868875,"W = 200"
2020-05-20,69.0614714469094,"W = 200"
2020-05-21,68.927770927915,"W = 200"
2020-05-22,68.9923783696646,"W = 200"
2020-05-25,69.6310929810982,"W = 200"
2020-05-26,69.3065264037058,"W = 200"
2020-05-27,69.229714925894,"W = 200"
2020-05-28,69.2309569327251,"W = 200"
2020-05-29,69.162437011868,"W = 200"
2020-06-01,69.1772519124464,"W = 200"
2020-06-02,69.0961984007943,"W = 200"
2020-06-03,69.4556630798993,"W = 200"
2020-06-04,69.4690239188146,"W = 200"
2020-06-05,69.9157724987033,"W = 200"
2020-06-08,69.5856393659566,"W = 200"
2020-06-09,69.8838608676698,"W = 200"
2020-06-10,70.1749985510592,"W = 200"
2020-06-12,70.4957936817004,"W = 200"
2020-06-15,70.4027622126581,"W = 200"
2020-06-16,70.7200945975912,"W = 200"
2020-06-17,70.6546097310926,"W = 200"
2020-06-18,70.6372316837478,"W = 200"
2020-06-19,70.6798777622632,"W = 200"
2020-06-22,70.6671297746574,"W = 200"
2020-06-23,70.6421248019508,"W = 200"
2020-06-24,70.6025813541024,"W = 200"
2020-06-25,70.7280283311952,"W = 200"
2020-06-26,70.6899663105644,"W = 200"
2020-06-29,70.5287427787915,"W = 200"
2020-06-30,70.5718815914742,"W = 200"
2020-07-01,70.49247195448,"W = 200"
2020-07-02,70.5410749754382,"W = 200"
2020-07-03,70.58827791306,"W = 200"
2020-07-06,70.5877645866888,"W = 200"
2020-07-07,70.5883294518802,"W = 200"
2020-07-08,70.6996951425834,"W = 200"
2020-07-09,70.5379609016858,"W = 200"
2020-07-10,70.5571270075129,"W = 200"
2020-07-13,70.6461320868377,"W = 200"
2020-07-14,70.5605266772181,"W = 200"
2020-07-15,70.5238190094268,"W = 200"
2020-07-16,70.2258981252049,"W = 200"
2020-07-17,70.324424320123,"W = 200"
2020-07-20,70.2875731180432,"W = 200"
2020-07-21,70.4910242210621,"W = 200"
2020-07-22,70.5026278721766,"W = 200"
2020-07-23,69.8998539271679,"W = 200"
2020-07-24,69.7833201063219,"W = 200"
2020-07-27,69.8846387695588,"W = 200"
2020-07-28,69.8229587362924,"W = 200"
2020-07-29,69.6365709772895,"W = 200"
2020-07-30,69.6363286715038,"W = 200"
2020-07-31,69.5155373923648,"W = 200"
2020-08-03,69.7346110609857,"W = 200"
2020-08-04,69.7903266718423,"W = 200"
2020-08-05,69.7787987123183,"W = 200"
2020-08-06,69.7900630006701,"W = 200"
2020-08-07,70.0425354528115,"W = 200"
2020-08-10,70.1311070450132,"W = 200"
2020-08-11,70.1225944159749,"W = 200"
2020-08-12,70.165710923839,"W = 200"
2020-08-13,70.2766311616032,"W = 200"
2020-08-14,70.2550357716303,"W = 200"
2020-08-17,70.386902901959,"W = 200"
2020-08-18,70.5607471241675,"W = 200"
2020-08-19,71.8652666258847,"W = 200"
2020-08-20,71.8154483851203,"W = 200"
2020-08-21,71.954966659951,"W = 200"
2020-08-24,71.913290162802,"W = 200"
2020-08-25,71.377777676227,"W = 200"
2020-08-26,71.540938291488,"W = 200"
2020-08-27,71.5849582623969,"W = 200"
2020-08-28,71.8165738082773,"W = 200"
2020-08-31,69.3506979174267,"W = 200"
2020-09-01,67.5862545059392,"W = 200"
2020-09-02,67.5526004975912,"W = 200"
2020-09-03,67.748163373004,"W = 200"
2020-09-04,67.6390140637257,"W = 200"
2020-09-08,67.6188160790073,"W = 200"
2020-09-09,67.7421526669166,"W = 200"
2020-09-10,67.9998790666473,"W = 200"
2020-09-11,68.1470662704253,"W = 200"
2020-09-14,67.903787531915,"W = 200"
2020-09-15,67.9858202768038,"W = 200"
2020-09-16,67.9919222207759,"W = 200"
2020-09-17,67.8682885237263,"W = 200"
2020-09-18,67.9324605282508,"W = 200"
2020-09-21,67.9189110670443,"W = 200"
2020-09-22,68.0415759629188,"W = 200"
2020-09-23,68.3041699729206,"W = 200"
2020-09-24,68.3975472920385,"W = 200"
2020-09-25,68.6913419116353,"W = 200"
2020-09-28,68.7170693202953,"W = 200"
2020-09-29,69.2398481025243,"W = 200"
2020-09-30,69.5331546741781,"W = 200"
2020-10-01,69.2150121398164,"W = 200"
2020-10-02,69.3956199717947,"W = 200"
2020-10-05,69.242067603948,"W = 200"
2020-10-06,69.0835794018226,"W = 200"
2020-10-07,69.3979745928123,"W = 200"
2020-10-08,69.1940053810763,"W = 200"
2020-10-09,69.5805226135587,"W = 200"
2020-10-13,69.6438924898138,"W = 200"
2020-10-14,69.8493503740853,"W = 200"
2020-10-15,69.9542452942597,"W = 200"
2020-10-16,70.1753731099864,"W = 200"
2020-10-19,69.7938175001134,"W = 200"
2020-10-20,73.3534966944586,"W = 200"
2020-10-21,73.3207956450081,"W = 200"
2020-10-22,73.5093600308929,"W = 200"
2020-10-23,73.2846324209302,"W = 200"
2020-10-26,73.0967420742226,"W = 200"
2020-10-27,73.008979841469,"W = 200"
2020-10-28,72.9935088150689,"W = 200"
2020-10-29,73.0404942652782,"W = 200"
2020-10-30,72.9338306867374,"W = 200"
2020-11-03,73.0863166092875,"W = 200"
2020-11-04,73.0501238467164,"W = 200"
2020-11-05,73.0811110114699,"W = 200"
2020-11-06,72.977032615007,"W = 200"
2020-11-09,73.1806349434247,"W = 200"
2020-11-10,72.9692871481667,"W = 200"
2020-11-11,73.0276192109195,"W = 200"
2020-11-12,73.0204749577872,"W = 200"
2020-11-13,73.036268757775,"W = 200"
2020-11-16,72.919458372914,"W = 200"
2020-11-17,72.8251715555633,"W = 200"
2020-11-18,72.9898534138256,"W = 200"
2020-11-19,73.1610775621093,"W = 200"
2020-11-20,73.392180790037,"W = 200"
2020-11-23,73.3979279325734,"W = 200"
2020-11-24,73.2917510085542,"W = 200"
2020-11-25,73.268509690761,"W = 200"
2020-11-26,73.4771518527524,"W = 200"
2020-11-27,73.1830908751142,"W = 200"
2020-11-30,72.7529343789996,"W = 200"
2020-12-01,72.803556304488,"W = 200"
2020-12-02,73.0481859377422,"W = 200"
2020-12-03,72.7257796066433,"W = 200"
2020-12-04,72.6955564199398,"W = 200"
2020-12-07,72.5313841794977,"W = 200"
2020-12-08,72.5157266202024,"W = 200"
2020-12-09,72.7322743949077,"W = 200"
2020-12-10,72.7437781808154,"W = 200"
2020-12-11,72.7162524518676,"W = 200"
2020-12-14,72.8498068031141,"W = 200"
2020-12-15,72.8877755597247,"W = 200"
2020-12-16,72.7355494242612,"W = 200"
2020-12-17,71.9545609595805,"W = 200"
2020-12-18,71.6659699790351,"W = 200"
2020-12-21,71.019429637309,"W = 200"
2020-12-22,69.8432713068944,"W = 200"
2020-12-23,67.8003954133375,"W = 200"
2020-12-28,67.1973404503948,"W = 200"
2020-12-29,68.193458460601,"W = 200"
2020-12-30,67.4417208859202,"W = 200"
2021-01-04,66.4840032654237,"W = 200"
2021-01-05,66.2927407898692,"W = 200"
2021-01-06,66.6036417073355,"W = 200"
2021-01-07,65.1966620409464,"W = 200"
2021-01-08,63.9868311780339,"W = 200"
2021-01-11,64.0527367125804,"W = 200"
2021-01-12,63.8868811601436,"W = 200"
2021-01-13,63.8819890473535,"W = 200"
2021-01-14,63.9724134924699,"W = 200"
2021-01-15,63.5393267987401,"W = 200"
2021-01-18,63.550946607843,"W = 200"
2021-01-19,63.1330311814018,"W = 200"
2021-01-20,61.4667528393029,"W = 200"
2021-01-21,60.4198874795415,"W = 200"
2021-01-22,60.9787039487496,"W = 200"
2021-01-26,61.5482137720223,"W = 200"
2021-01-27,61.4446391403179,"W = 200"
2021-01-28,61.4214818362454,"W = 200"
2021-01-29,61.4890657435619,"W = 200"
2021-02-01,61.5854664451157,"W = 200"
2021-02-02,61.2752937837773,"W = 200"
2021-02-03,60.8849636062713,"W = 200"
2021-02-04,60.7612833657098,"W = 200"
2021-02-05,60.2126346915484,"W = 200"
2021-02-08,58.8961723696103,"W = 200"
2021-02-09,58.4069760036012,"W = 200"
2021-02-10,58.3530899231808,"W = 200"
2021-02-11,57.6539276070138,"W = 200"
2021-02-12,57.0119967131967,"W = 200"
2021-02-17,57.550041545549,"W = 200"
2021-02-18,57.7174938615481,"W = 200"
2021-02-19,57.7842305239301,"W = 200"
2021-02-22,58.7155776084548,"W = 200"
2021-02-23,58.1813622411967,"W = 200"
2021-02-24,56.9454077036164,"W = 200"
2021-02-25,57.0146209967593,"W = 200"
2021-02-26,56.9899942254381,"W = 200"
2021-03-01,56.0159908488428,"W = 200"
2021-03-02,56.9074532576591,"W = 200"
2021-03-03,56.7314690763431,"W = 200"
2021-03-04,56.9370262667828,"W = 200"
2021-03-05,56.9366453544682,"W = 200"
2021-03-08,58.131700833807,"W = 200"
2021-03-09,57.8948712476907,"W = 200"
2021-03-10,57.0619924254536,"W = 200"
2021-03-11,56.6128117609673,"W = 200"
2021-03-12,56.9318120714227,"W = 200"
2021-03-15,56.8111883686103,"W = 200"
2021-03-16,56.8007396329033,"W = 200"
2021-03-17,56.5670396815238,"W = 200"
2021-03-18,56.7899184768567,"W = 200"
2021-03-19,55.752521330393,"W = 200"
2021-03-22,54.5905088027726,"W = 200"
2021-03-23,53.5362383922872,"W = 200"
2021-03-24,54.0399254155702,"W = 200"
2021-03-25,53.0894225489071,"W = 200"
2021-03-26,53.0065096040898,"W = 200"
2021-03-29,52.2142747674341,"W = 200"
2021-03-30,51.5282719988681,"W = 200"
2021-03-31,50.9309668862405,"W = 200"
2021-04-01,50.873851178111,"W = 200"
2021-04-05,50.8653359573646,"W = 200"
2021-04-06,50.4759825823078,"W = 200"
2021-04-07,50.5446580285489,"W = 200"
2021-04-08,50.6864690243381,"W = 200"
2021-04-09,50.4934420952846,"W = 200"
2021-04-12,50.6678360954861,"W = 200"
2021-04-13,50.9246208889664,"W = 200"
2021-04-14,50.5804851522863,"W = 200"
2021-04-15,50.7366668473134,"W = 200"
2021-04-16,51.0306621420712,"W = 200"
2021-04-19,50.4373767970984,"W = 200"
2021-04-20,50.9071276190435,"W = 200"
2021-04-22,50.9279348138062,"W = 200"
2021-04-23,51.1866057174365,"W = 200"
2021-04-26,50.8774954978956,"W = 200"
2021-04-27,50.872044549819,"W = 200"
2021-04-28,50.5437457029621,"W = 200"
2021-04-29,50.5975836406816,"W = 200"
2021-04-30,51.1145647086266,"W = 200"
2021-05-03,51.1347119592924,"W = 200"
2021-05-04,51.2751665472032,"W = 200"
2021-05-05,51.004922927023,"W = 200"
2021-05-06,51.1927186968127,"W = 200"
2021-05-07,51.645549728287,"W = 200"
2021-05-10,51.6458510495742,"W = 200"
2021-05-11,52.1069319428628,"W = 200"
2021-05-12,52.0484847496861,"W = 200"
2021-05-13,52.0509569598668,"W = 200"
2021-05-14,52.0532145969746,"W = 200"
2021-05-17,52.2667462180726,"W = 200"
2021-05-18,52.2940491902399,"W = 200"
2021-05-19,52.2965192216789,"W = 200"
2021-05-20,51.5358423894966,"W = 200"
2021-05-21,52.1191007505447,"W = 200"
2021-05-24,52.3023400500422,"W = 200"
2021-05-25,52.2704039681829,"W = 200"
2021-05-26,51.7893254080498,"W = 200"
2021-05-27,51.9347598323381,"W = 200"
2021-05-28,51.9947362138045,"W = 200"
2021-05-31,51.9804616758494,"W = 200"
2021-06-01,51.8366773916046,"W = 200"
2021-06-02,51.8321433076642,"W = 200"
2021-06-04,51.8074951317779,"W = 200"
2021-06-07,51.7713712142198,"W = 200"
2021-06-08,51.5144171381947,"W = 200"
2021-06-09,51.0607737500726,"W = 200"
2021-06-10,50.7961975637344,"W = 200"
2021-06-11,51.0575741550308,"W = 200"
2021-06-14,51.3984321133979,"W = 200"
2021-06-15,51.1008224693728,"W = 200"
2021-06-16,51.153863222401,"W = 200"
2021-06-17,51.2209891416436,"W = 200"
2021-06-18,55.5949997524403,"W = 200"
2021-06-21,55.9061399401884,"W = 200"
2021-06-22,55.679346762945,"W = 200"
2021-06-23,55.1000578190908,"W = 200"
2021-06-24,54.8866032578244,"W = 200"
2021-06-25,54.917608408686,"W = 200"
2021-06-28,54.9665966882451,"W = 200"
2021-06-29,55.0141896437831,"W = 200"
2021-06-30,55.540298730501,"W = 200"
2021-07-01,55.3798761492159,"W = 200"
2021-07-02,55.3566222020938,"W = 200"
2021-07-05,56.1495357629189,"W = 200"
2021-07-06,56.433362783164,"W = 200"
2021-07-07,56.2518943927842,"W = 200"
2021-07-08,56.0577288470606,"W = 200"
2021-07-12,56.375349611322,"W = 200"
2021-07-13,56.1261791542873,"W = 200"
2021-07-14,56.1382870220899,"W = 200"
2021-07-15,56.0852629853298,"W = 200"
2021-07-16,55.2466966436992,"W = 200"
2021-07-19,55.2777911213226,"W = 200"
2021-07-20,55.3046804052703,"W = 200"
2021-07-21,55.7182571358283,"W = 200"
2021-07-22,55.5797390602731,"W = 200"
2021-07-23,55.7320696960293,"W = 200"
2021-07-26,55.7150540368129,"W = 200"
2021-07-27,55.5813092214116,"W = 200"
2021-07-28,55.2886428073941,"W = 200"
2021-07-29,54.4936515952438,"W = 200"
2021-07-30,54.832234811494,"W = 200"
2021-08-02,55.4067123505853,"W = 200"
2021-08-03,55.3036778045842,"W = 200"
2021-08-04,54.7920774786127,"W = 200"
2021-08-05,54.568070949866,"W = 200"
2021-08-06,54.6213847988448,"W = 200"
2021-08-09,55.307644923226,"W = 200"
2021-08-10,54.5091337337717,"W = 200"
2021-08-11,54.5014490476606,"W = 200"
2021-08-12,54.5297957058221,"W = 200"
2021-08-13,54.2279247496395,"W = 200"
2021-08-16,54.1456489679236,"W = 200"
2021-08-17,52.1370970743719,"W = 200"
2021-08-18,52.3332981009801,"W = 200"
2021-08-19,52.3111060743421,"W = 200"
2021-08-20,52.5304355834002,"W = 200"
2021-08-23,52.3124840719864,"W = 200"
2021-08-24,52.2011700303524,"W = 200"
2021-08-25,50.2774943423901,"W = 200"
2021-08-26,50.2757853950078,"W = 200"
2021-08-27,50.7568010524879,"W = 200"
2021-08-30,51.6556172214191,"W = 200"
2021-08-31,51.6231401260068,"W = 200"
2021-09-01,51.7235435178836,"W = 200"
2021-09-02,51.9773962766716,"W = 200"
2021-09-03,52.0321683265708,"W = 200"
2021-09-06,52.012542661291,"W = 200"
2021-09-08,52.4213317426243,"W = 200"
2021-09-09,52.2414876176744,"W = 200"
2021-09-10,52.3401001570461,"W = 200"
2021-09-13,52.4215111217671,"W = 200"
2021-09-14,52.5109974685538,"W = 200"
2021-09-15,52.0635729613911,"W = 200"
2021-09-16,52.320162179066,"W = 200"
2021-09-17,51.2041287602254,"W = 200"
2021-09-20,51.5511750437719,"W = 200"
2021-09-21,51.4146872029002,"W = 200"
2021-09-22,51.7067666194793,"W = 200"
2021-09-23,51.3867137225043,"W = 200"
2021-09-24,51.0838010954355,"W = 200"
2021-09-27,51.0252043429694,"W = 200"
2021-09-28,51.6645030741897,"W = 200"
2021-09-29,51.4682932685572,"W = 200"
2021-09-30,51.3218724606437,"W = 200"
2021-10-01,51.1328111411601,"W = 200"
2021-10-04,50.4991193058878,"W = 200"
2021-10-05,50.5698493389152,"W = 200"
2021-10-06,51.2145776923363,"W = 200"
2021-10-07,50.2465416528732,"W = 200"
2021-10-08,50.3747890052372,"W = 200"
2021-10-11,50.0163510228384,"W = 200"
2021-10-13,49.7151283173604,"W = 200"
2021-10-14,49.7601177716678,"W = 200"
2021-10-15,49.73487988649,"W = 200"
2021-10-18,49.5145158304026,"W = 200"
2021-10-19,49.4551986895067,"W = 200"
2021-10-20,49.232109333423,"W = 200"
2021-10-21,50.7602589335574,"W = 200"
2021-10-22,53.2855629222323,"W = 200"
2021-10-25,52.460571972001,"W = 200"
2021-10-26,52.470378921041,"W = 200"
2021-10-27,52.6469555127048,"W = 200"
2021-10-28,52.5654822711531,"W = 200"
2021-10-29,52.3960579699152,"W = 200"
2021-11-01,52.4984183090282,"W = 200"
2021-11-03,52.653250538048,"W = 200"
2021-11-04,52.6308317801411,"W = 200"
2021-11-05,52.7976195030505,"W = 200"
2021-11-08,52.7655073636728,"W = 200"
2021-11-09,52.5353487413471,"W = 200"
2021-11-10,52.3669799071854,"W = 200"
2021-11-11,52.2572974569581,"W = 200"
2021-11-12,51.68554647727,"W = 200"
2021-11-16,51.3125813193567,"W = 200"
2021-11-17,51.0981824630329,"W = 200"
2021-11-18,51.6336863173099,"W = 200"
2021-11-19,51.5938091475774,"W = 200"
2021-11-22,51.5751412908673,"W = 200"
2021-11-23,51.7339666642848,"W = 200"
2021-11-24,51.7491334378003,"W = 200"
2021-11-25,51.7064979257917,"W = 200"
2021-11-26,52.919916115341,"W = 200"
2021-11-29,52.7116943459526,"W = 200"
2021-11-30,52.9560986742273,"W = 200"
2021-12-01,53.490624117529,"W = 200"
2021-12-02,53.4061494652782,"W = 200"
2021-12-03,51.5773001548009,"W = 200"
2021-12-06,51.7399910367811,"W = 200"
2021-12-07,51.9928456918115,"W = 200"
2021-12-08,51.6306043265146,"W = 200"
2021-12-09,51.4367954673713,"W = 200"
2021-12-10,51.6316412680074,"W = 200"
2021-12-13,49.6616258403871,"W = 200"
2021-12-14,48.0715712371872,"W = 200"
2021-12-15,48.1389275475278,"W = 200"
2021-12-16,48.033406266349,"W = 200"
2021-12-17,46.6200148566561,"W = 200"
2021-12-20,46.8026168850973,"W = 200"
2021-12-21,46.1953331161725,"W = 200"
2021-12-22,46.0632160299216,"W = 200"
2021-12-23,45.4219198358209,"W = 200"
2021-12-27,45.4253962517572,"W = 200"
2021-12-28,45.6446838044238,"W = 200"
2021-12-29,46.0020322849139,"W = 200"
2021-12-30,46.1085776009819,"W = 200"
2022-01-03,46.3667269065219,"W = 200"
2022-01-04,46.2842102599604,"W = 200"
2022-01-05,47.1739079861542,"W = 200"
2022-01-06,47.4473594160878,"W = 200"
2022-01-07,47.4996569700452,"W = 200"
2022-01-10,47.9772470198255,"W = 200"
2022-01-11,48.4055331065378,"W = 200"
2022-01-12,48.3285348154724,"W = 200"
2022-01-13,48.3150439499335,"W = 200"
2022-01-14,48.2581889251843,"W = 200"
2022-01-17,48.1212058480978,"W = 200"
2022-01-18,48.3181293871851,"W = 200"
2022-01-19,48.3594128825087,"W = 200"
2022-01-20,48.0144482742838,"W = 200"
2022-01-21,48.0389002569152,"W = 200"
2022-01-24,47.7878695573074,"W = 200"
2022-01-25,47.9299932049507,"W = 200"
2022-01-26,48.4751994169296,"W = 200"
2022-01-27,48.5864690076807,"W = 200"
2022-01-28,48.71249723215,"W = 200"
2022-01-31,48.9204724860626,"W = 200"
2022-02-01,48.2689794397462,"W = 200"
2022-02-02,47.7573380135171,"W = 200"
2022-02-03,47.742348978404,"W = 200"
2022-02-04,47.6319866694534,"W = 200"
2022-02-07,48.5466917631827,"W = 200"
2022-02-08,49.0069634722396,"W = 200"
2022-02-09,48.6716041922296,"W = 200"
2022-02-10,48.8093769115772,"W = 200"
2022-02-11,48.7988046813426,"W = 200"
2022-02-14,48.5829617149072,"W = 200"
2022-02-15,48.1326078676611,"W = 200"
2022-02-16,47.6714093351454,"W = 200"
2022-02-17,47.9474808776831,"W = 200"
2022-02-18,47.9973333587773,"W = 200"
2022-02-21,47.3421253525314,"W = 200"
2022-02-22,47.4320600004045,"W = 200"
2022-02-23,47.0058080981802,"W = 200"
2022-02-24,49.3440079451914,"W = 200"
2022-02-25,49.3830902310742,"W = 200"
2022-03-02,49.5817875562236,"W = 200"
2022-03-03,49.5260926438099,"W = 200"
2022-03-04,49.8723022124002,"W = 200"
2022-03-07,49.8343425753661,"W = 200"
2022-03-08,49.4288441995035,"W = 200"
2022-03-09,49.6669159907913,"W = 200"
2022-03-10,49.8140980485722,"W = 200"
2022-03-11,49.7773687346115,"W = 200"
2022-03-14,49.4815414272175,"W = 200"
2022-03-15,49.1748457407713,"W = 200"
2022-03-16,49.1763983605276,"W = 200"
2022-03-17,49.0810376082453,"W = 200"
2022-03-18,48.6368923013291,"W = 200"
2022-03-21,48.3021086668711,"W = 200"
2022-03-22,48.6174223160175,"W = 200"
2022-03-23,48.9588057159727,"W = 200"
2022-03-24,48.8455088900166,"W = 200"
2022-03-25,49.0800666158172,"W = 200"
2022-03-28,48.8933842030672,"W = 200"
2022-03-29,48.9221425871656,"W = 200"
2022-03-30,49.2273172377079,"W = 200"
2022-03-31,49.1235875619424,"W = 200"
2022-04-01,49.4053750004002,"W = 200"
2022-04-04,48.9129419076898,"W = 200"
2022-04-05,49.2933071133851,"W = 200"
2022-04-06,49.3446499848873,"W = 200"
2022-04-07,49.4563218892997,"W = 200"
2022-04-08,49.5637633106966,"W = 200"
2022-04-11,49.3566063019732,"W = 200"
2022-04-12,49.2670017946772,"W = 200"
2022-04-13,48.9450148435637,"W = 200"
2022-04-14,49.5874699452747,"W = 200"
2022-04-18,50.0217640091583,"W = 200"
2022-04-19,48.7408546195312,"W = 200"
2022-04-20,49.0209518652646,"W = 200"
2022-04-22,49.2943046593882,"W = 200"
2022-04-25,49.3719629311908,"W = 200"
2022-04-26,49.2986083779046,"W = 200"
2022-04-27,49.3776033480444,"W = 200"
2022-04-28,49.3220035507315,"W = 200"
2022-04-29,49.3613177693864,"W = 200"
2022-05-02,49.1137429780003,"W = 200"
2022-05-03,49.2298521400415,"W = 200"
2022-05-04,49.0905238671063,"W = 200"
2022-05-05,48.6074077926298,"W = 200"
2022-05-06,48.118220179612,"W = 200"
2022-05-09,48.2314031372579,"W = 200"
2022-05-10,47.9468527916322,"W = 200"
2022-05-11,47.9432462694645,"W = 200"
2022-05-12,48.2147393410077,"W = 200"
2022-05-13,48.0810559810293,"W = 200"
2022-05-16,47.7674872435579,"W = 200"
2022-05-17,47.5361592626868,"W = 200"
2022-05-18,47.6485099810272,"W = 200"
2022-05-19,47.7396918602469,"W = 200"
2022-05-20,47.2739320953314,"W = 200"
2022-05-23,47.3905355221658,"W = 200"
2022-05-24,47.1925041192758,"W = 200"
2022-05-25,47.8109416783154,"W = 200"
2022-05-26,48.1657486478358,"W = 200"
2022-05-27,48.3660098579522,"W = 200"
2022-05-30,47.8911094571265,"W = 200"
2022-05-31,48.152867420955,"W = 200"
2022-06-01,46.8322726463394,"W = 200"
2022-06-02,46.6208490950393,"W = 200"
2022-06-03,46.9718046169751,"W = 200"
2022-06-06,47.1047946504924,"W = 200"
2022-06-07,46.9086813160428,"W = 200"
2022-06-08,47.0973164511933,"W = 200"
2022-06-09,47.0825739088819,"W = 200"
2022-06-10,47.17336475554,"W = 200"
2022-06-13,47.1390454084107,"W = 200"
2022-06-14,46.6454014402304,"W = 200"
2022-06-15,46.7905810066152,"W = 200"
2022-06-17,46.702012662214,"W = 200"
2022-06-20,46.5886690002623,"W = 200"
2022-06-21,46.5460823714294,"W = 200"
2022-06-22,46.2634061397669,"W = 200"
2022-06-23,46.9579772732804,"W = 200"
2022-06-24,45.9070584584653,"W = 200"
2022-06-27,46.4574611167098,"W = 200"
2022-06-28,46.3451992040617,"W = 200"
2022-06-29,46.1152323883153,"W = 200"
2022-06-30,46.1841445812061,"W = 200"
2022-07-01,46.1460418080692,"W = 200"
2022-07-04,46.8531211351862,"W = 200"
2022-07-05,46.1388765423959,"W = 200"
2022-07-06,46.0393272845259,"W = 200"
2022-07-07,46.0214442364433,"W = 200"
2022-07-08,45.8078846112964,"W = 200"
2022-07-11,45.7689833956622,"W = 200"
2022-07-12,45.8168532517564,"W = 200"
2022-07-13,45.4922448948612,"W = 200"
2022-07-14,45.3913856234963,"W = 200"
2022-07-15,45.550683278935,"W = 200"
2022-07-18,45.6275634087105,"W = 200"
2022-07-19,45.7897821958867,"W = 200"
2022-07-20,46.3599457824567,"W = 200"
2022-07-21,46.105014021444,"W = 200"
2022-07-22,46.4641471955833,"W = 200"
2022-07-25,46.358683943536,"W = 200"
2022-07-26,46.0840523295469,"W = 200"
2022-07-27,46.3792650257732,"W = 200"
2022-07-28,46.1963730936563,"W = 200"
2022-07-29,46.5422804351673,"W = 200"
2022-08-01,46.7118210450625,"W = 200"
2022-08-02,46.8484412952697,"W = 200"
2022-08-03,46.9425508283807,"W = 200"
2022-08-04,44.571439102549,"W = 200"
2022-08-05,40.679910411964,"W = 200"
2022-08-08,41.5387869182024,"W = 200"
2022-08-09,41.4120540932363,"W = 200"
2022-08-10,40.3617550327972,"W = 200"
2022-08-11,39.7569239973699,"W = 200"
2022-08-12,40.1543111838625,"W = 200"
2022-08-15,39.6654096927413,"W = 200"
2022-08-16,38.8302497567088,"W = 200"
2022-08-17,39.1716568068703,"W = 200"
2022-08-18,38.7682229933924,"W = 200"
2022-08-19,38.1891093844661,"W = 200"
2022-08-22,37.9290400540122,"W = 200"
2022-08-23,38.1191590109356,"W = 200"
2022-08-24,38.2779897828896,"W = 200"
2022-08-25,38.6313026502307,"W = 200"
2022-08-26,38.7606177334399,"W = 200"
2022-08-29,38.5374806027613,"W = 200"
2022-08-30,38.8689492798103,"W = 200"
2022-08-31,38.5265741849272,"W = 200"
2022-09-01,39.2899487787091,"W = 200"
2022-09-02,38.9568684202369,"W = 200"
2022-09-05,39.1082629739795,"W = 200"
2022-09-06,39.1353214099896,"W = 200"
2022-09-08,37.7960258339048,"W = 200"
2022-09-09,37.9160616179081,"W = 200"
2022-09-12,37.0790264158084,"W = 200"
2022-09-13,35.8386856503175,"W = 200"
2022-09-14,35.8104417491237,"W = 200"
2022-09-15,34.9403726711396,"W = 200"
2022-09-16,34.4286734709183,"W = 200"
2022-09-19,34.504441831555,"W = 200"
2022-09-20,34.7777607056297,"W = 200"
2022-09-21,34.7279285565276,"W = 200"
2022-09-22,34.7110147377331,"W = 200"
2022-09-23,34.28318792221,"W = 200"
2022-09-26,33.619867549686,"W = 200"
2022-09-27,33.45468007639,"W = 200"
2022-09-28,33.2166362396684,"W = 200"
2022-09-29,32.8589354560676,"W = 200"
2022-09-30,32.5837185432797,"W = 200"
2022-10-03,33.864655308229,"W = 200"
2022-10-04,33.7509187245643,"W = 200"
2022-10-05,33.6608074488771,"W = 200"
2022-10-06,33.5407258813168,"W = 200"
2022-10-07,33.1441225375002,"W = 200"
2022-10-10,32.7316231671456,"W = 200"
2022-10-11,32.9844745374857,"W = 200"
2022-10-13,33.5673827993853,"W = 200"
2022-10-14,33.673511803026,"W = 200"
2022-10-17,33.4974657068451,"W = 200"
2022-10-18,33.4674929155624,"W = 200"
2022-10-19,34.3124512123666,"W = 200"
2022-10-20,34.1822971436658,"W = 200"
2022-10-21,33.5789499888512,"W = 200"
2022-10-24,33.6662423035723,"W = 200"
2022-10-25,33.8888321792286,"W = 200"
2022-10-26,35.9893236563682,"W = 200"
2022-10-27,35.8651563169941,"W = 200"
2022-10-28,35.6269498329769,"W = 200"
2022-10-31,37.3767447699115,"W = 200"
2022-11-01,38.4017452183639,"W = 200"
2022-11-03,39.291529731072,"W = 200"
2022-11-04,39.070122372037,"W = 200"
2022-11-07,38.8133534826415,"W = 200"
2022-11-08,38.6458055707384,"W = 200"
2022-11-09,39.5064416648459,"W = 200"
2022-11-10,40.5128492763014,"W = 200"
2022-11-11,40.7069068561086,"W = 200"
2022-11-14,40.7438551043715,"W = 200"
2022-11-16,41.0679559712463,"W = 200"
2022-11-17,41.5827562195479,"W = 200"
2022-11-18,42.1626963765925,"W = 200"
2022-11-21,41.9494887792634,"W = 200"
2022-11-22,41.9755623755876,"W = 200"
2022-11-23,41.8968561533879,"W = 200"
2022-11-24,41.9530283622139,"W = 200"
2022-11-25,41.9610226639545,"W = 200"
2022-11-28,42.2537258244539,"W = 200"
2022-11-29,42.9147902678627,"W = 200"
2022-11-30,43.6150825600432,"W = 200"
2022-12-01,43.5310584898799,"W = 200"
2022-12-02,44.2581515422,"W = 200"
2022-12-05,44.6278328869498,"W = 200"
2022-12-06,44.6819809002163,"W = 200"
2022-12-07,44.547771012547,"W = 200"
2022-12-08,42.0891475771754,"W = 200"
2022-12-09,42.794903801409,"W = 200"
2022-12-12,43.7100142343942,"W = 200"
2022-12-13,43.8799359436718,"W = 200"
2022-12-14,43.9749512313838,"W = 200"
2022-12-15,44.4279416354424,"W = 200"
2022-12-16,44.2229111218345,"W = 200"
2022-12-19,43.9456484630987,"W = 200"
2022-12-20,44.8787915139237,"W = 200"
2022-12-21,44.7506830425947,"W = 200"
2022-12-22,44.4845592430069,"W = 200"
2022-12-23,44.5873382263608,"W = 200"
2022-12-26,44.549868382829,"W = 200"
2022-12-27,44.6048853387303,"W = 200"
2022-12-28,44.7505972742915,"W = 200"
2022-12-29,45.0062023618407,"W = 200"
2023-01-02,44.5659793260239,"W = 200"
2023-01-03,44.5991438807786,"W = 200"
2023-01-04,44.3558125069406,"W = 200"
2023-01-05,44.1011366984912,"W = 200"
2023-01-06,44.1476259862838,"W = 200"
2023-01-09,44.0758903412361,"W = 200"
2023-01-10,44.3388493820934,"W = 200"
2023-01-11,44.1826934317371,"W = 200"
2023-01-12,44.1902757060952,"W = 200"
2023-01-13,43.9080989279262,"W = 200"
2023-01-16,43.5477096675941,"W = 200"
2023-01-17,43.666526749412,"W = 200"
2023-01-18,43.7427869959613,"W = 200"
2023-01-19,43.3167205015489,"W = 200"
2023-01-20,43.2218554022353,"W = 200"
2023-01-23,43.0732233733343,"W = 200"
2023-01-24,42.5796392620377,"W = 200"
2023-01-25,42.3184623812024,"W = 200"
2023-01-26,41.9703906948343,"W = 200"
2023-01-27,42.1760069875029,"W = 200"
2023-01-30,41.7032018723734,"W = 200"
2023-01-31,41.465110663076,"W = 200"
2023-02-01,41.5009121857831,"W = 200"
2023-02-02,43.2877003343505,"W = 200"
2023-02-03,43.0158206234415,"W = 200"
2023-02-06,43.1122407564483,"W = 200"
2023-02-07,42.9210735355184,"W = 200"
2023-02-08,42.7807315771664,"W = 200"
2023-02-09,43.0449228226556,"W = 200"
2023-02-10,42.5046250021975,"W = 200"
2023-02-13,41.8976733030226,"W = 200"
2023-02-14,41.5745871922474,"W = 200"
2023-02-15,41.1172724066448,"W = 200"
2023-02-16,41.0935781314962,"W = 200"
2023-02-17,41.13489399883,"W = 200"
2023-02-22,40.5892463240362,"W = 200"
2023-02-23,40.7903075037871,"W = 200"
2023-02-24,40.9695977144072,"W = 200"
2023-02-27,40.8575647818062,"W = 200"
2023-02-28,40.6663692477819,"W = 200"
2023-03-01,41.1240141054596,"W = 200"
2023-03-02,41.4787260998957,"W = 200"
2023-03-03,42.0032008010256,"W = 200"
2023-03-06,42.0261016498172,"W = 200"
2023-03-07,42.1381029280601,"W = 200"
2023-03-08,41.9322193987203,"W = 200"
2023-03-09,41.4336699668995,"W = 200"
2023-03-10,41.6481269680102,"W = 200"
2023-03-13,41.7256750512744,"W = 200"
2023-03-14,41.1884470793745,"W = 200"
2023-03-15,42.0250648514029,"W = 200"
2023-03-16,41.6138855031749,"W = 200"
2023-03-17,41.7393115443598,"W = 200"
2023-03-20,41.0749269574098,"W = 200"
2023-03-21,41.0572012253396,"W = 200"
2023-03-22,40.9630848095907,"W = 200"
2023-03-23,41.3902876445761,"W = 200"
2023-03-24,41.3210229655027,"W = 200"
2023-03-27,41.3160438488362,"W = 200"
2023-03-28,41.3664837264588,"W = 200"
2023-03-29,41.3850683656285,"W = 200"
2023-03-30,41.6615568892429,"W = 200"
2023-03-31,41.7034681993266,"W = 200"
2023-04-03,42.1165613151549,"W = 200"
2023-04-04,41.8369989218013,"W = 200"
2023-04-05,42.2194302831338,"W = 200"
2023-04-06,41.8377664100641,"W = 200"
2023-04-10,42.3845297585303,"W = 200"
2023-04-11,42.1024998004806,"W = 200"
2023-04-12,42.2705748031431,"W = 200"
2023-04-13,42.3437235906774,"W = 200"
2023-04-14,41.5269771550255,"W = 200"
2023-04-17,41.7985146057751,"W = 200"
2023-04-18,41.7363097723847,"W = 200"
2023-04-19,42.314590831809,"W = 200"
2023-04-20,42.5874095729864,"W = 200"
2023-04-24,42.6415741171889,"W = 200"
2023-04-25,42.4301346191863,"W = 200"
2023-04-26,42.4889824626117,"W = 200"
2023-04-27,43.9833342062455,"W = 200"
2023-04-28,43.8465960745562,"W = 200"
2023-05-02,43.754211505962,"W = 200"
2023-05-03,43.6587832846587,"W = 200"
2023-05-04,43.629526588734,"W = 200"
2023-05-05,43.1470935689219,"W = 200"
2023-05-08,42.9082802482862,"W = 200"
2023-05-09,42.2593621550934,"W = 200"
2023-05-10,42.2889219260183,"W = 200"
2023-05-11,42.0144186624547,"W = 200"
2023-05-12,41.8747943387087,"W = 200"
2023-05-15,42.0434786068598,"W = 200"
2023-05-16,41.9953930104043,"W = 200"
2023-05-17,42.4220184877178,"W = 200"
2023-05-18,42.9424167317812,"W = 200"
2023-05-19,42.7759049771764,"W = 200"
2023-05-22,42.6117476069031,"W = 200"
2023-05-23,42.6661345567255,"W = 200"
2023-05-24,42.848310803973,"W = 200"
2023-05-25,43.5522584647277,"W = 200"
2023-05-26,44.1914540336547,"W = 200"
2023-05-29,44.6916311041431,"W = 200"
2023-05-30,44.7550740074436,"W = 200"
2023-05-31,44.9449279734849,"W = 200"
2023-06-01,44.9042053720041,"W = 200"
2023-06-02,44.6807109936134,"W = 200"
2023-06-05,44.7600346929484,"W = 200"
2023-06-06,45.1083646927944,"W = 200"
2023-06-07,44.8514190743154,"W = 200"
2023-06-09,44.5375746440779,"W = 200"
2023-06-12,43.8238054426182,"W = 200"
2023-06-13,43.5866419853909,"W = 200"
2023-06-14,43.6041943080622,"W = 200"
2023-06-15,42.9579706174835,"W = 200"
2023-06-16,43.6870636615885,"W = 200"
2023-06-19,44.1818037635143,"W = 200"
2023-06-20,44.4547465140907,"W = 200"
2023-06-21,44.9024985590592,"W = 200"
2023-06-22,44.7976438662313,"W = 200"
2023-06-23,45.3783793252615,"W = 200"
2023-06-26,45.1207869762672,"W = 200"
2023-06-27,45.4167263051802,"W = 200"
2023-06-28,45.9810140662752,"W = 200"
2023-06-29,46.2167959678237,"W = 200"
2023-06-30,46.019897131152,"W = 200"
2023-07-03,46.1809140534071,"W = 200"
2023-07-04,47.176154746388,"W = 200"
2023-07-05,47.2876739654805,"W = 200"
2023-07-06,47.1867533542169,"W = 200"
2023-07-07,47.04830792375,"W = 200"
2023-07-10,47.4469093781812,"W = 200"
2023-07-11,47.5411602581315,"W = 200"
2023-07-12,47.5524932982926,"W = 200"
2023-07-13,47.2725589145078,"W = 200"
2023-07-14,47.1141469645875,"W = 200"
2023-07-17,47.6519915311095,"W = 200"
2023-07-18,47.504785870129,"W = 200"
2023-07-19,47.8801978677309,"W = 200"
2023-07-20,47.8686722488977,"W = 200"
2023-07-21,47.5746387799049,"W = 200"
2023-07-24,47.5361239772539,"W = 200"
2023-07-25,47.4914741711835,"W = 200"
2023-07-26,47.7956010726531,"W = 200"
2023-07-27,47.6426451559365,"W = 200"
2023-07-28,48.3146631930542,"W = 200"
2023-07-31,48.4717644336367,"W = 200"
2023-08-01,48.2984699438645,"W = 200"
2023-08-02,48.0811807607455,"W = 200"
2023-08-03,48.2651112540155,"W = 200"
2023-08-04,47.8627691578184,"W = 200"
2023-08-07,47.9334488090388,"W = 200"
2023-08-08,48.7065341844193,"W = 200"
2023-08-09,47.2268263987377,"W = 200"
2023-08-10,46.7809079350457,"W = 200"
2023-08-11,47.3674050471333,"W = 200"
2023-08-14,45.5981865531227,"W = 200"
2023-08-15,44.7880522563134,"W = 200"
2023-08-16,44.3934245304669,"W = 200"
2023-08-17,44.7820424210495,"W = 200"
2023-08-18,44.9382414817633,"W = 200"
2023-08-21,45.0339440102088,"W = 200"
2023-08-22,44.8760861221772,"W = 200"
2023-08-23,43.9622809747958,"W = 200"
2023-08-24,44.1426141957282,"W = 200"
2023-08-25,44.0029927201193,"W = 200"
2023-08-28,43.7031935841085,"W = 200"
2023-08-29,43.2467502268887,"W = 200"
2023-08-30,42.337701316668,"W = 200"
2023-08-31,41.969841128047,"W = 200"
2023-09-01,41.6832366621767,"W = 200"
2023-09-04,42.116032920925,"W = 200"
2023-09-05,41.6742328831209,"W = 200"
2023-09-06,41.6263237301213,"W = 200"
2023-09-08,41.3455309899252,"W = 200"
2023-09-11,41.0962743298446,"W = 200"
2023-09-12,41.1375008096539,"W = 200"
2023-09-13,41.2637566534217,"W = 200"
2023-09-14,40.0616288569292,"W = 200"
2023-09-15,40.5707136089137,"W = 200"
2023-09-18,40.2839611051283,"W = 200"
2023-09-19,40.6232890193432,"W = 200"
2023-09-20,40.4678932221249,"W = 200"
2023-09-21,40.3122324538362,"W = 200"
2023-09-22,39.1703590819901,"W = 200"
2023-09-25,39.3433937228184,"W = 200"
2023-09-26,38.9134151591729,"W = 200"
2023-09-27,37.7998850345556,"W = 200"
2023-09-28,38.2729913634433,"W = 200"
2023-09-29,38.1306510542847,"W = 200"
2023-10-02,37.3495851358963,"W = 200"
2023-10-03,37.5462511046758,"W = 200"
2023-10-04,37.4999896434078,"W = 200"
2023-10-05,37.5986339068942,"W = 200"
2023-10-06,38.3550821970033,"W = 200"
2023-10-09,38.2051538177282,"W = 200"
2023-10-10,38.2925314778062,"W = 200"
2023-10-11,38.4273257751227,"W = 200"
2023-10-13,38.5020189474973,"W = 200"
2023-10-16,38.4662138482029,"W = 200"
2023-10-17,38.3220330730549,"W = 200"
2023-10-18,38.1434381769392,"W = 200"
2023-10-19,38.6060859610682,"W = 200"
2023-10-20,38.5420667045508,"W = 200"
2023-10-23,37.6986268269891,"W = 200"
2023-10-24,37.8202095825973,"W = 200"
2023-10-25,36.7257302490154,"W = 200"
2023-10-26,36.3243594771583,"W = 200"
2023-10-27,36.4279989380895,"W = 200"
2023-10-30,36.265571898722,"W = 200"
2023-10-31,36.2639505862738,"W = 200"
2023-11-01,36.549403923302,"W = 200"
2023-11-03,37.3712607033222,"W = 200"
2023-11-06,37.3206006604636,"W = 200"
2023-11-07,37.9015107726733,"W = 200"
2023-11-08,37.7569606605068,"W = 200"
2023-11-09,38.1805801533049,"W = 200"
2023-11-10,37.9075871384327,"W = 200"
2023-11-13,37.7707562678314,"W = 200"
2023-11-14,37.8993615553186,"W = 200"
2023-11-16,37.4042139353681,"W = 200"
2023-11-17,35.0758939455212,"W = 200"
2023-11-20,35.1397491220278,"W = 200"
2023-11-21,35.6372692674068,"W = 200"
2023-11-22,35.8324879014549,"W = 200"
2023-11-23,35.1277355776153,"W = 200"
2023-11-24,34.8882956842813,"W = 200"
2023-11-27,34.7198946534689,"W = 200"
2023-11-28,34.8662469342917,"W = 200"
2023-11-29,34.780604701636,"W = 200"
2023-11-30,35.0420070987196,"W = 200"
2023-12-01,34.8936929456029,"W = 200"
2023-12-04,34.9494833163534,"W = 200"
2023-12-05,35.5293474811284,"W = 200"
2023-12-06,35.3184515765751,"W = 200"
2023-12-07,35.5303507630446,"W = 200"
2023-12-08,35.4035473570793,"W = 200"
2023-12-11,35.7126963739877,"W = 200"
2023-12-12,34.3730713406461,"W = 200"
2023-12-13,34.1003906625474,"W = 200"
2023-12-14,34.0478283982216,"W = 200"
2023-12-15,33.4951744566109,"W = 200"
2023-12-18,33.4387682463738,"W = 200"
2023-12-19,33.1402403377536,"W = 200"
2023-12-20,33.2212940970036,"W = 200"
2023-12-21,32.2377775567676,"W = 200"
2023-12-22,31.4759314550548,"W = 200"
2023-12-26,32.1116971919358,"W = 200"
2023-12-27,31.1226945150722,"W = 200"
2023-12-28,31.6199128449234,"W = 200"
2024-01-02,31.6741788547004,"W = 200"
2024-01-03,31.2857141550153,"W = 200"
2024-01-04,31.0915874686109,"W = 200"
2024-01-05,30.517887191386,"W = 200"
2024-01-08,29.581718128189,"W = 200"
2024-01-09,28.9000188367767,"W = 200"
2024-01-10,28.6189874458161,"W = 200"
2024-01-11,28.8048519723571,"W = 200"
2024-01-12,28.3380684561752,"W = 200"
2024-01-15,27.8352289472875,"W = 200"
2024-01-16,27.5359764524984,"W = 200"
2024-01-17,27.798264326105,"W = 200"
2024-01-18,27.765793745485,"W = 200"
2024-01-19,27.4224653349032,"W = 200"
2024-01-22,27.2376450893335,"W = 200"
2024-01-23,27.0598632999308,"W = 200"
2024-01-24,27.0577275153437,"W = 200"
2024-01-25,26.4510695162943,"W = 200"
2024-01-26,26.752576466078,"W = 200"
2024-01-29,26.7333750833847,"W = 200"
2024-01-30,27.0523801397406,"W = 200"
2024-01-31,26.8457877647785,"W = 200"
2024-02-01,26.683136258347,"W = 200"
2024-02-02,26.8173085555821,"W = 200"
2024-02-05,26.6965539793996,"W = 200"
2024-02-06,26.135187973953,"W = 200"
2024-02-07,26.5343784671731,"W = 200"
2024-02-08,26.6786017875276,"W = 200"
2024-02-09,26.1920465837638,"W = 200"
2024-02-14,25.9893835033441,"W = 200"
2024-02-15,25.9662909215639,"W = 200"
2024-02-16,25.5931169093204,"W = 200"
2024-02-19,25.1930441127955,"W = 200"
2024-02-20,25.0536134013774,"W = 200"
2024-02-21,24.7951136164746,"W = 200"
2024-02-22,25.1985986174285,"W = 200"
2024-02-23,24.8831222553151,"W = 200"
2024-02-26,25.0660969278221,"W = 200"
2024-02-27,25.1088348791067,"W = 200"
2024-02-28,25.10366206387,"W = 200"
2024-02-29,25.0592434767222,"W = 200"
2024-03-01,25.1291714564628,"W = 200"
2024-03-04,25.3455841814796,"W = 200"
2024-03-05,25.2516684974517,"W = 200"
2024-03-06,25.1745420459324,"W = 200"
2024-03-07,25.1248485681454,"W = 200"
2024-03-08,24.5266858645451,"W = 200"
2024-03-11,24.9488579726245,"W = 200"
2024-03-12,24.9472249191844,"W = 200"
2024-03-13,24.624230287077,"W = 200"
2024-03-14,25.0035982807855,"W = 200"
2024-03-15,25.0498399789909,"W = 200"
2024-03-18,24.7718459962392,"W = 200"
2024-03-19,24.7515966624673,"W = 200"
2024-03-20,24.804488217529,"W = 200"
2024-03-21,24.3345626414179,"W = 200"
2024-03-22,24.3818625032323,"W = 200"
2024-03-25,24.7772766594456,"W = 200"
2024-03-26,24.773605996849,"W = 200"
2024-03-27,24.2549558453119,"W = 200"
2024-03-28,25.1687097976258,"W = 200"
2024-04-01,24.833858473488,"W = 200"
2024-04-02,24.6119238428348,"W = 200"
2024-04-03,24.7572519980043,"W = 200"
2024-04-04,25.4434482583151,"W = 200"
2024-04-05,25.6427376315287,"W = 200"
2024-04-08,25.5090692281236,"W = 200"
2024-04-09,25.8931198300337,"W = 200"
2024-04-10,24.8731870012945,"W = 200"
2024-04-11,25.1354531933866,"W = 200"
2024-04-12,25.5901196754742,"W = 200"
2024-04-15,25.3312061798863,"W = 200"
2024-04-16,25.3704525757351,"W = 200"
2024-04-17,25.0467612744761,"W = 200"
2024-04-18,25.2104967334966,"W = 200"
2024-04-19,25.4929534514286,"W = 200"
2024-04-22,25.2420378620996,"W = 200"
2024-04-23,25.1339548348465,"W = 200"
2024-04-24,24.7390833075052,"W = 200"
2024-04-25,24.9449242213252,"W = 200"
2024-04-26,25.859643456774,"W = 200"
2024-04-29,26.4433063990832,"W = 200"
2024-04-30,26.311119685482,"W = 200"
2024-05-02,25.9605079738619,"W = 200"
2024-05-03,26.271957772375,"W = 200"
2024-05-06,26.3872874377539,"W = 200"
2024-05-07,26.3187245202027,"W = 200"
2024-05-08,26.0954096461332,"W = 200"
2024-05-09,25.9907601857974,"W = 200"
2024-05-10,26.1150166940772,"W = 200"
2024-05-13,26.5490123126143,"W = 200"
2024-05-14,26.4495649512125,"W = 200"
2024-05-15,26.1053837115017,"W = 200"
2024-05-16,26.0216760539469,"W = 200"
2024-05-17,25.9106033864453,"W = 200"
2024-05-20,25.5385656608939,"W = 200"
2024-05-21,25.3728744849747,"W = 200"
2024-05-22,25.6387444959307,"W = 200"
2024-05-23,25.2186480125221,"W = 200"
2024-05-24,25.054085392701,"W = 200"
2024-05-27,25.6499660889194,"W = 200"
2024-05-28,25.4396591544345,"W = 200"
2024-05-29,25.6012197425002,"W = 200"
2024-05-31,25.5256885813317,"W = 200"
2024-06-03,25.4700379465696,"W = 200"
2024-06-04,25.4743242629913,"W = 200"
2024-06-05,26.0101713280532,"W = 200"
2024-06-06,26.3270997364937,"W = 200"
2024-06-07,26.2590034461166,"W = 200"
2024-06-10,26.2193939580487,"W = 200"
2024-06-11,26.2430743105455,"W = 200"
2024-06-12,26.2387320227752,"W = 200"
2024-06-13,25.8699448990624,"W = 200"
2024-06-14,25.9419879886947,"W = 200"
2024-06-17,25.8192876963873,"W = 200"
2024-06-18,25.8887675060803,"W = 200"
2024-06-19,25.7972881343784,"W = 200"
2024-06-20,25.8838921894804,"W = 200"
2024-06-21,26.2446303133693,"W = 200"
2024-06-24,26.4414260624267,"W = 200"
2024-06-25,26.6513424802535,"W = 200"
2024-06-26,26.7988484064859,"W = 200"
2024-06-27,26.6424602727626,"W = 200"
2024-06-28,26.2351894886737,"W = 200"
2024-07-01,26.3767001725821,"W = 200"
2024-07-02,26.942592271716,"W = 200"
2024-07-03,26.9160215402682,"W = 200"
2024-07-04,26.724181811167,"W = 200"
2024-07-05,26.6960094673201,"W = 200"
2024-07-08,26.4588879442194,"W = 200"
2024-07-09,26.4605845396526,"W = 200"
2024-07-10,26.4094755508373,"W = 200"
2024-07-11,26.1731225650503,"W = 200"
2024-07-12,25.8543937241316,"W = 200"
2024-07-15,26.1333084555174,"W = 200"
2024-07-16,26.4387547150144,"W = 200"
2024-07-17,26.5604987603402,"W = 200"
2024-07-18,26.5766620596506,"W = 200"
2024-07-19,26.2294940391664,"W = 200"
2024-07-22,25.8366621916787,"W = 200"
2024-07-23,24.6974244778804,"W = 200"
2024-07-24,25.0653067409679,"W = 200"
2024-07-25,24.9158126981482,"W = 200"
2024-07-26,24.4612917327316,"W = 200"
2024-07-29,24.5881876848971,"W = 200"
2024-07-30,24.7029686495535,"W = 200"
2024-07-31,24.5994593095043,"W = 200"
2024-08-01,24.1893699093951,"W = 200"
2024-08-02,23.7598481730937,"W = 200"
2024-08-05,25.5949415462078,"W = 200"
2024-08-06,25.7478569205861,"W = 200"
2024-08-07,25.6305691749489,"W = 200"
2024-08-08,24.4889808575891,"W = 200"
2024-08-09,24.1703552340999,"W = 200"
2024-08-12,24.1454331103995,"W = 200"
2024-08-13,24.1402920771272,"W = 200"
2024-08-14,24.6028830149163,"W = 200"
2024-08-15,24.4206267618531,"W = 200"
2024-08-16,22.7923427634958,"W = 200"
2024-08-19,22.8126034708564,"W = 200"
2024-08-20,22.5574979666176,"W = 200"
2024-08-21,23.2980665765111,"W = 200"
2024-08-22,22.5456770916209,"W = 200"
2024-08-23,22.4522180720214,"W = 200"
2024-08-26,22.7883917129588,"W = 200"
2024-08-27,23.4557265217787,"W = 200"
2024-08-28,23.0766947505943,"W = 200"
2024-08-29,23.1716047573097,"W = 200"
2024-08-30,23.1233959312125,"W = 200"
2024-09-02,23.051443188746,"W = 200"
2024-09-03,22.7272828106069,"W = 200"
2024-09-04,22.7750593467621,"W = 200"
2024-09-05,22.7015910471366,"W = 200"
2024-09-06,22.7095593717771,"W = 200"
2024-09-09,22.7839201584279,"W = 200"
2024-09-10,22.8085650528819,"W = 200"
2024-09-11,22.9848460321148,"W = 200"
2024-09-12,22.6883498781936,"W = 200"
2024-09-13,22.4822021055119,"W = 200"
2024-09-16,22.5968900646779,"W = 200"
2024-09-17,22.6409912986693,"W = 200"
2024-09-18,22.9333864134616,"W = 200"
2024-09-19,23.2090165476677,"W = 200"
2024-09-20,23.3218361057055,"W = 200"
2024-09-23,23.4218142557771,"W = 200"
2024-09-24,23.6351420282745,"W = 200"
2024-09-25,23.9454494553734,"W = 200"
2024-09-26,24.0055340915402,"W = 200"
2024-09-27,23.6941300572283,"W = 200"
2024-09-30,23.5788906322032,"W = 200"
2024-10-01,24.297133672154,"W = 200"
2024-10-02,24.7956866053518,"W = 200"
2024-10-03,24.4388227772504,"W = 200"
2024-10-04,24.079637638114,"W = 200"
2024-10-07,24.1616681077721,"W = 200"
2024-10-08,24.0009393817841,"W = 200"
2024-10-09,23.8546487698003,"W = 200"
2024-10-10,24.3885628079371,"W = 200"
2024-10-11,24.41546543457,"W = 200"
2024-10-14,24.8468899268899,"W = 200"
2024-10-15,24.9411038422906,"W = 200"
2024-10-16,24.9981663213018,"W = 200"
2024-10-17,25.065806269567,"W = 200"
2024-10-18,24.9057509267275,"W = 200"
2024-10-21,24.7081800474792,"W = 200"
2024-10-22,24.6496286628229,"W = 200"
2024-10-23,24.9683572615969,"W = 200"
2024-10-24,25.1728086821273,"W = 200"
2024-10-25,25.6869048482006,"W = 200"
2024-10-28,25.6283297589085,"W = 200"
2024-10-29,25.4935571700254,"W = 200"
2024-10-30,25.6907781851774,"W = 200"
2024-10-31,25.528980172679,"W = 200"
2024-11-01,25.2922199117443,"W = 200"
2024-11-04,25.1229467538505,"W = 200"
2024-11-05,25.0397352533074,"W = 200"
2024-11-06,25.4005019038322,"W = 200"
2024-11-07,25.442312472084,"W = 200"
2024-11-08,25.1794172244737,"W = 200"
2024-11-11,25.0316822486151,"W = 200"
2024-11-12,25.2758577662874,"W = 200"
2024-11-13,25.0963290434518,"W = 200"
2024-11-14,24.7525727864126,"W = 200"
2024-11-18,24.3711087166859,"W = 200"
2024-11-19,25.0224743564963,"W = 200"
2024-11-21,25.1173382707548,"W = 200"
2024-11-22,25.554910907582,"W = 200"
2024-11-25,25.0614994429723,"W = 200"
2024-11-26,25.8674047623069,"W = 200"
2024-11-27,25.7022434138026,"W = 200"
2024-11-28,25.9039242605348,"W = 200"
2024-11-29,26.4299915015875,"W = 200"
2024-12-02,26.3306256871424,"W = 200"
2024-12-03,26.018877089782,"W = 200"
2024-12-04,25.9318996903719,"W = 200"
2024-12-05,26.3441769457945,"W = 200"
2024-12-06,26.1503533345085,"W = 200"
2024-12-09,26.0728225993191,"W = 200"
2024-12-10,26.5967088477345,"W = 200"
2024-12-11,28.6283372882827,"W = 200"
2024-12-12,28.6043088318924,"W = 200"
2024-12-13,28.5137604671628,"W = 200"
2024-12-16,28.5751052382526,"W = 200"
2024-12-17,28.1861197171692,"W = 200"
2024-12-18,27.4784442776476,"W = 200"
2024-12-19,27.5351437030704,"W = 200"
2024-12-20,26.8160440167876,"W = 200"
2024-12-23,26.7618794994462,"W = 200"
2024-12-26,26.6579049832117,"W = 200"
2024-12-27,26.7384886897226,"W = 200"
2024-12-30,26.9746981524163,"W = 200"
2025-01-02,27.5206712927699,"W = 200"
2025-01-03,28.110021659264,"W = 200"
2025-01-06,27.4773056897673,"W = 200"
2025-01-07,26.7679337144245,"W = 200"
2025-01-08,26.9604776811566,"W = 200"
2025-01-09,27.2063836929132,"W = 200"
2025-01-10,27.0782225153841,"W = 200"
2025-01-13,27.1899774889013,"W = 200"
2025-01-14,27.2538925848199,"W = 200"
2025-01-15,26.639368382254,"W = 200"
2025-01-16,26.5324663757501,"W = 200"
2025-01-17,26.8637279474723,"W = 200"
2025-01-20,26.8619888157839,"W = 200"
2025-01-21,27.3888526275685,"W = 200"
2025-01-22,27.2725409780318,"W = 200"
2025-01-23,27.5995793253978,"W = 200"
2025-01-24,27.8079442247906,"W = 200"
2025-01-27,27.9394103941713,"W = 200"
2025-01-28,27.4205705791753,"W = 200"
2025-01-29,27.4239339985944,"W = 200"
2025-01-30,27.2697288951006,"W = 200"
2025-01-31,27.0412765014994,"W = 200"
2025-02-03,27.0025638577505,"W = 200"
2025-02-04,26.9823447282397,"W = 200"
2025-02-05,27.9161911038031,"W = 200"
2025-02-06,28.5439485010239,"W = 200"
2025-02-07,28.432080931049,"W = 200"
2025-02-10,28.0282359862813,"W = 200"
2025-02-11,28.2734893999449,"W = 200"
2025-02-12,28.7262431324053,"W = 200"
2025-02-13,28.9586086465956,"W = 200"
2025-02-14,28.9594296404272,"W = 200"
2025-02-17,28.7313019889161,"W = 200"
2025-02-18,28.4059341025949,"W = 200"
2025-02-19,28.3234392338452,"W = 200"
2025-02-20,28.0287675508666,"W = 200"
2025-02-21,28.2139706831015,"W = 200"
2025-02-24,28.2553281704332,"W = 200"
2025-02-25,28.1927206475714,"W = 200"
2025-02-26,28.2371708328378,"W = 200"
2025-02-27,28.2214926272752,"W = 200"
2025-02-28,28.4189673699576,"W = 200"
2025-03-05,28.5115536698897,"W = 200"
2025-03-06,28.5460807048093,"W = 200"
2025-03-07,29.1406832701769,"W = 200"
2025-03-10,29.0065320890802,"W = 200"
2025-03-11,28.9084126153456,"W = 200"
2025-03-12,29.0806414657733,"W = 200"
2025-03-13,29.4037219883881,"W = 200"
2025-03-14,29.6971091790058,"W = 200"
2025-03-17,29.7669213016171,"W = 200"
2025-03-18,29.3571278917695,"W = 200"
2025-03-19,29.1087848466692,"W = 200"
2025-03-20,29.0490434471811,"W = 200"
2025-03-21,29.5302881314577,"W = 200"
2025-03-24,29.3305124036555,"W = 200"
2025-03-25,28.9761963193222,"W = 200"
2025-03-26,29.0521995932588,"W = 200"
2025-03-27,28.8938181465921,"W = 200"
2025-03-28,28.9533287304208,"W = 200"
2025-03-31,29.0513025340706,"W = 200"
2025-04-01,29.1929044776052,"W = 200"
2025-04-02,29.1707857722678,"W = 200"
2025-04-03,29.5630838206349,"W = 200"
2025-04-04,30.266210253215,"W = 200"
2025-04-07,31.9501477863686,"W = 200"
2025-04-08,32.1964479983736,"W = 200"
2025-04-09,33.8084511254806,"W = 200"
2025-04-10,34.2729859526215,"W = 200"
2025-04-11,33.9376360247959,"W = 200"
2025-04-14,33.586517824651,"W = 200"
2025-04-15,33.3897986880764,"W = 200"
2025-04-16,33.4898116688402,"W = 200"
2025-04-17,33.6025084404774,"W = 200"
2025-04-22,33.6447969106459,"W = 200"
2025-04-23,33.7488955073323,"W = 200"
2025-04-24,33.6190273877792,"W = 200"
2025-04-25,33.7027624443121,"W = 200"
2025-04-28,33.322981525958,"W = 200"
2025-04-29,33.1245078253388,"W = 200"
2025-04-30,33.0168289193782,"W = 200"
2025-05-02,33.1768678229925,"W = 200"
2025-05-05,33.2405725315981,"W = 200"
2025-05-06,33.41525880289,"W = 200"
2025-05-07,33.2617335137181,"W = 200"
2025-05-08,34.5688755915708,"W = 200"
2025-05-09,36.2834521376142,"W = 200"
2025-05-12,36.367890555509,"W = 200"
2025-05-13,38.0235429477056,"W = 200"
2025-05-14,37.7064710242438,"W = 200"
2025-05-15,37.7435119565873,"W = 200"
2025-05-16,36.4372100805997,"W = 200"
2025-05-19,36.1592077762848,"W = 200"
2025-05-20,35.9847422697946,"W = 200"
2025-05-21,34.4232554182931,"W = 200"
2025-05-22,34.5896228404794,"W = 200"
2025-05-23,34.7269658239734,"W = 200"
2025-05-26,34.7326093517803,"W = 200"
2025-05-27,34.9650075111205,"W = 200"
2025-05-28,35.0177090192769,"W = 200"
2025-05-29,35.5992073270285,"W = 200"
2025-05-30,35.2159835626096,"W = 200"
2025-06-02,30.6241768069216,"W = 200"
2025-06-03,30.6800785294388,"W = 200"
2025-06-04,30.6896165701021,"W = 200"
2025-06-05,31.0138891714726,"W = 200"
2025-06-06,30.6987791558988,"W = 200"
2025-06-09,31.1949732913695,"W = 200"
2025-06-10,31.020034740018,"W = 200"
2025-06-11,31.2113188056843,"W = 200"
2025-06-12,29.7984624662576,"W = 200"
2025-06-13,29.6900398412437,"W = 200"
2025-06-16,30.0102715511822,"W = 200"
2025-06-17,29.8879725790861,"W = 200"
2025-06-18,29.9408089953788,"W = 200"
2025-06-20,29.639487585942,"W = 200"
2025-06-23,29.6415126294819,"W = 200"
2025-06-24,29.7014299031858,"W = 200"
2025-06-25,29.7677397959885,"W = 200"
2025-06-26,29.4677679513668,"W = 200"
2025-06-27,29.4516419563638,"W = 200"
2025-06-30,29.0995590396193,"W = 200"
2025-07-01,29.145576159173,"W = 200"
2025-07-02,29.3832822030159,"W = 200"
2025-07-03,29.0316728115534,"W = 200"
2025-07-04,29.0953475205889,"W = 200"
2025-07-07,29.4802207503817,"W = 200"
2025-07-08,29.008415127988,"W = 200"
2025-07-09,29.6479152167109,"W = 200"
2025-07-10,29.4059555266333,"W = 200"
2025-07-11,29.2237253312073,"W = 200"
2025-07-14,28.9841395967096,"W = 200"
2025-07-15,29.0301264932937,"W = 200"
2025-07-16,29.3709447555439,"W = 200"
2025-07-17,29.5234777215753,"W = 200"
2025-07-18,28.3105466307406,"W = 200"
2025-07-21,28.0495264143841,"W = 200"
2025-07-22,28.115150860783,"W = 200"
2025-07-23,28.2212827287362,"W = 200"
2025-07-24,28.3557898068006,"W = 200"
2025-07-25,28.3478278462296,"W = 200"
2025-07-28,28.310468264252,"W = 200"
2025-07-29,27.7741471847631,"W = 200"
2025-07-30,28.101574275458,"W = 200"
2025-07-31,28.1236891018226,"W = 200"
2025-08-01,28.5435343149133,"W = 200"
2025-08-04,28.4603420775065,"W = 200"
2025-08-05,28.5234288016083,"W = 200"
2025-08-06,28.7489814326881,"W = 200"
2025-08-07,28.250919827673,"W = 200"
2025-08-08,28.3018028908689,"W = 200"
2025-08-11,27.9513170809403,"W = 200"
2025-08-12,27.8632710149757,"W = 200"
2025-08-13,27.149430232608,"W = 200"
2025-08-14,27.3684441872204,"W = 200"
2025-08-15,26.5091480021795,"W = 200"
2025-08-18,26.138069692095,"W = 200"
2025-08-19,26.7576809062147,"W = 200"
2025-08-20,26.5862555147652,"W = 200"
2025-08-21,26.4087185800705,"W = 200"
2025-08-22,26.5571581393262,"W = 200"
2025-08-25,26.5058193233617,"W = 200"
2025-08-26,26.4635466767673,"W = 200"
2025-08-27,26.5520069686063,"W = 200"
2025-08-28,26.7608934342587,"W = 200"
2025-08-29,27.2225045260775,"W = 200"
2025-09-01,27.4698576708394,"W = 200"
2025-09-02,27.8945846758326,"W = 200"
2025-09-03,27.8261981932625,"W = 200"
2025-09-04,27.7118946144551,"W = 200"
2025-09-05,28.2996019386453,"W = 200"
2025-09-08,28.2151682893825,"W = 200"
2025-09-09,28.7023399299028,"W = 200"
2025-09-10,28.8699304592368,"W = 200"
2025-09-11,29.2859768884852,"W = 200"
2025-09-12,29.421863076854,"W = 200"
2025-09-15,28.7748985543916,"W = 200"
2025-09-16,28.790845798823,"W = 200"
2025-09-17,28.783764788353,"W = 200"
2025-09-18,28.7998390849759,"W = 200"
2025-09-19,28.8179475261312,"W = 200"
2025-09-22,29.0140651708669,"W = 200"
2025-09-23,29.0704541285099,"W = 200"
2025-09-24,29.3641029974696,"W = 200"
2025-09-25,28.2215654215712,"W = 200"
2025-09-26,28.5066297036844,"W = 200"
2025-09-29,28.4424750098627,"W = 200"
2025-09-30,28.3065538896075,"W = 200"
2025-10-01,28.4631423762222,"W = 200"
2025-10-02,28.4428595486562,"W = 200"
2025-10-03,28.4377324647281,"W = 200"
2025-10-06,28.7911570099753,"W = 200"
2025-10-07,28.7020969519393,"W = 200"
2025-10-08,28.7499594423733,"W = 200"
2025-10-09,28.7763234372394,"W = 200"
2025-10-10,28.40795182607,"W = 200"
2025-10-13,28.2240935352666,"W = 200"
2025-10-14,29.0051554426149,"W = 200"
2025-10-15,28.9911630401999,"W = 200"
2025-10-16,28.9438149379438,"W = 200"
2025-10-17,28.9441213608224,"W = 200"
2025-10-20,28.3816150123435,"W = 200"
2025-10-21,28.1584876358213,"W = 200"
2025-10-22,28.4294983029862,"W = 200"
2025-10-23,28.6827657089612,"W = 200"
2025-10-24,28.7288062335536,"W = 200"
2025-10-27,28.7814843977988,"W = 200"
2025-10-28,29.2221881601981,"W = 200"
2025-10-29,28.5703049943917,"W = 200"
2025-10-30,28.2927892030029,"W = 200"
2025-10-31,28.2280822432684,"W = 200"
2025-11-03,28.1566979360873,"W = 200"
2025-11-04,27.890631235468,"W = 200"
2025-11-05,27.7006217771317,"W = 200"
2025-11-06,27.511651318289,"W = 200"
2025-11-07,27.3506640664194,"W = 200"
2025-11-10,27.4529929113821,"W = 200"
2025-11-11,27.9529750882279,"W = 200"
2025-11-12,27.8795356683007,"W = 200"
2025-11-13,28.0233196131466,"W = 200"
2025-11-14,27.8124007977209,"W = 200"
2025-11-17,27.4149473020545,"W = 200"
2025-11-18,27.4421415140192,"W = 200"
2025-11-19,27.8901861038144,"W = 200"
2025-11-21,27.8289668506116,"W = 200"
2025-11-24,27.55298326754,"W = 200"
2025-11-25,27.6645823148965,"W = 200"
2025-11-26,27.7982889395602,"W = 200"
2025-11-27,28.5235418666464,"W = 200"
2025-11-28,28.3963751333495,"W = 200"
2025-12-01,28.6597336213778,"W = 200"
2025-12-02,29.2754920125677,"W = 200"
2025-12-03,29.1323016639567,"W = 200"
2025-12-04,29.1069190429619,"W = 200"
2025-12-05,29.4558602268166,"W = 200"
2025-12-08,29.7551816538901,"W = 200"
2025-12-09,30.1014494938084,"W = 200"
2025-12-10,30.1534030559161,"W = 200"
2025-12-11,30.2326400948959,"W = 200"
2025-12-12,30.2307727952856,"W = 200"
2025-12-15,29.9833453804247,"W = 200"
2025-12-16,29.9991206434923,"W = 200"
2025-12-17,30.2142955173097,"W = 200"
2025-12-18,29.8343647684843,"W = 200"
2025-12-19,29.7753121164453,"W = 200"
2025-12-22,29.711570810083,"W = 200"
2025-12-23,29.6572146736186,"W = 200"
2025-12-26,29.6756884025129,"W = 200"
2025-12-29,29.817271753161,"W = 200"
2025-12-30,29.5219372040546,"W = 200"
2026-01-02,29.2692192160137,"W = 200"
2026-01-05,29.2033946278875,"W = 200"
2026-01-06,29.3796637788841,"W = 200"
2026-01-07,29.2636745924967,"W = 200"
2026-01-08,29.506693361833,"W = 200"
2026-01-09,29.5091436971801,"W = 200"
2026-01-12,29.3828499629776,"W = 200"
2026-01-13,29.1116884344079,"W = 200"
2026-01-14,28.9563288408881,"W = 200"
2026-01-15,28.6578684848219,"W = 200"
2026-01-16,28.1923846496674,"W = 200"
2026-01-19,27.3360983493851,"W = 200"
2026-01-20,26.9656881612638,"W = 200"
2026-01-21,26.0328042211991,"W = 200"
2026-01-22,26.4328779865486,"W = 200"
2026-01-23,26.8081487050299,"W = 200"
2026-01-26,27.049661771687,"W = 200"
2026-01-27,27.5845855629049,"W = 200"
2026-01-28,27.4674225925123,"W = 200"
2026-01-29,28.1531510330783,"W = 200"
2026-01-30,28.6071807041516,"W = 200"
2026-02-02,28.5241250130267,"W = 200"
2026-02-03,29.4139693891723,"W = 200"
2026-02-04,30.1356125105199,"W = 200"
2026-02-05,30.2608160723122,"W = 200"
2026-02-06,30.7564442776679,"W = 200"
2026-02-09,29.5140970357846,"W = 200"
2026-02-10,29.7858842290299,"W = 200"
2026-02-11,29.743667792311,"W = 200"
2026-02-12,29.9001923239545,"W = 200"
2026-02-13,30.764286056487,"W = 200"
2026-02-18,29.4088980259621,"W = 200"
2026-02-19,28.2531763590999,"W = 200"
2026-02-20,28.1984005950945,"W = 200"
2026-02-23,25.9024480600443,"W = 200"
2026-02-24,25.447612947336,"W = 200"
2026-02-25,24.4307066928788,"W = 200"
2026-02-26,25.025489467917,"W = 200"
2026-02-27,24.6665077658451,"W = 200"
2026-03-02,25.8931977653691,"W = 200"
2026-03-03,27.825709160717,"W = 200"
2026-03-04,28.0055644990627,"W = 200"
2026-03-05,27.835788659365,"W = 200"
2026-03-06,28.0642244698186,"W = 200"
2026-03-09,28.3127829063732,"W = 200"
2026-03-10,28.9875681339482,"W = 200"
2026-03-11,30.2415494534032,"W = 200"
2026-03-12,30.7166600185774,"W = 200"
2026-03-13,30.9228984685568,"W = 200"
2026-03-16,31.4660219688182,"W = 200"
2026-03-17,31.7065074541368,"W = 200"
2026-03-18,31.5227405872276,"W = 200"
2026-03-19,32.3149388012518,"W = 200"
2026-03-20,32.3527225339486,"W = 200"
2026-03-23,33.4218488913357,"W = 200"
2026-03-24,33.2119289803605,"W = 200"
2026-03-25,33.395857354114,"W = 200"
2026-03-26,33.5429578224259,"W = 200"
2026-03-27,33.5160581231759,"W = 200"
2026-03-30,33.7543314174113,"W = 200"
2026-03-31,34.4251862375024,"W = 200"
2026-04-01,34.5593839896509,"W = 200"
2026-04-02,36.188330922986,"W = 200"
2026-04-06,36.0497377279615,"W = 200"
2026-04-07,36.027352804716,"W = 200"
2026-04-08,39.0544940832514,"W = 200"
2026-04-09,38.5149608778606,"W = 200"
2026-04-10,38.4966534165324,"W = 200"
2026-04-13,38.6816265403573,"W = 200"
2026-04-14,38.7605144437605,"W = 200"
2026-04-15,38.7784006023476,"W = 200"
2026-04-16,38.4203381714586,"W = 200"
2026-04-17,38.6731064019853,"W = 200"
2026-04-20,38.6567743033166,"W = 200"
2026-04-22,37.8760155276923,"W = 200"
2026-04-23,38.2236876873174,"W = 200"
2026-04-24,38.2718580119568,"W = 200"
2026-04-27,38.257167228355,"W = 200"
2026-04-28,38.2379388330532,"W = 200"
2026-04-29,38.3778471889728,"W = 200"
2026-04-30,38.3525692006162,"W = 200"
2026-05-04,42.4973397833547,"W = 200"
2026-05-05,42.6066987245337,"W = 200"
2026-05-06,43.2694374877015,"W = 200"
2026-05-07,43.0698598102475,"W = 200"
2026-05-08,43.0185586670838,"W = 200"
2026-05-11,42.6572058178829,"W = 200"
2026-05-12,42.8523718028825,"W = 200"
2026-05-13,42.364053114367,"W = 200"
2026-05-14,42.2594092654614,"W = 200"
2026-05-15,42.4014202485045,"W = 200"
2026-05-18,41.9737497993647,"W = 200"
2026-05-19,42.1379098221625,"W = 200"
2026-05-20,42.3026004596286,"W = 200"
2026-05-21,42.8519616710286,"W = 200"
2026-05-22,42.9481170950925,"W = 200"
2026-05-25,43.1787504924797,"W = 200"
2026-05-26,42.9817217735067,"W = 200"
2026-05-27,43.308925079855,"W = 200"
2026-05-28,43.4348874593236,"W = 200"
2026-05-29,43.2318344190708,"W = 200"
2018-10-04,37.7656222788947,"W = 250"
2018-10-05,37.172719797516,"W = 250"
2018-10-08,41.0861083127784,"W = 250"
2018-10-09,40.3821256566758,"W = 250"
2018-10-10,40.2156503540978,"W = 250"
2018-10-11,40.2992664307886,"W = 250"
2018-10-15,40.5868727714634,"W = 250"
2018-10-16,40.8737365618741,"W = 250"
2018-10-17,40.885654126979,"W = 250"
2018-10-18,40.8823864350801,"W = 250"
2018-10-19,40.8757514591234,"W = 250"
2018-10-22,40.4349386702665,"W = 250"
2018-10-23,40.5710054402509,"W = 250"
2018-10-24,40.694107454044,"W = 250"
2018-10-25,40.4918697123627,"W = 250"
2018-10-26,40.565552176185,"W = 250"
2018-10-29,42.0652942964191,"W = 250"
2018-10-30,42.3025682075552,"W = 250"
2018-10-31,42.5248753861211,"W = 250"
2018-11-01,42.434161155175,"W = 250"
2018-11-05,42.6117340430844,"W = 250"
2018-11-06,43.0066102033451,"W = 250"
2018-11-07,43.1023514185722,"W = 250"
2018-11-08,43.2258047030938,"W = 250"
2018-11-09,43.3775633143008,"W = 250"
2018-11-12,43.4605815244393,"W = 250"
2018-11-13,43.4799401469899,"W = 250"
2018-11-14,43.7282702091718,"W = 250"
2018-11-16,43.6399497123189,"W = 250"
2018-11-19,43.5605473255845,"W = 250"
2018-11-21,43.6731809782995,"W = 250"
2018-11-22,43.5697004158641,"W = 250"
2018-11-23,43.6514452591234,"W = 250"
2018-11-26,44.0117585313584,"W = 250"
2018-11-27,44.0093612949897,"W = 250"
2018-11-28,44.0259032011227,"W = 250"
2018-11-29,44.2295726350492,"W = 250"
2018-11-30,45.1579405692265,"W = 250"
2018-12-03,45.1134321834815,"W = 250"
2018-12-04,45.0376883627068,"W = 250"
2018-12-05,44.8286479720335,"W = 250"
2018-12-06,44.9111149545223,"W = 250"
2018-12-07,44.565173133163,"W = 250"
2018-12-10,44.5858268616059,"W = 250"
2018-12-11,44.7133931810989,"W = 250"
2018-12-12,44.6126810110805,"W = 250"
2018-12-13,44.7470041902268,"W = 250"
2018-12-14,44.8519930942843,"W = 250"
2018-12-17,44.8320766122137,"W = 250"
2018-12-18,45.018165263104,"W = 250"
2018-12-19,44.9704554228271,"W = 250"
2018-12-20,44.6143443930072,"W = 250"
2018-12-21,44.7939661938384,"W = 250"
2018-12-26,44.6259245335912,"W = 250"
2018-12-27,44.6970745391865,"W = 250"
2018-12-28,44.4390499020474,"W = 250"
2019-01-02,44.2550751767374,"W = 250"
2019-01-03,44.5193636629052,"W = 250"
2019-01-04,44.5435138250114,"W = 250"
2019-01-07,44.4380681737948,"W = 250"
2019-01-08,44.5317681908548,"W = 250"
2019-01-09,44.4878793697203,"W = 250"
2019-01-10,44.2764800174355,"W = 250"
2019-01-11,44.2432920254196,"W = 250"
2019-01-14,44.0908188766412,"W = 250"
2019-01-15,44.1024900442306,"W = 250"
2019-01-16,41.9464960475141,"W = 250"
2019-01-17,41.3646712514571,"W = 250"
2019-01-18,41.6506449649365,"W = 250"
2019-01-21,41.6197625401733,"W = 250"
2019-01-22,41.3752272962464,"W = 250"
2019-01-23,41.2558247887392,"W = 250"
2019-01-24,41.8563535913461,"W = 250"
2019-01-28,41.5147936255764,"W = 250"
2019-01-29,41.9953846885714,"W = 250"
2019-01-30,41.9239120979306,"W = 250"
2019-01-31,41.5129579683263,"W = 250"
2019-02-01,41.6179302061306,"W = 250"
2019-02-04,41.77124867805,"W = 250"
2019-02-05,41.4807995768541,"W = 250"
2019-02-06,41.3715642681532,"W = 250"
2019-02-07,41.0942461676269,"W = 250"
2019-02-08,41.2071920332916,"W = 250"
2019-02-11,41.1794151174405,"W = 250"
2019-02-12,40.9663918910944,"W = 250"
2019-02-13,40.9055085059102,"W = 250"
2019-02-14,40.6036262863561,"W = 250"
2019-02-15,40.5630958580895,"W = 250"
2019-02-18,40.9599511788688,"W = 250"
2019-02-19,41.1857044653031,"W = 250"
2019-02-20,41.3180754897975,"W = 250"
2019-02-21,41.6646634090622,"W = 250"
2019-02-22,41.7505653465713,"W = 250"
2019-02-25,41.5569747168378,"W = 250"
2019-02-26,41.9028437591271,"W = 250"
2019-02-27,41.8408538143747,"W = 250"
2019-02-28,42.1782749358825,"W = 250"
2019-03-01,42.1507804108343,"W = 250"
2019-03-06,42.0277234293242,"W = 250"
2019-03-07,42.1887324017059,"W = 250"
2019-03-08,42.2792790391697,"W = 250"
2019-03-11,41.991348365188,"W = 250"
2019-03-12,41.8057379334907,"W = 250"
2019-03-13,41.6582211631293,"W = 250"
2019-03-14,41.9527631442679,"W = 250"
2019-03-15,42.6380265972398,"W = 250"
2019-03-18,43.3169940720446,"W = 250"
2019-03-19,44.3206377477243,"W = 250"
2019-03-20,44.2663716061768,"W = 250"
2019-03-21,44.0450874084984,"W = 250"
2019-03-22,43.8233081352722,"W = 250"
2019-03-25,43.8334633486951,"W = 250"
2019-03-26,43.710920662126,"W = 250"
2019-03-27,43.9021816601694,"W = 250"
2019-03-28,44.0643121185013,"W = 250"
2019-03-29,44.1137185479982,"W = 250"
2019-04-01,44.0578058429931,"W = 250"
2019-04-02,44.039405999605,"W = 250"
2019-04-03,44.1976394961375,"W = 250"
2019-04-04,44.3536063316712,"W = 250"
2019-04-05,44.1768461937804,"W = 250"
2019-04-08,44.4102877993776,"W = 250"
2019-04-09,44.9186010478978,"W = 250"
2019-04-10,45.2018355668372,"W = 250"
2019-04-11,45.2527303862709,"W = 250"
2019-04-12,45.2795730855596,"W = 250"
2019-04-15,45.4210362650469,"W = 250"
2019-04-16,45.3923161097927,"W = 250"
2019-04-17,45.1962706654508,"W = 250"
2019-04-18,45.1115574096592,"W = 250"
2019-04-22,44.9662476306792,"W = 250"
2019-04-23,45.0836496734807,"W = 250"
2019-04-24,44.9546847594272,"W = 250"
2019-04-25,44.8576026544173,"W = 250"
2019-04-26,44.9253079144306,"W = 250"
2019-04-29,44.9037700949519,"W = 250"
2019-04-30,44.9716898761674,"W = 250"
2019-05-02,45.3125372475901,"W = 250"
2019-05-03,45.8767165206693,"W = 250"
2019-05-06,45.8287083287206,"W = 250"
2019-05-07,45.9917292189365,"W = 250"
2019-05-08,46.0715978366516,"W = 250"
2019-05-09,46.0688877443928,"W = 250"
2019-05-10,46.0498937095278,"W = 250"
2019-05-13,46.0189327344893,"W = 250"
2019-05-14,45.9096657180811,"W = 250"
2019-05-15,45.9151289767912,"W = 250"
2019-05-16,45.7887812918414,"W = 250"
2019-05-17,46.0492295319318,"W = 250"
2019-05-20,46.2559705254075,"W = 250"
2019-05-21,45.5575777413693,"W = 250"
2019-05-22,45.5282106720515,"W = 250"
2019-05-23,45.3739914507886,"W = 250"
2019-05-24,45.5628081504647,"W = 250"
2019-05-27,45.4351683818904,"W = 250"
2019-05-28,45.3452902018515,"W = 250"
2019-05-29,45.4986034883719,"W = 250"
2019-05-30,45.6620261541626,"W = 250"
2019-05-31,46.4493339880122,"W = 250"
2019-06-03,46.2175241354226,"W = 250"
2019-06-04,46.5256354964751,"W = 250"
2019-06-05,46.3197759089873,"W = 250"
2019-06-06,46.1106330077987,"W = 250"
2019-06-07,44.0525064641832,"W = 250"
2019-06-10,43.0729834658319,"W = 250"
2019-06-11,42.9708397556087,"W = 250"
2019-06-12,43.0916095671136,"W = 250"
2019-06-13,42.8360959876595,"W = 250"
2019-06-14,42.9928506604562,"W = 250"
2019-06-17,42.7508412995631,"W = 250"
2019-06-18,42.768334755157,"W = 250"
2019-06-19,42.1371914170555,"W = 250"
2019-06-21,41.4328531091295,"W = 250"
2019-06-24,41.2831397720876,"W = 250"
2019-06-25,41.0210501195344,"W = 250"
2019-06-26,40.6501593592125,"W = 250"
2019-06-27,40.597974117315,"W = 250"
2019-06-28,40.4811659166926,"W = 250"
2019-07-01,40.9315465523896,"W = 250"
2019-07-02,40.6864029254882,"W = 250"
2019-07-03,40.4692091071702,"W = 250"
2019-07-04,40.3789352009048,"W = 250"
2019-07-05,40.3845466262611,"W = 250"
2019-07-08,40.6243200858631,"W = 250"
2019-07-10,40.5408118864384,"W = 250"
2019-07-11,40.5854805929411,"W = 250"
2019-07-12,40.6006437475268,"W = 250"
2019-07-15,40.6745901233474,"W = 250"
2019-07-16,40.9639064077651,"W = 250"
2019-07-17,41.2149336683322,"W = 250"
2019-07-18,41.0275469409469,"W = 250"
2019-07-19,41.0353754786496,"W = 250"
2019-07-22,40.8528484446588,"W = 250"
2019-07-23,40.0012077492388,"W = 250"
2019-07-24,39.818300282774,"W = 250"
2019-07-25,39.7616888095762,"W = 250"
2019-07-26,39.9223256885588,"W = 250"
2019-07-29,39.9111366045314,"W = 250"
2019-07-30,39.7503429417173,"W = 250"
2019-07-31,39.6549294654872,"W = 250"
2019-08-01,40.1914963342723,"W = 250"
2019-08-02,40.280308289755,"W = 250"
2019-08-05,40.1872302371549,"W = 250"
2019-08-06,40.3174831368615,"W = 250"
2019-08-07,40.1353462916074,"W = 250"
2019-08-08,40.0527798013291,"W = 250"
2019-08-09,40.0885904644549,"W = 250"
2019-08-12,40.1757296426546,"W = 250"
2019-08-13,40.3285520277491,"W = 250"
2019-08-14,40.4506308527651,"W = 250"
2019-08-15,40.4367215236138,"W = 250"
2019-08-16,40.4645346073595,"W = 250"
2019-08-19,40.707792671903,"W = 250"
2019-08-20,40.7214839156112,"W = 250"
2019-08-21,40.982830499747,"W = 250"
2019-08-22,40.9192997588596,"W = 250"
2019-08-23,41.1424208068365,"W = 250"
2019-08-26,41.1373834454323,"W = 250"
2019-08-27,41.0920063998358,"W = 250"
2019-08-28,40.9637906524339,"W = 250"
2019-08-29,40.6824229530164,"W = 250"
2019-08-30,40.8793655678373,"W = 250"
2019-09-02,40.9724675554568,"W = 250"
2019-09-03,40.8354716600983,"W = 250"
2019-09-04,40.9269194095479,"W = 250"
2019-09-05,40.9266783109108,"W = 250"
2019-09-06,40.9289618397142,"W = 250"
2019-09-09,40.9148018938436,"W = 250"
2019-09-10,41.077066596255,"W = 250"
2019-09-11,41.1525662393229,"W = 250"
2019-09-12,41.3715070619794,"W = 250"
2019-09-13,41.3487221042905,"W = 250"
2019-09-16,41.4008320644906,"W = 250"
2019-09-17,41.5529180365277,"W = 250"
2019-09-18,41.4426453179825,"W = 250"
2019-09-19,40.988256965283,"W = 250"
2019-09-20,40.9794818658223,"W = 250"
2019-09-23,40.9791942779488,"W = 250"
2019-09-24,40.9394788759045,"W = 250"
2019-09-25,40.895603497554,"W = 250"
2019-09-26,40.9589852845824,"W = 250"
2019-09-27,40.5398236386307,"W = 250"
2019-09-30,41.0712789126709,"W = 250"
2019-10-01,41.2271573658581,"W = 250"
2019-10-02,41.2288113229483,"W = 250"
2019-10-03,39.6529421973157,"W = 250"
2019-10-04,39.7868547123194,"W = 250"
2019-10-07,40.1335541625821,"W = 250"
2019-10-08,37.0698168502428,"W = 250"
2019-10-09,37.4178022300234,"W = 250"
2019-10-10,37.6190328770071,"W = 250"
2019-10-11,37.482468452729,"W = 250"
2019-10-14,37.4020266207516,"W = 250"
2019-10-15,37.7740626880101,"W = 250"
2019-10-16,37.5117267604303,"W = 250"
2019-10-17,37.6491859743397,"W = 250"
2019-10-18,37.490082747916,"W = 250"
2019-10-21,37.3828099247549,"W = 250"
2019-10-22,37.7334125938836,"W = 250"
2019-10-23,37.7309899010898,"W = 250"
2019-10-24,38.0685808869916,"W = 250"
2019-10-25,38.0617253511302,"W = 250"
2019-10-28,36.2964322875122,"W = 250"
2019-10-29,35.9688827594574,"W = 250"
2019-10-30,35.1806817558633,"W = 250"
2019-10-31,34.8510392411154,"W = 250"
2019-11-01,34.445852849378,"W = 250"
2019-11-04,34.2043980890476,"W = 250"
2019-11-05,33.4777096160929,"W = 250"
2019-11-06,33.4517147513777,"W = 250"
2019-11-07,33.6662274631619,"W = 250"
2019-11-08,33.6324871721241,"W = 250"
2019-11-11,33.6934587257219,"W = 250"
2019-11-12,33.6697132477063,"W = 250"
2019-11-13,33.7255107978575,"W = 250"
2019-11-14,34.0385711923678,"W = 250"
2019-11-18,33.9771694342033,"W = 250"
2019-11-19,34.1703762506683,"W = 250"
2019-11-21,34.3376154338965,"W = 250"
2019-11-22,33.8000153164889,"W = 250"
2019-11-25,34.0240663670993,"W = 250"
2019-11-26,33.6020236068159,"W = 250"
2019-11-27,33.4780785751854,"W = 250"
2019-11-28,33.5551029986662,"W = 250"
2019-11-29,33.4913265354121,"W = 250"
2019-12-02,33.5203934623879,"W = 250"
2019-12-03,33.5391521661488,"W = 250"
2019-12-04,33.8868595234381,"W = 250"
2019-12-05,34.0958481755876,"W = 250"
2019-12-06,34.1778979726197,"W = 250"
2019-12-09,33.904580953074,"W = 250"
2019-12-10,34.0445569900397,"W = 250"
2019-12-11,34.1068406270109,"W = 250"
2019-12-12,34.4502399246503,"W = 250"
2019-12-13,34.478949965277,"W = 250"
2019-12-16,34.1157137618098,"W = 250"
2019-12-17,34.0534439409113,"W = 250"
2019-12-18,34.0416842917382,"W = 250"
2019-12-19,34.1327530892952,"W = 250"
2019-12-20,33.9915740984448,"W = 250"
2019-12-23,33.9912497178787,"W = 250"
2019-12-26,34.2355283972511,"W = 250"
2019-12-27,33.6508512481526,"W = 250"
2019-12-30,33.7377191494575,"W = 250"
2020-01-02,33.631631316717,"W = 250"
2020-01-03,33.8088840263491,"W = 250"
2020-01-06,33.2244348932323,"W = 250"
2020-01-07,33.2405573975306,"W = 250"
2020-01-08,31.0668150882217,"W = 250"
2020-01-09,30.3998316131506,"W = 250"
2020-01-10,30.2020863101021,"W = 250"
2020-01-13,30.1893795754069,"W = 250"
2020-01-14,30.4565758842387,"W = 250"
2020-01-15,30.5249287918033,"W = 250"
2020-01-16,30.6414721251799,"W = 250"
2020-01-17,30.7060153993698,"W = 250"
2020-01-20,30.7002403523371,"W = 250"
2020-01-21,30.8832165184727,"W = 250"
2020-01-22,31.0117973167408,"W = 250"
2020-01-23,30.9917612811322,"W = 250"
2020-01-24,30.8840930658398,"W = 250"
2020-01-27,31.0541682136107,"W = 250"
2020-01-28,31.055669212044,"W = 250"
2020-01-29,30.8558112344259,"W = 250"
2020-01-30,30.9101817324834,"W = 250"
2020-01-31,31.2589988481263,"W = 250"
2020-02-03,31.3727952232298,"W = 250"
2020-02-04,30.7838029241385,"W = 250"
2020-02-05,31.1918573699217,"W = 250"
2020-02-06,31.1096231704202,"W = 250"
2020-02-07,30.7141995804185,"W = 250"
2020-02-10,30.8357932930729,"W = 250"
2020-02-11,30.2992684116226,"W = 250"
2020-02-12,30.3583652293938,"W = 250"
2020-02-13,30.4529293646729,"W = 250"
2020-02-14,30.5090174857715,"W = 250"
2020-02-17,31.0400395748501,"W = 250"
2020-02-18,30.8936403849006,"W = 250"
2020-02-19,30.9291660104578,"W = 250"
2020-02-20,30.9397012445843,"W = 250"
2020-02-21,30.7218590557649,"W = 250"
2020-02-26,33.2964736712715,"W = 250"
2020-02-27,34.4979649635182,"W = 250"
2020-02-28,35.1804859054787,"W = 250"
2020-03-02,35.2186806955588,"W = 250"
2020-03-03,35.6543751164679,"W = 250"
2020-03-04,35.9952451475291,"W = 250"
2020-03-05,37.1184172213201,"W = 250"
2020-03-06,38.8705489359782,"W = 250"
2020-03-09,43.9214082156922,"W = 250"
2020-03-10,46.2311539778161,"W = 250"
2020-03-11,49.3308699017132,"W = 250"
2020-03-12,55.8542399695182,"W = 250"
2020-03-13,61.7390049792046,"W = 250"
2020-03-16,62.7277288773872,"W = 250"
2020-03-17,60.2686453812814,"W = 250"
2020-03-18,62.4973172107611,"W = 250"
2020-03-19,62.9486309167412,"W = 250"
2020-03-20,62.6326044356546,"W = 250"
2020-03-23,61.9494824492832,"W = 250"
2020-03-24,63.1150166497745,"W = 250"
2020-03-25,64.2857497759762,"W = 250"
2020-03-26,63.8250113210444,"W = 250"
2020-03-27,64.1109426074966,"W = 250"
2020-03-30,63.6115337697058,"W = 250"
2020-03-31,63.2436631191382,"W = 250"
2020-04-01,63.6367750310061,"W = 250"
2020-04-02,63.2476681621443,"W = 250"
2020-04-03,63.6446557334285,"W = 250"
2020-04-06,64.7323302549469,"W = 250"
2020-04-07,65.4513445191952,"W = 250"
2020-04-08,64.4487687734056,"W = 250"
2020-04-09,64.5665423506612,"W = 250"
2020-04-13,64.584977744363,"W = 250"
2020-04-14,64.731903257103,"W = 250"
2020-04-15,64.9924099160498,"W = 250"
2020-04-16,64.9664569523224,"W = 250"
2020-04-17,65.1434528791325,"W = 250"
2020-04-20,65.4042163296607,"W = 250"
2020-04-22,65.2398349498022,"W = 250"
2020-04-23,65.4703227824664,"W = 250"
2020-04-24,66.5757234287847,"W = 250"
2020-04-27,66.5525085182231,"W = 250"
2020-04-28,66.4161532906899,"W = 250"
2020-04-29,66.1557710766024,"W = 250"
2020-04-30,66.5954671432096,"W = 250"
2020-05-04,66.1225783679773,"W = 250"
2020-05-05,66.108147108,"W = 250"
2020-05-06,65.9629757677626,"W = 250"
2020-05-07,65.8394219731002,"W = 250"
2020-05-08,66.3527539637993,"W = 250"
2020-05-11,66.6252049798399,"W = 250"
2020-05-12,66.4010315432675,"W = 250"
2020-05-13,66.4661057692715,"W = 250"
2020-05-14,66.8646617615914,"W = 250"
2020-05-15,66.7699273869214,"W = 250"
2020-05-18,67.0104000206881,"W = 250"
2020-05-19,66.8446049976858,"W = 250"
2020-05-20,66.7920246366048,"W = 250"
2020-05-21,66.4620803332477,"W = 250"
2020-05-22,66.5729677611927,"W = 250"
2020-05-25,67.40078901168,"W = 250"
2020-05-26,67.3520741896251,"W = 250"
2020-05-27,66.8787348682589,"W = 250"
2020-05-28,66.977589529106,"W = 250"
2020-05-29,66.9649861483435,"W = 250"
2020-06-01,66.7732665908105,"W = 250"
2020-06-02,66.7528939199606,"W = 250"
2020-06-03,67.1957252974571,"W = 250"
2020-06-04,67.0470300691604,"W = 250"
2020-06-05,67.6631514183234,"W = 250"
2020-06-08,67.4447338137376,"W = 250"
2020-06-09,67.5912946488722,"W = 250"
2020-06-10,67.4934740654957,"W = 250"
2020-06-12,67.5754526034205,"W = 250"
2020-06-15,67.7694803904498,"W = 250"
2020-06-16,67.8993631890227,"W = 250"
2020-06-17,67.6504698639735,"W = 250"
2020-06-18,67.8672596976436,"W = 250"
2020-06-19,67.9913518836072,"W = 250"
2020-06-22,68.0285384573047,"W = 250"
2020-06-23,68.0544787629185,"W = 250"
2020-06-24,68.0997310565983,"W = 250"
2020-06-25,67.9882249396349,"W = 250"
2020-06-26,68.0381231675971,"W = 250"
2020-06-29,68.0758981124083,"W = 250"
2020-06-30,68.0787655336228,"W = 250"
2020-07-01,67.9254573174096,"W = 250"
2020-07-02,68.1480395057532,"W = 250"
2020-07-03,68.0893097575846,"W = 250"
2020-07-06,68.185306800448,"W = 250"
2020-07-07,68.1511783497405,"W = 250"
2020-07-08,68.161435375949,"W = 250"
2020-07-09,68.0951565449217,"W = 250"
2020-07-10,67.9834307388648,"W = 250"
2020-07-13,67.833623639615,"W = 250"
2020-07-14,68.0252171768121,"W = 250"
2020-07-15,68.1481888265656,"W = 250"
2020-07-16,68.2486029762168,"W = 250"
2020-07-17,68.2650376128361,"W = 250"
2020-07-20,68.1323931630607,"W = 250"
2020-07-21,68.2996792770028,"W = 250"
2020-07-22,68.3211834248,"W = 250"
2020-07-23,68.1560787350897,"W = 250"
2020-07-24,68.230583314887,"W = 250"
2020-07-27,68.3917317824709,"W = 250"
2020-07-28,68.2006585237513,"W = 250"
2020-07-29,68.1531333322261,"W = 250"
2020-07-30,68.1789732347947,"W = 250"
2020-07-31,68.1087400404528,"W = 250"
2020-08-03,68.1405836876959,"W = 250"
2020-08-04,68.2519078468764,"W = 250"
2020-08-05,67.9305212037261,"W = 250"
2020-08-06,67.954812775211,"W = 250"
2020-08-07,68.1664746260123,"W = 250"
2020-08-10,68.0680612733355,"W = 250"
2020-08-11,68.2190170160313,"W = 250"
2020-08-12,68.2385506346594,"W = 250"
2020-08-13,68.271898821012,"W = 250"
2020-08-14,68.2422090820494,"W = 250"
2020-08-17,68.3022299597669,"W = 250"
2020-08-18,68.0981693783888,"W = 250"
2020-08-19,68.6680423187671,"W = 250"
2020-08-20,69.0110958395492,"W = 250"
2020-08-21,69.3356732350677,"W = 250"
2020-08-24,69.1135775682814,"W = 250"
2020-08-25,69.3149549564079,"W = 250"
2020-08-26,69.380340851871,"W = 250"
2020-08-27,69.345038133575,"W = 250"
2020-08-28,69.5276496677554,"W = 250"
2020-08-31,67.0839513354576,"W = 250"
2020-09-01,65.6402212260007,"W = 250"
2020-09-02,65.4210049207767,"W = 250"
2020-09-03,65.9085937778088,"W = 250"
2020-09-04,65.8999387536918,"W = 250"
2020-09-08,65.8742487032277,"W = 250"
2020-09-09,65.9143528460657,"W = 250"
2020-09-10,65.9086281553143,"W = 250"
2020-09-11,65.9199777872415,"W = 250"
2020-09-14,65.8773350063538,"W = 250"
2020-09-15,66.0224773606306,"W = 250"
2020-09-16,65.9939013578861,"W = 250"
2020-09-17,65.9895224284801,"W = 250"
2020-09-18,66.0265667659277,"W = 250"
2020-09-21,66.0666182015817,"W = 250"
2020-09-22,66.1574894105198,"W = 250"
2020-09-23,66.287488117102,"W = 250"
2020-09-24,66.288424621483,"W = 250"
2020-09-25,66.0423370826028,"W = 250"
2020-09-28,66.4275594904836,"W = 250"
2020-09-29,66.634998156052,"W = 250"
2020-09-30,66.987736115421,"W = 250"
2020-10-01,66.8215098340909,"W = 250"
2020-10-02,66.7506214312704,"W = 250"
2020-10-05,66.7015813530684,"W = 250"
2020-10-06,66.7293589678746,"W = 250"
2020-10-07,66.9154219963747,"W = 250"
2020-10-08,66.8334664393495,"W = 250"
2020-10-09,67.0035630243025,"W = 250"
2020-10-13,66.8722594605645,"W = 250"
2020-10-14,67.1701367055909,"W = 250"
2020-10-15,67.1292564671908,"W = 250"
2020-10-16,67.2559760148677,"W = 250"
2020-10-19,67.1837523225839,"W = 250"
2020-10-20,67.272317645861,"W = 250"
2020-10-21,67.3223137983774,"W = 250"
2020-10-22,67.2380607409449,"W = 250"
2020-10-23,67.2441742459167,"W = 250"
2020-10-26,67.2352608377534,"W = 250"
2020-10-27,67.1572369880702,"W = 250"
2020-10-28,67.2110908443662,"W = 250"
2020-10-29,67.6224071280947,"W = 250"
2020-10-30,68.3727711624139,"W = 250"
2020-11-03,68.3964079885942,"W = 250"
2020-11-04,68.4479797860006,"W = 250"
2020-11-05,68.4881627051536,"W = 250"
2020-11-06,68.1112140816291,"W = 250"
2020-11-09,68.4045453032152,"W = 250"
2020-11-10,68.3487380887699,"W = 250"
2020-11-11,68.3023570075369,"W = 250"
2020-11-12,68.2884637267223,"W = 250"
2020-11-13,68.0998499390305,"W = 250"
2020-11-16,68.096176444988,"W = 250"
2020-11-17,67.9990118888291,"W = 250"
2020-11-18,67.9419288749453,"W = 250"
2020-11-19,67.8315175555355,"W = 250"
2020-11-20,67.8096412241823,"W = 250"
2020-11-23,68.0267534968538,"W = 250"
2020-11-24,68.065464398535,"W = 250"
2020-11-25,67.8793423732887,"W = 250"
2020-11-26,67.9122347761947,"W = 250"
2020-11-27,67.9067371207237,"W = 250"
2020-11-30,67.8035952736019,"W = 250"
2020-12-01,67.9056197714308,"W = 250"
2020-12-02,67.8532415648007,"W = 250"
2020-12-03,67.7465315074578,"W = 250"
2020-12-04,67.7526535842697,"W = 250"
2020-12-07,67.9158238647993,"W = 250"
2020-12-08,68.0551866182241,"W = 250"
2020-12-09,68.0087179901598,"W = 250"
2020-12-10,68.2753650186369,"W = 250"
2020-12-11,68.3060898204349,"W = 250"
2020-12-14,68.3531260177607,"W = 250"
2020-12-15,68.4139874631789,"W = 250"
2020-12-16,68.3721769830339,"W = 250"
2020-12-17,68.0195579006908,"W = 250"
2020-12-18,68.0499006792617,"W = 250"
2020-12-21,67.9692292339105,"W = 250"
2020-12-22,68.4829302497835,"W = 250"
2020-12-23,68.6287235314624,"W = 250"
2020-12-28,68.7191456463641,"W = 250"
2020-12-29,68.7727788567739,"W = 250"
2020-12-30,68.8106601920341,"W = 250"
2021-01-04,68.5380332400011,"W = 250"
2021-01-05,71.993657170195,"W = 250"
2021-01-06,72.0625882358731,"W = 250"
2021-01-07,72.2028525166157,"W = 250"
2021-01-08,72.0881600677106,"W = 250"
2021-01-11,71.9248931766753,"W = 250"
2021-01-12,71.9539720736541,"W = 250"
2021-01-13,71.979037251699,"W = 250"
2021-01-14,71.8792275725897,"W = 250"
2021-01-15,71.7636434348072,"W = 250"
2021-01-18,71.9108569121389,"W = 250"
2021-01-19,72.0226047316631,"W = 250"
2021-01-20,72.0898329926622,"W = 250"
2021-01-21,71.990624092013,"W = 250"
2021-01-22,72.0685939073611,"W = 250"
2021-01-26,72.0702479557063,"W = 250"
2021-01-27,72.1379253990403,"W = 250"
2021-01-28,72.170420094784,"W = 250"
2021-01-29,72.2080358027491,"W = 250"
2021-02-01,72.2121286929677,"W = 250"
2021-02-02,72.1816647733837,"W = 250"
2021-02-03,72.2541287160406,"W = 250"
2021-02-04,72.2385075499049,"W = 250"
2021-02-05,72.4702302164181,"W = 250"
2021-02-08,72.55188250169,"W = 250"
2021-02-09,72.2808339991916,"W = 250"
2021-02-10,72.3014977986527,"W = 250"
2021-02-11,72.3733029754987,"W = 250"
2021-02-12,72.2512334778008,"W = 250"
2021-02-17,72.0220855335522,"W = 250"
2021-02-18,72.0754726962307,"W = 250"
2021-02-19,72.2337902479865,"W = 250"
2021-02-22,72.4479565810808,"W = 250"
2021-02-23,72.3804579088422,"W = 250"
2021-02-24,72.1992077447623,"W = 250"
2021-02-25,72.05081207017,"W = 250"
2021-02-26,72.0846765053641,"W = 250"
2021-03-01,71.9256011918023,"W = 250"
2021-03-02,72.1208858756361,"W = 250"
2021-03-03,72.1327947048817,"W = 250"
2021-03-04,72.0624171477183,"W = 250"
2021-03-05,71.9801155187,"W = 250"
2021-03-08,71.249162440075,"W = 250"
2021-03-09,71.0362606137124,"W = 250"
2021-03-10,70.5326979910076,"W = 250"
2021-03-11,68.931870886835,"W = 250"
2021-03-12,67.0750705890361,"W = 250"
2021-03-15,66.3273200371345,"W = 250"
2021-03-16,67.1140485275479,"W = 250"
2021-03-17,66.0212381855297,"W = 250"
2021-03-18,65.4113618457244,"W = 250"
2021-03-19,65.1110654360432,"W = 250"
2021-03-22,65.3097437949735,"W = 250"
2021-03-23,63.7434968730136,"W = 250"
2021-03-24,63.0068832575305,"W = 250"
2021-03-25,62.744470980276,"W = 250"
2021-03-26,62.3272458562913,"W = 250"
2021-03-29,62.5910355451398,"W = 250"
2021-03-30,62.6664139139335,"W = 250"
2021-03-31,62.4695952206466,"W = 250"
2021-04-01,62.3319359238975,"W = 250"
2021-04-05,61.9219610108283,"W = 250"
2021-04-06,60.4083139495458,"W = 250"
2021-04-07,59.401335844998,"W = 250"
2021-04-08,60.0195240258358,"W = 250"
2021-04-09,60.3673156995428,"W = 250"
2021-04-12,60.4771588393853,"W = 250"
2021-04-13,60.6274328640716,"W = 250"
2021-04-14,60.1338110552432,"W = 250"
2021-04-15,60.2151517454218,"W = 250"
2021-04-16,59.9028161731099,"W = 250"
2021-04-19,59.818963298173,"W = 250"
2021-04-20,60.3563684140711,"W = 250"
2021-04-22,60.0736800384687,"W = 250"
2021-04-23,58.7499958063487,"W = 250"
2021-04-26,58.5827830832265,"W = 250"
2021-04-27,58.5980898694602,"W = 250"
2021-04-28,58.0008949083915,"W = 250"
2021-04-29,57.2988431762205,"W = 250"
2021-04-30,57.8721735076499,"W = 250"
2021-05-03,57.8014287726213,"W = 250"
2021-05-04,57.9332571557372,"W = 250"
2021-05-05,57.9679825689131,"W = 250"
2021-05-06,57.2705984123788,"W = 250"
2021-05-07,56.656245021239,"W = 250"
2021-05-10,56.7591382446701,"W = 250"
2021-05-11,56.5424707915397,"W = 250"
2021-05-12,55.7837068284706,"W = 250"
2021-05-13,55.7814784022264,"W = 250"
2021-05-14,55.1417892243817,"W = 250"
2021-05-17,55.4333120860346,"W = 250"
2021-05-18,55.5736974240743,"W = 250"
2021-05-19,56.0511780803196,"W = 250"
2021-05-20,55.2684112064765,"W = 250"
2021-05-21,55.1315732951947,"W = 250"
2021-05-24,54.9483458218096,"W = 250"
2021-05-25,54.9960370203838,"W = 250"
2021-05-26,55.0521910865947,"W = 250"
2021-05-27,55.0739278798188,"W = 250"
2021-05-28,54.9441648569524,"W = 250"
2021-05-31,55.3995796740029,"W = 250"
2021-06-01,54.1235757515623,"W = 250"
2021-06-02,53.0819232132507,"W = 250"
2021-06-04,52.270100072233,"W = 250"
2021-06-07,52.4632401200383,"W = 250"
2021-06-08,51.841930019865,"W = 250"
2021-06-09,51.798150859894,"W = 250"
2021-06-10,50.9533105392943,"W = 250"
2021-06-11,50.3013222990753,"W = 250"
2021-06-14,49.8286341810754,"W = 250"
2021-06-15,49.7618518857461,"W = 250"
2021-06-16,49.7330567822997,"W = 250"
2021-06-17,49.5609806646213,"W = 250"
2021-06-18,49.7111919749708,"W = 250"
2021-06-21,49.5728554265485,"W = 250"
2021-06-22,49.0429796397385,"W = 250"
2021-06-23,49.1419095119293,"W = 250"
2021-06-24,49.262361404265,"W = 250"
2021-06-25,49.2635794684249,"W = 250"
2021-06-28,49.4328997317996,"W = 250"
2021-06-29,49.5201021848741,"W = 250"
2021-06-30,49.3979184690986,"W = 250"
2021-07-01,49.4291308541033,"W = 250"
2021-07-02,49.341388073569,"W = 250"
2021-07-05,50.1147686069656,"W = 250"
2021-07-06,50.2257836802245,"W = 250"
2021-07-07,50.0884745163786,"W = 250"
2021-07-08,50.0719017217631,"W = 250"
2021-07-12,50.2558178366722,"W = 250"
2021-07-13,50.2630242456048,"W = 250"
2021-07-14,50.2809899337361,"W = 250"
2021-07-15,50.478189050238,"W = 250"
2021-07-16,50.8612440649264,"W = 250"
2021-07-19,51.1013779630222,"W = 250"
2021-07-20,51.0831769716107,"W = 250"
2021-07-21,51.2878768132896,"W = 250"
2021-07-22,52.271010921157,"W = 250"
2021-07-23,52.3642095159897,"W = 250"
2021-07-26,52.4786510964695,"W = 250"
2021-07-27,52.7029099269476,"W = 250"
2021-07-28,52.5664066587199,"W = 250"
2021-07-29,52.5500780196273,"W = 250"
2021-07-30,52.6301197468847,"W = 250"
2021-08-02,52.7373668721654,"W = 250"
2021-08-03,52.199512567631,"W = 250"
2021-08-04,52.2648283759989,"W = 250"
2021-08-05,52.1791711169861,"W = 250"
2021-08-06,51.7216723565586,"W = 250"
2021-08-09,51.8185988485988,"W = 250"
2021-08-10,51.3172657136018,"W = 250"
2021-08-11,51.1152682231494,"W = 250"
2021-08-12,51.1208825646802,"W = 250"
2021-08-13,51.1621889475174,"W = 250"
2021-08-16,50.9853951440915,"W = 250"
2021-08-17,50.9203008389241,"W = 250"
2021-08-18,50.6179133105188,"W = 250"
2021-08-19,50.3477087324302,"W = 250"
2021-08-20,50.2055893841222,"W = 250"
2021-08-23,50.4999853130979,"W = 250"
2021-08-24,50.1798173928337,"W = 250"
2021-08-25,49.9767870084198,"W = 250"
2021-08-26,49.8882217163645,"W = 250"
2021-08-27,49.9138975941296,"W = 250"
2021-08-30,54.5498150381276,"W = 250"
2021-08-31,54.634479177713,"W = 250"
2021-09-01,54.656806057066,"W = 250"
2021-09-02,54.0108486533639,"W = 250"
2021-09-03,53.7726911134624,"W = 250"
2021-09-06,53.7852023589935,"W = 250"
2021-09-08,53.7815772579937,"W = 250"
2021-09-09,54.0545813853425,"W = 250"
2021-09-10,54.1636977836224,"W = 250"
2021-09-13,54.2151777068486,"W = 250"
2021-09-14,54.311163211833,"W = 250"
2021-09-15,54.0000013725058,"W = 250"
2021-09-16,54.0072339130648,"W = 250"
2021-09-17,53.8661070316787,"W = 250"
2021-09-20,53.723507935624,"W = 250"
2021-09-21,53.7204597687249,"W = 250"
2021-09-22,53.6296270487677,"W = 250"
2021-09-23,53.6262379760357,"W = 250"
2021-09-24,53.4592916644912,"W = 250"
2021-09-27,52.322262344853,"W = 250"
2021-09-28,52.8098290251617,"W = 250"
2021-09-29,52.7444311549806,"W = 250"
2021-09-30,52.7020775773843,"W = 250"
2021-10-01,51.9274101260989,"W = 250"
2021-10-04,51.7953985865573,"W = 250"
2021-10-05,51.8672120102106,"W = 250"
2021-10-06,52.0446182414477,"W = 250"
2021-10-07,52.0830683527609,"W = 250"
2021-10-08,51.7909823198718,"W = 250"
2021-10-11,51.8607872276034,"W = 250"
2021-10-13,51.9924469806415,"W = 250"
2021-10-14,52.0199532271083,"W = 250"
2021-10-15,51.6114840187076,"W = 250"
2021-10-18,51.1465381939086,"W = 250"
2021-10-19,51.1750069221751,"W = 250"
2021-10-20,51.5915021931516,"W = 250"
2021-10-21,52.5079258645155,"W = 250"
2021-10-22,54.5196897711969,"W = 250"
2021-10-25,54.0646233195759,"W = 250"
2021-10-26,53.8822658589918,"W = 250"
2021-10-27,53.9594929526215,"W = 250"
2021-10-28,52.7512625147839,"W = 250"
2021-10-29,52.5781814777939,"W = 250"
2021-11-01,52.6918823404006,"W = 250"
2021-11-03,52.9913406085374,"W = 250"
2021-11-04,52.8087468383757,"W = 250"
2021-11-05,53.0560521696657,"W = 250"
2021-11-08,51.5608175454868,"W = 250"
2021-11-09,52.0414613523524,"W = 250"
2021-11-10,52.3433246582264,"W = 250"
2021-11-11,52.3217378975845,"W = 250"
2021-11-12,52.4087230094619,"W = 250"
2021-11-16,52.4267708164024,"W = 250"
2021-11-17,52.7204015007138,"W = 250"
2021-11-18,52.6568151687488,"W = 250"
2021-11-19,52.4911127885738,"W = 250"
2021-11-22,52.5803161305832,"W = 250"
2021-11-23,52.6120526930644,"W = 250"
2021-11-24,52.5595113569886,"W = 250"
2021-11-25,52.5216163886517,"W = 250"
2021-11-26,53.1884120531314,"W = 250"
2021-11-29,53.1908040404106,"W = 250"
2021-11-30,53.430394563787,"W = 250"
2021-12-01,52.8817297800748,"W = 250"
2021-12-02,52.9977769241642,"W = 250"
2021-12-03,53.4406789324368,"W = 250"
2021-12-06,53.6757640563944,"W = 250"
2021-12-07,53.6446950664188,"W = 250"
2021-12-08,53.5220607064225,"W = 250"
2021-12-09,53.5031081689791,"W = 250"
2021-12-10,53.5746148218384,"W = 250"
2021-12-13,53.6622283965942,"W = 250"
2021-12-14,53.5815078482257,"W = 250"
2021-12-15,53.594184718626,"W = 250"
2021-12-16,53.2561477766785,"W = 250"
2021-12-17,53.3282086986552,"W = 250"
2021-12-20,53.4735118543375,"W = 250"
2021-12-21,52.6008816729259,"W = 250"
2021-12-22,52.6208054857325,"W = 250"
2021-12-23,52.4293406979273,"W = 250"
2021-12-27,52.111182466943,"W = 250"
2021-12-28,52.113790143683,"W = 250"
2021-12-29,52.3178187566876,"W = 250"
2021-12-30,52.3704911928624,"W = 250"
2022-01-03,52.3602526320975,"W = 250"
2022-01-04,52.2411646631901,"W = 250"
2022-01-05,52.2760527810771,"W = 250"
2022-01-06,52.1231348340673,"W = 250"
2022-01-07,51.8392548734226,"W = 250"
2022-01-10,51.954442751855,"W = 250"
2022-01-11,52.2557832880856,"W = 250"
2022-01-12,52.1770182816711,"W = 250"
2022-01-13,52.1130758797333,"W = 250"
2022-01-14,51.8520943398629,"W = 250"
2022-01-17,51.7480098680216,"W = 250"
2022-01-18,51.6392179828993,"W = 250"
2022-01-19,51.6635424736973,"W = 250"
2022-01-20,51.4846119269083,"W = 250"
2022-01-21,50.7276399443115,"W = 250"
2022-01-24,50.7850187224067,"W = 250"
2022-01-25,50.7333946640896,"W = 250"
2022-01-26,50.1547111457363,"W = 250"
2022-01-27,49.907820667166,"W = 250"
2022-01-28,49.8087190180768,"W = 250"
2022-01-31,50.3638350681013,"W = 250"
2022-02-01,50.5688617986464,"W = 250"
2022-02-02,50.2396312667547,"W = 250"
2022-02-03,50.3044940774333,"W = 250"
2022-02-04,50.1658337462499,"W = 250"
2022-02-07,50.6058796536195,"W = 250"
2022-02-08,50.8151238564753,"W = 250"
2022-02-09,50.4732675345595,"W = 250"
2022-02-10,50.5021733132268,"W = 250"
2022-02-11,50.5736086791314,"W = 250"
2022-02-14,50.3897581903778,"W = 250"
2022-02-15,48.1735720410813,"W = 250"
2022-02-16,48.0049342156117,"W = 250"
2022-02-17,48.461963181611,"W = 250"
2022-02-18,48.2884750170803,"W = 250"
2022-02-21,47.4113566821185,"W = 250"
2022-02-22,47.4098366502781,"W = 250"
2022-02-23,45.1550628889545,"W = 250"
2022-02-24,45.6427196322923,"W = 250"
2022-02-25,45.4724039539048,"W = 250"
2022-03-02,45.3870702438171,"W = 250"
2022-03-03,43.9616083551875,"W = 250"
2022-03-04,44.2228710795257,"W = 250"
2022-03-07,43.9502274046698,"W = 250"
2022-03-08,44.0142721320606,"W = 250"
2022-03-09,43.9460773799637,"W = 250"
2022-03-10,44.1279794908111,"W = 250"
2022-03-11,44.4267689752378,"W = 250"
2022-03-14,44.5290823252763,"W = 250"
2022-03-15,44.3262544807295,"W = 250"
2022-03-16,44.1725364789104,"W = 250"
2022-03-17,44.1453450833293,"W = 250"
2022-03-18,44.4569038066947,"W = 250"
2022-03-21,44.4040352632639,"W = 250"
2022-03-22,44.830425477856,"W = 250"
2022-03-23,45.1065500175376,"W = 250"
2022-03-24,45.2280394637864,"W = 250"
2022-03-25,45.4580726585331,"W = 250"
2022-03-28,45.4334047311034,"W = 250"
2022-03-29,45.6271986059013,"W = 250"
2022-03-30,45.8151715228076,"W = 250"
2022-03-31,45.9698398302367,"W = 250"
2022-04-01,46.0378005045295,"W = 250"
2022-04-04,45.5781819347184,"W = 250"
2022-04-05,45.7824953447514,"W = 250"
2022-04-06,45.4658946974553,"W = 250"
2022-04-07,45.4057469890816,"W = 250"
2022-04-08,45.8380508910844,"W = 250"
2022-04-11,45.8011357907999,"W = 250"
2022-04-12,45.7438673914121,"W = 250"
2022-04-13,45.9506589140453,"W = 250"
2022-04-14,45.9336198951382,"W = 250"
2022-04-18,46.1974338946383,"W = 250"
2022-04-19,46.0673571629536,"W = 250"
2022-04-20,46.390373908945,"W = 250"
2022-04-22,46.634266329501,"W = 250"
2022-04-25,47.0981986809077,"W = 250"
2022-04-26,47.2670779686375,"W = 250"
2022-04-27,47.2666989295233,"W = 250"
2022-04-28,47.1711564653374,"W = 250"
2022-04-29,47.2181709355849,"W = 250"
2022-05-02,47.4458539967324,"W = 250"
2022-05-03,47.4018907549603,"W = 250"
2022-05-04,47.5379808060743,"W = 250"
2022-05-05,47.4846047983787,"W = 250"
2022-05-06,47.5284074591632,"W = 250"
2022-05-09,47.7801795334757,"W = 250"
2022-05-10,47.7659434133759,"W = 250"
2022-05-11,47.718090268989,"W = 250"
2022-05-12,47.7412641567355,"W = 250"
2022-05-13,47.7976399053923,"W = 250"
2022-05-16,47.778137252996,"W = 250"
2022-05-17,48.0362922461051,"W = 250"
2022-05-18,47.8819070331371,"W = 250"
2022-05-19,47.412241689438,"W = 250"
2022-05-20,46.7577378108695,"W = 250"
2022-05-23,46.8377879418769,"W = 250"
2022-05-24,46.7068976193656,"W = 250"
2022-05-25,46.4214763695502,"W = 250"
2022-05-26,46.4166396872483,"W = 250"
2022-05-27,46.5987090188397,"W = 250"
2022-05-30,46.2419254674701,"W = 250"
2022-05-31,46.3556114182144,"W = 250"
2022-06-01,45.0390223562958,"W = 250"
2022-06-02,45.0040682708989,"W = 250"
2022-06-03,45.4980079197253,"W = 250"
2022-06-06,45.5582861658785,"W = 250"
2022-06-07,46.0135271074599,"W = 250"
2022-06-08,45.7646047766432,"W = 250"
2022-06-09,45.7296225201212,"W = 250"
2022-06-10,45.7544793897807,"W = 250"
2022-06-13,45.598573951175,"W = 250"
2022-06-14,45.8263275619786,"W = 250"
2022-06-15,45.8189063521395,"W = 250"
2022-06-17,45.8040821399089,"W = 250"
2022-06-20,45.8672435572106,"W = 250"
2022-06-21,46.0646413861352,"W = 250"
2022-06-22,45.9350783801045,"W = 250"
2022-06-23,45.8798066296776,"W = 250"
2022-06-24,45.5707153589954,"W = 250"
2022-06-27,45.6360189694667,"W = 250"
2022-06-28,45.596376168123,"W = 250"
2022-06-29,45.5529109013411,"W = 250"
2022-06-30,44.3501752226468,"W = 250"
2022-07-01,44.1980310450959,"W = 250"
2022-07-04,45.0816034996716,"W = 250"
2022-07-05,44.8848332857684,"W = 250"
2022-07-06,44.6864897349319,"W = 250"
2022-07-07,44.6798901833781,"W = 250"
2022-07-08,44.5086028722473,"W = 250"
2022-07-11,44.495774757289,"W = 250"
2022-07-12,44.1992647626853,"W = 250"
2022-07-13,44.2819275447959,"W = 250"
2022-07-14,44.0836548263396,"W = 250"
2022-07-15,43.8619758494584,"W = 250"
2022-07-18,43.6855211678056,"W = 250"
2022-07-19,43.597745154927,"W = 250"
2022-07-20,43.6782297829033,"W = 250"
2022-07-21,43.6613800324748,"W = 250"
2022-07-22,43.9437563230872,"W = 250"
2022-07-25,44.3371250000817,"W = 250"
2022-07-26,44.0670598757478,"W = 250"
2022-07-27,44.1204888224547,"W = 250"
2022-07-28,44.0107758489294,"W = 250"
2022-07-29,44.1359272994518,"W = 250"
2022-08-01,44.32036014428,"W = 250"
2022-08-02,44.3451088573068,"W = 250"
2022-08-03,44.40982312103,"W = 250"
2022-08-04,45.0379705014328,"W = 250"
2022-08-05,45.0112377401513,"W = 250"
2022-08-08,44.8320182799229,"W = 250"
2022-08-09,44.5825824658749,"W = 250"
2022-08-10,44.0721214938165,"W = 250"
2022-08-11,43.4428916424539,"W = 250"
2022-08-12,43.5896809481721,"W = 250"
2022-08-15,43.6216201760089,"W = 250"
2022-08-16,43.5882022337804,"W = 250"
2022-08-17,43.0975966290773,"W = 250"
2022-08-18,43.6614284373979,"W = 250"
2022-08-19,43.4413590492728,"W = 250"
2022-08-22,43.4672764459538,"W = 250"
2022-08-23,43.8713384832221,"W = 250"
2022-08-24,43.3401829922511,"W = 250"
2022-08-25,43.4668695295061,"W = 250"
2022-08-26,43.586059072526,"W = 250"
2022-08-29,43.5110304514586,"W = 250"
2022-08-30,43.7008862392828,"W = 250"
2022-08-31,43.2930023284878,"W = 250"
2022-09-01,44.5519144058917,"W = 250"
2022-09-02,43.8123219907258,"W = 250"
2022-09-05,43.7581053642231,"W = 250"
2022-09-06,43.6355394109453,"W = 250"
2022-09-08,43.5971790524704,"W = 250"
2022-09-09,43.8763505877852,"W = 250"
2022-09-12,43.6917940011269,"W = 250"
2022-09-13,43.3028541059465,"W = 250"
2022-09-14,42.7921182542203,"W = 250"
2022-09-15,42.7522840362356,"W = 250"
2022-09-16,42.4875314617944,"W = 250"
2022-09-19,42.5586756788012,"W = 250"
2022-09-20,42.7363911544304,"W = 250"
2022-09-21,42.7356790448093,"W = 250"
2022-09-22,42.3978775512337,"W = 250"
2022-09-23,42.6440061377029,"W = 250"
2022-09-26,42.5985603263461,"W = 250"
2022-09-27,42.6747980281402,"W = 250"
2022-09-28,42.6888743321233,"W = 250"
2022-09-29,42.9439389950843,"W = 250"
2022-09-30,42.4620055490456,"W = 250"
2022-10-03,43.4019255763233,"W = 250"
2022-10-04,42.8010318751094,"W = 250"
2022-10-05,42.5952272613664,"W = 250"
2022-10-06,42.3167456326302,"W = 250"
2022-10-07,42.2977395130265,"W = 250"
2022-10-10,42.3090949835367,"W = 250"
2022-10-11,42.3765106720719,"W = 250"
2022-10-13,42.9728974788764,"W = 250"
2022-10-14,42.8116654862344,"W = 250"
2022-10-17,40.863983422557,"W = 250"
2022-10-18,37.6461300992493,"W = 250"
2022-10-19,38.6470770336139,"W = 250"
2022-10-20,38.7282587845716,"W = 250"
2022-10-21,38.2186409050649,"W = 250"
2022-10-24,37.9373911197718,"W = 250"
2022-10-25,37.913992978963,"W = 250"
2022-10-26,39.2974342707578,"W = 250"
2022-10-27,38.6419913308704,"W = 250"
2022-10-28,38.4069566122431,"W = 250"
2022-10-31,39.1905924575233,"W = 250"
2022-11-01,39.7294772434283,"W = 250"
2022-11-03,40.0088988339452,"W = 250"
2022-11-04,39.6606639414983,"W = 250"
2022-11-07,39.6543786717977,"W = 250"
2022-11-08,39.7472282349294,"W = 250"
2022-11-09,40.5550875055237,"W = 250"
2022-11-10,41.3873246131789,"W = 250"
2022-11-11,41.641847483465,"W = 250"
2022-11-14,41.6240791794559,"W = 250"
2022-11-16,41.5546697099709,"W = 250"
2022-11-17,41.8413676912365,"W = 250"
2022-11-18,42.1818088244761,"W = 250"
2022-11-21,42.5363707395058,"W = 250"
2022-11-22,41.5693352665457,"W = 250"
2022-11-23,41.6010694541391,"W = 250"
2022-11-24,41.4082586483544,"W = 250"
2022-11-25,40.8590374121444,"W = 250"
2022-11-28,40.859463941575,"W = 250"
2022-11-29,40.6637826251011,"W = 250"
2022-11-30,40.7434780063643,"W = 250"
2022-12-01,40.7332956372564,"W = 250"
2022-12-02,41.5207345764412,"W = 250"
2022-12-05,41.5186068267379,"W = 250"
2022-12-06,41.3585014129788,"W = 250"
2022-12-07,40.8596179919005,"W = 250"
2022-12-08,40.6794583965012,"W = 250"
2022-12-09,40.970798928447,"W = 250"
2022-12-12,41.6312365731047,"W = 250"
2022-12-13,41.4923341383047,"W = 250"
2022-12-14,41.6771658227432,"W = 250"
2022-12-15,42.2316785311574,"W = 250"
2022-12-16,41.9835454088038,"W = 250"
2022-12-19,42.0487825792687,"W = 250"
2022-12-20,42.7488670516045,"W = 250"
2022-12-21,42.4944932086816,"W = 250"
2022-12-22,42.3862069740431,"W = 250"
2022-12-23,42.5588416710282,"W = 250"
2022-12-26,42.5316489422092,"W = 250"
2022-12-27,42.5936015846984,"W = 250"
2022-12-28,42.4304622079597,"W = 250"
2022-12-29,42.4921109323206,"W = 250"
2023-01-02,42.4858105910703,"W = 250"
2023-01-03,42.3876361438813,"W = 250"
2023-01-04,42.042891319492,"W = 250"
2023-01-05,42.0376708437533,"W = 250"
2023-01-06,42.2226248370108,"W = 250"
2023-01-09,42.2641541434305,"W = 250"
2023-01-10,42.6170195727712,"W = 250"
2023-01-11,42.6194286849229,"W = 250"
2023-01-12,42.8275499361316,"W = 250"
2023-01-13,42.6960132124964,"W = 250"
2023-01-16,42.5134606923502,"W = 250"
2023-01-17,42.3368382007062,"W = 250"
2023-01-18,42.2704015791433,"W = 250"
2023-01-19,42.1421326582391,"W = 250"
2023-01-20,42.0293161531857,"W = 250"
2023-01-23,41.8680002229949,"W = 250"
2023-01-24,41.6335853160461,"W = 250"
2023-01-25,41.786998662949,"W = 250"
2023-01-26,42.111605844533,"W = 250"
2023-01-27,42.1773660977265,"W = 250"
2023-01-30,42.2563227178492,"W = 250"
2023-01-31,41.5804902249041,"W = 250"
2023-02-01,41.7285692217101,"W = 250"
2023-02-02,43.5140615656236,"W = 250"
2023-02-03,43.1549655392197,"W = 250"
2023-02-06,42.9217911297776,"W = 250"
2023-02-07,42.9554796584024,"W = 250"
2023-02-08,43.2636575906521,"W = 250"
2023-02-09,43.9718407887143,"W = 250"
2023-02-10,43.0730435176373,"W = 250"
2023-02-13,42.8521951344994,"W = 250"
2023-02-14,43.067770672061,"W = 250"
2023-02-15,43.0749147533278,"W = 250"
2023-02-16,43.10420096073,"W = 250"
2023-02-17,41.5741125305664,"W = 250"
2023-02-22,41.0330373720395,"W = 250"
2023-02-23,41.068153304382,"W = 250"
2023-02-24,41.1571544951748,"W = 250"
2023-02-27,40.9145172734025,"W = 250"
2023-02-28,40.5716209327012,"W = 250"
2023-03-01,40.9750378389262,"W = 250"
2023-03-02,40.6106310071714,"W = 250"
2023-03-03,40.6834545642696,"W = 250"
2023-03-06,40.5728378639615,"W = 250"
2023-03-07,40.2732411772377,"W = 250"
2023-03-08,40.3568225600667,"W = 250"
2023-03-09,40.2586732084126,"W = 250"
2023-03-10,40.2501685650009,"W = 250"
2023-03-13,40.5585911399337,"W = 250"
2023-03-14,40.6806869588373,"W = 250"
2023-03-15,41.1038928068473,"W = 250"
2023-03-16,40.9718101938982,"W = 250"
2023-03-17,40.9895793629055,"W = 250"
2023-03-20,40.8714692022404,"W = 250"
2023-03-21,40.7619559062185,"W = 250"
2023-03-22,40.6531313864132,"W = 250"
2023-03-23,41.0092792765039,"W = 250"
2023-03-24,40.8761033184707,"W = 250"
2023-03-27,40.80285800845,"W = 250"
2023-03-28,40.8698677291119,"W = 250"
2023-03-29,40.5412056065796,"W = 250"
2023-03-30,40.6962070699492,"W = 250"
2023-03-31,40.7001879063271,"W = 250"
2023-04-03,40.6959543855669,"W = 250"
2023-04-04,40.4947266031365,"W = 250"
2023-04-05,40.4881057605652,"W = 250"
2023-04-06,40.6009775025236,"W = 250"
2023-04-10,40.7902286129204,"W = 250"
2023-04-11,40.1229751421416,"W = 250"
2023-04-12,40.2766270951628,"W = 250"
2023-04-13,39.9004760677049,"W = 250"
2023-04-14,39.7996680509481,"W = 250"
2023-04-17,39.8092573010496,"W = 250"
2023-04-18,39.6398165428781,"W = 250"
2023-04-19,40.0382375649965,"W = 250"
2023-04-20,40.1573403362315,"W = 250"
2023-04-24,40.0966472067096,"W = 250"
2023-04-25,39.9473908368895,"W = 250"
2023-04-26,39.8004838572511,"W = 250"
2023-04-27,40.7240490869823,"W = 250"
2023-04-28,40.45763766632,"W = 250"
2023-05-02,40.2398931653802,"W = 250"
2023-05-03,39.7373553251188,"W = 250"
2023-05-04,39.826821575158,"W = 250"
2023-05-05,39.4271395108468,"W = 250"
2023-05-08,39.3058202092388,"W = 250"
2023-05-09,39.3311769556365,"W = 250"
2023-05-10,39.5602437230423,"W = 250"
2023-05-11,39.568333166407,"W = 250"
2023-05-12,39.3912692623189,"W = 250"
2023-05-15,39.5043482988158,"W = 250"
2023-05-16,40.028368178718,"W = 250"
2023-05-17,40.576317327244,"W = 250"
2023-05-18,41.0865392018501,"W = 250"
2023-05-19,41.0461428881555,"W = 250"
2023-05-22,40.6401063249626,"W = 250"
2023-05-23,40.2031951137516,"W = 250"
2023-05-24,40.5275941182501,"W = 250"
2023-05-25,40.6775400628065,"W = 250"
2023-05-26,40.6344116984905,"W = 250"
2023-05-29,41.3763512555075,"W = 250"
2023-05-30,41.1137554509323,"W = 250"
2023-05-31,41.3058675497209,"W = 250"
2023-06-01,40.8111399148618,"W = 250"
2023-06-02,40.8755373144676,"W = 250"
2023-06-05,40.8022029802974,"W = 250"
2023-06-06,41.0613949745032,"W = 250"
2023-06-07,41.3656634224675,"W = 250"
2023-06-09,41.1660516953201,"W = 250"
2023-06-12,40.9431523102587,"W = 250"
2023-06-13,40.9525259663059,"W = 250"
2023-06-14,41.0556640767394,"W = 250"
2023-06-15,40.8058801206978,"W = 250"
2023-06-16,41.1041626028844,"W = 250"
2023-06-19,41.5887319644921,"W = 250"
2023-06-20,42.0174027572787,"W = 250"
2023-06-21,42.0171399989586,"W = 250"
2023-06-22,41.7332835004745,"W = 250"
2023-06-23,42.1282741018638,"W = 250"
2023-06-26,42.1147187503268,"W = 250"
2023-06-27,42.277033140596,"W = 250"
2023-06-28,42.0368421352129,"W = 250"
2023-06-29,42.2820161722586,"W = 250"
2023-06-30,42.2198637707021,"W = 250"
2023-07-03,42.2431896374059,"W = 250"
2023-07-04,43.1454401219267,"W = 250"
2023-07-05,43.2566757126581,"W = 250"
2023-07-06,43.2386575319762,"W = 250"
2023-07-07,43.1518352007899,"W = 250"
2023-07-10,44.148031744572,"W = 250"
2023-07-11,44.1510977858212,"W = 250"
2023-07-12,44.1400659011319,"W = 250"
2023-07-13,44.2577955767744,"W = 250"
2023-07-14,44.0851700409608,"W = 250"
2023-07-17,44.3621790440033,"W = 250"
2023-07-18,44.6509186691876,"W = 250"
2023-07-19,44.6533642539037,"W = 250"
2023-07-20,44.5846968657573,"W = 250"
2023-07-21,44.3812628982937,"W = 250"
2023-07-24,44.3887683943968,"W = 250"
2023-07-25,44.3654762528713,"W = 250"
2023-07-26,44.4502718217156,"W = 250"
2023-07-27,44.3084831782493,"W = 250"
2023-07-28,44.7038069646803,"W = 250"
2023-07-31,45.1063129397863,"W = 250"
2023-08-01,45.1611854034842,"W = 250"
2023-08-02,45.3807598470583,"W = 250"
2023-08-03,45.4953788746858,"W = 250"
2023-08-04,45.4814999871574,"W = 250"
2023-08-07,45.5888996403541,"W = 250"
2023-08-08,45.7425309635694,"W = 250"
2023-08-09,45.7173473850873,"W = 250"
2023-08-10,45.8078315162671,"W = 250"
2023-08-11,46.1324977999491,"W = 250"
2023-08-14,45.6486776172662,"W = 250"
2023-08-15,45.5293295991252,"W = 250"
2023-08-16,45.4993482087339,"W = 250"
2023-08-17,45.3597753891691,"W = 250"
2023-08-18,45.1045648565172,"W = 250"
2023-08-21,44.8796158971596,"W = 250"
2023-08-22,45.0125167345474,"W = 250"
2023-08-23,45.1625979421823,"W = 250"
2023-08-24,45.3151167301394,"W = 250"
2023-08-25,45.5368204622548,"W = 250"
2023-08-28,45.117970652303,"W = 250"
2023-08-29,45.1222480401937,"W = 250"
2023-08-30,45.1464665124818,"W = 250"
2023-08-31,45.3610366845147,"W = 250"
2023-09-01,45.3568656056365,"W = 250"
2023-09-04,45.2443488524449,"W = 250"
2023-09-05,45.1390274000565,"W = 250"
2023-09-06,45.1024351411321,"W = 250"
2023-09-08,45.2361345877583,"W = 250"
2023-09-11,45.1195526080334,"W = 250"
2023-09-12,45.5035903843367,"W = 250"
2023-09-13,45.4782869427371,"W = 250"
2023-09-14,45.3619460432525,"W = 250"
2023-09-15,45.6354847050646,"W = 250"
2023-09-18,45.3211239332065,"W = 250"
2023-09-19,45.2685309179853,"W = 250"
2023-09-20,45.261390969325,"W = 250"
2023-09-21,45.2282753120656,"W = 250"
2023-09-22,45.1871153437777,"W = 250"
2023-09-25,45.2423990413141,"W = 250"
2023-09-26,45.6017713752466,"W = 250"
2023-09-27,44.7668190781053,"W = 250"
2023-09-28,44.9466674281546,"W = 250"
2023-09-29,44.9446661335759,"W = 250"
2023-10-02,44.7619993129404,"W = 250"
2023-10-03,44.8377833929995,"W = 250"
2023-10-04,44.8290639057237,"W = 250"
2023-10-05,44.8955342897766,"W = 250"
2023-10-06,45.1608546245611,"W = 250"
2023-10-09,45.3522188466305,"W = 250"
2023-10-10,45.3246668300027,"W = 250"
2023-10-11,45.4103221532071,"W = 250"
2023-10-13,45.106162158616,"W = 250"
2023-10-16,45.2164488107433,"W = 250"
2023-10-17,45.1143808484094,"W = 250"
2023-10-18,45.3320724493294,"W = 250"
2023-10-19,45.9748069618279,"W = 250"
2023-10-20,44.6272490753879,"W = 250"
2023-10-23,44.1670663102011,"W = 250"
2023-10-24,44.3744468133192,"W = 250"
2023-10-25,43.0094500534353,"W = 250"
2023-10-26,42.5073184763774,"W = 250"
2023-10-27,42.2467529846627,"W = 250"
2023-10-30,42.38688406997,"W = 250"
2023-10-31,42.7374653922626,"W = 250"
2023-11-01,43.0938893923306,"W = 250"
2023-11-03,42.9382859084811,"W = 250"
2023-11-06,42.179830660201,"W = 250"
2023-11-07,41.7495555543164,"W = 250"
2023-11-08,41.677698644222,"W = 250"
2023-11-09,41.6246158794544,"W = 250"
2023-11-10,40.9365311913704,"W = 250"
2023-11-13,39.9897111227489,"W = 250"
2023-11-14,39.7833786179858,"W = 250"
2023-11-16,39.4708711371273,"W = 250"
2023-11-17,39.7074743970318,"W = 250"
2023-11-20,39.3417407425533,"W = 250"
2023-11-21,39.7001433964655,"W = 250"
2023-11-22,39.6034052138951,"W = 250"
2023-11-23,38.9669171834422,"W = 250"
2023-11-24,39.1101310450836,"W = 250"
2023-11-27,39.2185547024447,"W = 250"
2023-11-28,38.4111949147227,"W = 250"
2023-11-29,38.5028631662164,"W = 250"
2023-11-30,38.6885368141394,"W = 250"
2023-12-01,38.7941178751611,"W = 250"
2023-12-04,38.7140850513,"W = 250"
2023-12-05,38.9818956431256,"W = 250"
2023-12-06,38.1583664505395,"W = 250"
2023-12-07,38.3547223774365,"W = 250"
2023-12-08,37.5310192109064,"W = 250"
2023-12-11,37.0670045521212,"W = 250"
2023-12-12,37.5193146185333,"W = 250"
2023-12-13,37.2111759970476,"W = 250"
2023-12-14,36.2843283486316,"W = 250"
2023-12-15,36.224919114629,"W = 250"
2023-12-18,36.1159543345438,"W = 250"
2023-12-19,35.9620768589975,"W = 250"
2023-12-20,36.5885411182283,"W = 250"
2023-12-21,35.4386672678495,"W = 250"
2023-12-22,34.8470785884312,"W = 250"
2023-12-26,35.4673659354466,"W = 250"
2023-12-27,35.4818367517588,"W = 250"
2023-12-28,36.017324130653,"W = 250"
2024-01-02,35.9469715678111,"W = 250"
2024-01-03,35.809862914192,"W = 250"
2024-01-04,35.9061010874728,"W = 250"
2024-01-05,35.5626054228437,"W = 250"
2024-01-08,35.1438970451045,"W = 250"
2024-01-09,34.8525984023289,"W = 250"
2024-01-10,34.1140189260737,"W = 250"
2024-01-11,34.0247593842965,"W = 250"
2024-01-12,33.8119727864744,"W = 250"
2024-01-15,33.9469933074868,"W = 250"
2024-01-16,33.8237194103358,"W = 250"
2024-01-17,33.9757481378982,"W = 250"
2024-01-18,33.9556801550749,"W = 250"
2024-01-19,33.6977775056022,"W = 250"
2024-01-22,34.1040521854035,"W = 250"
2024-01-23,33.8949244589564,"W = 250"
2024-01-24,34.1547035144254,"W = 250"
2024-01-25,34.5916523830534,"W = 250"
2024-01-26,34.822654253068,"W = 250"
2024-01-29,34.765104197094,"W = 250"
2024-01-30,34.7495307508986,"W = 250"
2024-01-31,32.4719113712667,"W = 250"
2024-02-01,32.4229710129029,"W = 250"
2024-02-02,32.563530306392,"W = 250"
2024-02-05,32.5346797213814,"W = 250"
2024-02-06,31.8465507586327,"W = 250"
2024-02-07,31.3898127036834,"W = 250"
2024-02-08,30.776805932275,"W = 250"
2024-02-09,30.3708136103923,"W = 250"
2024-02-14,30.2523798926212,"W = 250"
2024-02-15,30.1450920241397,"W = 250"
2024-02-16,30.0424929166297,"W = 250"
2024-02-19,29.7523861853442,"W = 250"
2024-02-20,29.7778691013819,"W = 250"
2024-02-21,29.7610832407992,"W = 250"
2024-02-22,30.2302853700699,"W = 250"
2024-02-23,30.2762774549495,"W = 250"
2024-02-26,30.3923187357288,"W = 250"
2024-02-27,29.3832189879677,"W = 250"
2024-02-28,29.3097799674511,"W = 250"
2024-02-29,29.3340792456735,"W = 250"
2024-03-01,29.3431241917797,"W = 250"
2024-03-04,29.5573367881635,"W = 250"
2024-03-05,29.493232654691,"W = 250"
2024-03-06,29.5299448599865,"W = 250"
2024-03-07,29.4398679466913,"W = 250"
2024-03-08,29.0996090065622,"W = 250"
2024-03-11,30.3626312779064,"W = 250"
2024-03-12,29.2558736714224,"W = 250"
2024-03-13,29.0689998967928,"W = 250"
2024-03-14,29.5394825748039,"W = 250"
2024-03-15,29.1100422823179,"W = 250"
2024-03-18,28.8209750791207,"W = 250"
2024-03-19,28.8357550254922,"W = 250"
2024-03-20,27.5526318072712,"W = 250"
2024-03-21,26.9055313484756,"W = 250"
2024-03-22,26.742502417604,"W = 250"
2024-03-25,26.9038297557754,"W = 250"
2024-03-26,26.6588730409744,"W = 250"
2024-03-27,25.8219934500896,"W = 250"
2024-03-28,26.0156423320781,"W = 250"
2024-04-01,26.0131425053063,"W = 250"
2024-04-02,26.1020296251837,"W = 250"
2024-04-03,26.0439907778059,"W = 250"
2024-04-04,26.6074338642435,"W = 250"
2024-04-05,26.7649472386444,"W = 250"
2024-04-08,26.6273107341028,"W = 250"
2024-04-09,26.46084743996,"W = 250"
2024-04-10,26.2794459985103,"W = 250"
2024-04-11,26.2064118856603,"W = 250"
2024-04-12,26.4085500256368,"W = 250"
2024-04-15,26.3954845944868,"W = 250"
2024-04-16,26.2417349040917,"W = 250"
2024-04-17,26.2763933845024,"W = 250"
2024-04-18,26.3208434279583,"W = 250"
2024-04-19,26.6527423511785,"W = 250"
2024-04-22,26.5071516280303,"W = 250"
2024-04-23,26.8724106592831,"W = 250"
2024-04-24,26.9419272667918,"W = 250"
2024-04-25,26.843618920302,"W = 250"
2024-04-26,26.8894650710279,"W = 250"
2024-04-29,26.7314661964928,"W = 250"
2024-04-30,26.3849108512896,"W = 250"
2024-05-02,26.00432365316,"W = 250"
2024-05-03,26.1936224314673,"W = 250"
2024-05-06,26.0613403241563,"W = 250"
2024-05-07,25.7846046347307,"W = 250"
2024-05-08,25.6266869298314,"W = 250"
2024-05-09,25.7347317572867,"W = 250"
2024-05-10,25.7003743739079,"W = 250"
2024-05-13,25.7447897879551,"W = 250"
2024-05-14,25.5889059218629,"W = 250"
2024-05-15,25.361294877925,"W = 250"
2024-05-16,25.3079478317904,"W = 250"
2024-05-17,25.0833021459833,"W = 250"
2024-05-20,25.0851278868172,"W = 250"
2024-05-21,24.4337642760413,"W = 250"
2024-05-22,23.6013500396687,"W = 250"
2024-05-23,23.6792565457592,"W = 250"
2024-05-24,23.5270566592634,"W = 250"
2024-05-27,23.860814194566,"W = 250"
2024-05-28,23.6456596904702,"W = 250"
2024-05-29,23.4998019858037,"W = 250"
2024-05-31,23.2191501212459,"W = 250"
2024-06-03,23.3532620723811,"W = 250"
2024-06-04,23.4670155245758,"W = 250"
2024-06-05,23.988107800099,"W = 250"
2024-06-06,24.338201963412,"W = 250"
2024-06-07,24.2743872312745,"W = 250"
2024-06-10,23.9201929778697,"W = 250"
2024-06-11,24.3219239447965,"W = 250"
2024-06-12,24.3707183440312,"W = 250"
2024-06-13,24.3051958537279,"W = 250"
2024-06-14,24.427676463008,"W = 250"
2024-06-17,24.3909512228463,"W = 250"
2024-06-18,24.3171804607124,"W = 250"
2024-06-19,24.2128749330814,"W = 250"
2024-06-20,24.1219917583668,"W = 250"
2024-06-21,23.4023878728787,"W = 250"
2024-06-24,23.6443728223674,"W = 250"
2024-06-25,23.925006054028,"W = 250"
2024-06-26,23.7184140870732,"W = 250"
2024-06-27,23.7890094718644,"W = 250"
2024-06-28,23.2544881211515,"W = 250"
2024-07-01,23.3374706831353,"W = 250"
2024-07-02,23.7084550864944,"W = 250"
2024-07-03,23.5811511626957,"W = 250"
2024-07-04,23.4905317242635,"W = 250"
2024-07-05,22.964283744031,"W = 250"
2024-07-08,23.0782977898075,"W = 250"
2024-07-09,23.8990616712023,"W = 250"
2024-07-10,24.0596894640927,"W = 250"
2024-07-11,24.0736690716143,"W = 250"
2024-07-12,24.3017123594533,"W = 250"
2024-07-15,24.5111390176102,"W = 250"
2024-07-16,24.8948691631956,"W = 250"
2024-07-17,24.9904860022074,"W = 250"
2024-07-18,24.8673593446955,"W = 250"
2024-07-19,24.5077283057562,"W = 250"
2024-07-22,24.862994918311,"W = 250"
2024-07-23,25.4861734443201,"W = 250"
2024-07-24,26.171124527378,"W = 250"
2024-07-25,25.8247679039257,"W = 250"
2024-07-26,25.4063034639154,"W = 250"
2024-07-29,25.5486165177736,"W = 250"
2024-07-30,25.3056455092927,"W = 250"
2024-07-31,25.1332101385651,"W = 250"
2024-08-01,25.3255552135111,"W = 250"
2024-08-02,25.0056578157785,"W = 250"
2024-08-05,26.4960940479987,"W = 250"
2024-08-06,26.5226500173976,"W = 250"
2024-08-07,26.6855429226128,"W = 250"
2024-08-08,26.5308175663992,"W = 250"
2024-08-09,26.4746016384216,"W = 250"
2024-08-12,26.4619701468181,"W = 250"
2024-08-13,26.5610264645727,"W = 250"
2024-08-14,26.7764915761555,"W = 250"
2024-08-15,26.5682747687053,"W = 250"
2024-08-16,26.5762097367778,"W = 250"
2024-08-19,26.5306948871196,"W = 250"
2024-08-20,26.2957976483866,"W = 250"
2024-08-21,26.6491391962333,"W = 250"
2024-08-22,25.9329088571226,"W = 250"
2024-08-23,25.9333132761533,"W = 250"
2024-08-26,26.0636894281247,"W = 250"
2024-08-27,27.0356324985109,"W = 250"
2024-08-28,26.6018549822279,"W = 250"
2024-08-29,26.6874791646224,"W = 250"
2024-08-30,27.0207084511113,"W = 250"
2024-09-02,27.0451597837025,"W = 250"
2024-09-03,27.1130058717947,"W = 250"
2024-09-04,27.1555746140841,"W = 250"
2024-09-05,27.1575688118262,"W = 250"
2024-09-06,27.0614466300866,"W = 250"
2024-09-09,27.1825466968184,"W = 250"
2024-09-10,27.292879190493,"W = 250"
2024-09-11,27.4967391394933,"W = 250"
2024-09-12,27.3911439158782,"W = 250"
2024-09-13,27.1113797947051,"W = 250"
2024-09-16,27.0926050552727,"W = 250"
2024-09-17,27.2096003458121,"W = 250"
2024-09-18,26.9899187226181,"W = 250"
2024-09-19,27.0850112880573,"W = 250"
2024-09-20,26.6295403084712,"W = 250"
2024-09-23,26.5922775835162,"W = 250"
2024-09-24,26.8701385438557,"W = 250"
2024-09-25,27.139484364824,"W = 250"
2024-09-26,27.1847571325181,"W = 250"
2024-09-27,26.7326761472262,"W = 250"
2024-09-30,26.1764893150284,"W = 250"
2024-10-01,24.9642567150738,"W = 250"
2024-10-02,25.2691112955963,"W = 250"
2024-10-03,25.1723032784572,"W = 250"
2024-10-04,24.9905854223848,"W = 250"
2024-10-07,24.949096358921,"W = 250"
2024-10-08,24.9926424457264,"W = 250"
2024-10-09,24.8200547794987,"W = 250"
2024-10-10,24.9923557112352,"W = 250"
2024-10-11,24.5955723842086,"W = 250"
2024-10-14,24.5114360607074,"W = 250"
2024-10-15,24.6346083579352,"W = 250"
2024-10-16,24.4976511791767,"W = 250"
2024-10-17,23.95463582655,"W = 250"
2024-10-18,23.6111370119459,"W = 250"
2024-10-21,23.5721344270436,"W = 250"
2024-10-22,23.420214898124,"W = 250"
2024-10-23,23.8482291247239,"W = 250"
2024-10-24,23.9145818042284,"W = 250"
2024-10-25,22.799424931153,"W = 250"
2024-10-28,22.7354344685382,"W = 250"
2024-10-29,22.5772108942706,"W = 250"
2024-10-30,22.9197749904471,"W = 250"
2024-10-31,22.1776245951051,"W = 250"
2024-11-01,22.1618019792255,"W = 250"
2024-11-04,22.3209091300036,"W = 250"
2024-11-05,21.7811426430068,"W = 250"
2024-11-06,22.2644704544128,"W = 250"
2024-11-07,22.4534071097429,"W = 250"
2024-11-08,22.3979768047446,"W = 250"
2024-11-11,22.4201058015993,"W = 250"
2024-11-12,22.0826769496665,"W = 250"
2024-11-13,21.9449256827017,"W = 250"
2024-11-14,21.7543155665975,"W = 250"
2024-11-18,21.7672146681772,"W = 250"
2024-11-19,21.8223068817696,"W = 250"
2024-11-21,21.8824924579732,"W = 250"
2024-11-22,22.0459389012098,"W = 250"
2024-11-25,21.5561083102383,"W = 250"
2024-11-26,21.968605161671,"W = 250"
2024-11-27,22.0446843737362,"W = 250"
2024-11-28,21.9991293971649,"W = 250"
2024-11-29,22.9168227767489,"W = 250"
2024-12-02,22.7155808798536,"W = 250"
2024-12-03,22.6741094995563,"W = 250"
2024-12-04,22.6339056914586,"W = 250"
2024-12-05,22.7816199877362,"W = 250"
2024-12-06,22.8901959035419,"W = 250"
2024-12-09,22.880777056149,"W = 250"
2024-12-10,23.2091318028816,"W = 250"
2024-12-11,24.8086046730671,"W = 250"
2024-12-12,25.5253857109224,"W = 250"
2024-12-13,25.4901629202866,"W = 250"
2024-12-16,25.3725803067999,"W = 250"
2024-12-17,25.3587456850373,"W = 250"
2024-12-18,24.848122430368,"W = 250"
2024-12-19,24.763697300161,"W = 250"
2024-12-20,24.2826691413841,"W = 250"
2024-12-23,24.2749169097217,"W = 250"
2024-12-26,24.2490083172802,"W = 250"
2024-12-27,24.5700280048424,"W = 250"
2024-12-30,24.6895563685527,"W = 250"
2025-01-02,25.0554631329851,"W = 250"
2025-01-03,25.3198360801599,"W = 250"
2025-01-06,24.9165828050611,"W = 250"
2025-01-07,24.4192755786899,"W = 250"
2025-01-08,24.4078093563725,"W = 250"
2025-01-09,24.6153199044503,"W = 250"
2025-01-10,24.6361129139144,"W = 250"
2025-01-13,24.7468437180216,"W = 250"
2025-01-14,24.7115312505845,"W = 250"
2025-01-15,24.8587010785856,"W = 250"
2025-01-16,24.8021390693691,"W = 250"
2025-01-17,25.0153250744972,"W = 250"
2025-01-20,24.7982157436071,"W = 250"
2025-01-21,25.0170008217574,"W = 250"
2025-01-22,24.9817230307936,"W = 250"
2025-01-23,25.1477374578852,"W = 250"
2025-01-24,25.0801186348479,"W = 250"
2025-01-27,25.0328577380817,"W = 250"
2025-01-28,24.5729329159053,"W = 250"
2025-01-29,24.9635790999606,"W = 250"
2025-01-30,25.0615669328015,"W = 250"
2025-01-31,24.6448113986355,"W = 250"
2025-02-03,24.5687786404086,"W = 250"
2025-02-04,25.2502764913407,"W = 250"
2025-02-05,25.8709169492865,"W = 250"
2025-02-06,26.4204245608147,"W = 250"
2025-02-07,26.3814282488451,"W = 250"
2025-02-10,26.5131502597735,"W = 250"
2025-02-11,26.3364995551484,"W = 250"
2025-02-12,27.0723901437399,"W = 250"
2025-02-13,26.8407158635951,"W = 250"
2025-02-14,26.7321084408562,"W = 250"
2025-02-17,26.5832413477078,"W = 250"
2025-02-18,26.6486913248089,"W = 250"
2025-02-19,26.5550279152886,"W = 250"
2025-02-20,26.2906879264111,"W = 250"
2025-02-21,26.2044877836849,"W = 250"
2025-02-24,26.1118124914433,"W = 250"
2025-02-25,26.1493736608286,"W = 250"
2025-02-26,26.2078758005266,"W = 250"
2025-02-27,26.2339276573426,"W = 250"
2025-02-28,26.3246859778901,"W = 250"
2025-03-05,25.8577709987289,"W = 250"
2025-03-06,25.8159568109425,"W = 250"
2025-03-07,26.2913688287547,"W = 250"
2025-03-10,26.1159964348806,"W = 250"
2025-03-11,26.0623571693191,"W = 250"
2025-03-12,26.1408937120067,"W = 250"
2025-03-13,26.1975854444661,"W = 250"
2025-03-14,26.4620291998666,"W = 250"
2025-03-17,26.5996273033429,"W = 250"
2025-03-18,26.7600583152804,"W = 250"
2025-03-19,26.7345028911943,"W = 250"
2025-03-20,26.7268886232466,"W = 250"
2025-03-21,27.098410699736,"W = 250"
2025-03-24,26.9128626320419,"W = 250"
2025-03-25,26.8823946123188,"W = 250"
2025-03-26,27.1148726168347,"W = 250"
2025-03-27,27.0836332750608,"W = 250"
2025-03-28,26.4164853165815,"W = 250"
2025-03-31,26.4622814992444,"W = 250"
2025-04-01,26.6815252729263,"W = 250"
2025-04-02,26.5996509205936,"W = 250"
2025-04-03,27.1635886913578,"W = 250"
2025-04-04,27.7341204254205,"W = 250"
2025-04-07,29.0598095037144,"W = 250"
2025-04-08,29.5266147995204,"W = 250"
2025-04-09,31.1129141674862,"W = 250"
2025-04-10,31.0850317789248,"W = 250"
2025-04-11,30.6055645103167,"W = 250"
2025-04-14,30.504082442468,"W = 250"
2025-04-15,30.4934379948008,"W = 250"
2025-04-16,30.4780627744139,"W = 250"
2025-04-17,30.42464475699,"W = 250"
2025-04-22,30.505545315419,"W = 250"
2025-04-23,30.5438165907901,"W = 250"
2025-04-24,30.2825134062742,"W = 250"
2025-04-25,30.1850764968661,"W = 250"
2025-04-28,30.4285787930268,"W = 250"
2025-04-29,29.8871296319257,"W = 250"
2025-04-30,30.1527196044342,"W = 250"
2025-05-02,30.3129471073706,"W = 250"
2025-05-05,30.1416728361659,"W = 250"
2025-05-06,29.9780500844803,"W = 250"
2025-05-07,29.991472235501,"W = 250"
2025-05-08,31.4184754775814,"W = 250"
2025-05-09,31.5012477454651,"W = 250"
2025-05-12,31.5913436355702,"W = 250"
2025-05-13,31.4755598765667,"W = 250"
2025-05-14,31.5345272351259,"W = 250"
2025-05-15,31.5769799190309,"W = 250"
2025-05-16,30.6915715170979,"W = 250"
2025-05-19,30.5417142436592,"W = 250"
2025-05-20,30.5935998905243,"W = 250"
2025-05-21,30.7103537951503,"W = 250"
2025-05-22,30.4403607784333,"W = 250"
2025-05-23,30.4478562505644,"W = 250"
2025-05-26,30.3422442915977,"W = 250"
2025-05-27,30.746596957725,"W = 250"
2025-05-28,30.8966784735848,"W = 250"
2025-05-29,30.322942030605,"W = 250"
2025-05-30,29.9852245991639,"W = 250"
2025-06-02,29.212759170993,"W = 250"
2025-06-03,29.2457713681208,"W = 250"
2025-06-04,29.4037658468378,"W = 250"
2025-06-05,29.3823869823058,"W = 250"
2025-06-06,29.3186003361361,"W = 250"
2025-06-09,29.4225472828276,"W = 250"
2025-06-10,29.3412975881982,"W = 250"
2025-06-11,29.675050771182,"W = 250"
2025-06-12,29.6745129352015,"W = 250"
2025-06-13,29.4881438649639,"W = 250"
2025-06-16,29.5122233829315,"W = 250"
2025-06-17,29.4504737278195,"W = 250"
2025-06-18,29.5212944355239,"W = 250"
2025-06-20,29.4187602907185,"W = 250"
2025-06-23,29.3096454639817,"W = 250"
2025-06-24,29.3426415468679,"W = 250"
2025-06-25,29.7341826443199,"W = 250"
2025-06-26,29.7131650650154,"W = 250"
2025-06-27,29.4056916272092,"W = 250"
2025-06-30,29.3773097984696,"W = 250"
2025-07-01,29.5370868344481,"W = 250"
2025-07-02,29.6653470045329,"W = 250"
2025-07-03,29.6108931761704,"W = 250"
2025-07-04,29.7420844733321,"W = 250"
2025-07-07,29.8196202792485,"W = 250"
2025-07-08,29.8595203128726,"W = 250"
2025-07-09,29.9289170394139,"W = 250"
2025-07-10,29.6108656927598,"W = 250"
2025-07-11,29.5085110741369,"W = 250"
2025-07-14,29.7479698719054,"W = 250"
2025-07-15,29.8260450186665,"W = 250"
2025-07-16,29.7419889957827,"W = 250"
2025-07-17,29.5841291536704,"W = 250"
2025-07-18,28.3787302441218,"W = 250"
2025-07-21,28.2379477844135,"W = 250"
2025-07-22,28.3853353549285,"W = 250"
2025-07-23,28.5676297847187,"W = 250"
2025-07-24,28.3757812031474,"W = 250"
2025-07-25,28.4595364391379,"W = 250"
2025-07-28,28.31759591218,"W = 250"
2025-07-29,28.4545545681016,"W = 250"
2025-07-30,28.6539667834439,"W = 250"
2025-07-31,27.4152737859567,"W = 250"
2025-08-01,28.0562812834181,"W = 250"
2025-08-04,28.0100153584575,"W = 250"
2025-08-05,28.2034933888784,"W = 250"
2025-08-06,28.2124217621039,"W = 250"
2025-08-07,27.9686322685858,"W = 250"
2025-08-08,27.9719689840391,"W = 250"
2025-08-11,27.8742892239108,"W = 250"
2025-08-12,27.962186763535,"W = 250"
2025-08-13,27.9405058678593,"W = 250"
2025-08-14,28.3023650818668,"W = 250"
2025-08-15,27.6523563063611,"W = 250"
2025-08-18,27.3448802171173,"W = 250"
2025-08-19,28.2009824347478,"W = 250"
2025-08-20,28.0951749238639,"W = 250"
2025-08-21,27.7446530112674,"W = 250"
2025-08-22,26.6415624346232,"W = 250"
2025-08-25,26.8991629665028,"W = 250"
2025-08-26,27.0106922325886,"W = 250"
2025-08-27,26.8686133522576,"W = 250"
2025-08-28,27.1187916452431,"W = 250"
2025-08-29,27.2267596356057,"W = 250"
2025-09-01,27.16536211935,"W = 250"
2025-09-02,27.3762602826925,"W = 250"
2025-09-03,27.3732104767075,"W = 250"
2025-09-04,27.2979186027133,"W = 250"
2025-09-05,27.7538265181938,"W = 250"
2025-09-08,27.5279997646061,"W = 250"
2025-09-09,27.6357512943308,"W = 250"
2025-09-10,27.9906929146466,"W = 250"
2025-09-11,27.9517967479851,"W = 250"
2025-09-12,27.8838732776216,"W = 250"
2025-09-15,28.096265769373,"W = 250"
2025-09-16,27.856237377797,"W = 250"
2025-09-17,27.8514357101073,"W = 250"
2025-09-18,27.9299024841342,"W = 250"
2025-09-19,27.9553558174551,"W = 250"
2025-09-22,27.4507178373581,"W = 250"
2025-09-23,27.5325513457466,"W = 250"
2025-09-24,27.9878157446271,"W = 250"
2025-09-25,28.121751352864,"W = 250"
2025-09-26,28.333642307919,"W = 250"
2025-09-29,28.3053769943839,"W = 250"
2025-09-30,28.3998302792493,"W = 250"
2025-10-01,28.7265727856648,"W = 250"
2025-10-02,28.553277619828,"W = 250"
2025-10-03,28.5675572706683,"W = 250"
2025-10-06,28.5051083065984,"W = 250"
2025-10-07,27.8865866836226,"W = 250"
2025-10-08,27.8914883636382,"W = 250"
2025-10-09,27.9490431370525,"W = 250"
2025-10-10,27.8021107533017,"W = 250"
2025-10-13,27.7494127179141,"W = 250"
2025-10-14,27.8042159476965,"W = 250"
2025-10-15,27.8366467478812,"W = 250"
2025-10-16,27.6919392017849,"W = 250"
2025-10-17,27.6864259439765,"W = 250"
2025-10-20,27.4493627811398,"W = 250"
2025-10-21,27.1456472437483,"W = 250"
2025-10-22,26.8283819867508,"W = 250"
2025-10-23,27.0727753555837,"W = 250"
2025-10-24,27.0672834051986,"W = 250"
2025-10-27,26.8059053949142,"W = 250"
2025-10-28,27.2211971786592,"W = 250"
2025-10-29,26.6971220667834,"W = 250"
2025-10-30,26.8906546264412,"W = 250"
2025-10-31,26.932417614495,"W = 250"
2025-11-03,26.7394372163087,"W = 250"
2025-11-04,26.7460985786724,"W = 250"
2025-11-05,26.6908319718782,"W = 250"
2025-11-06,26.3394265498513,"W = 250"
2025-11-07,26.4416970732614,"W = 250"
2025-11-10,26.6024564024227,"W = 250"
2025-11-11,26.7505593814807,"W = 250"
2025-11-12,26.6127060211169,"W = 250"
2025-11-13,26.5004913982766,"W = 250"
2025-11-14,26.4534751668581,"W = 250"
2025-11-17,26.3250183191619,"W = 250"
2025-11-18,26.5701511329178,"W = 250"
2025-11-19,26.7474982188787,"W = 250"
2025-11-21,26.9547147552139,"W = 250"
2025-11-24,27.1468477035305,"W = 250"
2025-11-25,26.6658619576701,"W = 250"
2025-11-26,26.6892960198724,"W = 250"
2025-11-27,27.2859731770683,"W = 250"
2025-11-28,27.2287705915497,"W = 250"
2025-12-01,27.2959108147398,"W = 250"
2025-12-02,27.7986691756842,"W = 250"
2025-12-03,27.7088371380755,"W = 250"
2025-12-04,27.563329509328,"W = 250"
2025-12-05,26.9819613337147,"W = 250"
2025-12-08,27.2781715969695,"W = 250"
2025-12-09,27.4673405272544,"W = 250"
2025-12-10,27.465874498338,"W = 250"
2025-12-11,27.3921454994182,"W = 250"
2025-12-12,27.6114711415799,"W = 250"
2025-12-15,27.5439346725307,"W = 250"
2025-12-16,28.0335900992671,"W = 250"
2025-12-17,28.1661324692644,"W = 250"
2025-12-18,28.0317141708627,"W = 250"
2025-12-19,27.932629470157,"W = 250"
2025-12-22,27.6698260558327,"W = 250"
2025-12-23,27.4243246174476,"W = 250"
2025-12-26,28.0695024742743,"W = 250"
2025-12-29,28.3621723807769,"W = 250"
2025-12-30,27.9914149379545,"W = 250"
2026-01-02,27.9699957243802,"W = 250"
2026-01-05,27.3480616331673,"W = 250"
2026-01-06,27.175086571077,"W = 250"
2026-01-07,27.1384477537501,"W = 250"
2026-01-08,27.4024428990003,"W = 250"
2026-01-09,27.3218326100707,"W = 250"
2026-01-12,27.2730465336658,"W = 250"
2026-01-13,27.1164472487157,"W = 250"
2026-01-14,27.0114681980156,"W = 250"
2026-01-15,26.6424111192953,"W = 250"
2026-01-16,26.7395924665899,"W = 250"
2026-01-19,26.8635285451117,"W = 250"
2026-01-20,26.6804739760897,"W = 250"
2026-01-21,27.03617002494,"W = 250"
2026-01-22,27.5943297464358,"W = 250"
2026-01-23,27.6892032149707,"W = 250"
2026-01-26,27.9448312385178,"W = 250"
2026-01-27,28.7720206206781,"W = 250"
2026-01-28,28.6712348022272,"W = 250"
2026-01-29,29.2409643992424,"W = 250"
2026-01-30,29.3665975022364,"W = 250"
2026-02-02,29.2061159231339,"W = 250"
2026-02-03,30.014064006481,"W = 250"
2026-02-04,30.8547355393004,"W = 250"
2026-02-05,30.9099722883733,"W = 250"
2026-02-06,30.8377079823016,"W = 250"
2026-02-09,29.3766750137858,"W = 250"
2026-02-10,29.6585414294315,"W = 250"
2026-02-11,29.5915907552761,"W = 250"
2026-02-12,29.7937016610063,"W = 250"
2026-02-13,30.4592713489784,"W = 250"
2026-02-18,30.3668759402549,"W = 250"
2026-02-19,28.9485503168366,"W = 250"
2026-02-20,28.9831764142555,"W = 250"
2026-02-23,26.2476549995761,"W = 250"
2026-02-24,25.6875905478712,"W = 250"
2026-02-25,24.6884850146079,"W = 250"
2026-02-26,24.8143464727359,"W = 250"
2026-02-27,24.5583844029014,"W = 250"
2026-03-02,25.4163966094543,"W = 250"
2026-03-03,26.9020035635302,"W = 250"
2026-03-04,27.0084483525358,"W = 250"
2026-03-05,26.8793058661046,"W = 250"
2026-03-06,26.8848580308098,"W = 250"
2026-03-09,27.2159989356308,"W = 250"
2026-03-10,27.7357174122145,"W = 250"
2026-03-11,27.9137833401807,"W = 250"
2026-03-12,27.8871173293853,"W = 250"
2026-03-13,28.0602258802047,"W = 250"
2026-03-16,28.4018567113215,"W = 250"
2026-03-17,28.3506640319148,"W = 250"
2026-03-18,28.3945727678513,"W = 250"
2026-03-19,29.2946940759057,"W = 250"
2026-03-20,29.2794737050749,"W = 250"
2026-03-23,30.0714102284389,"W = 250"
2026-03-24,30.050565561959,"W = 250"
2026-03-25,30.1625894676094,"W = 250"
2026-03-26,30.1382967648024,"W = 250"
2026-03-27,30.1354901461061,"W = 250"
2026-03-30,30.0701350433694,"W = 250"
2026-03-31,30.1960995005674,"W = 250"
2026-04-01,29.5402881676877,"W = 250"
2026-04-02,30.4849016923461,"W = 250"
2026-04-06,29.8257569478999,"W = 250"
2026-04-07,29.9152264278108,"W = 250"
2026-04-08,32.3828294372857,"W = 250"
2026-04-09,32.1074297283173,"W = 250"
2026-04-10,32.0404168288653,"W = 250"
2026-04-13,32.0211532200265,"W = 250"
2026-04-14,32.032962433719,"W = 250"
2026-04-15,32.028707795238,"W = 250"
2026-04-16,32.0078315282802,"W = 250"
2026-04-17,32.3293978980769,"W = 250"
2026-04-20,32.3404831374598,"W = 250"
2026-04-22,32.1150411442174,"W = 250"
2026-04-23,32.226787117692,"W = 250"
2026-04-24,32.3524998553295,"W = 250"
2026-04-27,32.5734594167531,"W = 250"
2026-04-28,32.5069883501652,"W = 250"
2026-04-29,32.2967541417088,"W = 250"
2026-04-30,32.3531430803488,"W = 250"
2026-05-04,31.7852662335969,"W = 250"
2026-05-05,32.1501596102879,"W = 250"
2026-05-06,32.3707758965543,"W = 250"
2026-05-07,32.4316623446291,"W = 250"
2026-05-08,32.4867386576259,"W = 250"
2026-05-11,32.4449639425072,"W = 250"
2026-05-12,33.0333666868969,"W = 250"
2026-05-13,32.7906251584913,"W = 250"
2026-05-14,32.9106255190034,"W = 250"
2026-05-15,32.9331546055508,"W = 250"
2026-05-18,33.0171102222326,"W = 250"
2026-05-19,33.4030787352863,"W = 250"
2026-05-20,33.5587660140157,"W = 250"
2026-05-21,33.6715763043758,"W = 250"
2026-05-22,33.6037362853128,"W = 250"
2026-05-25,35.680708111833,"W = 250"
2026-05-26,35.8641139500254,"W = 250"
2026-05-27,35.9824875080982,"W = 250"
2026-05-28,36.0499640298834,"W = 250"
2026-05-29,35.7656525454436,"W = 250"
